complaint_id,source,date_received,product,raw_text,cleaned_text,primary_category,original_issue
PR-STA-2024-1000,custom_agency,2024-06-01,Institutional Complaint,"[Star City Police Bureau] Local dental clinic reported an attack that encrypted all patient history files, demanding 2 Bitcoin in payment. Contact officer email: fraud.unit@star citypolice.gov.","[Star City Police Bureau] Local dental clinic reported an attack that encrypted all patient history files, demanding 2 Bitcoin in payment. Contact officer email: fraud.unit@star citypolice.gov.",ransomware_extortion,Ransomware Hostage
PR-GOT-2024-1001,custom_agency,2024-06-01,Institutional Complaint,"[Gotham Police Bureau] Local dental clinic reported an attack that encrypted all patient history files, demanding 2 Bitcoin in payment. Contact officer email: fraud.unit@gothampolice.gov.","[Gotham Police Bureau] Local dental clinic reported an attack that encrypted all patient history files, demanding 2 Bitcoin in payment. Contact officer email: <EMAIL>.",ransomware_extortion,Ransomware Hostage
PR-STA-2024-1002,custom_agency,2024-06-01,Institutional Complaint,"[Star City Police Bureau] Victim lost $35,000 after being directed by an acquaintance to transfer Ethereum into a fake decentralized wallet app. Contact officer email: fraud.unit@star citypolice.gov.","[Star City Police Bureau] Victim lost $35,000 after being directed by an acquaintance to transfer Ethereum into a fake decentralized wallet app. Contact officer email: fraud.unit@star citypolice.gov.",financial_cyber_fraud,Online Crypto Investment Scam
PR-MET-2024-1003,custom_agency,2024-06-01,Institutional Complaint,[Metropolis Police Bureau] Victim reported that their Instagram and email accounts were hijacked via SIM swapping and used to solicit money from friends. Contact officer email: fraud.unit@metropolispolice.gov.,[Metropolis Police Bureau] Victim reported that their Instagram and email accounts were hijacked via SIM swapping and used to solicit money from friends. Contact officer email: <EMAIL>.,financial_cyber_fraud,Social Media Account Hijack
PR-GOT-2024-1004,custom_agency,2024-06-01,Institutional Complaint,"[Gotham Police Bureau] Local dental clinic reported an attack that encrypted all patient history files, demanding 2 Bitcoin in payment. Contact officer email: fraud.unit@gothampolice.gov.","[Gotham Police Bureau] Local dental clinic reported an attack that encrypted all patient history files, demanding 2 Bitcoin in payment. Contact officer email: <EMAIL>.",ransomware_extortion,Ransomware Hostage
PR-STA-2024-1005,custom_agency,2024-06-01,Institutional Complaint,"[Star City Police Bureau] Financial controller received a spoofed email from the CEO demanding an urgent wire payment of $54,000 to an offshore vendor. Contact officer email: fraud.unit@star citypolice.gov.","[Star City Police Bureau] Financial controller received a spoofed email from the CEO demanding an urgent wire payment of $54,000 to an offshore vendor. Contact officer email: fraud.unit@star citypolice.gov.",phishing_social_engineering,Corporate Email Compromise
PR-STA-2024-1006,custom_agency,2024-06-01,Institutional Complaint,[Star City Police Bureau] District online learning management system was subjected to an amplification DDoS attack during final examinations. Contact officer email: fraud.unit@star citypolice.gov.,[Star City Police Bureau] District online learning management system was subjected to an amplification DDoS attack during final examinations. Contact officer email: fraud.unit@star citypolice.gov.,denial_of_service_disruption,DDoS Attack on School Portal
PR-CEN-2024-1007,custom_agency,2024-06-01,Institutional Complaint,"[Central City Police Bureau] Financial controller received a spoofed email from the CEO demanding an urgent wire payment of $54,000 to an offshore vendor. Contact officer email: fraud.unit@central citypolice.gov.","[Central City Police Bureau] Financial controller received a spoofed email from the CEO demanding an urgent wire payment of $54,000 to an offshore vendor. Contact officer email: fraud.unit@central citypolice.gov.",phishing_social_engineering,Corporate Email Compromise
PR-STA-2024-1008,custom_agency,2024-06-01,Institutional Complaint,"[Star City Police Bureau] Victim lost $35,000 after being directed by an acquaintance to transfer Ethereum into a fake decentralized wallet app. Contact officer email: fraud.unit@star citypolice.gov.","[Star City Police Bureau] Victim lost $35,000 after being directed by an acquaintance to transfer Ethereum into a fake decentralized wallet app. Contact officer email: fraud.unit@star citypolice.gov.",financial_cyber_fraud,Online Crypto Investment Scam
PR-STA-2024-1009,custom_agency,2024-06-01,Institutional Complaint,"[Star City Police Bureau] Complainant discovered that their national ID was used to secure an online personal loan of $12,000 without their knowledge. Contact officer email: fraud.unit@star citypolice.gov.","[Star City Police Bureau] Complainant discovered that their national ID was used to secure an online personal loan of $12,000 without their knowledge. Contact officer email: fraud.unit@star citypolice.gov.",identity_theft_impersonation,Identity Theft / Bank Loan
PR-RIV-2024-1010,custom_agency,2024-06-01,Institutional Complaint,"[Riverdale Police Bureau] Complainant discovered that their national ID was used to secure an online personal loan of $12,000 without their knowledge. Contact officer email: fraud.unit@riverdalepolice.gov.","[Riverdale Police Bureau] Complainant discovered that their national ID was used to secure an online personal loan of $12,000 without their knowledge. Contact officer email: <EMAIL>.",identity_theft_impersonation,Identity Theft / Bank Loan
PR-GOT-2024-1011,custom_agency,2024-06-01,Institutional Complaint,[Gotham Police Bureau] District online learning management system was subjected to an amplification DDoS attack during final examinations. Contact officer email: fraud.unit@gothampolice.gov.,[Gotham Police Bureau] District online learning management system was subjected to an amplification DDoS attack during final examinations. Contact officer email: <EMAIL>.,denial_of_service_disruption,DDoS Attack on School Portal
PR-MET-2024-1012,custom_agency,2024-06-01,Institutional Complaint,"[Metropolis Police Bureau] Local dental clinic reported an attack that encrypted all patient history files, demanding 2 Bitcoin in payment. Contact officer email: fraud.unit@metropolispolice.gov.","[Metropolis Police Bureau] Local dental clinic reported an attack that encrypted all patient history files, demanding 2 Bitcoin in payment. Contact officer email: <EMAIL>.",ransomware_extortion,Ransomware Hostage
PR-CEN-2024-1013,custom_agency,2024-06-01,Institutional Complaint,[Central City Police Bureau] District online learning management system was subjected to an amplification DDoS attack during final examinations. Contact officer email: fraud.unit@central citypolice.gov.,[Central City Police Bureau] District online learning management system was subjected to an amplification DDoS attack during final examinations. Contact officer email: fraud.unit@central citypolice.gov.,denial_of_service_disruption,DDoS Attack on School Portal
PR-GOT-2024-1014,custom_agency,2024-06-01,Institutional Complaint,"[Gotham Police Bureau] Victim lost $35,000 after being directed by an acquaintance to transfer Ethereum into a fake decentralized wallet app. Contact officer email: fraud.unit@gothampolice.gov.","[Gotham Police Bureau] Victim lost $35,000 after being directed by an acquaintance to transfer Ethereum into a fake decentralized wallet app. Contact officer email: <EMAIL>.",financial_cyber_fraud,Online Crypto Investment Scam
PR-RIV-2024-1015,custom_agency,2024-06-01,Institutional Complaint,[Riverdale Police Bureau] Victim reported that their Instagram and email accounts were hijacked via SIM swapping and used to solicit money from friends. Contact officer email: fraud.unit@riverdalepolice.gov.,[Riverdale Police Bureau] Victim reported that their Instagram and email accounts were hijacked via SIM swapping and used to solicit money from friends. Contact officer email: <EMAIL>.,financial_cyber_fraud,Social Media Account Hijack
PR-MET-2024-1016,custom_agency,2024-06-01,Institutional Complaint,[Metropolis Police Bureau] Victim reported that their Instagram and email accounts were hijacked via SIM swapping and used to solicit money from friends. Contact officer email: fraud.unit@metropolispolice.gov.,[Metropolis Police Bureau] Victim reported that their Instagram and email accounts were hijacked via SIM swapping and used to solicit money from friends. Contact officer email: <EMAIL>.,financial_cyber_fraud,Social Media Account Hijack
PR-GOT-2024-1017,custom_agency,2024-06-01,Institutional Complaint,[Gotham Police Bureau] Victim reported that their Instagram and email accounts were hijacked via SIM swapping and used to solicit money from friends. Contact officer email: fraud.unit@gothampolice.gov.,[Gotham Police Bureau] Victim reported that their Instagram and email accounts were hijacked via SIM swapping and used to solicit money from friends. Contact officer email: <EMAIL>.,financial_cyber_fraud,Social Media Account Hijack
PR-MET-2024-1018,custom_agency,2024-06-01,Institutional Complaint,[Metropolis Police Bureau] District online learning management system was subjected to an amplification DDoS attack during final examinations. Contact officer email: fraud.unit@metropolispolice.gov.,[Metropolis Police Bureau] District online learning management system was subjected to an amplification DDoS attack during final examinations. Contact officer email: <EMAIL>.,denial_of_service_disruption,DDoS Attack on School Portal
PR-MET-2024-1019,custom_agency,2024-06-01,Institutional Complaint,"[Metropolis Police Bureau] Local dental clinic reported an attack that encrypted all patient history files, demanding 2 Bitcoin in payment. Contact officer email: fraud.unit@metropolispolice.gov.","[Metropolis Police Bureau] Local dental clinic reported an attack that encrypted all patient history files, demanding 2 Bitcoin in payment. Contact officer email: <EMAIL>.",ransomware_extortion,Ransomware Hostage
PR-CEN-2024-1020,custom_agency,2024-06-01,Institutional Complaint,[Central City Police Bureau] Victim reported that their Instagram and email accounts were hijacked via SIM swapping and used to solicit money from friends. Contact officer email: fraud.unit@central citypolice.gov.,[Central City Police Bureau] Victim reported that their Instagram and email accounts were hijacked via SIM swapping and used to solicit money from friends. Contact officer email: fraud.unit@central citypolice.gov.,financial_cyber_fraud,Social Media Account Hijack
PR-MET-2024-1021,custom_agency,2024-06-01,Institutional Complaint,"[Metropolis Police Bureau] Local dental clinic reported an attack that encrypted all patient history files, demanding 2 Bitcoin in payment. Contact officer email: fraud.unit@metropolispolice.gov.","[Metropolis Police Bureau] Local dental clinic reported an attack that encrypted all patient history files, demanding 2 Bitcoin in payment. Contact officer email: <EMAIL>.",ransomware_extortion,Ransomware Hostage
PR-MET-2024-1022,custom_agency,2024-06-01,Institutional Complaint,"[Metropolis Police Bureau] Financial controller received a spoofed email from the CEO demanding an urgent wire payment of $54,000 to an offshore vendor. Contact officer email: fraud.unit@metropolispolice.gov.","[Metropolis Police Bureau] Financial controller received a spoofed email from the CEO demanding an urgent wire payment of $54,000 to an offshore vendor. Contact officer email: <EMAIL>.",phishing_social_engineering,Corporate Email Compromise
PR-CEN-2024-1023,custom_agency,2024-06-01,Institutional Complaint,"[Central City Police Bureau] Financial controller received a spoofed email from the CEO demanding an urgent wire payment of $54,000 to an offshore vendor. Contact officer email: fraud.unit@central citypolice.gov.","[Central City Police Bureau] Financial controller received a spoofed email from the CEO demanding an urgent wire payment of $54,000 to an offshore vendor. Contact officer email: fraud.unit@central citypolice.gov.",phishing_social_engineering,Corporate Email Compromise
PR-GOT-2024-1024,custom_agency,2024-06-01,Institutional Complaint,"[Gotham Police Bureau] Complainant discovered that their national ID was used to secure an online personal loan of $12,000 without their knowledge. Contact officer email: fraud.unit@gothampolice.gov.","[Gotham Police Bureau] Complainant discovered that their national ID was used to secure an online personal loan of $12,000 without their knowledge. Contact officer email: <EMAIL>.",identity_theft_impersonation,Identity Theft / Bank Loan
PR-RIV-2024-1025,custom_agency,2024-06-01,Institutional Complaint,"[Riverdale Police Bureau] Complainant discovered that their national ID was used to secure an online personal loan of $12,000 without their knowledge. Contact officer email: fraud.unit@riverdalepolice.gov.","[Riverdale Police Bureau] Complainant discovered that their national ID was used to secure an online personal loan of $12,000 without their knowledge. Contact officer email: <EMAIL>.",identity_theft_impersonation,Identity Theft / Bank Loan
PR-CEN-2024-1026,custom_agency,2024-06-01,Institutional Complaint,[Central City Police Bureau] District online learning management system was subjected to an amplification DDoS attack during final examinations. Contact officer email: fraud.unit@central citypolice.gov.,[Central City Police Bureau] District online learning management system was subjected to an amplification DDoS attack during final examinations. Contact officer email: fraud.unit@central citypolice.gov.,denial_of_service_disruption,DDoS Attack on School Portal
PR-STA-2024-1027,custom_agency,2024-06-01,Institutional Complaint,"[Star City Police Bureau] Complainant discovered that their national ID was used to secure an online personal loan of $12,000 without their knowledge. Contact officer email: fraud.unit@star citypolice.gov.","[Star City Police Bureau] Complainant discovered that their national ID was used to secure an online personal loan of $12,000 without their knowledge. Contact officer email: fraud.unit@star citypolice.gov.",identity_theft_impersonation,Identity Theft / Bank Loan
PR-MET-2024-1028,custom_agency,2024-06-01,Institutional Complaint,[Metropolis Police Bureau] District online learning management system was subjected to an amplification DDoS attack during final examinations. Contact officer email: fraud.unit@metropolispolice.gov.,[Metropolis Police Bureau] District online learning management system was subjected to an amplification DDoS attack during final examinations. Contact officer email: <EMAIL>.,denial_of_service_disruption,DDoS Attack on School Portal
PR-CEN-2024-1029,custom_agency,2024-06-01,Institutional Complaint,"[Central City Police Bureau] Financial controller received a spoofed email from the CEO demanding an urgent wire payment of $54,000 to an offshore vendor. Contact officer email: fraud.unit@central citypolice.gov.","[Central City Police Bureau] Financial controller received a spoofed email from the CEO demanding an urgent wire payment of $54,000 to an offshore vendor. Contact officer email: fraud.unit@central citypolice.gov.",phishing_social_engineering,Corporate Email Compromise
PR-MET-2024-1030,custom_agency,2024-06-01,Institutional Complaint,[Metropolis Police Bureau] Victim reported that their Instagram and email accounts were hijacked via SIM swapping and used to solicit money from friends. Contact officer email: fraud.unit@metropolispolice.gov.,[Metropolis Police Bureau] Victim reported that their Instagram and email accounts were hijacked via SIM swapping and used to solicit money from friends. Contact officer email: <EMAIL>.,financial_cyber_fraud,Social Media Account Hijack
PR-GOT-2024-1031,custom_agency,2024-06-01,Institutional Complaint,"[Gotham Police Bureau] Local dental clinic reported an attack that encrypted all patient history files, demanding 2 Bitcoin in payment. Contact officer email: fraud.unit@gothampolice.gov.","[Gotham Police Bureau] Local dental clinic reported an attack that encrypted all patient history files, demanding 2 Bitcoin in payment. Contact officer email: <EMAIL>.",ransomware_extortion,Ransomware Hostage
PR-RIV-2024-1032,custom_agency,2024-06-01,Institutional Complaint,"[Riverdale Police Bureau] Financial controller received a spoofed email from the CEO demanding an urgent wire payment of $54,000 to an offshore vendor. Contact officer email: fraud.unit@riverdalepolice.gov.","[Riverdale Police Bureau] Financial controller received a spoofed email from the CEO demanding an urgent wire payment of $54,000 to an offshore vendor. Contact officer email: <EMAIL>.",phishing_social_engineering,Corporate Email Compromise
PR-MET-2024-1033,custom_agency,2024-06-01,Institutional Complaint,"[Metropolis Police Bureau] Complainant discovered that their national ID was used to secure an online personal loan of $12,000 without their knowledge. Contact officer email: fraud.unit@metropolispolice.gov.","[Metropolis Police Bureau] Complainant discovered that their national ID was used to secure an online personal loan of $12,000 without their knowledge. Contact officer email: <EMAIL>.",identity_theft_impersonation,Identity Theft / Bank Loan
PR-STA-2024-1034,custom_agency,2024-06-01,Institutional Complaint,[Star City Police Bureau] Victim reported that their Instagram and email accounts were hijacked via SIM swapping and used to solicit money from friends. Contact officer email: fraud.unit@star citypolice.gov.,[Star City Police Bureau] Victim reported that their Instagram and email accounts were hijacked via SIM swapping and used to solicit money from friends. Contact officer email: fraud.unit@star citypolice.gov.,financial_cyber_fraud,Social Media Account Hijack
PR-MET-2024-1035,custom_agency,2024-06-01,Institutional Complaint,"[Metropolis Police Bureau] Victim lost $35,000 after being directed by an acquaintance to transfer Ethereum into a fake decentralized wallet app. Contact officer email: fraud.unit@metropolispolice.gov.","[Metropolis Police Bureau] Victim lost $35,000 after being directed by an acquaintance to transfer Ethereum into a fake decentralized wallet app. Contact officer email: <EMAIL>.",financial_cyber_fraud,Online Crypto Investment Scam
PR-MET-2024-1036,custom_agency,2024-06-01,Institutional Complaint,"[Metropolis Police Bureau] Financial controller received a spoofed email from the CEO demanding an urgent wire payment of $54,000 to an offshore vendor. Contact officer email: fraud.unit@metropolispolice.gov.","[Metropolis Police Bureau] Financial controller received a spoofed email from the CEO demanding an urgent wire payment of $54,000 to an offshore vendor. Contact officer email: <EMAIL>.",phishing_social_engineering,Corporate Email Compromise
PR-MET-2024-1037,custom_agency,2024-06-01,Institutional Complaint,"[Metropolis Police Bureau] Complainant discovered that their national ID was used to secure an online personal loan of $12,000 without their knowledge. Contact officer email: fraud.unit@metropolispolice.gov.","[Metropolis Police Bureau] Complainant discovered that their national ID was used to secure an online personal loan of $12,000 without their knowledge. Contact officer email: <EMAIL>.",identity_theft_impersonation,Identity Theft / Bank Loan
PR-MET-2024-1038,custom_agency,2024-06-01,Institutional Complaint,[Metropolis Police Bureau] Victim reported that their Instagram and email accounts were hijacked via SIM swapping and used to solicit money from friends. Contact officer email: fraud.unit@metropolispolice.gov.,[Metropolis Police Bureau] Victim reported that their Instagram and email accounts were hijacked via SIM swapping and used to solicit money from friends. Contact officer email: <EMAIL>.,financial_cyber_fraud,Social Media Account Hijack
PR-CEN-2024-1039,custom_agency,2024-06-01,Institutional Complaint,[Central City Police Bureau] Victim reported that their Instagram and email accounts were hijacked via SIM swapping and used to solicit money from friends. Contact officer email: fraud.unit@central citypolice.gov.,[Central City Police Bureau] Victim reported that their Instagram and email accounts were hijacked via SIM swapping and used to solicit money from friends. Contact officer email: fraud.unit@central citypolice.gov.,financial_cyber_fraud,Social Media Account Hijack
PR-STA-2024-1040,custom_agency,2024-06-01,Institutional Complaint,[Star City Police Bureau] Victim reported that their Instagram and email accounts were hijacked via SIM swapping and used to solicit money from friends. Contact officer email: fraud.unit@star citypolice.gov.,[Star City Police Bureau] Victim reported that their Instagram and email accounts were hijacked via SIM swapping and used to solicit money from friends. Contact officer email: fraud.unit@star citypolice.gov.,financial_cyber_fraud,Social Media Account Hijack
PR-GOT-2024-1041,custom_agency,2024-06-01,Institutional Complaint,"[Gotham Police Bureau] Financial controller received a spoofed email from the CEO demanding an urgent wire payment of $54,000 to an offshore vendor. Contact officer email: fraud.unit@gothampolice.gov.","[Gotham Police Bureau] Financial controller received a spoofed email from the CEO demanding an urgent wire payment of $54,000 to an offshore vendor. Contact officer email: <EMAIL>.",phishing_social_engineering,Corporate Email Compromise
PR-MET-2024-1042,custom_agency,2024-06-01,Institutional Complaint,"[Metropolis Police Bureau] Financial controller received a spoofed email from the CEO demanding an urgent wire payment of $54,000 to an offshore vendor. Contact officer email: fraud.unit@metropolispolice.gov.","[Metropolis Police Bureau] Financial controller received a spoofed email from the CEO demanding an urgent wire payment of $54,000 to an offshore vendor. Contact officer email: <EMAIL>.",phishing_social_engineering,Corporate Email Compromise
PR-CEN-2024-1043,custom_agency,2024-06-01,Institutional Complaint,[Central City Police Bureau] District online learning management system was subjected to an amplification DDoS attack during final examinations. Contact officer email: fraud.unit@central citypolice.gov.,[Central City Police Bureau] District online learning management system was subjected to an amplification DDoS attack during final examinations. Contact officer email: fraud.unit@central citypolice.gov.,denial_of_service_disruption,DDoS Attack on School Portal
PR-GOT-2024-1044,custom_agency,2024-06-01,Institutional Complaint,[Gotham Police Bureau] District online learning management system was subjected to an amplification DDoS attack during final examinations. Contact officer email: fraud.unit@gothampolice.gov.,[Gotham Police Bureau] District online learning management system was subjected to an amplification DDoS attack during final examinations. Contact officer email: <EMAIL>.,denial_of_service_disruption,DDoS Attack on School Portal
PR-MET-2024-1045,custom_agency,2024-06-01,Institutional Complaint,"[Metropolis Police Bureau] Local dental clinic reported an attack that encrypted all patient history files, demanding 2 Bitcoin in payment. Contact officer email: fraud.unit@metropolispolice.gov.","[Metropolis Police Bureau] Local dental clinic reported an attack that encrypted all patient history files, demanding 2 Bitcoin in payment. Contact officer email: <EMAIL>.",ransomware_extortion,Ransomware Hostage
PR-GOT-2024-1046,custom_agency,2024-06-01,Institutional Complaint,"[Gotham Police Bureau] Victim lost $35,000 after being directed by an acquaintance to transfer Ethereum into a fake decentralized wallet app. Contact officer email: fraud.unit@gothampolice.gov.","[Gotham Police Bureau] Victim lost $35,000 after being directed by an acquaintance to transfer Ethereum into a fake decentralized wallet app. Contact officer email: <EMAIL>.",financial_cyber_fraud,Online Crypto Investment Scam
PR-STA-2024-1047,custom_agency,2024-06-01,Institutional Complaint,"[Star City Police Bureau] Local dental clinic reported an attack that encrypted all patient history files, demanding 2 Bitcoin in payment. Contact officer email: fraud.unit@star citypolice.gov.","[Star City Police Bureau] Local dental clinic reported an attack that encrypted all patient history files, demanding 2 Bitcoin in payment. Contact officer email: fraud.unit@star citypolice.gov.",ransomware_extortion,Ransomware Hostage
PR-MET-2024-1048,custom_agency,2024-06-01,Institutional Complaint,[Metropolis Police Bureau] Victim reported that their Instagram and email accounts were hijacked via SIM swapping and used to solicit money from friends. Contact officer email: fraud.unit@metropolispolice.gov.,[Metropolis Police Bureau] Victim reported that their Instagram and email accounts were hijacked via SIM swapping and used to solicit money from friends. Contact officer email: <EMAIL>.,financial_cyber_fraud,Social Media Account Hijack
PR-RIV-2024-1049,custom_agency,2024-06-01,Institutional Complaint,"[Riverdale Police Bureau] Local dental clinic reported an attack that encrypted all patient history files, demanding 2 Bitcoin in payment. Contact officer email: fraud.unit@riverdalepolice.gov.","[Riverdale Police Bureau] Local dental clinic reported an attack that encrypted all patient history files, demanding 2 Bitcoin in payment. Contact officer email: <EMAIL>.",ransomware_extortion,Ransomware Hostage
PR-RIV-2024-1050,custom_agency,2024-06-01,Institutional Complaint,"[Riverdale Police Bureau] Local dental clinic reported an attack that encrypted all patient history files, demanding 2 Bitcoin in payment. Contact officer email: fraud.unit@riverdalepolice.gov.","[Riverdale Police Bureau] Local dental clinic reported an attack that encrypted all patient history files, demanding 2 Bitcoin in payment. Contact officer email: <EMAIL>.",ransomware_extortion,Ransomware Hostage
PR-MET-2024-1051,custom_agency,2024-06-01,Institutional Complaint,"[Metropolis Police Bureau] Victim lost $35,000 after being directed by an acquaintance to transfer Ethereum into a fake decentralized wallet app. Contact officer email: fraud.unit@metropolispolice.gov.","[Metropolis Police Bureau] Victim lost $35,000 after being directed by an acquaintance to transfer Ethereum into a fake decentralized wallet app. Contact officer email: <EMAIL>.",financial_cyber_fraud,Online Crypto Investment Scam
PR-MET-2024-1052,custom_agency,2024-06-01,Institutional Complaint,"[Metropolis Police Bureau] Local dental clinic reported an attack that encrypted all patient history files, demanding 2 Bitcoin in payment. Contact officer email: fraud.unit@metropolispolice.gov.","[Metropolis Police Bureau] Local dental clinic reported an attack that encrypted all patient history files, demanding 2 Bitcoin in payment. Contact officer email: <EMAIL>.",ransomware_extortion,Ransomware Hostage
PR-STA-2024-1053,custom_agency,2024-06-01,Institutional Complaint,"[Star City Police Bureau] Local dental clinic reported an attack that encrypted all patient history files, demanding 2 Bitcoin in payment. Contact officer email: fraud.unit@star citypolice.gov.","[Star City Police Bureau] Local dental clinic reported an attack that encrypted all patient history files, demanding 2 Bitcoin in payment. Contact officer email: fraud.unit@star citypolice.gov.",ransomware_extortion,Ransomware Hostage
PR-RIV-2024-1054,custom_agency,2024-06-01,Institutional Complaint,[Riverdale Police Bureau] District online learning management system was subjected to an amplification DDoS attack during final examinations. Contact officer email: fraud.unit@riverdalepolice.gov.,[Riverdale Police Bureau] District online learning management system was subjected to an amplification DDoS attack during final examinations. Contact officer email: <EMAIL>.,denial_of_service_disruption,DDoS Attack on School Portal
PR-GOT-2024-1055,custom_agency,2024-06-01,Institutional Complaint,[Gotham Police Bureau] District online learning management system was subjected to an amplification DDoS attack during final examinations. Contact officer email: fraud.unit@gothampolice.gov.,[Gotham Police Bureau] District online learning management system was subjected to an amplification DDoS attack during final examinations. Contact officer email: <EMAIL>.,denial_of_service_disruption,DDoS Attack on School Portal
PR-RIV-2024-1056,custom_agency,2024-06-01,Institutional Complaint,"[Riverdale Police Bureau] Financial controller received a spoofed email from the CEO demanding an urgent wire payment of $54,000 to an offshore vendor. Contact officer email: fraud.unit@riverdalepolice.gov.","[Riverdale Police Bureau] Financial controller received a spoofed email from the CEO demanding an urgent wire payment of $54,000 to an offshore vendor. Contact officer email: <EMAIL>.",phishing_social_engineering,Corporate Email Compromise
PR-GOT-2024-1057,custom_agency,2024-06-01,Institutional Complaint,"[Gotham Police Bureau] Financial controller received a spoofed email from the CEO demanding an urgent wire payment of $54,000 to an offshore vendor. Contact officer email: fraud.unit@gothampolice.gov.","[Gotham Police Bureau] Financial controller received a spoofed email from the CEO demanding an urgent wire payment of $54,000 to an offshore vendor. Contact officer email: <EMAIL>.",phishing_social_engineering,Corporate Email Compromise
PR-RIV-2024-1058,custom_agency,2024-06-01,Institutional Complaint,"[Riverdale Police Bureau] Financial controller received a spoofed email from the CEO demanding an urgent wire payment of $54,000 to an offshore vendor. Contact officer email: fraud.unit@riverdalepolice.gov.","[Riverdale Police Bureau] Financial controller received a spoofed email from the CEO demanding an urgent wire payment of $54,000 to an offshore vendor. Contact officer email: <EMAIL>.",phishing_social_engineering,Corporate Email Compromise
PR-MET-2024-1059,custom_agency,2024-06-01,Institutional Complaint,[Metropolis Police Bureau] District online learning management system was subjected to an amplification DDoS attack during final examinations. Contact officer email: fraud.unit@metropolispolice.gov.,[Metropolis Police Bureau] District online learning management system was subjected to an amplification DDoS attack during final examinations. Contact officer email: <EMAIL>.,denial_of_service_disruption,DDoS Attack on School Portal
PR-GOT-2024-1060,custom_agency,2024-06-01,Institutional Complaint,"[Gotham Police Bureau] Local dental clinic reported an attack that encrypted all patient history files, demanding 2 Bitcoin in payment. Contact officer email: fraud.unit@gothampolice.gov.","[Gotham Police Bureau] Local dental clinic reported an attack that encrypted all patient history files, demanding 2 Bitcoin in payment. Contact officer email: <EMAIL>.",ransomware_extortion,Ransomware Hostage
PR-STA-2024-1061,custom_agency,2024-06-01,Institutional Complaint,[Star City Police Bureau] District online learning management system was subjected to an amplification DDoS attack during final examinations. Contact officer email: fraud.unit@star citypolice.gov.,[Star City Police Bureau] District online learning management system was subjected to an amplification DDoS attack during final examinations. Contact officer email: fraud.unit@star citypolice.gov.,denial_of_service_disruption,DDoS Attack on School Portal
PR-STA-2024-1062,custom_agency,2024-06-01,Institutional Complaint,[Star City Police Bureau] Victim reported that their Instagram and email accounts were hijacked via SIM swapping and used to solicit money from friends. Contact officer email: fraud.unit@star citypolice.gov.,[Star City Police Bureau] Victim reported that their Instagram and email accounts were hijacked via SIM swapping and used to solicit money from friends. Contact officer email: fraud.unit@star citypolice.gov.,financial_cyber_fraud,Social Media Account Hijack
PR-RIV-2024-1063,custom_agency,2024-06-01,Institutional Complaint,"[Riverdale Police Bureau] Victim lost $35,000 after being directed by an acquaintance to transfer Ethereum into a fake decentralized wallet app. Contact officer email: fraud.unit@riverdalepolice.gov.","[Riverdale Police Bureau] Victim lost $35,000 after being directed by an acquaintance to transfer Ethereum into a fake decentralized wallet app. Contact officer email: <EMAIL>.",financial_cyber_fraud,Online Crypto Investment Scam
PR-GOT-2024-1064,custom_agency,2024-06-01,Institutional Complaint,"[Gotham Police Bureau] Financial controller received a spoofed email from the CEO demanding an urgent wire payment of $54,000 to an offshore vendor. Contact officer email: fraud.unit@gothampolice.gov.","[Gotham Police Bureau] Financial controller received a spoofed email from the CEO demanding an urgent wire payment of $54,000 to an offshore vendor. Contact officer email: <EMAIL>.",phishing_social_engineering,Corporate Email Compromise
PR-STA-2024-1065,custom_agency,2024-06-01,Institutional Complaint,"[Star City Police Bureau] Complainant discovered that their national ID was used to secure an online personal loan of $12,000 without their knowledge. Contact officer email: fraud.unit@star citypolice.gov.","[Star City Police Bureau] Complainant discovered that their national ID was used to secure an online personal loan of $12,000 without their knowledge. Contact officer email: fraud.unit@star citypolice.gov.",identity_theft_impersonation,Identity Theft / Bank Loan
PR-CEN-2024-1066,custom_agency,2024-06-01,Institutional Complaint,"[Central City Police Bureau] Victim lost $35,000 after being directed by an acquaintance to transfer Ethereum into a fake decentralized wallet app. Contact officer email: fraud.unit@central citypolice.gov.","[Central City Police Bureau] Victim lost $35,000 after being directed by an acquaintance to transfer Ethereum into a fake decentralized wallet app. Contact officer email: fraud.unit@central citypolice.gov.",financial_cyber_fraud,Online Crypto Investment Scam
PR-STA-2024-1067,custom_agency,2024-06-01,Institutional Complaint,[Star City Police Bureau] District online learning management system was subjected to an amplification DDoS attack during final examinations. Contact officer email: fraud.unit@star citypolice.gov.,[Star City Police Bureau] District online learning management system was subjected to an amplification DDoS attack during final examinations. Contact officer email: fraud.unit@star citypolice.gov.,denial_of_service_disruption,DDoS Attack on School Portal
PR-GOT-2024-1068,custom_agency,2024-06-01,Institutional Complaint,[Gotham Police Bureau] District online learning management system was subjected to an amplification DDoS attack during final examinations. Contact officer email: fraud.unit@gothampolice.gov.,[Gotham Police Bureau] District online learning management system was subjected to an amplification DDoS attack during final examinations. Contact officer email: <EMAIL>.,denial_of_service_disruption,DDoS Attack on School Portal
PR-MET-2024-1069,custom_agency,2024-06-01,Institutional Complaint,"[Metropolis Police Bureau] Local dental clinic reported an attack that encrypted all patient history files, demanding 2 Bitcoin in payment. Contact officer email: fraud.unit@metropolispolice.gov.","[Metropolis Police Bureau] Local dental clinic reported an attack that encrypted all patient history files, demanding 2 Bitcoin in payment. Contact officer email: <EMAIL>.",ransomware_extortion,Ransomware Hostage
PR-GOT-2024-1070,custom_agency,2024-06-01,Institutional Complaint,[Gotham Police Bureau] District online learning management system was subjected to an amplification DDoS attack during final examinations. Contact officer email: fraud.unit@gothampolice.gov.,[Gotham Police Bureau] District online learning management system was subjected to an amplification DDoS attack during final examinations. Contact officer email: <EMAIL>.,denial_of_service_disruption,DDoS Attack on School Portal
PR-STA-2024-1071,custom_agency,2024-06-01,Institutional Complaint,"[Star City Police Bureau] Financial controller received a spoofed email from the CEO demanding an urgent wire payment of $54,000 to an offshore vendor. Contact officer email: fraud.unit@star citypolice.gov.","[Star City Police Bureau] Financial controller received a spoofed email from the CEO demanding an urgent wire payment of $54,000 to an offshore vendor. Contact officer email: fraud.unit@star citypolice.gov.",phishing_social_engineering,Corporate Email Compromise
PR-STA-2024-1072,custom_agency,2024-06-01,Institutional Complaint,"[Star City Police Bureau] Victim lost $35,000 after being directed by an acquaintance to transfer Ethereum into a fake decentralized wallet app. Contact officer email: fraud.unit@star citypolice.gov.","[Star City Police Bureau] Victim lost $35,000 after being directed by an acquaintance to transfer Ethereum into a fake decentralized wallet app. Contact officer email: fraud.unit@star citypolice.gov.",financial_cyber_fraud,Online Crypto Investment Scam
PR-STA-2024-1073,custom_agency,2024-06-01,Institutional Complaint,"[Star City Police Bureau] Victim lost $35,000 after being directed by an acquaintance to transfer Ethereum into a fake decentralized wallet app. Contact officer email: fraud.unit@star citypolice.gov.","[Star City Police Bureau] Victim lost $35,000 after being directed by an acquaintance to transfer Ethereum into a fake decentralized wallet app. Contact officer email: fraud.unit@star citypolice.gov.",financial_cyber_fraud,Online Crypto Investment Scam
PR-CEN-2024-1074,custom_agency,2024-06-01,Institutional Complaint,"[Central City Police Bureau] Victim lost $35,000 after being directed by an acquaintance to transfer Ethereum into a fake decentralized wallet app. Contact officer email: fraud.unit@central citypolice.gov.","[Central City Police Bureau] Victim lost $35,000 after being directed by an acquaintance to transfer Ethereum into a fake decentralized wallet app. Contact officer email: fraud.unit@central citypolice.gov.",financial_cyber_fraud,Online Crypto Investment Scam
PR-STA-2024-1075,custom_agency,2024-06-01,Institutional Complaint,"[Star City Police Bureau] Complainant discovered that their national ID was used to secure an online personal loan of $12,000 without their knowledge. Contact officer email: fraud.unit@star citypolice.gov.","[Star City Police Bureau] Complainant discovered that their national ID was used to secure an online personal loan of $12,000 without their knowledge. Contact officer email: fraud.unit@star citypolice.gov.",identity_theft_impersonation,Identity Theft / Bank Loan
PR-GOT-2024-1076,custom_agency,2024-06-01,Institutional Complaint,"[Gotham Police Bureau] Victim lost $35,000 after being directed by an acquaintance to transfer Ethereum into a fake decentralized wallet app. Contact officer email: fraud.unit@gothampolice.gov.","[Gotham Police Bureau] Victim lost $35,000 after being directed by an acquaintance to transfer Ethereum into a fake decentralized wallet app. Contact officer email: <EMAIL>.",financial_cyber_fraud,Online Crypto Investment Scam
PR-RIV-2024-1077,custom_agency,2024-06-01,Institutional Complaint,"[Riverdale Police Bureau] Victim lost $35,000 after being directed by an acquaintance to transfer Ethereum into a fake decentralized wallet app. Contact officer email: fraud.unit@riverdalepolice.gov.","[Riverdale Police Bureau] Victim lost $35,000 after being directed by an acquaintance to transfer Ethereum into a fake decentralized wallet app. Contact officer email: <EMAIL>.",financial_cyber_fraud,Online Crypto Investment Scam
PR-STA-2024-1078,custom_agency,2024-06-01,Institutional Complaint,"[Star City Police Bureau] Victim lost $35,000 after being directed by an acquaintance to transfer Ethereum into a fake decentralized wallet app. Contact officer email: fraud.unit@star citypolice.gov.","[Star City Police Bureau] Victim lost $35,000 after being directed by an acquaintance to transfer Ethereum into a fake decentralized wallet app. Contact officer email: fraud.unit@star citypolice.gov.",financial_cyber_fraud,Online Crypto Investment Scam
PR-GOT-2024-1079,custom_agency,2024-06-01,Institutional Complaint,"[Gotham Police Bureau] Local dental clinic reported an attack that encrypted all patient history files, demanding 2 Bitcoin in payment. Contact officer email: fraud.unit@gothampolice.gov.","[Gotham Police Bureau] Local dental clinic reported an attack that encrypted all patient history files, demanding 2 Bitcoin in payment. Contact officer email: <EMAIL>.",ransomware_extortion,Ransomware Hostage
PR-GOT-2024-1080,custom_agency,2024-06-01,Institutional Complaint,"[Gotham Police Bureau] Victim lost $35,000 after being directed by an acquaintance to transfer Ethereum into a fake decentralized wallet app. Contact officer email: fraud.unit@gothampolice.gov.","[Gotham Police Bureau] Victim lost $35,000 after being directed by an acquaintance to transfer Ethereum into a fake decentralized wallet app. Contact officer email: <EMAIL>.",financial_cyber_fraud,Online Crypto Investment Scam
PR-GOT-2024-1081,custom_agency,2024-06-01,Institutional Complaint,[Gotham Police Bureau] Victim reported that their Instagram and email accounts were hijacked via SIM swapping and used to solicit money from friends. Contact officer email: fraud.unit@gothampolice.gov.,[Gotham Police Bureau] Victim reported that their Instagram and email accounts were hijacked via SIM swapping and used to solicit money from friends. Contact officer email: <EMAIL>.,financial_cyber_fraud,Social Media Account Hijack
PR-CEN-2024-1082,custom_agency,2024-06-01,Institutional Complaint,"[Central City Police Bureau] Complainant discovered that their national ID was used to secure an online personal loan of $12,000 without their knowledge. Contact officer email: fraud.unit@central citypolice.gov.","[Central City Police Bureau] Complainant discovered that their national ID was used to secure an online personal loan of $12,000 without their knowledge. Contact officer email: fraud.unit@central citypolice.gov.",identity_theft_impersonation,Identity Theft / Bank Loan
PR-CEN-2024-1083,custom_agency,2024-06-01,Institutional Complaint,[Central City Police Bureau] District online learning management system was subjected to an amplification DDoS attack during final examinations. Contact officer email: fraud.unit@central citypolice.gov.,[Central City Police Bureau] District online learning management system was subjected to an amplification DDoS attack during final examinations. Contact officer email: fraud.unit@central citypolice.gov.,denial_of_service_disruption,DDoS Attack on School Portal
PR-CEN-2024-1084,custom_agency,2024-06-01,Institutional Complaint,"[Central City Police Bureau] Local dental clinic reported an attack that encrypted all patient history files, demanding 2 Bitcoin in payment. Contact officer email: fraud.unit@central citypolice.gov.","[Central City Police Bureau] Local dental clinic reported an attack that encrypted all patient history files, demanding 2 Bitcoin in payment. Contact officer email: fraud.unit@central citypolice.gov.",ransomware_extortion,Ransomware Hostage
PR-CEN-2024-1085,custom_agency,2024-06-01,Institutional Complaint,[Central City Police Bureau] Victim reported that their Instagram and email accounts were hijacked via SIM swapping and used to solicit money from friends. Contact officer email: fraud.unit@central citypolice.gov.,[Central City Police Bureau] Victim reported that their Instagram and email accounts were hijacked via SIM swapping and used to solicit money from friends. Contact officer email: fraud.unit@central citypolice.gov.,financial_cyber_fraud,Social Media Account Hijack
PR-GOT-2024-1086,custom_agency,2024-06-01,Institutional Complaint,"[Gotham Police Bureau] Local dental clinic reported an attack that encrypted all patient history files, demanding 2 Bitcoin in payment. Contact officer email: fraud.unit@gothampolice.gov.","[Gotham Police Bureau] Local dental clinic reported an attack that encrypted all patient history files, demanding 2 Bitcoin in payment. Contact officer email: <EMAIL>.",ransomware_extortion,Ransomware Hostage
PR-STA-2024-1087,custom_agency,2024-06-01,Institutional Complaint,"[Star City Police Bureau] Complainant discovered that their national ID was used to secure an online personal loan of $12,000 without their knowledge. Contact officer email: fraud.unit@star citypolice.gov.","[Star City Police Bureau] Complainant discovered that their national ID was used to secure an online personal loan of $12,000 without their knowledge. Contact officer email: fraud.unit@star citypolice.gov.",identity_theft_impersonation,Identity Theft / Bank Loan
PR-MET-2024-1088,custom_agency,2024-06-01,Institutional Complaint,"[Metropolis Police Bureau] Local dental clinic reported an attack that encrypted all patient history files, demanding 2 Bitcoin in payment. Contact officer email: fraud.unit@metropolispolice.gov.","[Metropolis Police Bureau] Local dental clinic reported an attack that encrypted all patient history files, demanding 2 Bitcoin in payment. Contact officer email: <EMAIL>.",ransomware_extortion,Ransomware Hostage
PR-CEN-2024-1089,custom_agency,2024-06-01,Institutional Complaint,"[Central City Police Bureau] Complainant discovered that their national ID was used to secure an online personal loan of $12,000 without their knowledge. Contact officer email: fraud.unit@central citypolice.gov.","[Central City Police Bureau] Complainant discovered that their national ID was used to secure an online personal loan of $12,000 without their knowledge. Contact officer email: fraud.unit@central citypolice.gov.",identity_theft_impersonation,Identity Theft / Bank Loan
PR-STA-2024-1090,custom_agency,2024-06-01,Institutional Complaint,"[Star City Police Bureau] Complainant discovered that their national ID was used to secure an online personal loan of $12,000 without their knowledge. Contact officer email: fraud.unit@star citypolice.gov.","[Star City Police Bureau] Complainant discovered that their national ID was used to secure an online personal loan of $12,000 without their knowledge. Contact officer email: fraud.unit@star citypolice.gov.",identity_theft_impersonation,Identity Theft / Bank Loan
PR-MET-2024-1091,custom_agency,2024-06-01,Institutional Complaint,[Metropolis Police Bureau] District online learning management system was subjected to an amplification DDoS attack during final examinations. Contact officer email: fraud.unit@metropolispolice.gov.,[Metropolis Police Bureau] District online learning management system was subjected to an amplification DDoS attack during final examinations. Contact officer email: <EMAIL>.,denial_of_service_disruption,DDoS Attack on School Portal
PR-GOT-2024-1092,custom_agency,2024-06-01,Institutional Complaint,[Gotham Police Bureau] District online learning management system was subjected to an amplification DDoS attack during final examinations. Contact officer email: fraud.unit@gothampolice.gov.,[Gotham Police Bureau] District online learning management system was subjected to an amplification DDoS attack during final examinations. Contact officer email: <EMAIL>.,denial_of_service_disruption,DDoS Attack on School Portal
PR-RIV-2024-1093,custom_agency,2024-06-01,Institutional Complaint,[Riverdale Police Bureau] Victim reported that their Instagram and email accounts were hijacked via SIM swapping and used to solicit money from friends. Contact officer email: fraud.unit@riverdalepolice.gov.,[Riverdale Police Bureau] Victim reported that their Instagram and email accounts were hijacked via SIM swapping and used to solicit money from friends. Contact officer email: <EMAIL>.,financial_cyber_fraud,Social Media Account Hijack
PR-MET-2024-1094,custom_agency,2024-06-01,Institutional Complaint,"[Metropolis Police Bureau] Complainant discovered that their national ID was used to secure an online personal loan of $12,000 without their knowledge. Contact officer email: fraud.unit@metropolispolice.gov.","[Metropolis Police Bureau] Complainant discovered that their national ID was used to secure an online personal loan of $12,000 without their knowledge. Contact officer email: <EMAIL>.",identity_theft_impersonation,Identity Theft / Bank Loan
PR-MET-2024-1095,custom_agency,2024-06-01,Institutional Complaint,"[Metropolis Police Bureau] Financial controller received a spoofed email from the CEO demanding an urgent wire payment of $54,000 to an offshore vendor. Contact officer email: fraud.unit@metropolispolice.gov.","[Metropolis Police Bureau] Financial controller received a spoofed email from the CEO demanding an urgent wire payment of $54,000 to an offshore vendor. Contact officer email: <EMAIL>.",phishing_social_engineering,Corporate Email Compromise
PR-GOT-2024-1096,custom_agency,2024-06-01,Institutional Complaint,"[Gotham Police Bureau] Complainant discovered that their national ID was used to secure an online personal loan of $12,000 without their knowledge. Contact officer email: fraud.unit@gothampolice.gov.","[Gotham Police Bureau] Complainant discovered that their national ID was used to secure an online personal loan of $12,000 without their knowledge. Contact officer email: <EMAIL>.",identity_theft_impersonation,Identity Theft / Bank Loan
PR-MET-2024-1097,custom_agency,2024-06-01,Institutional Complaint,"[Metropolis Police Bureau] Financial controller received a spoofed email from the CEO demanding an urgent wire payment of $54,000 to an offshore vendor. Contact officer email: fraud.unit@metropolispolice.gov.","[Metropolis Police Bureau] Financial controller received a spoofed email from the CEO demanding an urgent wire payment of $54,000 to an offshore vendor. Contact officer email: <EMAIL>.",phishing_social_engineering,Corporate Email Compromise
PR-GOT-2024-1098,custom_agency,2024-06-01,Institutional Complaint,"[Gotham Police Bureau] Local dental clinic reported an attack that encrypted all patient history files, demanding 2 Bitcoin in payment. Contact officer email: fraud.unit@gothampolice.gov.","[Gotham Police Bureau] Local dental clinic reported an attack that encrypted all patient history files, demanding 2 Bitcoin in payment. Contact officer email: <EMAIL>.",ransomware_extortion,Ransomware Hostage
PR-STA-2024-1099,custom_agency,2024-06-01,Institutional Complaint,"[Star City Police Bureau] Victim lost $35,000 after being directed by an acquaintance to transfer Ethereum into a fake decentralized wallet app. Contact officer email: fraud.unit@star citypolice.gov.","[Star City Police Bureau] Victim lost $35,000 after being directed by an acquaintance to transfer Ethereum into a fake decentralized wallet app. Contact officer email: fraud.unit@star citypolice.gov.",financial_cyber_fraud,Online Crypto Investment Scam
PR-CEN-2024-1100,custom_agency,2024-06-01,Institutional Complaint,[Central City Police Bureau] Victim reported that their Instagram and email accounts were hijacked via SIM swapping and used to solicit money from friends. Contact officer email: fraud.unit@central citypolice.gov.,[Central City Police Bureau] Victim reported that their Instagram and email accounts were hijacked via SIM swapping and used to solicit money from friends. Contact officer email: fraud.unit@central citypolice.gov.,financial_cyber_fraud,Social Media Account Hijack
PR-RIV-2024-1101,custom_agency,2024-06-01,Institutional Complaint,"[Riverdale Police Bureau] Complainant discovered that their national ID was used to secure an online personal loan of $12,000 without their knowledge. Contact officer email: fraud.unit@riverdalepolice.gov.","[Riverdale Police Bureau] Complainant discovered that their national ID was used to secure an online personal loan of $12,000 without their knowledge. Contact officer email: <EMAIL>.",identity_theft_impersonation,Identity Theft / Bank Loan
PR-MET-2024-1102,custom_agency,2024-06-01,Institutional Complaint,"[Metropolis Police Bureau] Local dental clinic reported an attack that encrypted all patient history files, demanding 2 Bitcoin in payment. Contact officer email: fraud.unit@metropolispolice.gov.","[Metropolis Police Bureau] Local dental clinic reported an attack that encrypted all patient history files, demanding 2 Bitcoin in payment. Contact officer email: <EMAIL>.",ransomware_extortion,Ransomware Hostage
PR-RIV-2024-1103,custom_agency,2024-06-01,Institutional Complaint,"[Riverdale Police Bureau] Local dental clinic reported an attack that encrypted all patient history files, demanding 2 Bitcoin in payment. Contact officer email: fraud.unit@riverdalepolice.gov.","[Riverdale Police Bureau] Local dental clinic reported an attack that encrypted all patient history files, demanding 2 Bitcoin in payment. Contact officer email: <EMAIL>.",ransomware_extortion,Ransomware Hostage
PR-MET-2024-1104,custom_agency,2024-06-01,Institutional Complaint,[Metropolis Police Bureau] Victim reported that their Instagram and email accounts were hijacked via SIM swapping and used to solicit money from friends. Contact officer email: fraud.unit@metropolispolice.gov.,[Metropolis Police Bureau] Victim reported that their Instagram and email accounts were hijacked via SIM swapping and used to solicit money from friends. Contact officer email: <EMAIL>.,financial_cyber_fraud,Social Media Account Hijack
PR-GOT-2024-1105,custom_agency,2024-06-01,Institutional Complaint,[Gotham Police Bureau] Victim reported that their Instagram and email accounts were hijacked via SIM swapping and used to solicit money from friends. Contact officer email: fraud.unit@gothampolice.gov.,[Gotham Police Bureau] Victim reported that their Instagram and email accounts were hijacked via SIM swapping and used to solicit money from friends. Contact officer email: <EMAIL>.,financial_cyber_fraud,Social Media Account Hijack
PR-RIV-2024-1106,custom_agency,2024-06-01,Institutional Complaint,"[Riverdale Police Bureau] Complainant discovered that their national ID was used to secure an online personal loan of $12,000 without their knowledge. Contact officer email: fraud.unit@riverdalepolice.gov.","[Riverdale Police Bureau] Complainant discovered that their national ID was used to secure an online personal loan of $12,000 without their knowledge. Contact officer email: <EMAIL>.",identity_theft_impersonation,Identity Theft / Bank Loan
PR-CEN-2024-1107,custom_agency,2024-06-01,Institutional Complaint,[Central City Police Bureau] Victim reported that their Instagram and email accounts were hijacked via SIM swapping and used to solicit money from friends. Contact officer email: fraud.unit@central citypolice.gov.,[Central City Police Bureau] Victim reported that their Instagram and email accounts were hijacked via SIM swapping and used to solicit money from friends. Contact officer email: fraud.unit@central citypolice.gov.,financial_cyber_fraud,Social Media Account Hijack
PR-RIV-2024-1108,custom_agency,2024-06-01,Institutional Complaint,[Riverdale Police Bureau] District online learning management system was subjected to an amplification DDoS attack during final examinations. Contact officer email: fraud.unit@riverdalepolice.gov.,[Riverdale Police Bureau] District online learning management system was subjected to an amplification DDoS attack during final examinations. Contact officer email: <EMAIL>.,denial_of_service_disruption,DDoS Attack on School Portal
PR-RIV-2024-1109,custom_agency,2024-06-01,Institutional Complaint,[Riverdale Police Bureau] Victim reported that their Instagram and email accounts were hijacked via SIM swapping and used to solicit money from friends. Contact officer email: fraud.unit@riverdalepolice.gov.,[Riverdale Police Bureau] Victim reported that their Instagram and email accounts were hijacked via SIM swapping and used to solicit money from friends. Contact officer email: <EMAIL>.,financial_cyber_fraud,Social Media Account Hijack
PR-GOT-2024-1110,custom_agency,2024-06-01,Institutional Complaint,[Gotham Police Bureau] District online learning management system was subjected to an amplification DDoS attack during final examinations. Contact officer email: fraud.unit@gothampolice.gov.,[Gotham Police Bureau] District online learning management system was subjected to an amplification DDoS attack during final examinations. Contact officer email: <EMAIL>.,denial_of_service_disruption,DDoS Attack on School Portal
PR-RIV-2024-1111,custom_agency,2024-06-01,Institutional Complaint,"[Riverdale Police Bureau] Victim lost $35,000 after being directed by an acquaintance to transfer Ethereum into a fake decentralized wallet app. Contact officer email: fraud.unit@riverdalepolice.gov.","[Riverdale Police Bureau] Victim lost $35,000 after being directed by an acquaintance to transfer Ethereum into a fake decentralized wallet app. Contact officer email: <EMAIL>.",financial_cyber_fraud,Online Crypto Investment Scam
PR-MET-2024-1112,custom_agency,2024-06-01,Institutional Complaint,"[Metropolis Police Bureau] Complainant discovered that their national ID was used to secure an online personal loan of $12,000 without their knowledge. Contact officer email: fraud.unit@metropolispolice.gov.","[Metropolis Police Bureau] Complainant discovered that their national ID was used to secure an online personal loan of $12,000 without their knowledge. Contact officer email: <EMAIL>.",identity_theft_impersonation,Identity Theft / Bank Loan
PR-MET-2024-1113,custom_agency,2024-06-01,Institutional Complaint,[Metropolis Police Bureau] District online learning management system was subjected to an amplification DDoS attack during final examinations. Contact officer email: fraud.unit@metropolispolice.gov.,[Metropolis Police Bureau] District online learning management system was subjected to an amplification DDoS attack during final examinations. Contact officer email: <EMAIL>.,denial_of_service_disruption,DDoS Attack on School Portal
PR-CEN-2024-1114,custom_agency,2024-06-01,Institutional Complaint,[Central City Police Bureau] District online learning management system was subjected to an amplification DDoS attack during final examinations. Contact officer email: fraud.unit@central citypolice.gov.,[Central City Police Bureau] District online learning management system was subjected to an amplification DDoS attack during final examinations. Contact officer email: fraud.unit@central citypolice.gov.,denial_of_service_disruption,DDoS Attack on School Portal
PR-STA-2024-1115,custom_agency,2024-06-01,Institutional Complaint,"[Star City Police Bureau] Financial controller received a spoofed email from the CEO demanding an urgent wire payment of $54,000 to an offshore vendor. Contact officer email: fraud.unit@star citypolice.gov.","[Star City Police Bureau] Financial controller received a spoofed email from the CEO demanding an urgent wire payment of $54,000 to an offshore vendor. Contact officer email: fraud.unit@star citypolice.gov.",phishing_social_engineering,Corporate Email Compromise
PR-CEN-2024-1116,custom_agency,2024-06-01,Institutional Complaint,[Central City Police Bureau] District online learning management system was subjected to an amplification DDoS attack during final examinations. Contact officer email: fraud.unit@central citypolice.gov.,[Central City Police Bureau] District online learning management system was subjected to an amplification DDoS attack during final examinations. Contact officer email: fraud.unit@central citypolice.gov.,denial_of_service_disruption,DDoS Attack on School Portal
PR-GOT-2024-1117,custom_agency,2024-06-01,Institutional Complaint,"[Gotham Police Bureau] Complainant discovered that their national ID was used to secure an online personal loan of $12,000 without their knowledge. Contact officer email: fraud.unit@gothampolice.gov.","[Gotham Police Bureau] Complainant discovered that their national ID was used to secure an online personal loan of $12,000 without their knowledge. Contact officer email: <EMAIL>.",identity_theft_impersonation,Identity Theft / Bank Loan
PR-RIV-2024-1118,custom_agency,2024-06-01,Institutional Complaint,"[Riverdale Police Bureau] Local dental clinic reported an attack that encrypted all patient history files, demanding 2 Bitcoin in payment. Contact officer email: fraud.unit@riverdalepolice.gov.","[Riverdale Police Bureau] Local dental clinic reported an attack that encrypted all patient history files, demanding 2 Bitcoin in payment. Contact officer email: <EMAIL>.",ransomware_extortion,Ransomware Hostage
PR-MET-2024-1119,custom_agency,2024-06-01,Institutional Complaint,"[Metropolis Police Bureau] Financial controller received a spoofed email from the CEO demanding an urgent wire payment of $54,000 to an offshore vendor. Contact officer email: fraud.unit@metropolispolice.gov.","[Metropolis Police Bureau] Financial controller received a spoofed email from the CEO demanding an urgent wire payment of $54,000 to an offshore vendor. Contact officer email: <EMAIL>.",phishing_social_engineering,Corporate Email Compromise
PR-RIV-2024-1120,custom_agency,2024-06-01,Institutional Complaint,"[Riverdale Police Bureau] Financial controller received a spoofed email from the CEO demanding an urgent wire payment of $54,000 to an offshore vendor. Contact officer email: fraud.unit@riverdalepolice.gov.","[Riverdale Police Bureau] Financial controller received a spoofed email from the CEO demanding an urgent wire payment of $54,000 to an offshore vendor. Contact officer email: <EMAIL>.",phishing_social_engineering,Corporate Email Compromise
PR-STA-2024-1121,custom_agency,2024-06-01,Institutional Complaint,"[Star City Police Bureau] Complainant discovered that their national ID was used to secure an online personal loan of $12,000 without their knowledge. Contact officer email: fraud.unit@star citypolice.gov.","[Star City Police Bureau] Complainant discovered that their national ID was used to secure an online personal loan of $12,000 without their knowledge. Contact officer email: fraud.unit@star citypolice.gov.",identity_theft_impersonation,Identity Theft / Bank Loan
PR-CEN-2024-1122,custom_agency,2024-06-01,Institutional Complaint,"[Central City Police Bureau] Local dental clinic reported an attack that encrypted all patient history files, demanding 2 Bitcoin in payment. Contact officer email: fraud.unit@central citypolice.gov.","[Central City Police Bureau] Local dental clinic reported an attack that encrypted all patient history files, demanding 2 Bitcoin in payment. Contact officer email: fraud.unit@central citypolice.gov.",ransomware_extortion,Ransomware Hostage
PR-MET-2024-1123,custom_agency,2024-06-01,Institutional Complaint,[Metropolis Police Bureau] District online learning management system was subjected to an amplification DDoS attack during final examinations. Contact officer email: fraud.unit@metropolispolice.gov.,[Metropolis Police Bureau] District online learning management system was subjected to an amplification DDoS attack during final examinations. Contact officer email: <EMAIL>.,denial_of_service_disruption,DDoS Attack on School Portal
PR-STA-2024-1124,custom_agency,2024-06-01,Institutional Complaint,"[Star City Police Bureau] Victim lost $35,000 after being directed by an acquaintance to transfer Ethereum into a fake decentralized wallet app. Contact officer email: fraud.unit@star citypolice.gov.","[Star City Police Bureau] Victim lost $35,000 after being directed by an acquaintance to transfer Ethereum into a fake decentralized wallet app. Contact officer email: fraud.unit@star citypolice.gov.",financial_cyber_fraud,Online Crypto Investment Scam
PR-STA-2024-1125,custom_agency,2024-06-01,Institutional Complaint,"[Star City Police Bureau] Complainant discovered that their national ID was used to secure an online personal loan of $12,000 without their knowledge. Contact officer email: fraud.unit@star citypolice.gov.","[Star City Police Bureau] Complainant discovered that their national ID was used to secure an online personal loan of $12,000 without their knowledge. Contact officer email: fraud.unit@star citypolice.gov.",identity_theft_impersonation,Identity Theft / Bank Loan
PR-RIV-2024-1126,custom_agency,2024-06-01,Institutional Complaint,"[Riverdale Police Bureau] Financial controller received a spoofed email from the CEO demanding an urgent wire payment of $54,000 to an offshore vendor. Contact officer email: fraud.unit@riverdalepolice.gov.","[Riverdale Police Bureau] Financial controller received a spoofed email from the CEO demanding an urgent wire payment of $54,000 to an offshore vendor. Contact officer email: <EMAIL>.",phishing_social_engineering,Corporate Email Compromise
PR-CEN-2024-1127,custom_agency,2024-06-01,Institutional Complaint,"[Central City Police Bureau] Complainant discovered that their national ID was used to secure an online personal loan of $12,000 without their knowledge. Contact officer email: fraud.unit@central citypolice.gov.","[Central City Police Bureau] Complainant discovered that their national ID was used to secure an online personal loan of $12,000 without their knowledge. Contact officer email: fraud.unit@central citypolice.gov.",identity_theft_impersonation,Identity Theft / Bank Loan
PR-CEN-2024-1128,custom_agency,2024-06-01,Institutional Complaint,"[Central City Police Bureau] Local dental clinic reported an attack that encrypted all patient history files, demanding 2 Bitcoin in payment. Contact officer email: fraud.unit@central citypolice.gov.","[Central City Police Bureau] Local dental clinic reported an attack that encrypted all patient history files, demanding 2 Bitcoin in payment. Contact officer email: fraud.unit@central citypolice.gov.",ransomware_extortion,Ransomware Hostage
PR-CEN-2024-1129,custom_agency,2024-06-01,Institutional Complaint,[Central City Police Bureau] Victim reported that their Instagram and email accounts were hijacked via SIM swapping and used to solicit money from friends. Contact officer email: fraud.unit@central citypolice.gov.,[Central City Police Bureau] Victim reported that their Instagram and email accounts were hijacked via SIM swapping and used to solicit money from friends. Contact officer email: fraud.unit@central citypolice.gov.,financial_cyber_fraud,Social Media Account Hijack
PR-GOT-2024-1130,custom_agency,2024-06-01,Institutional Complaint,[Gotham Police Bureau] District online learning management system was subjected to an amplification DDoS attack during final examinations. Contact officer email: fraud.unit@gothampolice.gov.,[Gotham Police Bureau] District online learning management system was subjected to an amplification DDoS attack during final examinations. Contact officer email: <EMAIL>.,denial_of_service_disruption,DDoS Attack on School Portal
PR-RIV-2024-1131,custom_agency,2024-06-01,Institutional Complaint,[Riverdale Police Bureau] District online learning management system was subjected to an amplification DDoS attack during final examinations. Contact officer email: fraud.unit@riverdalepolice.gov.,[Riverdale Police Bureau] District online learning management system was subjected to an amplification DDoS attack during final examinations. Contact officer email: <EMAIL>.,denial_of_service_disruption,DDoS Attack on School Portal
PR-STA-2024-1132,custom_agency,2024-06-01,Institutional Complaint,"[Star City Police Bureau] Complainant discovered that their national ID was used to secure an online personal loan of $12,000 without their knowledge. Contact officer email: fraud.unit@star citypolice.gov.","[Star City Police Bureau] Complainant discovered that their national ID was used to secure an online personal loan of $12,000 without their knowledge. Contact officer email: fraud.unit@star citypolice.gov.",identity_theft_impersonation,Identity Theft / Bank Loan
PR-CEN-2024-1133,custom_agency,2024-06-01,Institutional Complaint,"[Central City Police Bureau] Victim lost $35,000 after being directed by an acquaintance to transfer Ethereum into a fake decentralized wallet app. Contact officer email: fraud.unit@central citypolice.gov.","[Central City Police Bureau] Victim lost $35,000 after being directed by an acquaintance to transfer Ethereum into a fake decentralized wallet app. Contact officer email: fraud.unit@central citypolice.gov.",financial_cyber_fraud,Online Crypto Investment Scam
PR-GOT-2024-1134,custom_agency,2024-06-01,Institutional Complaint,"[Gotham Police Bureau] Financial controller received a spoofed email from the CEO demanding an urgent wire payment of $54,000 to an offshore vendor. Contact officer email: fraud.unit@gothampolice.gov.","[Gotham Police Bureau] Financial controller received a spoofed email from the CEO demanding an urgent wire payment of $54,000 to an offshore vendor. Contact officer email: <EMAIL>.",phishing_social_engineering,Corporate Email Compromise
PR-STA-2024-1135,custom_agency,2024-06-01,Institutional Complaint,"[Star City Police Bureau] Victim lost $35,000 after being directed by an acquaintance to transfer Ethereum into a fake decentralized wallet app. Contact officer email: fraud.unit@star citypolice.gov.","[Star City Police Bureau] Victim lost $35,000 after being directed by an acquaintance to transfer Ethereum into a fake decentralized wallet app. Contact officer email: fraud.unit@star citypolice.gov.",financial_cyber_fraud,Online Crypto Investment Scam
PR-GOT-2024-1136,custom_agency,2024-06-01,Institutional Complaint,"[Gotham Police Bureau] Victim lost $35,000 after being directed by an acquaintance to transfer Ethereum into a fake decentralized wallet app. Contact officer email: fraud.unit@gothampolice.gov.","[Gotham Police Bureau] Victim lost $35,000 after being directed by an acquaintance to transfer Ethereum into a fake decentralized wallet app. Contact officer email: <EMAIL>.",financial_cyber_fraud,Online Crypto Investment Scam
PR-GOT-2024-1137,custom_agency,2024-06-01,Institutional Complaint,"[Gotham Police Bureau] Complainant discovered that their national ID was used to secure an online personal loan of $12,000 without their knowledge. Contact officer email: fraud.unit@gothampolice.gov.","[Gotham Police Bureau] Complainant discovered that their national ID was used to secure an online personal loan of $12,000 without their knowledge. Contact officer email: <EMAIL>.",identity_theft_impersonation,Identity Theft / Bank Loan
PR-STA-2024-1138,custom_agency,2024-06-01,Institutional Complaint,"[Star City Police Bureau] Financial controller received a spoofed email from the CEO demanding an urgent wire payment of $54,000 to an offshore vendor. Contact officer email: fraud.unit@star citypolice.gov.","[Star City Police Bureau] Financial controller received a spoofed email from the CEO demanding an urgent wire payment of $54,000 to an offshore vendor. Contact officer email: fraud.unit@star citypolice.gov.",phishing_social_engineering,Corporate Email Compromise
PR-GOT-2024-1139,custom_agency,2024-06-01,Institutional Complaint,[Gotham Police Bureau] District online learning management system was subjected to an amplification DDoS attack during final examinations. Contact officer email: fraud.unit@gothampolice.gov.,[Gotham Police Bureau] District online learning management system was subjected to an amplification DDoS attack during final examinations. Contact officer email: <EMAIL>.,denial_of_service_disruption,DDoS Attack on School Portal
PR-CEN-2024-1140,custom_agency,2024-06-01,Institutional Complaint,"[Central City Police Bureau] Local dental clinic reported an attack that encrypted all patient history files, demanding 2 Bitcoin in payment. Contact officer email: fraud.unit@central citypolice.gov.","[Central City Police Bureau] Local dental clinic reported an attack that encrypted all patient history files, demanding 2 Bitcoin in payment. Contact officer email: fraud.unit@central citypolice.gov.",ransomware_extortion,Ransomware Hostage
PR-RIV-2024-1141,custom_agency,2024-06-01,Institutional Complaint,[Riverdale Police Bureau] Victim reported that their Instagram and email accounts were hijacked via SIM swapping and used to solicit money from friends. Contact officer email: fraud.unit@riverdalepolice.gov.,[Riverdale Police Bureau] Victim reported that their Instagram and email accounts were hijacked via SIM swapping and used to solicit money from friends. Contact officer email: <EMAIL>.,financial_cyber_fraud,Social Media Account Hijack
PR-RIV-2024-1142,custom_agency,2024-06-01,Institutional Complaint,"[Riverdale Police Bureau] Victim lost $35,000 after being directed by an acquaintance to transfer Ethereum into a fake decentralized wallet app. Contact officer email: fraud.unit@riverdalepolice.gov.","[Riverdale Police Bureau] Victim lost $35,000 after being directed by an acquaintance to transfer Ethereum into a fake decentralized wallet app. Contact officer email: <EMAIL>.",financial_cyber_fraud,Online Crypto Investment Scam
PR-GOT-2024-1143,custom_agency,2024-06-01,Institutional Complaint,"[Gotham Police Bureau] Victim lost $35,000 after being directed by an acquaintance to transfer Ethereum into a fake decentralized wallet app. Contact officer email: fraud.unit@gothampolice.gov.","[Gotham Police Bureau] Victim lost $35,000 after being directed by an acquaintance to transfer Ethereum into a fake decentralized wallet app. Contact officer email: <EMAIL>.",financial_cyber_fraud,Online Crypto Investment Scam
PR-GOT-2024-1144,custom_agency,2024-06-01,Institutional Complaint,[Gotham Police Bureau] District online learning management system was subjected to an amplification DDoS attack during final examinations. Contact officer email: fraud.unit@gothampolice.gov.,[Gotham Police Bureau] District online learning management system was subjected to an amplification DDoS attack during final examinations. Contact officer email: <EMAIL>.,denial_of_service_disruption,DDoS Attack on School Portal
PR-GOT-2024-1145,custom_agency,2024-06-01,Institutional Complaint,"[Gotham Police Bureau] Complainant discovered that their national ID was used to secure an online personal loan of $12,000 without their knowledge. Contact officer email: fraud.unit@gothampolice.gov.","[Gotham Police Bureau] Complainant discovered that their national ID was used to secure an online personal loan of $12,000 without their knowledge. Contact officer email: <EMAIL>.",identity_theft_impersonation,Identity Theft / Bank Loan
PR-CEN-2024-1146,custom_agency,2024-06-01,Institutional Complaint,"[Central City Police Bureau] Local dental clinic reported an attack that encrypted all patient history files, demanding 2 Bitcoin in payment. Contact officer email: fraud.unit@central citypolice.gov.","[Central City Police Bureau] Local dental clinic reported an attack that encrypted all patient history files, demanding 2 Bitcoin in payment. Contact officer email: fraud.unit@central citypolice.gov.",ransomware_extortion,Ransomware Hostage
PR-STA-2024-1147,custom_agency,2024-06-01,Institutional Complaint,"[Star City Police Bureau] Financial controller received a spoofed email from the CEO demanding an urgent wire payment of $54,000 to an offshore vendor. Contact officer email: fraud.unit@star citypolice.gov.","[Star City Police Bureau] Financial controller received a spoofed email from the CEO demanding an urgent wire payment of $54,000 to an offshore vendor. Contact officer email: fraud.unit@star citypolice.gov.",phishing_social_engineering,Corporate Email Compromise
PR-STA-2024-1148,custom_agency,2024-06-01,Institutional Complaint,"[Star City Police Bureau] Complainant discovered that their national ID was used to secure an online personal loan of $12,000 without their knowledge. Contact officer email: fraud.unit@star citypolice.gov.","[Star City Police Bureau] Complainant discovered that their national ID was used to secure an online personal loan of $12,000 without their knowledge. Contact officer email: fraud.unit@star citypolice.gov.",identity_theft_impersonation,Identity Theft / Bank Loan
PR-MET-2024-1149,custom_agency,2024-06-01,Institutional Complaint,"[Metropolis Police Bureau] Local dental clinic reported an attack that encrypted all patient history files, demanding 2 Bitcoin in payment. Contact officer email: fraud.unit@metropolispolice.gov.","[Metropolis Police Bureau] Local dental clinic reported an attack that encrypted all patient history files, demanding 2 Bitcoin in payment. Contact officer email: <EMAIL>.",ransomware_extortion,Ransomware Hostage
PR-STA-2024-1150,custom_agency,2024-06-01,Institutional Complaint,"[Star City Police Bureau] Complainant discovered that their national ID was used to secure an online personal loan of $12,000 without their knowledge. Contact officer email: fraud.unit@star citypolice.gov.","[Star City Police Bureau] Complainant discovered that their national ID was used to secure an online personal loan of $12,000 without their knowledge. Contact officer email: fraud.unit@star citypolice.gov.",identity_theft_impersonation,Identity Theft / Bank Loan
PR-STA-2024-1151,custom_agency,2024-06-01,Institutional Complaint,[Star City Police Bureau] Victim reported that their Instagram and email accounts were hijacked via SIM swapping and used to solicit money from friends. Contact officer email: fraud.unit@star citypolice.gov.,[Star City Police Bureau] Victim reported that their Instagram and email accounts were hijacked via SIM swapping and used to solicit money from friends. Contact officer email: fraud.unit@star citypolice.gov.,financial_cyber_fraud,Social Media Account Hijack
PR-MET-2024-1152,custom_agency,2024-06-01,Institutional Complaint,"[Metropolis Police Bureau] Complainant discovered that their national ID was used to secure an online personal loan of $12,000 without their knowledge. Contact officer email: fraud.unit@metropolispolice.gov.","[Metropolis Police Bureau] Complainant discovered that their national ID was used to secure an online personal loan of $12,000 without their knowledge. Contact officer email: <EMAIL>.",identity_theft_impersonation,Identity Theft / Bank Loan
PR-CEN-2024-1153,custom_agency,2024-06-01,Institutional Complaint,"[Central City Police Bureau] Financial controller received a spoofed email from the CEO demanding an urgent wire payment of $54,000 to an offshore vendor. Contact officer email: fraud.unit@central citypolice.gov.","[Central City Police Bureau] Financial controller received a spoofed email from the CEO demanding an urgent wire payment of $54,000 to an offshore vendor. Contact officer email: fraud.unit@central citypolice.gov.",phishing_social_engineering,Corporate Email Compromise
PR-RIV-2024-1154,custom_agency,2024-06-01,Institutional Complaint,"[Riverdale Police Bureau] Complainant discovered that their national ID was used to secure an online personal loan of $12,000 without their knowledge. Contact officer email: fraud.unit@riverdalepolice.gov.","[Riverdale Police Bureau] Complainant discovered that their national ID was used to secure an online personal loan of $12,000 without their knowledge. Contact officer email: <EMAIL>.",identity_theft_impersonation,Identity Theft / Bank Loan
PR-CEN-2024-1155,custom_agency,2024-06-01,Institutional Complaint,"[Central City Police Bureau] Local dental clinic reported an attack that encrypted all patient history files, demanding 2 Bitcoin in payment. Contact officer email: fraud.unit@central citypolice.gov.","[Central City Police Bureau] Local dental clinic reported an attack that encrypted all patient history files, demanding 2 Bitcoin in payment. Contact officer email: fraud.unit@central citypolice.gov.",ransomware_extortion,Ransomware Hostage
PR-RIV-2024-1156,custom_agency,2024-06-01,Institutional Complaint,"[Riverdale Police Bureau] Financial controller received a spoofed email from the CEO demanding an urgent wire payment of $54,000 to an offshore vendor. Contact officer email: fraud.unit@riverdalepolice.gov.","[Riverdale Police Bureau] Financial controller received a spoofed email from the CEO demanding an urgent wire payment of $54,000 to an offshore vendor. Contact officer email: <EMAIL>.",phishing_social_engineering,Corporate Email Compromise
PR-RIV-2024-1157,custom_agency,2024-06-01,Institutional Complaint,[Riverdale Police Bureau] District online learning management system was subjected to an amplification DDoS attack during final examinations. Contact officer email: fraud.unit@riverdalepolice.gov.,[Riverdale Police Bureau] District online learning management system was subjected to an amplification DDoS attack during final examinations. Contact officer email: <EMAIL>.,denial_of_service_disruption,DDoS Attack on School Portal
PR-STA-2024-1158,custom_agency,2024-06-01,Institutional Complaint,"[Star City Police Bureau] Local dental clinic reported an attack that encrypted all patient history files, demanding 2 Bitcoin in payment. Contact officer email: fraud.unit@star citypolice.gov.","[Star City Police Bureau] Local dental clinic reported an attack that encrypted all patient history files, demanding 2 Bitcoin in payment. Contact officer email: fraud.unit@star citypolice.gov.",ransomware_extortion,Ransomware Hostage
PR-GOT-2024-1159,custom_agency,2024-06-01,Institutional Complaint,"[Gotham Police Bureau] Financial controller received a spoofed email from the CEO demanding an urgent wire payment of $54,000 to an offshore vendor. Contact officer email: fraud.unit@gothampolice.gov.","[Gotham Police Bureau] Financial controller received a spoofed email from the CEO demanding an urgent wire payment of $54,000 to an offshore vendor. Contact officer email: <EMAIL>.",phishing_social_engineering,Corporate Email Compromise
PR-MET-2024-1160,custom_agency,2024-06-01,Institutional Complaint,[Metropolis Police Bureau] District online learning management system was subjected to an amplification DDoS attack during final examinations. Contact officer email: fraud.unit@metropolispolice.gov.,[Metropolis Police Bureau] District online learning management system was subjected to an amplification DDoS attack during final examinations. Contact officer email: <EMAIL>.,denial_of_service_disruption,DDoS Attack on School Portal
PR-STA-2024-1161,custom_agency,2024-06-01,Institutional Complaint,[Star City Police Bureau] Victim reported that their Instagram and email accounts were hijacked via SIM swapping and used to solicit money from friends. Contact officer email: fraud.unit@star citypolice.gov.,[Star City Police Bureau] Victim reported that their Instagram and email accounts were hijacked via SIM swapping and used to solicit money from friends. Contact officer email: fraud.unit@star citypolice.gov.,financial_cyber_fraud,Social Media Account Hijack
PR-GOT-2024-1162,custom_agency,2024-06-01,Institutional Complaint,[Gotham Police Bureau] Victim reported that their Instagram and email accounts were hijacked via SIM swapping and used to solicit money from friends. Contact officer email: fraud.unit@gothampolice.gov.,[Gotham Police Bureau] Victim reported that their Instagram and email accounts were hijacked via SIM swapping and used to solicit money from friends. Contact officer email: <EMAIL>.,financial_cyber_fraud,Social Media Account Hijack
PR-GOT-2024-1163,custom_agency,2024-06-01,Institutional Complaint,"[Gotham Police Bureau] Victim lost $35,000 after being directed by an acquaintance to transfer Ethereum into a fake decentralized wallet app. Contact officer email: fraud.unit@gothampolice.gov.","[Gotham Police Bureau] Victim lost $35,000 after being directed by an acquaintance to transfer Ethereum into a fake decentralized wallet app. Contact officer email: <EMAIL>.",financial_cyber_fraud,Online Crypto Investment Scam
PR-MET-2024-1164,custom_agency,2024-06-01,Institutional Complaint,"[Metropolis Police Bureau] Victim lost $35,000 after being directed by an acquaintance to transfer Ethereum into a fake decentralized wallet app. Contact officer email: fraud.unit@metropolispolice.gov.","[Metropolis Police Bureau] Victim lost $35,000 after being directed by an acquaintance to transfer Ethereum into a fake decentralized wallet app. Contact officer email: <EMAIL>.",financial_cyber_fraud,Online Crypto Investment Scam
PR-GOT-2024-1165,custom_agency,2024-06-01,Institutional Complaint,"[Gotham Police Bureau] Victim lost $35,000 after being directed by an acquaintance to transfer Ethereum into a fake decentralized wallet app. Contact officer email: fraud.unit@gothampolice.gov.","[Gotham Police Bureau] Victim lost $35,000 after being directed by an acquaintance to transfer Ethereum into a fake decentralized wallet app. Contact officer email: <EMAIL>.",financial_cyber_fraud,Online Crypto Investment Scam
PR-STA-2024-1166,custom_agency,2024-06-01,Institutional Complaint,"[Star City Police Bureau] Victim lost $35,000 after being directed by an acquaintance to transfer Ethereum into a fake decentralized wallet app. Contact officer email: fraud.unit@star citypolice.gov.","[Star City Police Bureau] Victim lost $35,000 after being directed by an acquaintance to transfer Ethereum into a fake decentralized wallet app. Contact officer email: fraud.unit@star citypolice.gov.",financial_cyber_fraud,Online Crypto Investment Scam
PR-CEN-2024-1167,custom_agency,2024-06-01,Institutional Complaint,"[Central City Police Bureau] Financial controller received a spoofed email from the CEO demanding an urgent wire payment of $54,000 to an offshore vendor. Contact officer email: fraud.unit@central citypolice.gov.","[Central City Police Bureau] Financial controller received a spoofed email from the CEO demanding an urgent wire payment of $54,000 to an offshore vendor. Contact officer email: fraud.unit@central citypolice.gov.",phishing_social_engineering,Corporate Email Compromise
PR-CEN-2024-1168,custom_agency,2024-06-01,Institutional Complaint,"[Central City Police Bureau] Victim lost $35,000 after being directed by an acquaintance to transfer Ethereum into a fake decentralized wallet app. Contact officer email: fraud.unit@central citypolice.gov.","[Central City Police Bureau] Victim lost $35,000 after being directed by an acquaintance to transfer Ethereum into a fake decentralized wallet app. Contact officer email: fraud.unit@central citypolice.gov.",financial_cyber_fraud,Online Crypto Investment Scam
PR-MET-2024-1169,custom_agency,2024-06-01,Institutional Complaint,"[Metropolis Police Bureau] Complainant discovered that their national ID was used to secure an online personal loan of $12,000 without their knowledge. Contact officer email: fraud.unit@metropolispolice.gov.","[Metropolis Police Bureau] Complainant discovered that their national ID was used to secure an online personal loan of $12,000 without their knowledge. Contact officer email: <EMAIL>.",identity_theft_impersonation,Identity Theft / Bank Loan
PR-GOT-2024-1170,custom_agency,2024-06-01,Institutional Complaint,"[Gotham Police Bureau] Complainant discovered that their national ID was used to secure an online personal loan of $12,000 without their knowledge. Contact officer email: fraud.unit@gothampolice.gov.","[Gotham Police Bureau] Complainant discovered that their national ID was used to secure an online personal loan of $12,000 without their knowledge. Contact officer email: <EMAIL>.",identity_theft_impersonation,Identity Theft / Bank Loan
PR-CEN-2024-1171,custom_agency,2024-06-01,Institutional Complaint,[Central City Police Bureau] Victim reported that their Instagram and email accounts were hijacked via SIM swapping and used to solicit money from friends. Contact officer email: fraud.unit@central citypolice.gov.,[Central City Police Bureau] Victim reported that their Instagram and email accounts were hijacked via SIM swapping and used to solicit money from friends. Contact officer email: fraud.unit@central citypolice.gov.,financial_cyber_fraud,Social Media Account Hijack
PR-MET-2024-1172,custom_agency,2024-06-01,Institutional Complaint,"[Metropolis Police Bureau] Local dental clinic reported an attack that encrypted all patient history files, demanding 2 Bitcoin in payment. Contact officer email: fraud.unit@metropolispolice.gov.","[Metropolis Police Bureau] Local dental clinic reported an attack that encrypted all patient history files, demanding 2 Bitcoin in payment. Contact officer email: <EMAIL>.",ransomware_extortion,Ransomware Hostage
PR-STA-2024-1173,custom_agency,2024-06-01,Institutional Complaint,"[Star City Police Bureau] Local dental clinic reported an attack that encrypted all patient history files, demanding 2 Bitcoin in payment. Contact officer email: fraud.unit@star citypolice.gov.","[Star City Police Bureau] Local dental clinic reported an attack that encrypted all patient history files, demanding 2 Bitcoin in payment. Contact officer email: fraud.unit@star citypolice.gov.",ransomware_extortion,Ransomware Hostage
PR-STA-2024-1174,custom_agency,2024-06-01,Institutional Complaint,"[Star City Police Bureau] Complainant discovered that their national ID was used to secure an online personal loan of $12,000 without their knowledge. Contact officer email: fraud.unit@star citypolice.gov.","[Star City Police Bureau] Complainant discovered that their national ID was used to secure an online personal loan of $12,000 without their knowledge. Contact officer email: fraud.unit@star citypolice.gov.",identity_theft_impersonation,Identity Theft / Bank Loan
PR-GOT-2024-1175,custom_agency,2024-06-01,Institutional Complaint,"[Gotham Police Bureau] Financial controller received a spoofed email from the CEO demanding an urgent wire payment of $54,000 to an offshore vendor. Contact officer email: fraud.unit@gothampolice.gov.","[Gotham Police Bureau] Financial controller received a spoofed email from the CEO demanding an urgent wire payment of $54,000 to an offshore vendor. Contact officer email: <EMAIL>.",phishing_social_engineering,Corporate Email Compromise
PR-GOT-2024-1176,custom_agency,2024-06-01,Institutional Complaint,[Gotham Police Bureau] Victim reported that their Instagram and email accounts were hijacked via SIM swapping and used to solicit money from friends. Contact officer email: fraud.unit@gothampolice.gov.,[Gotham Police Bureau] Victim reported that their Instagram and email accounts were hijacked via SIM swapping and used to solicit money from friends. Contact officer email: <EMAIL>.,financial_cyber_fraud,Social Media Account Hijack
PR-CEN-2024-1177,custom_agency,2024-06-01,Institutional Complaint,[Central City Police Bureau] Victim reported that their Instagram and email accounts were hijacked via SIM swapping and used to solicit money from friends. Contact officer email: fraud.unit@central citypolice.gov.,[Central City Police Bureau] Victim reported that their Instagram and email accounts were hijacked via SIM swapping and used to solicit money from friends. Contact officer email: fraud.unit@central citypolice.gov.,financial_cyber_fraud,Social Media Account Hijack
PR-CEN-2024-1178,custom_agency,2024-06-01,Institutional Complaint,[Central City Police Bureau] Victim reported that their Instagram and email accounts were hijacked via SIM swapping and used to solicit money from friends. Contact officer email: fraud.unit@central citypolice.gov.,[Central City Police Bureau] Victim reported that their Instagram and email accounts were hijacked via SIM swapping and used to solicit money from friends. Contact officer email: fraud.unit@central citypolice.gov.,financial_cyber_fraud,Social Media Account Hijack
PR-STA-2024-1179,custom_agency,2024-06-01,Institutional Complaint,[Star City Police Bureau] Victim reported that their Instagram and email accounts were hijacked via SIM swapping and used to solicit money from friends. Contact officer email: fraud.unit@star citypolice.gov.,[Star City Police Bureau] Victim reported that their Instagram and email accounts were hijacked via SIM swapping and used to solicit money from friends. Contact officer email: fraud.unit@star citypolice.gov.,financial_cyber_fraud,Social Media Account Hijack
PR-GOT-2024-1180,custom_agency,2024-06-01,Institutional Complaint,"[Gotham Police Bureau] Victim lost $35,000 after being directed by an acquaintance to transfer Ethereum into a fake decentralized wallet app. Contact officer email: fraud.unit@gothampolice.gov.","[Gotham Police Bureau] Victim lost $35,000 after being directed by an acquaintance to transfer Ethereum into a fake decentralized wallet app. Contact officer email: <EMAIL>.",financial_cyber_fraud,Online Crypto Investment Scam
PR-MET-2024-1181,custom_agency,2024-06-01,Institutional Complaint,"[Metropolis Police Bureau] Financial controller received a spoofed email from the CEO demanding an urgent wire payment of $54,000 to an offshore vendor. Contact officer email: fraud.unit@metropolispolice.gov.","[Metropolis Police Bureau] Financial controller received a spoofed email from the CEO demanding an urgent wire payment of $54,000 to an offshore vendor. Contact officer email: <EMAIL>.",phishing_social_engineering,Corporate Email Compromise
PR-RIV-2024-1182,custom_agency,2024-06-01,Institutional Complaint,"[Riverdale Police Bureau] Local dental clinic reported an attack that encrypted all patient history files, demanding 2 Bitcoin in payment. Contact officer email: fraud.unit@riverdalepolice.gov.","[Riverdale Police Bureau] Local dental clinic reported an attack that encrypted all patient history files, demanding 2 Bitcoin in payment. Contact officer email: <EMAIL>.",ransomware_extortion,Ransomware Hostage
PR-RIV-2024-1183,custom_agency,2024-06-01,Institutional Complaint,[Riverdale Police Bureau] District online learning management system was subjected to an amplification DDoS attack during final examinations. Contact officer email: fraud.unit@riverdalepolice.gov.,[Riverdale Police Bureau] District online learning management system was subjected to an amplification DDoS attack during final examinations. Contact officer email: <EMAIL>.,denial_of_service_disruption,DDoS Attack on School Portal
PR-MET-2024-1184,custom_agency,2024-06-01,Institutional Complaint,"[Metropolis Police Bureau] Victim lost $35,000 after being directed by an acquaintance to transfer Ethereum into a fake decentralized wallet app. Contact officer email: fraud.unit@metropolispolice.gov.","[Metropolis Police Bureau] Victim lost $35,000 after being directed by an acquaintance to transfer Ethereum into a fake decentralized wallet app. Contact officer email: <EMAIL>.",financial_cyber_fraud,Online Crypto Investment Scam
PR-GOT-2024-1185,custom_agency,2024-06-01,Institutional Complaint,"[Gotham Police Bureau] Victim lost $35,000 after being directed by an acquaintance to transfer Ethereum into a fake decentralized wallet app. Contact officer email: fraud.unit@gothampolice.gov.","[Gotham Police Bureau] Victim lost $35,000 after being directed by an acquaintance to transfer Ethereum into a fake decentralized wallet app. Contact officer email: <EMAIL>.",financial_cyber_fraud,Online Crypto Investment Scam
PR-CEN-2024-1186,custom_agency,2024-06-01,Institutional Complaint,[Central City Police Bureau] District online learning management system was subjected to an amplification DDoS attack during final examinations. Contact officer email: fraud.unit@central citypolice.gov.,[Central City Police Bureau] District online learning management system was subjected to an amplification DDoS attack during final examinations. Contact officer email: fraud.unit@central citypolice.gov.,denial_of_service_disruption,DDoS Attack on School Portal
PR-CEN-2024-1187,custom_agency,2024-06-01,Institutional Complaint,"[Central City Police Bureau] Complainant discovered that their national ID was used to secure an online personal loan of $12,000 without their knowledge. Contact officer email: fraud.unit@central citypolice.gov.","[Central City Police Bureau] Complainant discovered that their national ID was used to secure an online personal loan of $12,000 without their knowledge. Contact officer email: fraud.unit@central citypolice.gov.",identity_theft_impersonation,Identity Theft / Bank Loan
PR-RIV-2024-1188,custom_agency,2024-06-01,Institutional Complaint,"[Riverdale Police Bureau] Victim lost $35,000 after being directed by an acquaintance to transfer Ethereum into a fake decentralized wallet app. Contact officer email: fraud.unit@riverdalepolice.gov.","[Riverdale Police Bureau] Victim lost $35,000 after being directed by an acquaintance to transfer Ethereum into a fake decentralized wallet app. Contact officer email: <EMAIL>.",financial_cyber_fraud,Online Crypto Investment Scam
PR-CEN-2024-1189,custom_agency,2024-06-01,Institutional Complaint,"[Central City Police Bureau] Local dental clinic reported an attack that encrypted all patient history files, demanding 2 Bitcoin in payment. Contact officer email: fraud.unit@central citypolice.gov.","[Central City Police Bureau] Local dental clinic reported an attack that encrypted all patient history files, demanding 2 Bitcoin in payment. Contact officer email: fraud.unit@central citypolice.gov.",ransomware_extortion,Ransomware Hostage
PR-STA-2024-1190,custom_agency,2024-06-01,Institutional Complaint,"[Star City Police Bureau] Local dental clinic reported an attack that encrypted all patient history files, demanding 2 Bitcoin in payment. Contact officer email: fraud.unit@star citypolice.gov.","[Star City Police Bureau] Local dental clinic reported an attack that encrypted all patient history files, demanding 2 Bitcoin in payment. Contact officer email: fraud.unit@star citypolice.gov.",ransomware_extortion,Ransomware Hostage
PR-CEN-2024-1191,custom_agency,2024-06-01,Institutional Complaint,"[Central City Police Bureau] Victim lost $35,000 after being directed by an acquaintance to transfer Ethereum into a fake decentralized wallet app. Contact officer email: fraud.unit@central citypolice.gov.","[Central City Police Bureau] Victim lost $35,000 after being directed by an acquaintance to transfer Ethereum into a fake decentralized wallet app. Contact officer email: fraud.unit@central citypolice.gov.",financial_cyber_fraud,Online Crypto Investment Scam
PR-MET-2024-1192,custom_agency,2024-06-01,Institutional Complaint,[Metropolis Police Bureau] District online learning management system was subjected to an amplification DDoS attack during final examinations. Contact officer email: fraud.unit@metropolispolice.gov.,[Metropolis Police Bureau] District online learning management system was subjected to an amplification DDoS attack during final examinations. Contact officer email: <EMAIL>.,denial_of_service_disruption,DDoS Attack on School Portal
PR-GOT-2024-1193,custom_agency,2024-06-01,Institutional Complaint,[Gotham Police Bureau] District online learning management system was subjected to an amplification DDoS attack during final examinations. Contact officer email: fraud.unit@gothampolice.gov.,[Gotham Police Bureau] District online learning management system was subjected to an amplification DDoS attack during final examinations. Contact officer email: <EMAIL>.,denial_of_service_disruption,DDoS Attack on School Portal
PR-CEN-2024-1194,custom_agency,2024-06-01,Institutional Complaint,"[Central City Police Bureau] Local dental clinic reported an attack that encrypted all patient history files, demanding 2 Bitcoin in payment. Contact officer email: fraud.unit@central citypolice.gov.","[Central City Police Bureau] Local dental clinic reported an attack that encrypted all patient history files, demanding 2 Bitcoin in payment. Contact officer email: fraud.unit@central citypolice.gov.",ransomware_extortion,Ransomware Hostage
PR-RIV-2024-1195,custom_agency,2024-06-01,Institutional Complaint,[Riverdale Police Bureau] District online learning management system was subjected to an amplification DDoS attack during final examinations. Contact officer email: fraud.unit@riverdalepolice.gov.,[Riverdale Police Bureau] District online learning management system was subjected to an amplification DDoS attack during final examinations. Contact officer email: <EMAIL>.,denial_of_service_disruption,DDoS Attack on School Portal
PR-RIV-2024-1196,custom_agency,2024-06-01,Institutional Complaint,"[Riverdale Police Bureau] Victim lost $35,000 after being directed by an acquaintance to transfer Ethereum into a fake decentralized wallet app. Contact officer email: fraud.unit@riverdalepolice.gov.","[Riverdale Police Bureau] Victim lost $35,000 after being directed by an acquaintance to transfer Ethereum into a fake decentralized wallet app. Contact officer email: <EMAIL>.",financial_cyber_fraud,Online Crypto Investment Scam
PR-RIV-2024-1197,custom_agency,2024-06-01,Institutional Complaint,"[Riverdale Police Bureau] Complainant discovered that their national ID was used to secure an online personal loan of $12,000 without their knowledge. Contact officer email: fraud.unit@riverdalepolice.gov.","[Riverdale Police Bureau] Complainant discovered that their national ID was used to secure an online personal loan of $12,000 without their knowledge. Contact officer email: <EMAIL>.",identity_theft_impersonation,Identity Theft / Bank Loan
PR-STA-2024-1198,custom_agency,2024-06-01,Institutional Complaint,"[Star City Police Bureau] Local dental clinic reported an attack that encrypted all patient history files, demanding 2 Bitcoin in payment. Contact officer email: fraud.unit@star citypolice.gov.","[Star City Police Bureau] Local dental clinic reported an attack that encrypted all patient history files, demanding 2 Bitcoin in payment. Contact officer email: fraud.unit@star citypolice.gov.",ransomware_extortion,Ransomware Hostage
PR-MET-2024-1199,custom_agency,2024-06-01,Institutional Complaint,"[Metropolis Police Bureau] Victim lost $35,000 after being directed by an acquaintance to transfer Ethereum into a fake decentralized wallet app. Contact officer email: fraud.unit@metropolispolice.gov.","[Metropolis Police Bureau] Victim lost $35,000 after being directed by an acquaintance to transfer Ethereum into a fake decentralized wallet app. Contact officer email: <EMAIL>.",financial_cyber_fraud,Online Crypto Investment Scam
PR-GOT-2024-1200,custom_agency,2024-06-01,Institutional Complaint,"[Gotham Police Bureau] Local dental clinic reported an attack that encrypted all patient history files, demanding 2 Bitcoin in payment. Contact officer email: fraud.unit@gothampolice.gov.","[Gotham Police Bureau] Local dental clinic reported an attack that encrypted all patient history files, demanding 2 Bitcoin in payment. Contact officer email: <EMAIL>.",ransomware_extortion,Ransomware Hostage
PR-CEN-2024-1201,custom_agency,2024-06-01,Institutional Complaint,"[Central City Police Bureau] Local dental clinic reported an attack that encrypted all patient history files, demanding 2 Bitcoin in payment. Contact officer email: fraud.unit@central citypolice.gov.","[Central City Police Bureau] Local dental clinic reported an attack that encrypted all patient history files, demanding 2 Bitcoin in payment. Contact officer email: fraud.unit@central citypolice.gov.",ransomware_extortion,Ransomware Hostage
PR-MET-2024-1202,custom_agency,2024-06-01,Institutional Complaint,[Metropolis Police Bureau] District online learning management system was subjected to an amplification DDoS attack during final examinations. Contact officer email: fraud.unit@metropolispolice.gov.,[Metropolis Police Bureau] District online learning management system was subjected to an amplification DDoS attack during final examinations. Contact officer email: <EMAIL>.,denial_of_service_disruption,DDoS Attack on School Portal
PR-STA-2024-1203,custom_agency,2024-06-01,Institutional Complaint,"[Star City Police Bureau] Complainant discovered that their national ID was used to secure an online personal loan of $12,000 without their knowledge. Contact officer email: fraud.unit@star citypolice.gov.","[Star City Police Bureau] Complainant discovered that their national ID was used to secure an online personal loan of $12,000 without their knowledge. Contact officer email: fraud.unit@star citypolice.gov.",identity_theft_impersonation,Identity Theft / Bank Loan
PR-MET-2024-1204,custom_agency,2024-06-01,Institutional Complaint,"[Metropolis Police Bureau] Local dental clinic reported an attack that encrypted all patient history files, demanding 2 Bitcoin in payment. Contact officer email: fraud.unit@metropolispolice.gov.","[Metropolis Police Bureau] Local dental clinic reported an attack that encrypted all patient history files, demanding 2 Bitcoin in payment. Contact officer email: <EMAIL>.",ransomware_extortion,Ransomware Hostage
PR-STA-2024-1205,custom_agency,2024-06-01,Institutional Complaint,[Star City Police Bureau] Victim reported that their Instagram and email accounts were hijacked via SIM swapping and used to solicit money from friends. Contact officer email: fraud.unit@star citypolice.gov.,[Star City Police Bureau] Victim reported that their Instagram and email accounts were hijacked via SIM swapping and used to solicit money from friends. Contact officer email: fraud.unit@star citypolice.gov.,financial_cyber_fraud,Social Media Account Hijack
PR-CEN-2024-1206,custom_agency,2024-06-01,Institutional Complaint,[Central City Police Bureau] District online learning management system was subjected to an amplification DDoS attack during final examinations. Contact officer email: fraud.unit@central citypolice.gov.,[Central City Police Bureau] District online learning management system was subjected to an amplification DDoS attack during final examinations. Contact officer email: fraud.unit@central citypolice.gov.,denial_of_service_disruption,DDoS Attack on School Portal
PR-MET-2024-1207,custom_agency,2024-06-01,Institutional Complaint,[Metropolis Police Bureau] District online learning management system was subjected to an amplification DDoS attack during final examinations. Contact officer email: fraud.unit@metropolispolice.gov.,[Metropolis Police Bureau] District online learning management system was subjected to an amplification DDoS attack during final examinations. Contact officer email: <EMAIL>.,denial_of_service_disruption,DDoS Attack on School Portal
PR-RIV-2024-1208,custom_agency,2024-06-01,Institutional Complaint,[Riverdale Police Bureau] District online learning management system was subjected to an amplification DDoS attack during final examinations. Contact officer email: fraud.unit@riverdalepolice.gov.,[Riverdale Police Bureau] District online learning management system was subjected to an amplification DDoS attack during final examinations. Contact officer email: <EMAIL>.,denial_of_service_disruption,DDoS Attack on School Portal
PR-CEN-2024-1209,custom_agency,2024-06-01,Institutional Complaint,[Central City Police Bureau] District online learning management system was subjected to an amplification DDoS attack during final examinations. Contact officer email: fraud.unit@central citypolice.gov.,[Central City Police Bureau] District online learning management system was subjected to an amplification DDoS attack during final examinations. Contact officer email: fraud.unit@central citypolice.gov.,denial_of_service_disruption,DDoS Attack on School Portal
PR-MET-2024-1210,custom_agency,2024-06-01,Institutional Complaint,"[Metropolis Police Bureau] Victim lost $35,000 after being directed by an acquaintance to transfer Ethereum into a fake decentralized wallet app. Contact officer email: fraud.unit@metropolispolice.gov.","[Metropolis Police Bureau] Victim lost $35,000 after being directed by an acquaintance to transfer Ethereum into a fake decentralized wallet app. Contact officer email: <EMAIL>.",financial_cyber_fraud,Online Crypto Investment Scam
PR-MET-2024-1211,custom_agency,2024-06-01,Institutional Complaint,"[Metropolis Police Bureau] Financial controller received a spoofed email from the CEO demanding an urgent wire payment of $54,000 to an offshore vendor. Contact officer email: fraud.unit@metropolispolice.gov.","[Metropolis Police Bureau] Financial controller received a spoofed email from the CEO demanding an urgent wire payment of $54,000 to an offshore vendor. Contact officer email: <EMAIL>.",phishing_social_engineering,Corporate Email Compromise
PR-CEN-2024-1212,custom_agency,2024-06-01,Institutional Complaint,"[Central City Police Bureau] Financial controller received a spoofed email from the CEO demanding an urgent wire payment of $54,000 to an offshore vendor. Contact officer email: fraud.unit@central citypolice.gov.","[Central City Police Bureau] Financial controller received a spoofed email from the CEO demanding an urgent wire payment of $54,000 to an offshore vendor. Contact officer email: fraud.unit@central citypolice.gov.",phishing_social_engineering,Corporate Email Compromise
PR-CEN-2024-1213,custom_agency,2024-06-01,Institutional Complaint,[Central City Police Bureau] Victim reported that their Instagram and email accounts were hijacked via SIM swapping and used to solicit money from friends. Contact officer email: fraud.unit@central citypolice.gov.,[Central City Police Bureau] Victim reported that their Instagram and email accounts were hijacked via SIM swapping and used to solicit money from friends. Contact officer email: fraud.unit@central citypolice.gov.,financial_cyber_fraud,Social Media Account Hijack
PR-GOT-2024-1214,custom_agency,2024-06-01,Institutional Complaint,"[Gotham Police Bureau] Local dental clinic reported an attack that encrypted all patient history files, demanding 2 Bitcoin in payment. Contact officer email: fraud.unit@gothampolice.gov.","[Gotham Police Bureau] Local dental clinic reported an attack that encrypted all patient history files, demanding 2 Bitcoin in payment. Contact officer email: <EMAIL>.",ransomware_extortion,Ransomware Hostage
PR-RIV-2024-1215,custom_agency,2024-06-01,Institutional Complaint,[Riverdale Police Bureau] Victim reported that their Instagram and email accounts were hijacked via SIM swapping and used to solicit money from friends. Contact officer email: fraud.unit@riverdalepolice.gov.,[Riverdale Police Bureau] Victim reported that their Instagram and email accounts were hijacked via SIM swapping and used to solicit money from friends. Contact officer email: <EMAIL>.,financial_cyber_fraud,Social Media Account Hijack
PR-CEN-2024-1216,custom_agency,2024-06-01,Institutional Complaint,"[Central City Police Bureau] Financial controller received a spoofed email from the CEO demanding an urgent wire payment of $54,000 to an offshore vendor. Contact officer email: fraud.unit@central citypolice.gov.","[Central City Police Bureau] Financial controller received a spoofed email from the CEO demanding an urgent wire payment of $54,000 to an offshore vendor. Contact officer email: fraud.unit@central citypolice.gov.",phishing_social_engineering,Corporate Email Compromise
PR-GOT-2024-1217,custom_agency,2024-06-01,Institutional Complaint,[Gotham Police Bureau] District online learning management system was subjected to an amplification DDoS attack during final examinations. Contact officer email: fraud.unit@gothampolice.gov.,[Gotham Police Bureau] District online learning management system was subjected to an amplification DDoS attack during final examinations. Contact officer email: <EMAIL>.,denial_of_service_disruption,DDoS Attack on School Portal
PR-GOT-2024-1218,custom_agency,2024-06-01,Institutional Complaint,[Gotham Police Bureau] Victim reported that their Instagram and email accounts were hijacked via SIM swapping and used to solicit money from friends. Contact officer email: fraud.unit@gothampolice.gov.,[Gotham Police Bureau] Victim reported that their Instagram and email accounts were hijacked via SIM swapping and used to solicit money from friends. Contact officer email: <EMAIL>.,financial_cyber_fraud,Social Media Account Hijack
PR-GOT-2024-1219,custom_agency,2024-06-01,Institutional Complaint,"[Gotham Police Bureau] Local dental clinic reported an attack that encrypted all patient history files, demanding 2 Bitcoin in payment. Contact officer email: fraud.unit@gothampolice.gov.","[Gotham Police Bureau] Local dental clinic reported an attack that encrypted all patient history files, demanding 2 Bitcoin in payment. Contact officer email: <EMAIL>.",ransomware_extortion,Ransomware Hostage
PR-RIV-2024-1220,custom_agency,2024-06-01,Institutional Complaint,"[Riverdale Police Bureau] Complainant discovered that their national ID was used to secure an online personal loan of $12,000 without their knowledge. Contact officer email: fraud.unit@riverdalepolice.gov.","[Riverdale Police Bureau] Complainant discovered that their national ID was used to secure an online personal loan of $12,000 without their knowledge. Contact officer email: <EMAIL>.",identity_theft_impersonation,Identity Theft / Bank Loan
PR-RIV-2024-1221,custom_agency,2024-06-01,Institutional Complaint,"[Riverdale Police Bureau] Financial controller received a spoofed email from the CEO demanding an urgent wire payment of $54,000 to an offshore vendor. Contact officer email: fraud.unit@riverdalepolice.gov.","[Riverdale Police Bureau] Financial controller received a spoofed email from the CEO demanding an urgent wire payment of $54,000 to an offshore vendor. Contact officer email: <EMAIL>.",phishing_social_engineering,Corporate Email Compromise
PR-CEN-2024-1222,custom_agency,2024-06-01,Institutional Complaint,[Central City Police Bureau] District online learning management system was subjected to an amplification DDoS attack during final examinations. Contact officer email: fraud.unit@central citypolice.gov.,[Central City Police Bureau] District online learning management system was subjected to an amplification DDoS attack during final examinations. Contact officer email: fraud.unit@central citypolice.gov.,denial_of_service_disruption,DDoS Attack on School Portal
PR-MET-2024-1223,custom_agency,2024-06-01,Institutional Complaint,"[Metropolis Police Bureau] Financial controller received a spoofed email from the CEO demanding an urgent wire payment of $54,000 to an offshore vendor. Contact officer email: fraud.unit@metropolispolice.gov.","[Metropolis Police Bureau] Financial controller received a spoofed email from the CEO demanding an urgent wire payment of $54,000 to an offshore vendor. Contact officer email: <EMAIL>.",phishing_social_engineering,Corporate Email Compromise
PR-CEN-2024-1224,custom_agency,2024-06-01,Institutional Complaint,[Central City Police Bureau] Victim reported that their Instagram and email accounts were hijacked via SIM swapping and used to solicit money from friends. Contact officer email: fraud.unit@central citypolice.gov.,[Central City Police Bureau] Victim reported that their Instagram and email accounts were hijacked via SIM swapping and used to solicit money from friends. Contact officer email: fraud.unit@central citypolice.gov.,financial_cyber_fraud,Social Media Account Hijack
PR-STA-2024-1225,custom_agency,2024-06-01,Institutional Complaint,"[Star City Police Bureau] Financial controller received a spoofed email from the CEO demanding an urgent wire payment of $54,000 to an offshore vendor. Contact officer email: fraud.unit@star citypolice.gov.","[Star City Police Bureau] Financial controller received a spoofed email from the CEO demanding an urgent wire payment of $54,000 to an offshore vendor. Contact officer email: fraud.unit@star citypolice.gov.",phishing_social_engineering,Corporate Email Compromise
PR-GOT-2024-1226,custom_agency,2024-06-01,Institutional Complaint,[Gotham Police Bureau] Victim reported that their Instagram and email accounts were hijacked via SIM swapping and used to solicit money from friends. Contact officer email: fraud.unit@gothampolice.gov.,[Gotham Police Bureau] Victim reported that their Instagram and email accounts were hijacked via SIM swapping and used to solicit money from friends. Contact officer email: <EMAIL>.,financial_cyber_fraud,Social Media Account Hijack
PR-GOT-2024-1227,custom_agency,2024-06-01,Institutional Complaint,"[Gotham Police Bureau] Local dental clinic reported an attack that encrypted all patient history files, demanding 2 Bitcoin in payment. Contact officer email: fraud.unit@gothampolice.gov.","[Gotham Police Bureau] Local dental clinic reported an attack that encrypted all patient history files, demanding 2 Bitcoin in payment. Contact officer email: <EMAIL>.",ransomware_extortion,Ransomware Hostage
PR-MET-2024-1228,custom_agency,2024-06-01,Institutional Complaint,"[Metropolis Police Bureau] Complainant discovered that their national ID was used to secure an online personal loan of $12,000 without their knowledge. Contact officer email: fraud.unit@metropolispolice.gov.","[Metropolis Police Bureau] Complainant discovered that their national ID was used to secure an online personal loan of $12,000 without their knowledge. Contact officer email: <EMAIL>.",identity_theft_impersonation,Identity Theft / Bank Loan
PR-GOT-2024-1229,custom_agency,2024-06-01,Institutional Complaint,[Gotham Police Bureau] Victim reported that their Instagram and email accounts were hijacked via SIM swapping and used to solicit money from friends. Contact officer email: fraud.unit@gothampolice.gov.,[Gotham Police Bureau] Victim reported that their Instagram and email accounts were hijacked via SIM swapping and used to solicit money from friends. Contact officer email: <EMAIL>.,financial_cyber_fraud,Social Media Account Hijack
PR-GOT-2024-1230,custom_agency,2024-06-01,Institutional Complaint,"[Gotham Police Bureau] Victim lost $35,000 after being directed by an acquaintance to transfer Ethereum into a fake decentralized wallet app. Contact officer email: fraud.unit@gothampolice.gov.","[Gotham Police Bureau] Victim lost $35,000 after being directed by an acquaintance to transfer Ethereum into a fake decentralized wallet app. Contact officer email: <EMAIL>.",financial_cyber_fraud,Online Crypto Investment Scam
PR-MET-2024-1231,custom_agency,2024-06-01,Institutional Complaint,[Metropolis Police Bureau] District online learning management system was subjected to an amplification DDoS attack during final examinations. Contact officer email: fraud.unit@metropolispolice.gov.,[Metropolis Police Bureau] District online learning management system was subjected to an amplification DDoS attack during final examinations. Contact officer email: <EMAIL>.,denial_of_service_disruption,DDoS Attack on School Portal
PR-CEN-2024-1232,custom_agency,2024-06-01,Institutional Complaint,[Central City Police Bureau] Victim reported that their Instagram and email accounts were hijacked via SIM swapping and used to solicit money from friends. Contact officer email: fraud.unit@central citypolice.gov.,[Central City Police Bureau] Victim reported that their Instagram and email accounts were hijacked via SIM swapping and used to solicit money from friends. Contact officer email: fraud.unit@central citypolice.gov.,financial_cyber_fraud,Social Media Account Hijack
PR-RIV-2024-1233,custom_agency,2024-06-01,Institutional Complaint,"[Riverdale Police Bureau] Local dental clinic reported an attack that encrypted all patient history files, demanding 2 Bitcoin in payment. Contact officer email: fraud.unit@riverdalepolice.gov.","[Riverdale Police Bureau] Local dental clinic reported an attack that encrypted all patient history files, demanding 2 Bitcoin in payment. Contact officer email: <EMAIL>.",ransomware_extortion,Ransomware Hostage
PR-MET-2024-1234,custom_agency,2024-06-01,Institutional Complaint,"[Metropolis Police Bureau] Financial controller received a spoofed email from the CEO demanding an urgent wire payment of $54,000 to an offshore vendor. Contact officer email: fraud.unit@metropolispolice.gov.","[Metropolis Police Bureau] Financial controller received a spoofed email from the CEO demanding an urgent wire payment of $54,000 to an offshore vendor. Contact officer email: <EMAIL>.",phishing_social_engineering,Corporate Email Compromise
PR-MET-2024-1235,custom_agency,2024-06-01,Institutional Complaint,[Metropolis Police Bureau] District online learning management system was subjected to an amplification DDoS attack during final examinations. Contact officer email: fraud.unit@metropolispolice.gov.,[Metropolis Police Bureau] District online learning management system was subjected to an amplification DDoS attack during final examinations. Contact officer email: <EMAIL>.,denial_of_service_disruption,DDoS Attack on School Portal
PR-GOT-2024-1236,custom_agency,2024-06-01,Institutional Complaint,[Gotham Police Bureau] Victim reported that their Instagram and email accounts were hijacked via SIM swapping and used to solicit money from friends. Contact officer email: fraud.unit@gothampolice.gov.,[Gotham Police Bureau] Victim reported that their Instagram and email accounts were hijacked via SIM swapping and used to solicit money from friends. Contact officer email: <EMAIL>.,financial_cyber_fraud,Social Media Account Hijack
PR-MET-2024-1237,custom_agency,2024-06-01,Institutional Complaint,[Metropolis Police Bureau] Victim reported that their Instagram and email accounts were hijacked via SIM swapping and used to solicit money from friends. Contact officer email: fraud.unit@metropolispolice.gov.,[Metropolis Police Bureau] Victim reported that their Instagram and email accounts were hijacked via SIM swapping and used to solicit money from friends. Contact officer email: <EMAIL>.,financial_cyber_fraud,Social Media Account Hijack
PR-MET-2024-1238,custom_agency,2024-06-01,Institutional Complaint,"[Metropolis Police Bureau] Complainant discovered that their national ID was used to secure an online personal loan of $12,000 without their knowledge. Contact officer email: fraud.unit@metropolispolice.gov.","[Metropolis Police Bureau] Complainant discovered that their national ID was used to secure an online personal loan of $12,000 without their knowledge. Contact officer email: <EMAIL>.",identity_theft_impersonation,Identity Theft / Bank Loan
PR-CEN-2024-1239,custom_agency,2024-06-01,Institutional Complaint,"[Central City Police Bureau] Complainant discovered that their national ID was used to secure an online personal loan of $12,000 without their knowledge. Contact officer email: fraud.unit@central citypolice.gov.","[Central City Police Bureau] Complainant discovered that their national ID was used to secure an online personal loan of $12,000 without their knowledge. Contact officer email: fraud.unit@central citypolice.gov.",identity_theft_impersonation,Identity Theft / Bank Loan
PR-MET-2024-1240,custom_agency,2024-06-01,Institutional Complaint,[Metropolis Police Bureau] District online learning management system was subjected to an amplification DDoS attack during final examinations. Contact officer email: fraud.unit@metropolispolice.gov.,[Metropolis Police Bureau] District online learning management system was subjected to an amplification DDoS attack during final examinations. Contact officer email: <EMAIL>.,denial_of_service_disruption,DDoS Attack on School Portal
PR-CEN-2024-1241,custom_agency,2024-06-01,Institutional Complaint,"[Central City Police Bureau] Local dental clinic reported an attack that encrypted all patient history files, demanding 2 Bitcoin in payment. Contact officer email: fraud.unit@central citypolice.gov.","[Central City Police Bureau] Local dental clinic reported an attack that encrypted all patient history files, demanding 2 Bitcoin in payment. Contact officer email: fraud.unit@central citypolice.gov.",ransomware_extortion,Ransomware Hostage
PR-MET-2024-1242,custom_agency,2024-06-01,Institutional Complaint,[Metropolis Police Bureau] District online learning management system was subjected to an amplification DDoS attack during final examinations. Contact officer email: fraud.unit@metropolispolice.gov.,[Metropolis Police Bureau] District online learning management system was subjected to an amplification DDoS attack during final examinations. Contact officer email: <EMAIL>.,denial_of_service_disruption,DDoS Attack on School Portal
PR-MET-2024-1243,custom_agency,2024-06-01,Institutional Complaint,"[Metropolis Police Bureau] Complainant discovered that their national ID was used to secure an online personal loan of $12,000 without their knowledge. Contact officer email: fraud.unit@metropolispolice.gov.","[Metropolis Police Bureau] Complainant discovered that their national ID was used to secure an online personal loan of $12,000 without their knowledge. Contact officer email: <EMAIL>.",identity_theft_impersonation,Identity Theft / Bank Loan
PR-STA-2024-1244,custom_agency,2024-06-01,Institutional Complaint,[Star City Police Bureau] Victim reported that their Instagram and email accounts were hijacked via SIM swapping and used to solicit money from friends. Contact officer email: fraud.unit@star citypolice.gov.,[Star City Police Bureau] Victim reported that their Instagram and email accounts were hijacked via SIM swapping and used to solicit money from friends. Contact officer email: fraud.unit@star citypolice.gov.,financial_cyber_fraud,Social Media Account Hijack
PR-GOT-2024-1245,custom_agency,2024-06-01,Institutional Complaint,"[Gotham Police Bureau] Complainant discovered that their national ID was used to secure an online personal loan of $12,000 without their knowledge. Contact officer email: fraud.unit@gothampolice.gov.","[Gotham Police Bureau] Complainant discovered that their national ID was used to secure an online personal loan of $12,000 without their knowledge. Contact officer email: <EMAIL>.",identity_theft_impersonation,Identity Theft / Bank Loan
PR-STA-2024-1246,custom_agency,2024-06-01,Institutional Complaint,"[Star City Police Bureau] Complainant discovered that their national ID was used to secure an online personal loan of $12,000 without their knowledge. Contact officer email: fraud.unit@star citypolice.gov.","[Star City Police Bureau] Complainant discovered that their national ID was used to secure an online personal loan of $12,000 without their knowledge. Contact officer email: fraud.unit@star citypolice.gov.",identity_theft_impersonation,Identity Theft / Bank Loan
PR-STA-2024-1247,custom_agency,2024-06-01,Institutional Complaint,"[Star City Police Bureau] Local dental clinic reported an attack that encrypted all patient history files, demanding 2 Bitcoin in payment. Contact officer email: fraud.unit@star citypolice.gov.","[Star City Police Bureau] Local dental clinic reported an attack that encrypted all patient history files, demanding 2 Bitcoin in payment. Contact officer email: fraud.unit@star citypolice.gov.",ransomware_extortion,Ransomware Hostage
PR-CEN-2024-1248,custom_agency,2024-06-01,Institutional Complaint,"[Central City Police Bureau] Victim lost $35,000 after being directed by an acquaintance to transfer Ethereum into a fake decentralized wallet app. Contact officer email: fraud.unit@central citypolice.gov.","[Central City Police Bureau] Victim lost $35,000 after being directed by an acquaintance to transfer Ethereum into a fake decentralized wallet app. Contact officer email: fraud.unit@central citypolice.gov.",financial_cyber_fraud,Online Crypto Investment Scam
PR-RIV-2024-1249,custom_agency,2024-06-01,Institutional Complaint,"[Riverdale Police Bureau] Financial controller received a spoofed email from the CEO demanding an urgent wire payment of $54,000 to an offshore vendor. Contact officer email: fraud.unit@riverdalepolice.gov.","[Riverdale Police Bureau] Financial controller received a spoofed email from the CEO demanding an urgent wire payment of $54,000 to an offshore vendor. Contact officer email: <EMAIL>.",phishing_social_engineering,Corporate Email Compromise
PR-CEN-2024-1250,custom_agency,2024-06-01,Institutional Complaint,"[Central City Police Bureau] Local dental clinic reported an attack that encrypted all patient history files, demanding 2 Bitcoin in payment. Contact officer email: fraud.unit@central citypolice.gov.","[Central City Police Bureau] Local dental clinic reported an attack that encrypted all patient history files, demanding 2 Bitcoin in payment. Contact officer email: fraud.unit@central citypolice.gov.",ransomware_extortion,Ransomware Hostage
PR-RIV-2024-1251,custom_agency,2024-06-01,Institutional Complaint,[Riverdale Police Bureau] District online learning management system was subjected to an amplification DDoS attack during final examinations. Contact officer email: fraud.unit@riverdalepolice.gov.,[Riverdale Police Bureau] District online learning management system was subjected to an amplification DDoS attack during final examinations. Contact officer email: <EMAIL>.,denial_of_service_disruption,DDoS Attack on School Portal
PR-RIV-2024-1252,custom_agency,2024-06-01,Institutional Complaint,[Riverdale Police Bureau] Victim reported that their Instagram and email accounts were hijacked via SIM swapping and used to solicit money from friends. Contact officer email: fraud.unit@riverdalepolice.gov.,[Riverdale Police Bureau] Victim reported that their Instagram and email accounts were hijacked via SIM swapping and used to solicit money from friends. Contact officer email: <EMAIL>.,financial_cyber_fraud,Social Media Account Hijack
PR-CEN-2024-1253,custom_agency,2024-06-01,Institutional Complaint,"[Central City Police Bureau] Financial controller received a spoofed email from the CEO demanding an urgent wire payment of $54,000 to an offshore vendor. Contact officer email: fraud.unit@central citypolice.gov.","[Central City Police Bureau] Financial controller received a spoofed email from the CEO demanding an urgent wire payment of $54,000 to an offshore vendor. Contact officer email: fraud.unit@central citypolice.gov.",phishing_social_engineering,Corporate Email Compromise
PR-CEN-2024-1254,custom_agency,2024-06-01,Institutional Complaint,"[Central City Police Bureau] Complainant discovered that their national ID was used to secure an online personal loan of $12,000 without their knowledge. Contact officer email: fraud.unit@central citypolice.gov.","[Central City Police Bureau] Complainant discovered that their national ID was used to secure an online personal loan of $12,000 without their knowledge. Contact officer email: fraud.unit@central citypolice.gov.",identity_theft_impersonation,Identity Theft / Bank Loan
PR-STA-2024-1255,custom_agency,2024-06-01,Institutional Complaint,[Star City Police Bureau] Victim reported that their Instagram and email accounts were hijacked via SIM swapping and used to solicit money from friends. Contact officer email: fraud.unit@star citypolice.gov.,[Star City Police Bureau] Victim reported that their Instagram and email accounts were hijacked via SIM swapping and used to solicit money from friends. Contact officer email: fraud.unit@star citypolice.gov.,financial_cyber_fraud,Social Media Account Hijack
PR-MET-2024-1256,custom_agency,2024-06-01,Institutional Complaint,[Metropolis Police Bureau] District online learning management system was subjected to an amplification DDoS attack during final examinations. Contact officer email: fraud.unit@metropolispolice.gov.,[Metropolis Police Bureau] District online learning management system was subjected to an amplification DDoS attack during final examinations. Contact officer email: <EMAIL>.,denial_of_service_disruption,DDoS Attack on School Portal
PR-RIV-2024-1257,custom_agency,2024-06-01,Institutional Complaint,"[Riverdale Police Bureau] Victim lost $35,000 after being directed by an acquaintance to transfer Ethereum into a fake decentralized wallet app. Contact officer email: fraud.unit@riverdalepolice.gov.","[Riverdale Police Bureau] Victim lost $35,000 after being directed by an acquaintance to transfer Ethereum into a fake decentralized wallet app. Contact officer email: <EMAIL>.",financial_cyber_fraud,Online Crypto Investment Scam
PR-MET-2024-1258,custom_agency,2024-06-01,Institutional Complaint,[Metropolis Police Bureau] Victim reported that their Instagram and email accounts were hijacked via SIM swapping and used to solicit money from friends. Contact officer email: fraud.unit@metropolispolice.gov.,[Metropolis Police Bureau] Victim reported that their Instagram and email accounts were hijacked via SIM swapping and used to solicit money from friends. Contact officer email: <EMAIL>.,financial_cyber_fraud,Social Media Account Hijack
PR-STA-2024-1259,custom_agency,2024-06-01,Institutional Complaint,[Star City Police Bureau] Victim reported that their Instagram and email accounts were hijacked via SIM swapping and used to solicit money from friends. Contact officer email: fraud.unit@star citypolice.gov.,[Star City Police Bureau] Victim reported that their Instagram and email accounts were hijacked via SIM swapping and used to solicit money from friends. Contact officer email: fraud.unit@star citypolice.gov.,financial_cyber_fraud,Social Media Account Hijack
PR-STA-2024-1260,custom_agency,2024-06-01,Institutional Complaint,"[Star City Police Bureau] Victim lost $35,000 after being directed by an acquaintance to transfer Ethereum into a fake decentralized wallet app. Contact officer email: fraud.unit@star citypolice.gov.","[Star City Police Bureau] Victim lost $35,000 after being directed by an acquaintance to transfer Ethereum into a fake decentralized wallet app. Contact officer email: fraud.unit@star citypolice.gov.",financial_cyber_fraud,Online Crypto Investment Scam
PR-GOT-2024-1261,custom_agency,2024-06-01,Institutional Complaint,"[Gotham Police Bureau] Financial controller received a spoofed email from the CEO demanding an urgent wire payment of $54,000 to an offshore vendor. Contact officer email: fraud.unit@gothampolice.gov.","[Gotham Police Bureau] Financial controller received a spoofed email from the CEO demanding an urgent wire payment of $54,000 to an offshore vendor. Contact officer email: <EMAIL>.",phishing_social_engineering,Corporate Email Compromise
PR-CEN-2024-1262,custom_agency,2024-06-01,Institutional Complaint,[Central City Police Bureau] Victim reported that their Instagram and email accounts were hijacked via SIM swapping and used to solicit money from friends. Contact officer email: fraud.unit@central citypolice.gov.,[Central City Police Bureau] Victim reported that their Instagram and email accounts were hijacked via SIM swapping and used to solicit money from friends. Contact officer email: fraud.unit@central citypolice.gov.,financial_cyber_fraud,Social Media Account Hijack
PR-RIV-2024-1263,custom_agency,2024-06-01,Institutional Complaint,[Riverdale Police Bureau] Victim reported that their Instagram and email accounts were hijacked via SIM swapping and used to solicit money from friends. Contact officer email: fraud.unit@riverdalepolice.gov.,[Riverdale Police Bureau] Victim reported that their Instagram and email accounts were hijacked via SIM swapping and used to solicit money from friends. Contact officer email: <EMAIL>.,financial_cyber_fraud,Social Media Account Hijack
PR-STA-2024-1264,custom_agency,2024-06-01,Institutional Complaint,[Star City Police Bureau] Victim reported that their Instagram and email accounts were hijacked via SIM swapping and used to solicit money from friends. Contact officer email: fraud.unit@star citypolice.gov.,[Star City Police Bureau] Victim reported that their Instagram and email accounts were hijacked via SIM swapping and used to solicit money from friends. Contact officer email: fraud.unit@star citypolice.gov.,financial_cyber_fraud,Social Media Account Hijack
PR-MET-2024-1265,custom_agency,2024-06-01,Institutional Complaint,"[Metropolis Police Bureau] Financial controller received a spoofed email from the CEO demanding an urgent wire payment of $54,000 to an offshore vendor. Contact officer email: fraud.unit@metropolispolice.gov.","[Metropolis Police Bureau] Financial controller received a spoofed email from the CEO demanding an urgent wire payment of $54,000 to an offshore vendor. Contact officer email: <EMAIL>.",phishing_social_engineering,Corporate Email Compromise
PR-MET-2024-1266,custom_agency,2024-06-01,Institutional Complaint,"[Metropolis Police Bureau] Victim lost $35,000 after being directed by an acquaintance to transfer Ethereum into a fake decentralized wallet app. Contact officer email: fraud.unit@metropolispolice.gov.","[Metropolis Police Bureau] Victim lost $35,000 after being directed by an acquaintance to transfer Ethereum into a fake decentralized wallet app. Contact officer email: <EMAIL>.",financial_cyber_fraud,Online Crypto Investment Scam
PR-CEN-2024-1267,custom_agency,2024-06-01,Institutional Complaint,[Central City Police Bureau] Victim reported that their Instagram and email accounts were hijacked via SIM swapping and used to solicit money from friends. Contact officer email: fraud.unit@central citypolice.gov.,[Central City Police Bureau] Victim reported that their Instagram and email accounts were hijacked via SIM swapping and used to solicit money from friends. Contact officer email: fraud.unit@central citypolice.gov.,financial_cyber_fraud,Social Media Account Hijack
PR-CEN-2024-1268,custom_agency,2024-06-01,Institutional Complaint,[Central City Police Bureau] Victim reported that their Instagram and email accounts were hijacked via SIM swapping and used to solicit money from friends. Contact officer email: fraud.unit@central citypolice.gov.,[Central City Police Bureau] Victim reported that their Instagram and email accounts were hijacked via SIM swapping and used to solicit money from friends. Contact officer email: fraud.unit@central citypolice.gov.,financial_cyber_fraud,Social Media Account Hijack
PR-CEN-2024-1269,custom_agency,2024-06-01,Institutional Complaint,[Central City Police Bureau] Victim reported that their Instagram and email accounts were hijacked via SIM swapping and used to solicit money from friends. Contact officer email: fraud.unit@central citypolice.gov.,[Central City Police Bureau] Victim reported that their Instagram and email accounts were hijacked via SIM swapping and used to solicit money from friends. Contact officer email: fraud.unit@central citypolice.gov.,financial_cyber_fraud,Social Media Account Hijack
PR-CEN-2024-1270,custom_agency,2024-06-01,Institutional Complaint,"[Central City Police Bureau] Complainant discovered that their national ID was used to secure an online personal loan of $12,000 without their knowledge. Contact officer email: fraud.unit@central citypolice.gov.","[Central City Police Bureau] Complainant discovered that their national ID was used to secure an online personal loan of $12,000 without their knowledge. Contact officer email: fraud.unit@central citypolice.gov.",identity_theft_impersonation,Identity Theft / Bank Loan
PR-CEN-2024-1271,custom_agency,2024-06-01,Institutional Complaint,"[Central City Police Bureau] Victim lost $35,000 after being directed by an acquaintance to transfer Ethereum into a fake decentralized wallet app. Contact officer email: fraud.unit@central citypolice.gov.","[Central City Police Bureau] Victim lost $35,000 after being directed by an acquaintance to transfer Ethereum into a fake decentralized wallet app. Contact officer email: fraud.unit@central citypolice.gov.",financial_cyber_fraud,Online Crypto Investment Scam
PR-MET-2024-1272,custom_agency,2024-06-01,Institutional Complaint,"[Metropolis Police Bureau] Complainant discovered that their national ID was used to secure an online personal loan of $12,000 without their knowledge. Contact officer email: fraud.unit@metropolispolice.gov.","[Metropolis Police Bureau] Complainant discovered that their national ID was used to secure an online personal loan of $12,000 without their knowledge. Contact officer email: <EMAIL>.",identity_theft_impersonation,Identity Theft / Bank Loan
PR-RIV-2024-1273,custom_agency,2024-06-01,Institutional Complaint,"[Riverdale Police Bureau] Complainant discovered that their national ID was used to secure an online personal loan of $12,000 without their knowledge. Contact officer email: fraud.unit@riverdalepolice.gov.","[Riverdale Police Bureau] Complainant discovered that their national ID was used to secure an online personal loan of $12,000 without their knowledge. Contact officer email: <EMAIL>.",identity_theft_impersonation,Identity Theft / Bank Loan
PR-MET-2024-1274,custom_agency,2024-06-01,Institutional Complaint,"[Metropolis Police Bureau] Victim lost $35,000 after being directed by an acquaintance to transfer Ethereum into a fake decentralized wallet app. Contact officer email: fraud.unit@metropolispolice.gov.","[Metropolis Police Bureau] Victim lost $35,000 after being directed by an acquaintance to transfer Ethereum into a fake decentralized wallet app. Contact officer email: <EMAIL>.",financial_cyber_fraud,Online Crypto Investment Scam
PR-STA-2024-1275,custom_agency,2024-06-01,Institutional Complaint,"[Star City Police Bureau] Victim lost $35,000 after being directed by an acquaintance to transfer Ethereum into a fake decentralized wallet app. Contact officer email: fraud.unit@star citypolice.gov.","[Star City Police Bureau] Victim lost $35,000 after being directed by an acquaintance to transfer Ethereum into a fake decentralized wallet app. Contact officer email: fraud.unit@star citypolice.gov.",financial_cyber_fraud,Online Crypto Investment Scam
PR-MET-2024-1276,custom_agency,2024-06-01,Institutional Complaint,"[Metropolis Police Bureau] Victim lost $35,000 after being directed by an acquaintance to transfer Ethereum into a fake decentralized wallet app. Contact officer email: fraud.unit@metropolispolice.gov.","[Metropolis Police Bureau] Victim lost $35,000 after being directed by an acquaintance to transfer Ethereum into a fake decentralized wallet app. Contact officer email: <EMAIL>.",financial_cyber_fraud,Online Crypto Investment Scam
PR-RIV-2024-1277,custom_agency,2024-06-01,Institutional Complaint,"[Riverdale Police Bureau] Financial controller received a spoofed email from the CEO demanding an urgent wire payment of $54,000 to an offshore vendor. Contact officer email: fraud.unit@riverdalepolice.gov.","[Riverdale Police Bureau] Financial controller received a spoofed email from the CEO demanding an urgent wire payment of $54,000 to an offshore vendor. Contact officer email: <EMAIL>.",phishing_social_engineering,Corporate Email Compromise
PR-CEN-2024-1278,custom_agency,2024-06-01,Institutional Complaint,"[Central City Police Bureau] Victim lost $35,000 after being directed by an acquaintance to transfer Ethereum into a fake decentralized wallet app. Contact officer email: fraud.unit@central citypolice.gov.","[Central City Police Bureau] Victim lost $35,000 after being directed by an acquaintance to transfer Ethereum into a fake decentralized wallet app. Contact officer email: fraud.unit@central citypolice.gov.",financial_cyber_fraud,Online Crypto Investment Scam
PR-RIV-2024-1279,custom_agency,2024-06-01,Institutional Complaint,"[Riverdale Police Bureau] Financial controller received a spoofed email from the CEO demanding an urgent wire payment of $54,000 to an offshore vendor. Contact officer email: fraud.unit@riverdalepolice.gov.","[Riverdale Police Bureau] Financial controller received a spoofed email from the CEO demanding an urgent wire payment of $54,000 to an offshore vendor. Contact officer email: <EMAIL>.",phishing_social_engineering,Corporate Email Compromise
PR-MET-2024-1280,custom_agency,2024-06-01,Institutional Complaint,"[Metropolis Police Bureau] Victim lost $35,000 after being directed by an acquaintance to transfer Ethereum into a fake decentralized wallet app. Contact officer email: fraud.unit@metropolispolice.gov.","[Metropolis Police Bureau] Victim lost $35,000 after being directed by an acquaintance to transfer Ethereum into a fake decentralized wallet app. Contact officer email: <EMAIL>.",financial_cyber_fraud,Online Crypto Investment Scam
PR-GOT-2024-1281,custom_agency,2024-06-01,Institutional Complaint,"[Gotham Police Bureau] Victim lost $35,000 after being directed by an acquaintance to transfer Ethereum into a fake decentralized wallet app. Contact officer email: fraud.unit@gothampolice.gov.","[Gotham Police Bureau] Victim lost $35,000 after being directed by an acquaintance to transfer Ethereum into a fake decentralized wallet app. Contact officer email: <EMAIL>.",financial_cyber_fraud,Online Crypto Investment Scam
PR-CEN-2024-1282,custom_agency,2024-06-01,Institutional Complaint,"[Central City Police Bureau] Victim lost $35,000 after being directed by an acquaintance to transfer Ethereum into a fake decentralized wallet app. Contact officer email: fraud.unit@central citypolice.gov.","[Central City Police Bureau] Victim lost $35,000 after being directed by an acquaintance to transfer Ethereum into a fake decentralized wallet app. Contact officer email: fraud.unit@central citypolice.gov.",financial_cyber_fraud,Online Crypto Investment Scam
PR-CEN-2024-1283,custom_agency,2024-06-01,Institutional Complaint,"[Central City Police Bureau] Complainant discovered that their national ID was used to secure an online personal loan of $12,000 without their knowledge. Contact officer email: fraud.unit@central citypolice.gov.","[Central City Police Bureau] Complainant discovered that their national ID was used to secure an online personal loan of $12,000 without their knowledge. Contact officer email: fraud.unit@central citypolice.gov.",identity_theft_impersonation,Identity Theft / Bank Loan
PR-CEN-2024-1284,custom_agency,2024-06-01,Institutional Complaint,"[Central City Police Bureau] Complainant discovered that their national ID was used to secure an online personal loan of $12,000 without their knowledge. Contact officer email: fraud.unit@central citypolice.gov.","[Central City Police Bureau] Complainant discovered that their national ID was used to secure an online personal loan of $12,000 without their knowledge. Contact officer email: fraud.unit@central citypolice.gov.",identity_theft_impersonation,Identity Theft / Bank Loan
PR-MET-2024-1285,custom_agency,2024-06-01,Institutional Complaint,"[Metropolis Police Bureau] Local dental clinic reported an attack that encrypted all patient history files, demanding 2 Bitcoin in payment. Contact officer email: fraud.unit@metropolispolice.gov.","[Metropolis Police Bureau] Local dental clinic reported an attack that encrypted all patient history files, demanding 2 Bitcoin in payment. Contact officer email: <EMAIL>.",ransomware_extortion,Ransomware Hostage
PR-RIV-2024-1286,custom_agency,2024-06-01,Institutional Complaint,"[Riverdale Police Bureau] Victim lost $35,000 after being directed by an acquaintance to transfer Ethereum into a fake decentralized wallet app. Contact officer email: fraud.unit@riverdalepolice.gov.","[Riverdale Police Bureau] Victim lost $35,000 after being directed by an acquaintance to transfer Ethereum into a fake decentralized wallet app. Contact officer email: <EMAIL>.",financial_cyber_fraud,Online Crypto Investment Scam
PR-MET-2024-1287,custom_agency,2024-06-01,Institutional Complaint,"[Metropolis Police Bureau] Complainant discovered that their national ID was used to secure an online personal loan of $12,000 without their knowledge. Contact officer email: fraud.unit@metropolispolice.gov.","[Metropolis Police Bureau] Complainant discovered that their national ID was used to secure an online personal loan of $12,000 without their knowledge. Contact officer email: <EMAIL>.",identity_theft_impersonation,Identity Theft / Bank Loan
PR-GOT-2024-1288,custom_agency,2024-06-01,Institutional Complaint,[Gotham Police Bureau] District online learning management system was subjected to an amplification DDoS attack during final examinations. Contact officer email: fraud.unit@gothampolice.gov.,[Gotham Police Bureau] District online learning management system was subjected to an amplification DDoS attack during final examinations. Contact officer email: <EMAIL>.,denial_of_service_disruption,DDoS Attack on School Portal
PR-MET-2024-1289,custom_agency,2024-06-01,Institutional Complaint,"[Metropolis Police Bureau] Victim lost $35,000 after being directed by an acquaintance to transfer Ethereum into a fake decentralized wallet app. Contact officer email: fraud.unit@metropolispolice.gov.","[Metropolis Police Bureau] Victim lost $35,000 after being directed by an acquaintance to transfer Ethereum into a fake decentralized wallet app. Contact officer email: <EMAIL>.",financial_cyber_fraud,Online Crypto Investment Scam
PR-RIV-2024-1290,custom_agency,2024-06-01,Institutional Complaint,[Riverdale Police Bureau] District online learning management system was subjected to an amplification DDoS attack during final examinations. Contact officer email: fraud.unit@riverdalepolice.gov.,[Riverdale Police Bureau] District online learning management system was subjected to an amplification DDoS attack during final examinations. Contact officer email: <EMAIL>.,denial_of_service_disruption,DDoS Attack on School Portal
PR-RIV-2024-1291,custom_agency,2024-06-01,Institutional Complaint,"[Riverdale Police Bureau] Complainant discovered that their national ID was used to secure an online personal loan of $12,000 without their knowledge. Contact officer email: fraud.unit@riverdalepolice.gov.","[Riverdale Police Bureau] Complainant discovered that their national ID was used to secure an online personal loan of $12,000 without their knowledge. Contact officer email: <EMAIL>.",identity_theft_impersonation,Identity Theft / Bank Loan
PR-MET-2024-1292,custom_agency,2024-06-01,Institutional Complaint,"[Metropolis Police Bureau] Victim lost $35,000 after being directed by an acquaintance to transfer Ethereum into a fake decentralized wallet app. Contact officer email: fraud.unit@metropolispolice.gov.","[Metropolis Police Bureau] Victim lost $35,000 after being directed by an acquaintance to transfer Ethereum into a fake decentralized wallet app. Contact officer email: <EMAIL>.",financial_cyber_fraud,Online Crypto Investment Scam
PR-CEN-2024-1293,custom_agency,2024-06-01,Institutional Complaint,"[Central City Police Bureau] Complainant discovered that their national ID was used to secure an online personal loan of $12,000 without their knowledge. Contact officer email: fraud.unit@central citypolice.gov.","[Central City Police Bureau] Complainant discovered that their national ID was used to secure an online personal loan of $12,000 without their knowledge. Contact officer email: fraud.unit@central citypolice.gov.",identity_theft_impersonation,Identity Theft / Bank Loan
PR-RIV-2024-1294,custom_agency,2024-06-01,Institutional Complaint,"[Riverdale Police Bureau] Victim lost $35,000 after being directed by an acquaintance to transfer Ethereum into a fake decentralized wallet app. Contact officer email: fraud.unit@riverdalepolice.gov.","[Riverdale Police Bureau] Victim lost $35,000 after being directed by an acquaintance to transfer Ethereum into a fake decentralized wallet app. Contact officer email: <EMAIL>.",financial_cyber_fraud,Online Crypto Investment Scam
PR-GOT-2024-1295,custom_agency,2024-06-01,Institutional Complaint,[Gotham Police Bureau] Victim reported that their Instagram and email accounts were hijacked via SIM swapping and used to solicit money from friends. Contact officer email: fraud.unit@gothampolice.gov.,[Gotham Police Bureau] Victim reported that their Instagram and email accounts were hijacked via SIM swapping and used to solicit money from friends. Contact officer email: <EMAIL>.,financial_cyber_fraud,Social Media Account Hijack
PR-CEN-2024-1296,custom_agency,2024-06-01,Institutional Complaint,"[Central City Police Bureau] Complainant discovered that their national ID was used to secure an online personal loan of $12,000 without their knowledge. Contact officer email: fraud.unit@central citypolice.gov.","[Central City Police Bureau] Complainant discovered that their national ID was used to secure an online personal loan of $12,000 without their knowledge. Contact officer email: fraud.unit@central citypolice.gov.",identity_theft_impersonation,Identity Theft / Bank Loan
PR-MET-2024-1297,custom_agency,2024-06-01,Institutional Complaint,[Metropolis Police Bureau] District online learning management system was subjected to an amplification DDoS attack during final examinations. Contact officer email: fraud.unit@metropolispolice.gov.,[Metropolis Police Bureau] District online learning management system was subjected to an amplification DDoS attack during final examinations. Contact officer email: <EMAIL>.,denial_of_service_disruption,DDoS Attack on School Portal
PR-RIV-2024-1298,custom_agency,2024-06-01,Institutional Complaint,"[Riverdale Police Bureau] Victim lost $35,000 after being directed by an acquaintance to transfer Ethereum into a fake decentralized wallet app. Contact officer email: fraud.unit@riverdalepolice.gov.","[Riverdale Police Bureau] Victim lost $35,000 after being directed by an acquaintance to transfer Ethereum into a fake decentralized wallet app. Contact officer email: <EMAIL>.",financial_cyber_fraud,Online Crypto Investment Scam
PR-STA-2024-1299,custom_agency,2024-06-01,Institutional Complaint,[Star City Police Bureau] Victim reported that their Instagram and email accounts were hijacked via SIM swapping and used to solicit money from friends. Contact officer email: fraud.unit@star citypolice.gov.,[Star City Police Bureau] Victim reported that their Instagram and email accounts were hijacked via SIM swapping and used to solicit money from friends. Contact officer email: fraud.unit@star citypolice.gov.,financial_cyber_fraud,Social Media Account Hijack
PR-RIV-2024-1300,custom_agency,2024-06-01,Institutional Complaint,"[Riverdale Police Bureau] Complainant discovered that their national ID was used to secure an online personal loan of $12,000 without their knowledge. Contact officer email: fraud.unit@riverdalepolice.gov.","[Riverdale Police Bureau] Complainant discovered that their national ID was used to secure an online personal loan of $12,000 without their knowledge. Contact officer email: <EMAIL>.",identity_theft_impersonation,Identity Theft / Bank Loan
PR-CEN-2024-1301,custom_agency,2024-06-01,Institutional Complaint,"[Central City Police Bureau] Victim lost $35,000 after being directed by an acquaintance to transfer Ethereum into a fake decentralized wallet app. Contact officer email: fraud.unit@central citypolice.gov.","[Central City Police Bureau] Victim lost $35,000 after being directed by an acquaintance to transfer Ethereum into a fake decentralized wallet app. Contact officer email: fraud.unit@central citypolice.gov.",financial_cyber_fraud,Online Crypto Investment Scam
PR-MET-2024-1302,custom_agency,2024-06-01,Institutional Complaint,[Metropolis Police Bureau] District online learning management system was subjected to an amplification DDoS attack during final examinations. Contact officer email: fraud.unit@metropolispolice.gov.,[Metropolis Police Bureau] District online learning management system was subjected to an amplification DDoS attack during final examinations. Contact officer email: <EMAIL>.,denial_of_service_disruption,DDoS Attack on School Portal
PR-RIV-2024-1303,custom_agency,2024-06-01,Institutional Complaint,[Riverdale Police Bureau] Victim reported that their Instagram and email accounts were hijacked via SIM swapping and used to solicit money from friends. Contact officer email: fraud.unit@riverdalepolice.gov.,[Riverdale Police Bureau] Victim reported that their Instagram and email accounts were hijacked via SIM swapping and used to solicit money from friends. Contact officer email: <EMAIL>.,financial_cyber_fraud,Social Media Account Hijack
PR-CEN-2024-1304,custom_agency,2024-06-01,Institutional Complaint,"[Central City Police Bureau] Financial controller received a spoofed email from the CEO demanding an urgent wire payment of $54,000 to an offshore vendor. Contact officer email: fraud.unit@central citypolice.gov.","[Central City Police Bureau] Financial controller received a spoofed email from the CEO demanding an urgent wire payment of $54,000 to an offshore vendor. Contact officer email: fraud.unit@central citypolice.gov.",phishing_social_engineering,Corporate Email Compromise
PR-GOT-2024-1305,custom_agency,2024-06-01,Institutional Complaint,"[Gotham Police Bureau] Local dental clinic reported an attack that encrypted all patient history files, demanding 2 Bitcoin in payment. Contact officer email: fraud.unit@gothampolice.gov.","[Gotham Police Bureau] Local dental clinic reported an attack that encrypted all patient history files, demanding 2 Bitcoin in payment. Contact officer email: <EMAIL>.",ransomware_extortion,Ransomware Hostage
PR-GOT-2024-1306,custom_agency,2024-06-01,Institutional Complaint,[Gotham Police Bureau] District online learning management system was subjected to an amplification DDoS attack during final examinations. Contact officer email: fraud.unit@gothampolice.gov.,[Gotham Police Bureau] District online learning management system was subjected to an amplification DDoS attack during final examinations. Contact officer email: <EMAIL>.,denial_of_service_disruption,DDoS Attack on School Portal
PR-GOT-2024-1307,custom_agency,2024-06-01,Institutional Complaint,[Gotham Police Bureau] Victim reported that their Instagram and email accounts were hijacked via SIM swapping and used to solicit money from friends. Contact officer email: fraud.unit@gothampolice.gov.,[Gotham Police Bureau] Victim reported that their Instagram and email accounts were hijacked via SIM swapping and used to solicit money from friends. Contact officer email: <EMAIL>.,financial_cyber_fraud,Social Media Account Hijack
PR-STA-2024-1308,custom_agency,2024-06-01,Institutional Complaint,"[Star City Police Bureau] Complainant discovered that their national ID was used to secure an online personal loan of $12,000 without their knowledge. Contact officer email: fraud.unit@star citypolice.gov.","[Star City Police Bureau] Complainant discovered that their national ID was used to secure an online personal loan of $12,000 without their knowledge. Contact officer email: fraud.unit@star citypolice.gov.",identity_theft_impersonation,Identity Theft / Bank Loan
PR-GOT-2024-1309,custom_agency,2024-06-01,Institutional Complaint,[Gotham Police Bureau] District online learning management system was subjected to an amplification DDoS attack during final examinations. Contact officer email: fraud.unit@gothampolice.gov.,[Gotham Police Bureau] District online learning management system was subjected to an amplification DDoS attack during final examinations. Contact officer email: <EMAIL>.,denial_of_service_disruption,DDoS Attack on School Portal
PR-MET-2024-1310,custom_agency,2024-06-01,Institutional Complaint,"[Metropolis Police Bureau] Complainant discovered that their national ID was used to secure an online personal loan of $12,000 without their knowledge. Contact officer email: fraud.unit@metropolispolice.gov.","[Metropolis Police Bureau] Complainant discovered that their national ID was used to secure an online personal loan of $12,000 without their knowledge. Contact officer email: <EMAIL>.",identity_theft_impersonation,Identity Theft / Bank Loan
PR-GOT-2024-1311,custom_agency,2024-06-01,Institutional Complaint,"[Gotham Police Bureau] Financial controller received a spoofed email from the CEO demanding an urgent wire payment of $54,000 to an offshore vendor. Contact officer email: fraud.unit@gothampolice.gov.","[Gotham Police Bureau] Financial controller received a spoofed email from the CEO demanding an urgent wire payment of $54,000 to an offshore vendor. Contact officer email: <EMAIL>.",phishing_social_engineering,Corporate Email Compromise
PR-MET-2024-1312,custom_agency,2024-06-01,Institutional Complaint,[Metropolis Police Bureau] District online learning management system was subjected to an amplification DDoS attack during final examinations. Contact officer email: fraud.unit@metropolispolice.gov.,[Metropolis Police Bureau] District online learning management system was subjected to an amplification DDoS attack during final examinations. Contact officer email: <EMAIL>.,denial_of_service_disruption,DDoS Attack on School Portal
PR-CEN-2024-1313,custom_agency,2024-06-01,Institutional Complaint,"[Central City Police Bureau] Financial controller received a spoofed email from the CEO demanding an urgent wire payment of $54,000 to an offshore vendor. Contact officer email: fraud.unit@central citypolice.gov.","[Central City Police Bureau] Financial controller received a spoofed email from the CEO demanding an urgent wire payment of $54,000 to an offshore vendor. Contact officer email: fraud.unit@central citypolice.gov.",phishing_social_engineering,Corporate Email Compromise
PR-GOT-2024-1314,custom_agency,2024-06-01,Institutional Complaint,"[Gotham Police Bureau] Financial controller received a spoofed email from the CEO demanding an urgent wire payment of $54,000 to an offshore vendor. Contact officer email: fraud.unit@gothampolice.gov.","[Gotham Police Bureau] Financial controller received a spoofed email from the CEO demanding an urgent wire payment of $54,000 to an offshore vendor. Contact officer email: <EMAIL>.",phishing_social_engineering,Corporate Email Compromise
PR-CEN-2024-1315,custom_agency,2024-06-01,Institutional Complaint,"[Central City Police Bureau] Victim lost $35,000 after being directed by an acquaintance to transfer Ethereum into a fake decentralized wallet app. Contact officer email: fraud.unit@central citypolice.gov.","[Central City Police Bureau] Victim lost $35,000 after being directed by an acquaintance to transfer Ethereum into a fake decentralized wallet app. Contact officer email: fraud.unit@central citypolice.gov.",financial_cyber_fraud,Online Crypto Investment Scam
PR-STA-2024-1316,custom_agency,2024-06-01,Institutional Complaint,"[Star City Police Bureau] Complainant discovered that their national ID was used to secure an online personal loan of $12,000 without their knowledge. Contact officer email: fraud.unit@star citypolice.gov.","[Star City Police Bureau] Complainant discovered that their national ID was used to secure an online personal loan of $12,000 without their knowledge. Contact officer email: fraud.unit@star citypolice.gov.",identity_theft_impersonation,Identity Theft / Bank Loan
PR-CEN-2024-1317,custom_agency,2024-06-01,Institutional Complaint,"[Central City Police Bureau] Complainant discovered that their national ID was used to secure an online personal loan of $12,000 without their knowledge. Contact officer email: fraud.unit@central citypolice.gov.","[Central City Police Bureau] Complainant discovered that their national ID was used to secure an online personal loan of $12,000 without their knowledge. Contact officer email: fraud.unit@central citypolice.gov.",identity_theft_impersonation,Identity Theft / Bank Loan
PR-RIV-2024-1318,custom_agency,2024-06-01,Institutional Complaint,"[Riverdale Police Bureau] Victim lost $35,000 after being directed by an acquaintance to transfer Ethereum into a fake decentralized wallet app. Contact officer email: fraud.unit@riverdalepolice.gov.","[Riverdale Police Bureau] Victim lost $35,000 after being directed by an acquaintance to transfer Ethereum into a fake decentralized wallet app. Contact officer email: <EMAIL>.",financial_cyber_fraud,Online Crypto Investment Scam
PR-STA-2024-1319,custom_agency,2024-06-01,Institutional Complaint,[Star City Police Bureau] District online learning management system was subjected to an amplification DDoS attack during final examinations. Contact officer email: fraud.unit@star citypolice.gov.,[Star City Police Bureau] District online learning management system was subjected to an amplification DDoS attack during final examinations. Contact officer email: fraud.unit@star citypolice.gov.,denial_of_service_disruption,DDoS Attack on School Portal
PR-STA-2024-1320,custom_agency,2024-06-01,Institutional Complaint,"[Star City Police Bureau] Local dental clinic reported an attack that encrypted all patient history files, demanding 2 Bitcoin in payment. Contact officer email: fraud.unit@star citypolice.gov.","[Star City Police Bureau] Local dental clinic reported an attack that encrypted all patient history files, demanding 2 Bitcoin in payment. Contact officer email: fraud.unit@star citypolice.gov.",ransomware_extortion,Ransomware Hostage
PR-STA-2024-1321,custom_agency,2024-06-01,Institutional Complaint,"[Star City Police Bureau] Financial controller received a spoofed email from the CEO demanding an urgent wire payment of $54,000 to an offshore vendor. Contact officer email: fraud.unit@star citypolice.gov.","[Star City Police Bureau] Financial controller received a spoofed email from the CEO demanding an urgent wire payment of $54,000 to an offshore vendor. Contact officer email: fraud.unit@star citypolice.gov.",phishing_social_engineering,Corporate Email Compromise
PR-MET-2024-1322,custom_agency,2024-06-01,Institutional Complaint,"[Metropolis Police Bureau] Financial controller received a spoofed email from the CEO demanding an urgent wire payment of $54,000 to an offshore vendor. Contact officer email: fraud.unit@metropolispolice.gov.","[Metropolis Police Bureau] Financial controller received a spoofed email from the CEO demanding an urgent wire payment of $54,000 to an offshore vendor. Contact officer email: <EMAIL>.",phishing_social_engineering,Corporate Email Compromise
PR-CEN-2024-1323,custom_agency,2024-06-01,Institutional Complaint,"[Central City Police Bureau] Local dental clinic reported an attack that encrypted all patient history files, demanding 2 Bitcoin in payment. Contact officer email: fraud.unit@central citypolice.gov.","[Central City Police Bureau] Local dental clinic reported an attack that encrypted all patient history files, demanding 2 Bitcoin in payment. Contact officer email: fraud.unit@central citypolice.gov.",ransomware_extortion,Ransomware Hostage
PR-GOT-2024-1324,custom_agency,2024-06-01,Institutional Complaint,[Gotham Police Bureau] District online learning management system was subjected to an amplification DDoS attack during final examinations. Contact officer email: fraud.unit@gothampolice.gov.,[Gotham Police Bureau] District online learning management system was subjected to an amplification DDoS attack during final examinations. Contact officer email: <EMAIL>.,denial_of_service_disruption,DDoS Attack on School Portal
PR-RIV-2024-1325,custom_agency,2024-06-01,Institutional Complaint,[Riverdale Police Bureau] Victim reported that their Instagram and email accounts were hijacked via SIM swapping and used to solicit money from friends. Contact officer email: fraud.unit@riverdalepolice.gov.,[Riverdale Police Bureau] Victim reported that their Instagram and email accounts were hijacked via SIM swapping and used to solicit money from friends. Contact officer email: <EMAIL>.,financial_cyber_fraud,Social Media Account Hijack
PR-GOT-2024-1326,custom_agency,2024-06-01,Institutional Complaint,"[Gotham Police Bureau] Financial controller received a spoofed email from the CEO demanding an urgent wire payment of $54,000 to an offshore vendor. Contact officer email: fraud.unit@gothampolice.gov.","[Gotham Police Bureau] Financial controller received a spoofed email from the CEO demanding an urgent wire payment of $54,000 to an offshore vendor. Contact officer email: <EMAIL>.",phishing_social_engineering,Corporate Email Compromise
PR-GOT-2024-1327,custom_agency,2024-06-01,Institutional Complaint,"[Gotham Police Bureau] Complainant discovered that their national ID was used to secure an online personal loan of $12,000 without their knowledge. Contact officer email: fraud.unit@gothampolice.gov.","[Gotham Police Bureau] Complainant discovered that their national ID was used to secure an online personal loan of $12,000 without their knowledge. Contact officer email: <EMAIL>.",identity_theft_impersonation,Identity Theft / Bank Loan
PR-GOT-2024-1328,custom_agency,2024-06-01,Institutional Complaint,[Gotham Police Bureau] District online learning management system was subjected to an amplification DDoS attack during final examinations. Contact officer email: fraud.unit@gothampolice.gov.,[Gotham Police Bureau] District online learning management system was subjected to an amplification DDoS attack during final examinations. Contact officer email: <EMAIL>.,denial_of_service_disruption,DDoS Attack on School Portal
PR-MET-2024-1329,custom_agency,2024-06-01,Institutional Complaint,"[Metropolis Police Bureau] Complainant discovered that their national ID was used to secure an online personal loan of $12,000 without their knowledge. Contact officer email: fraud.unit@metropolispolice.gov.","[Metropolis Police Bureau] Complainant discovered that their national ID was used to secure an online personal loan of $12,000 without their knowledge. Contact officer email: <EMAIL>.",identity_theft_impersonation,Identity Theft / Bank Loan
PR-GOT-2024-1330,custom_agency,2024-06-01,Institutional Complaint,[Gotham Police Bureau] Victim reported that their Instagram and email accounts were hijacked via SIM swapping and used to solicit money from friends. Contact officer email: fraud.unit@gothampolice.gov.,[Gotham Police Bureau] Victim reported that their Instagram and email accounts were hijacked via SIM swapping and used to solicit money from friends. Contact officer email: <EMAIL>.,financial_cyber_fraud,Social Media Account Hijack
PR-RIV-2024-1331,custom_agency,2024-06-01,Institutional Complaint,"[Riverdale Police Bureau] Local dental clinic reported an attack that encrypted all patient history files, demanding 2 Bitcoin in payment. Contact officer email: fraud.unit@riverdalepolice.gov.","[Riverdale Police Bureau] Local dental clinic reported an attack that encrypted all patient history files, demanding 2 Bitcoin in payment. Contact officer email: <EMAIL>.",ransomware_extortion,Ransomware Hostage
PR-CEN-2024-1332,custom_agency,2024-06-01,Institutional Complaint,[Central City Police Bureau] Victim reported that their Instagram and email accounts were hijacked via SIM swapping and used to solicit money from friends. Contact officer email: fraud.unit@central citypolice.gov.,[Central City Police Bureau] Victim reported that their Instagram and email accounts were hijacked via SIM swapping and used to solicit money from friends. Contact officer email: fraud.unit@central citypolice.gov.,financial_cyber_fraud,Social Media Account Hijack
PR-GOT-2024-1333,custom_agency,2024-06-01,Institutional Complaint,"[Gotham Police Bureau] Victim lost $35,000 after being directed by an acquaintance to transfer Ethereum into a fake decentralized wallet app. Contact officer email: fraud.unit@gothampolice.gov.","[Gotham Police Bureau] Victim lost $35,000 after being directed by an acquaintance to transfer Ethereum into a fake decentralized wallet app. Contact officer email: <EMAIL>.",financial_cyber_fraud,Online Crypto Investment Scam
PR-MET-2024-1334,custom_agency,2024-06-01,Institutional Complaint,[Metropolis Police Bureau] Victim reported that their Instagram and email accounts were hijacked via SIM swapping and used to solicit money from friends. Contact officer email: fraud.unit@metropolispolice.gov.,[Metropolis Police Bureau] Victim reported that their Instagram and email accounts were hijacked via SIM swapping and used to solicit money from friends. Contact officer email: <EMAIL>.,financial_cyber_fraud,Social Media Account Hijack
PR-GOT-2024-1335,custom_agency,2024-06-01,Institutional Complaint,[Gotham Police Bureau] District online learning management system was subjected to an amplification DDoS attack during final examinations. Contact officer email: fraud.unit@gothampolice.gov.,[Gotham Police Bureau] District online learning management system was subjected to an amplification DDoS attack during final examinations. Contact officer email: <EMAIL>.,denial_of_service_disruption,DDoS Attack on School Portal
PR-STA-2024-1336,custom_agency,2024-06-01,Institutional Complaint,[Star City Police Bureau] District online learning management system was subjected to an amplification DDoS attack during final examinations. Contact officer email: fraud.unit@star citypolice.gov.,[Star City Police Bureau] District online learning management system was subjected to an amplification DDoS attack during final examinations. Contact officer email: fraud.unit@star citypolice.gov.,denial_of_service_disruption,DDoS Attack on School Portal
PR-MET-2024-1337,custom_agency,2024-06-01,Institutional Complaint,[Metropolis Police Bureau] District online learning management system was subjected to an amplification DDoS attack during final examinations. Contact officer email: fraud.unit@metropolispolice.gov.,[Metropolis Police Bureau] District online learning management system was subjected to an amplification DDoS attack during final examinations. Contact officer email: <EMAIL>.,denial_of_service_disruption,DDoS Attack on School Portal
PR-CEN-2024-1338,custom_agency,2024-06-01,Institutional Complaint,[Central City Police Bureau] District online learning management system was subjected to an amplification DDoS attack during final examinations. Contact officer email: fraud.unit@central citypolice.gov.,[Central City Police Bureau] District online learning management system was subjected to an amplification DDoS attack during final examinations. Contact officer email: fraud.unit@central citypolice.gov.,denial_of_service_disruption,DDoS Attack on School Portal
PR-RIV-2024-1339,custom_agency,2024-06-01,Institutional Complaint,"[Riverdale Police Bureau] Victim lost $35,000 after being directed by an acquaintance to transfer Ethereum into a fake decentralized wallet app. Contact officer email: fraud.unit@riverdalepolice.gov.","[Riverdale Police Bureau] Victim lost $35,000 after being directed by an acquaintance to transfer Ethereum into a fake decentralized wallet app. Contact officer email: <EMAIL>.",financial_cyber_fraud,Online Crypto Investment Scam
PR-GOT-2024-1340,custom_agency,2024-06-01,Institutional Complaint,"[Gotham Police Bureau] Complainant discovered that their national ID was used to secure an online personal loan of $12,000 without their knowledge. Contact officer email: fraud.unit@gothampolice.gov.","[Gotham Police Bureau] Complainant discovered that their national ID was used to secure an online personal loan of $12,000 without their knowledge. Contact officer email: <EMAIL>.",identity_theft_impersonation,Identity Theft / Bank Loan
PR-MET-2024-1341,custom_agency,2024-06-01,Institutional Complaint,[Metropolis Police Bureau] District online learning management system was subjected to an amplification DDoS attack during final examinations. Contact officer email: fraud.unit@metropolispolice.gov.,[Metropolis Police Bureau] District online learning management system was subjected to an amplification DDoS attack during final examinations. Contact officer email: <EMAIL>.,denial_of_service_disruption,DDoS Attack on School Portal
PR-GOT-2024-1342,custom_agency,2024-06-01,Institutional Complaint,[Gotham Police Bureau] District online learning management system was subjected to an amplification DDoS attack during final examinations. Contact officer email: fraud.unit@gothampolice.gov.,[Gotham Police Bureau] District online learning management system was subjected to an amplification DDoS attack during final examinations. Contact officer email: <EMAIL>.,denial_of_service_disruption,DDoS Attack on School Portal
PR-GOT-2024-1343,custom_agency,2024-06-01,Institutional Complaint,[Gotham Police Bureau] Victim reported that their Instagram and email accounts were hijacked via SIM swapping and used to solicit money from friends. Contact officer email: fraud.unit@gothampolice.gov.,[Gotham Police Bureau] Victim reported that their Instagram and email accounts were hijacked via SIM swapping and used to solicit money from friends. Contact officer email: <EMAIL>.,financial_cyber_fraud,Social Media Account Hijack
PR-STA-2024-1344,custom_agency,2024-06-01,Institutional Complaint,[Star City Police Bureau] District online learning management system was subjected to an amplification DDoS attack during final examinations. Contact officer email: fraud.unit@star citypolice.gov.,[Star City Police Bureau] District online learning management system was subjected to an amplification DDoS attack during final examinations. Contact officer email: fraud.unit@star citypolice.gov.,denial_of_service_disruption,DDoS Attack on School Portal
PR-CEN-2024-1345,custom_agency,2024-06-01,Institutional Complaint,[Central City Police Bureau] District online learning management system was subjected to an amplification DDoS attack during final examinations. Contact officer email: fraud.unit@central citypolice.gov.,[Central City Police Bureau] District online learning management system was subjected to an amplification DDoS attack during final examinations. Contact officer email: fraud.unit@central citypolice.gov.,denial_of_service_disruption,DDoS Attack on School Portal
PR-CEN-2024-1346,custom_agency,2024-06-01,Institutional Complaint,"[Central City Police Bureau] Local dental clinic reported an attack that encrypted all patient history files, demanding 2 Bitcoin in payment. Contact officer email: fraud.unit@central citypolice.gov.","[Central City Police Bureau] Local dental clinic reported an attack that encrypted all patient history files, demanding 2 Bitcoin in payment. Contact officer email: fraud.unit@central citypolice.gov.",ransomware_extortion,Ransomware Hostage
PR-CEN-2024-1347,custom_agency,2024-06-01,Institutional Complaint,"[Central City Police Bureau] Complainant discovered that their national ID was used to secure an online personal loan of $12,000 without their knowledge. Contact officer email: fraud.unit@central citypolice.gov.","[Central City Police Bureau] Complainant discovered that their national ID was used to secure an online personal loan of $12,000 without their knowledge. Contact officer email: fraud.unit@central citypolice.gov.",identity_theft_impersonation,Identity Theft / Bank Loan
PR-RIV-2024-1348,custom_agency,2024-06-01,Institutional Complaint,"[Riverdale Police Bureau] Financial controller received a spoofed email from the CEO demanding an urgent wire payment of $54,000 to an offshore vendor. Contact officer email: fraud.unit@riverdalepolice.gov.","[Riverdale Police Bureau] Financial controller received a spoofed email from the CEO demanding an urgent wire payment of $54,000 to an offshore vendor. Contact officer email: <EMAIL>.",phishing_social_engineering,Corporate Email Compromise
PR-GOT-2024-1349,custom_agency,2024-06-01,Institutional Complaint,[Gotham Police Bureau] Victim reported that their Instagram and email accounts were hijacked via SIM swapping and used to solicit money from friends. Contact officer email: fraud.unit@gothampolice.gov.,[Gotham Police Bureau] Victim reported that their Instagram and email accounts were hijacked via SIM swapping and used to solicit money from friends. Contact officer email: <EMAIL>.,financial_cyber_fraud,Social Media Account Hijack
PR-STA-2024-1350,custom_agency,2024-06-01,Institutional Complaint,[Star City Police Bureau] District online learning management system was subjected to an amplification DDoS attack during final examinations. Contact officer email: fraud.unit@star citypolice.gov.,[Star City Police Bureau] District online learning management system was subjected to an amplification DDoS attack during final examinations. Contact officer email: fraud.unit@star citypolice.gov.,denial_of_service_disruption,DDoS Attack on School Portal
PR-GOT-2024-1351,custom_agency,2024-06-01,Institutional Complaint,"[Gotham Police Bureau] Financial controller received a spoofed email from the CEO demanding an urgent wire payment of $54,000 to an offshore vendor. Contact officer email: fraud.unit@gothampolice.gov.","[Gotham Police Bureau] Financial controller received a spoofed email from the CEO demanding an urgent wire payment of $54,000 to an offshore vendor. Contact officer email: <EMAIL>.",phishing_social_engineering,Corporate Email Compromise
PR-RIV-2024-1352,custom_agency,2024-06-01,Institutional Complaint,"[Riverdale Police Bureau] Local dental clinic reported an attack that encrypted all patient history files, demanding 2 Bitcoin in payment. Contact officer email: fraud.unit@riverdalepolice.gov.","[Riverdale Police Bureau] Local dental clinic reported an attack that encrypted all patient history files, demanding 2 Bitcoin in payment. Contact officer email: <EMAIL>.",ransomware_extortion,Ransomware Hostage
PR-RIV-2024-1353,custom_agency,2024-06-01,Institutional Complaint,[Riverdale Police Bureau] District online learning management system was subjected to an amplification DDoS attack during final examinations. Contact officer email: fraud.unit@riverdalepolice.gov.,[Riverdale Police Bureau] District online learning management system was subjected to an amplification DDoS attack during final examinations. Contact officer email: <EMAIL>.,denial_of_service_disruption,DDoS Attack on School Portal
PR-RIV-2024-1354,custom_agency,2024-06-01,Institutional Complaint,"[Riverdale Police Bureau] Victim lost $35,000 after being directed by an acquaintance to transfer Ethereum into a fake decentralized wallet app. Contact officer email: fraud.unit@riverdalepolice.gov.","[Riverdale Police Bureau] Victim lost $35,000 after being directed by an acquaintance to transfer Ethereum into a fake decentralized wallet app. Contact officer email: <EMAIL>.",financial_cyber_fraud,Online Crypto Investment Scam
PR-STA-2024-1355,custom_agency,2024-06-01,Institutional Complaint,"[Star City Police Bureau] Financial controller received a spoofed email from the CEO demanding an urgent wire payment of $54,000 to an offshore vendor. Contact officer email: fraud.unit@star citypolice.gov.","[Star City Police Bureau] Financial controller received a spoofed email from the CEO demanding an urgent wire payment of $54,000 to an offshore vendor. Contact officer email: fraud.unit@star citypolice.gov.",phishing_social_engineering,Corporate Email Compromise
PR-CEN-2024-1356,custom_agency,2024-06-01,Institutional Complaint,[Central City Police Bureau] Victim reported that their Instagram and email accounts were hijacked via SIM swapping and used to solicit money from friends. Contact officer email: fraud.unit@central citypolice.gov.,[Central City Police Bureau] Victim reported that their Instagram and email accounts were hijacked via SIM swapping and used to solicit money from friends. Contact officer email: fraud.unit@central citypolice.gov.,financial_cyber_fraud,Social Media Account Hijack
PR-GOT-2024-1357,custom_agency,2024-06-01,Institutional Complaint,"[Gotham Police Bureau] Local dental clinic reported an attack that encrypted all patient history files, demanding 2 Bitcoin in payment. Contact officer email: fraud.unit@gothampolice.gov.","[Gotham Police Bureau] Local dental clinic reported an attack that encrypted all patient history files, demanding 2 Bitcoin in payment. Contact officer email: <EMAIL>.",ransomware_extortion,Ransomware Hostage
PR-CEN-2024-1358,custom_agency,2024-06-01,Institutional Complaint,[Central City Police Bureau] Victim reported that their Instagram and email accounts were hijacked via SIM swapping and used to solicit money from friends. Contact officer email: fraud.unit@central citypolice.gov.,[Central City Police Bureau] Victim reported that their Instagram and email accounts were hijacked via SIM swapping and used to solicit money from friends. Contact officer email: fraud.unit@central citypolice.gov.,financial_cyber_fraud,Social Media Account Hijack
PR-RIV-2024-1359,custom_agency,2024-06-01,Institutional Complaint,"[Riverdale Police Bureau] Financial controller received a spoofed email from the CEO demanding an urgent wire payment of $54,000 to an offshore vendor. Contact officer email: fraud.unit@riverdalepolice.gov.","[Riverdale Police Bureau] Financial controller received a spoofed email from the CEO demanding an urgent wire payment of $54,000 to an offshore vendor. Contact officer email: <EMAIL>.",phishing_social_engineering,Corporate Email Compromise
PR-CEN-2024-1360,custom_agency,2024-06-01,Institutional Complaint,"[Central City Police Bureau] Financial controller received a spoofed email from the CEO demanding an urgent wire payment of $54,000 to an offshore vendor. Contact officer email: fraud.unit@central citypolice.gov.","[Central City Police Bureau] Financial controller received a spoofed email from the CEO demanding an urgent wire payment of $54,000 to an offshore vendor. Contact officer email: fraud.unit@central citypolice.gov.",phishing_social_engineering,Corporate Email Compromise
PR-CEN-2024-1361,custom_agency,2024-06-01,Institutional Complaint,"[Central City Police Bureau] Victim lost $35,000 after being directed by an acquaintance to transfer Ethereum into a fake decentralized wallet app. Contact officer email: fraud.unit@central citypolice.gov.","[Central City Police Bureau] Victim lost $35,000 after being directed by an acquaintance to transfer Ethereum into a fake decentralized wallet app. Contact officer email: fraud.unit@central citypolice.gov.",financial_cyber_fraud,Online Crypto Investment Scam
PR-RIV-2024-1362,custom_agency,2024-06-01,Institutional Complaint,"[Riverdale Police Bureau] Victim lost $35,000 after being directed by an acquaintance to transfer Ethereum into a fake decentralized wallet app. Contact officer email: fraud.unit@riverdalepolice.gov.","[Riverdale Police Bureau] Victim lost $35,000 after being directed by an acquaintance to transfer Ethereum into a fake decentralized wallet app. Contact officer email: <EMAIL>.",financial_cyber_fraud,Online Crypto Investment Scam
PR-STA-2024-1363,custom_agency,2024-06-01,Institutional Complaint,[Star City Police Bureau] Victim reported that their Instagram and email accounts were hijacked via SIM swapping and used to solicit money from friends. Contact officer email: fraud.unit@star citypolice.gov.,[Star City Police Bureau] Victim reported that their Instagram and email accounts were hijacked via SIM swapping and used to solicit money from friends. Contact officer email: fraud.unit@star citypolice.gov.,financial_cyber_fraud,Social Media Account Hijack
PR-GOT-2024-1364,custom_agency,2024-06-01,Institutional Complaint,[Gotham Police Bureau] District online learning management system was subjected to an amplification DDoS attack during final examinations. Contact officer email: fraud.unit@gothampolice.gov.,[Gotham Police Bureau] District online learning management system was subjected to an amplification DDoS attack during final examinations. Contact officer email: <EMAIL>.,denial_of_service_disruption,DDoS Attack on School Portal
PR-CEN-2024-1365,custom_agency,2024-06-01,Institutional Complaint,"[Central City Police Bureau] Complainant discovered that their national ID was used to secure an online personal loan of $12,000 without their knowledge. Contact officer email: fraud.unit@central citypolice.gov.","[Central City Police Bureau] Complainant discovered that their national ID was used to secure an online personal loan of $12,000 without their knowledge. Contact officer email: fraud.unit@central citypolice.gov.",identity_theft_impersonation,Identity Theft / Bank Loan
PR-CEN-2024-1366,custom_agency,2024-06-01,Institutional Complaint,[Central City Police Bureau] Victim reported that their Instagram and email accounts were hijacked via SIM swapping and used to solicit money from friends. Contact officer email: fraud.unit@central citypolice.gov.,[Central City Police Bureau] Victim reported that their Instagram and email accounts were hijacked via SIM swapping and used to solicit money from friends. Contact officer email: fraud.unit@central citypolice.gov.,financial_cyber_fraud,Social Media Account Hijack
PR-MET-2024-1367,custom_agency,2024-06-01,Institutional Complaint,[Metropolis Police Bureau] District online learning management system was subjected to an amplification DDoS attack during final examinations. Contact officer email: fraud.unit@metropolispolice.gov.,[Metropolis Police Bureau] District online learning management system was subjected to an amplification DDoS attack during final examinations. Contact officer email: <EMAIL>.,denial_of_service_disruption,DDoS Attack on School Portal
PR-CEN-2024-1368,custom_agency,2024-06-01,Institutional Complaint,"[Central City Police Bureau] Local dental clinic reported an attack that encrypted all patient history files, demanding 2 Bitcoin in payment. Contact officer email: fraud.unit@central citypolice.gov.","[Central City Police Bureau] Local dental clinic reported an attack that encrypted all patient history files, demanding 2 Bitcoin in payment. Contact officer email: fraud.unit@central citypolice.gov.",ransomware_extortion,Ransomware Hostage
PR-MET-2024-1369,custom_agency,2024-06-01,Institutional Complaint,"[Metropolis Police Bureau] Complainant discovered that their national ID was used to secure an online personal loan of $12,000 without their knowledge. Contact officer email: fraud.unit@metropolispolice.gov.","[Metropolis Police Bureau] Complainant discovered that their national ID was used to secure an online personal loan of $12,000 without their knowledge. Contact officer email: <EMAIL>.",identity_theft_impersonation,Identity Theft / Bank Loan
PR-GOT-2024-1370,custom_agency,2024-06-01,Institutional Complaint,"[Gotham Police Bureau] Victim lost $35,000 after being directed by an acquaintance to transfer Ethereum into a fake decentralized wallet app. Contact officer email: fraud.unit@gothampolice.gov.","[Gotham Police Bureau] Victim lost $35,000 after being directed by an acquaintance to transfer Ethereum into a fake decentralized wallet app. Contact officer email: <EMAIL>.",financial_cyber_fraud,Online Crypto Investment Scam
PR-CEN-2024-1371,custom_agency,2024-06-01,Institutional Complaint,"[Central City Police Bureau] Financial controller received a spoofed email from the CEO demanding an urgent wire payment of $54,000 to an offshore vendor. Contact officer email: fraud.unit@central citypolice.gov.","[Central City Police Bureau] Financial controller received a spoofed email from the CEO demanding an urgent wire payment of $54,000 to an offshore vendor. Contact officer email: fraud.unit@central citypolice.gov.",phishing_social_engineering,Corporate Email Compromise
PR-CEN-2024-1372,custom_agency,2024-06-01,Institutional Complaint,"[Central City Police Bureau] Financial controller received a spoofed email from the CEO demanding an urgent wire payment of $54,000 to an offshore vendor. Contact officer email: fraud.unit@central citypolice.gov.","[Central City Police Bureau] Financial controller received a spoofed email from the CEO demanding an urgent wire payment of $54,000 to an offshore vendor. Contact officer email: fraud.unit@central citypolice.gov.",phishing_social_engineering,Corporate Email Compromise
PR-STA-2024-1373,custom_agency,2024-06-01,Institutional Complaint,"[Star City Police Bureau] Victim lost $35,000 after being directed by an acquaintance to transfer Ethereum into a fake decentralized wallet app. Contact officer email: fraud.unit@star citypolice.gov.","[Star City Police Bureau] Victim lost $35,000 after being directed by an acquaintance to transfer Ethereum into a fake decentralized wallet app. Contact officer email: fraud.unit@star citypolice.gov.",financial_cyber_fraud,Online Crypto Investment Scam
PR-RIV-2024-1374,custom_agency,2024-06-01,Institutional Complaint,"[Riverdale Police Bureau] Victim lost $35,000 after being directed by an acquaintance to transfer Ethereum into a fake decentralized wallet app. Contact officer email: fraud.unit@riverdalepolice.gov.","[Riverdale Police Bureau] Victim lost $35,000 after being directed by an acquaintance to transfer Ethereum into a fake decentralized wallet app. Contact officer email: <EMAIL>.",financial_cyber_fraud,Online Crypto Investment Scam
PR-MET-2024-1375,custom_agency,2024-06-01,Institutional Complaint,"[Metropolis Police Bureau] Financial controller received a spoofed email from the CEO demanding an urgent wire payment of $54,000 to an offshore vendor. Contact officer email: fraud.unit@metropolispolice.gov.","[Metropolis Police Bureau] Financial controller received a spoofed email from the CEO demanding an urgent wire payment of $54,000 to an offshore vendor. Contact officer email: <EMAIL>.",phishing_social_engineering,Corporate Email Compromise
PR-GOT-2024-1376,custom_agency,2024-06-01,Institutional Complaint,"[Gotham Police Bureau] Local dental clinic reported an attack that encrypted all patient history files, demanding 2 Bitcoin in payment. Contact officer email: fraud.unit@gothampolice.gov.","[Gotham Police Bureau] Local dental clinic reported an attack that encrypted all patient history files, demanding 2 Bitcoin in payment. Contact officer email: <EMAIL>.",ransomware_extortion,Ransomware Hostage
PR-GOT-2024-1377,custom_agency,2024-06-01,Institutional Complaint,[Gotham Police Bureau] Victim reported that their Instagram and email accounts were hijacked via SIM swapping and used to solicit money from friends. Contact officer email: fraud.unit@gothampolice.gov.,[Gotham Police Bureau] Victim reported that their Instagram and email accounts were hijacked via SIM swapping and used to solicit money from friends. Contact officer email: <EMAIL>.,financial_cyber_fraud,Social Media Account Hijack
PR-STA-2024-1378,custom_agency,2024-06-01,Institutional Complaint,"[Star City Police Bureau] Victim lost $35,000 after being directed by an acquaintance to transfer Ethereum into a fake decentralized wallet app. Contact officer email: fraud.unit@star citypolice.gov.","[Star City Police Bureau] Victim lost $35,000 after being directed by an acquaintance to transfer Ethereum into a fake decentralized wallet app. Contact officer email: fraud.unit@star citypolice.gov.",financial_cyber_fraud,Online Crypto Investment Scam
PR-GOT-2024-1379,custom_agency,2024-06-01,Institutional Complaint,"[Gotham Police Bureau] Local dental clinic reported an attack that encrypted all patient history files, demanding 2 Bitcoin in payment. Contact officer email: fraud.unit@gothampolice.gov.","[Gotham Police Bureau] Local dental clinic reported an attack that encrypted all patient history files, demanding 2 Bitcoin in payment. Contact officer email: <EMAIL>.",ransomware_extortion,Ransomware Hostage
PR-GOT-2024-1380,custom_agency,2024-06-01,Institutional Complaint,"[Gotham Police Bureau] Financial controller received a spoofed email from the CEO demanding an urgent wire payment of $54,000 to an offshore vendor. Contact officer email: fraud.unit@gothampolice.gov.","[Gotham Police Bureau] Financial controller received a spoofed email from the CEO demanding an urgent wire payment of $54,000 to an offshore vendor. Contact officer email: <EMAIL>.",phishing_social_engineering,Corporate Email Compromise
PR-GOT-2024-1381,custom_agency,2024-06-01,Institutional Complaint,"[Gotham Police Bureau] Complainant discovered that their national ID was used to secure an online personal loan of $12,000 without their knowledge. Contact officer email: fraud.unit@gothampolice.gov.","[Gotham Police Bureau] Complainant discovered that their national ID was used to secure an online personal loan of $12,000 without their knowledge. Contact officer email: <EMAIL>.",identity_theft_impersonation,Identity Theft / Bank Loan
PR-GOT-2024-1382,custom_agency,2024-06-01,Institutional Complaint,[Gotham Police Bureau] Victim reported that their Instagram and email accounts were hijacked via SIM swapping and used to solicit money from friends. Contact officer email: fraud.unit@gothampolice.gov.,[Gotham Police Bureau] Victim reported that their Instagram and email accounts were hijacked via SIM swapping and used to solicit money from friends. Contact officer email: <EMAIL>.,financial_cyber_fraud,Social Media Account Hijack
PR-CEN-2024-1383,custom_agency,2024-06-01,Institutional Complaint,"[Central City Police Bureau] Complainant discovered that their national ID was used to secure an online personal loan of $12,000 without their knowledge. Contact officer email: fraud.unit@central citypolice.gov.","[Central City Police Bureau] Complainant discovered that their national ID was used to secure an online personal loan of $12,000 without their knowledge. Contact officer email: fraud.unit@central citypolice.gov.",identity_theft_impersonation,Identity Theft / Bank Loan
PR-RIV-2024-1384,custom_agency,2024-06-01,Institutional Complaint,"[Riverdale Police Bureau] Complainant discovered that their national ID was used to secure an online personal loan of $12,000 without their knowledge. Contact officer email: fraud.unit@riverdalepolice.gov.","[Riverdale Police Bureau] Complainant discovered that their national ID was used to secure an online personal loan of $12,000 without their knowledge. Contact officer email: <EMAIL>.",identity_theft_impersonation,Identity Theft / Bank Loan
PR-STA-2024-1385,custom_agency,2024-06-01,Institutional Complaint,"[Star City Police Bureau] Victim lost $35,000 after being directed by an acquaintance to transfer Ethereum into a fake decentralized wallet app. Contact officer email: fraud.unit@star citypolice.gov.","[Star City Police Bureau] Victim lost $35,000 after being directed by an acquaintance to transfer Ethereum into a fake decentralized wallet app. Contact officer email: fraud.unit@star citypolice.gov.",financial_cyber_fraud,Online Crypto Investment Scam
PR-RIV-2024-1386,custom_agency,2024-06-01,Institutional Complaint,"[Riverdale Police Bureau] Financial controller received a spoofed email from the CEO demanding an urgent wire payment of $54,000 to an offshore vendor. Contact officer email: fraud.unit@riverdalepolice.gov.","[Riverdale Police Bureau] Financial controller received a spoofed email from the CEO demanding an urgent wire payment of $54,000 to an offshore vendor. Contact officer email: <EMAIL>.",phishing_social_engineering,Corporate Email Compromise
PR-CEN-2024-1387,custom_agency,2024-06-01,Institutional Complaint,[Central City Police Bureau] Victim reported that their Instagram and email accounts were hijacked via SIM swapping and used to solicit money from friends. Contact officer email: fraud.unit@central citypolice.gov.,[Central City Police Bureau] Victim reported that their Instagram and email accounts were hijacked via SIM swapping and used to solicit money from friends. Contact officer email: fraud.unit@central citypolice.gov.,financial_cyber_fraud,Social Media Account Hijack
PR-RIV-2024-1388,custom_agency,2024-06-01,Institutional Complaint,[Riverdale Police Bureau] Victim reported that their Instagram and email accounts were hijacked via SIM swapping and used to solicit money from friends. Contact officer email: fraud.unit@riverdalepolice.gov.,[Riverdale Police Bureau] Victim reported that their Instagram and email accounts were hijacked via SIM swapping and used to solicit money from friends. Contact officer email: <EMAIL>.,financial_cyber_fraud,Social Media Account Hijack
PR-STA-2024-1389,custom_agency,2024-06-01,Institutional Complaint,"[Star City Police Bureau] Local dental clinic reported an attack that encrypted all patient history files, demanding 2 Bitcoin in payment. Contact officer email: fraud.unit@star citypolice.gov.","[Star City Police Bureau] Local dental clinic reported an attack that encrypted all patient history files, demanding 2 Bitcoin in payment. Contact officer email: fraud.unit@star citypolice.gov.",ransomware_extortion,Ransomware Hostage
PR-MET-2024-1390,custom_agency,2024-06-01,Institutional Complaint,"[Metropolis Police Bureau] Victim lost $35,000 after being directed by an acquaintance to transfer Ethereum into a fake decentralized wallet app. Contact officer email: fraud.unit@metropolispolice.gov.","[Metropolis Police Bureau] Victim lost $35,000 after being directed by an acquaintance to transfer Ethereum into a fake decentralized wallet app. Contact officer email: <EMAIL>.",financial_cyber_fraud,Online Crypto Investment Scam
PR-CEN-2024-1391,custom_agency,2024-06-01,Institutional Complaint,[Central City Police Bureau] Victim reported that their Instagram and email accounts were hijacked via SIM swapping and used to solicit money from friends. Contact officer email: fraud.unit@central citypolice.gov.,[Central City Police Bureau] Victim reported that their Instagram and email accounts were hijacked via SIM swapping and used to solicit money from friends. Contact officer email: fraud.unit@central citypolice.gov.,financial_cyber_fraud,Social Media Account Hijack
PR-GOT-2024-1392,custom_agency,2024-06-01,Institutional Complaint,"[Gotham Police Bureau] Local dental clinic reported an attack that encrypted all patient history files, demanding 2 Bitcoin in payment. Contact officer email: fraud.unit@gothampolice.gov.","[Gotham Police Bureau] Local dental clinic reported an attack that encrypted all patient history files, demanding 2 Bitcoin in payment. Contact officer email: <EMAIL>.",ransomware_extortion,Ransomware Hostage
PR-GOT-2024-1393,custom_agency,2024-06-01,Institutional Complaint,"[Gotham Police Bureau] Victim lost $35,000 after being directed by an acquaintance to transfer Ethereum into a fake decentralized wallet app. Contact officer email: fraud.unit@gothampolice.gov.","[Gotham Police Bureau] Victim lost $35,000 after being directed by an acquaintance to transfer Ethereum into a fake decentralized wallet app. Contact officer email: <EMAIL>.",financial_cyber_fraud,Online Crypto Investment Scam
PR-RIV-2024-1394,custom_agency,2024-06-01,Institutional Complaint,"[Riverdale Police Bureau] Financial controller received a spoofed email from the CEO demanding an urgent wire payment of $54,000 to an offshore vendor. Contact officer email: fraud.unit@riverdalepolice.gov.","[Riverdale Police Bureau] Financial controller received a spoofed email from the CEO demanding an urgent wire payment of $54,000 to an offshore vendor. Contact officer email: <EMAIL>.",phishing_social_engineering,Corporate Email Compromise
PR-CEN-2024-1395,custom_agency,2024-06-01,Institutional Complaint,[Central City Police Bureau] Victim reported that their Instagram and email accounts were hijacked via SIM swapping and used to solicit money from friends. Contact officer email: fraud.unit@central citypolice.gov.,[Central City Police Bureau] Victim reported that their Instagram and email accounts were hijacked via SIM swapping and used to solicit money from friends. Contact officer email: fraud.unit@central citypolice.gov.,financial_cyber_fraud,Social Media Account Hijack
PR-RIV-2024-1396,custom_agency,2024-06-01,Institutional Complaint,[Riverdale Police Bureau] Victim reported that their Instagram and email accounts were hijacked via SIM swapping and used to solicit money from friends. Contact officer email: fraud.unit@riverdalepolice.gov.,[Riverdale Police Bureau] Victim reported that their Instagram and email accounts were hijacked via SIM swapping and used to solicit money from friends. Contact officer email: <EMAIL>.,financial_cyber_fraud,Social Media Account Hijack
PR-GOT-2024-1397,custom_agency,2024-06-01,Institutional Complaint,"[Gotham Police Bureau] Local dental clinic reported an attack that encrypted all patient history files, demanding 2 Bitcoin in payment. Contact officer email: fraud.unit@gothampolice.gov.","[Gotham Police Bureau] Local dental clinic reported an attack that encrypted all patient history files, demanding 2 Bitcoin in payment. Contact officer email: <EMAIL>.",ransomware_extortion,Ransomware Hostage
PR-MET-2024-1398,custom_agency,2024-06-01,Institutional Complaint,"[Metropolis Police Bureau] Complainant discovered that their national ID was used to secure an online personal loan of $12,000 without their knowledge. Contact officer email: fraud.unit@metropolispolice.gov.","[Metropolis Police Bureau] Complainant discovered that their national ID was used to secure an online personal loan of $12,000 without their knowledge. Contact officer email: <EMAIL>.",identity_theft_impersonation,Identity Theft / Bank Loan
PR-RIV-2024-1399,custom_agency,2024-06-01,Institutional Complaint,[Riverdale Police Bureau] Victim reported that their Instagram and email accounts were hijacked via SIM swapping and used to solicit money from friends. Contact officer email: fraud.unit@riverdalepolice.gov.,[Riverdale Police Bureau] Victim reported that their Instagram and email accounts were hijacked via SIM swapping and used to solicit money from friends. Contact officer email: <EMAIL>.,financial_cyber_fraud,Social Media Account Hijack
PR-STA-2024-1400,custom_agency,2024-06-01,Institutional Complaint,"[Star City Police Bureau] Financial controller received a spoofed email from the CEO demanding an urgent wire payment of $54,000 to an offshore vendor. Contact officer email: fraud.unit@star citypolice.gov.","[Star City Police Bureau] Financial controller received a spoofed email from the CEO demanding an urgent wire payment of $54,000 to an offshore vendor. Contact officer email: fraud.unit@star citypolice.gov.",phishing_social_engineering,Corporate Email Compromise
PR-STA-2024-1401,custom_agency,2024-06-01,Institutional Complaint,[Star City Police Bureau] District online learning management system was subjected to an amplification DDoS attack during final examinations. Contact officer email: fraud.unit@star citypolice.gov.,[Star City Police Bureau] District online learning management system was subjected to an amplification DDoS attack during final examinations. Contact officer email: fraud.unit@star citypolice.gov.,denial_of_service_disruption,DDoS Attack on School Portal
PR-GOT-2024-1402,custom_agency,2024-06-01,Institutional Complaint,[Gotham Police Bureau] District online learning management system was subjected to an amplification DDoS attack during final examinations. Contact officer email: fraud.unit@gothampolice.gov.,[Gotham Police Bureau] District online learning management system was subjected to an amplification DDoS attack during final examinations. Contact officer email: <EMAIL>.,denial_of_service_disruption,DDoS Attack on School Portal
PR-MET-2024-1403,custom_agency,2024-06-01,Institutional Complaint,"[Metropolis Police Bureau] Complainant discovered that their national ID was used to secure an online personal loan of $12,000 without their knowledge. Contact officer email: fraud.unit@metropolispolice.gov.","[Metropolis Police Bureau] Complainant discovered that their national ID was used to secure an online personal loan of $12,000 without their knowledge. Contact officer email: <EMAIL>.",identity_theft_impersonation,Identity Theft / Bank Loan
PR-MET-2024-1404,custom_agency,2024-06-01,Institutional Complaint,"[Metropolis Police Bureau] Local dental clinic reported an attack that encrypted all patient history files, demanding 2 Bitcoin in payment. Contact officer email: fraud.unit@metropolispolice.gov.","[Metropolis Police Bureau] Local dental clinic reported an attack that encrypted all patient history files, demanding 2 Bitcoin in payment. Contact officer email: <EMAIL>.",ransomware_extortion,Ransomware Hostage
PR-MET-2024-1405,custom_agency,2024-06-01,Institutional Complaint,[Metropolis Police Bureau] Victim reported that their Instagram and email accounts were hijacked via SIM swapping and used to solicit money from friends. Contact officer email: fraud.unit@metropolispolice.gov.,[Metropolis Police Bureau] Victim reported that their Instagram and email accounts were hijacked via SIM swapping and used to solicit money from friends. Contact officer email: <EMAIL>.,financial_cyber_fraud,Social Media Account Hijack
PR-STA-2024-1406,custom_agency,2024-06-01,Institutional Complaint,[Star City Police Bureau] District online learning management system was subjected to an amplification DDoS attack during final examinations. Contact officer email: fraud.unit@star citypolice.gov.,[Star City Police Bureau] District online learning management system was subjected to an amplification DDoS attack during final examinations. Contact officer email: fraud.unit@star citypolice.gov.,denial_of_service_disruption,DDoS Attack on School Portal
PR-GOT-2024-1407,custom_agency,2024-06-01,Institutional Complaint,"[Gotham Police Bureau] Complainant discovered that their national ID was used to secure an online personal loan of $12,000 without their knowledge. Contact officer email: fraud.unit@gothampolice.gov.","[Gotham Police Bureau] Complainant discovered that their national ID was used to secure an online personal loan of $12,000 without their knowledge. Contact officer email: <EMAIL>.",identity_theft_impersonation,Identity Theft / Bank Loan
PR-RIV-2024-1408,custom_agency,2024-06-01,Institutional Complaint,"[Riverdale Police Bureau] Local dental clinic reported an attack that encrypted all patient history files, demanding 2 Bitcoin in payment. Contact officer email: fraud.unit@riverdalepolice.gov.","[Riverdale Police Bureau] Local dental clinic reported an attack that encrypted all patient history files, demanding 2 Bitcoin in payment. Contact officer email: <EMAIL>.",ransomware_extortion,Ransomware Hostage
PR-RIV-2024-1409,custom_agency,2024-06-01,Institutional Complaint,"[Riverdale Police Bureau] Complainant discovered that their national ID was used to secure an online personal loan of $12,000 without their knowledge. Contact officer email: fraud.unit@riverdalepolice.gov.","[Riverdale Police Bureau] Complainant discovered that their national ID was used to secure an online personal loan of $12,000 without their knowledge. Contact officer email: <EMAIL>.",identity_theft_impersonation,Identity Theft / Bank Loan
PR-STA-2024-1410,custom_agency,2024-06-01,Institutional Complaint,"[Star City Police Bureau] Complainant discovered that their national ID was used to secure an online personal loan of $12,000 without their knowledge. Contact officer email: fraud.unit@star citypolice.gov.","[Star City Police Bureau] Complainant discovered that their national ID was used to secure an online personal loan of $12,000 without their knowledge. Contact officer email: fraud.unit@star citypolice.gov.",identity_theft_impersonation,Identity Theft / Bank Loan
PR-MET-2024-1411,custom_agency,2024-06-01,Institutional Complaint,[Metropolis Police Bureau] District online learning management system was subjected to an amplification DDoS attack during final examinations. Contact officer email: fraud.unit@metropolispolice.gov.,[Metropolis Police Bureau] District online learning management system was subjected to an amplification DDoS attack during final examinations. Contact officer email: <EMAIL>.,denial_of_service_disruption,DDoS Attack on School Portal
PR-CEN-2024-1412,custom_agency,2024-06-01,Institutional Complaint,"[Central City Police Bureau] Local dental clinic reported an attack that encrypted all patient history files, demanding 2 Bitcoin in payment. Contact officer email: fraud.unit@central citypolice.gov.","[Central City Police Bureau] Local dental clinic reported an attack that encrypted all patient history files, demanding 2 Bitcoin in payment. Contact officer email: fraud.unit@central citypolice.gov.",ransomware_extortion,Ransomware Hostage
PR-MET-2024-1413,custom_agency,2024-06-01,Institutional Complaint,"[Metropolis Police Bureau] Local dental clinic reported an attack that encrypted all patient history files, demanding 2 Bitcoin in payment. Contact officer email: fraud.unit@metropolispolice.gov.","[Metropolis Police Bureau] Local dental clinic reported an attack that encrypted all patient history files, demanding 2 Bitcoin in payment. Contact officer email: <EMAIL>.",ransomware_extortion,Ransomware Hostage
PR-STA-2024-1414,custom_agency,2024-06-01,Institutional Complaint,"[Star City Police Bureau] Financial controller received a spoofed email from the CEO demanding an urgent wire payment of $54,000 to an offshore vendor. Contact officer email: fraud.unit@star citypolice.gov.","[Star City Police Bureau] Financial controller received a spoofed email from the CEO demanding an urgent wire payment of $54,000 to an offshore vendor. Contact officer email: fraud.unit@star citypolice.gov.",phishing_social_engineering,Corporate Email Compromise
PR-GOT-2024-1415,custom_agency,2024-06-01,Institutional Complaint,[Gotham Police Bureau] Victim reported that their Instagram and email accounts were hijacked via SIM swapping and used to solicit money from friends. Contact officer email: fraud.unit@gothampolice.gov.,[Gotham Police Bureau] Victim reported that their Instagram and email accounts were hijacked via SIM swapping and used to solicit money from friends. Contact officer email: <EMAIL>.,financial_cyber_fraud,Social Media Account Hijack
PR-STA-2024-1416,custom_agency,2024-06-01,Institutional Complaint,[Star City Police Bureau] District online learning management system was subjected to an amplification DDoS attack during final examinations. Contact officer email: fraud.unit@star citypolice.gov.,[Star City Police Bureau] District online learning management system was subjected to an amplification DDoS attack during final examinations. Contact officer email: fraud.unit@star citypolice.gov.,denial_of_service_disruption,DDoS Attack on School Portal
PR-STA-2024-1417,custom_agency,2024-06-01,Institutional Complaint,"[Star City Police Bureau] Financial controller received a spoofed email from the CEO demanding an urgent wire payment of $54,000 to an offshore vendor. Contact officer email: fraud.unit@star citypolice.gov.","[Star City Police Bureau] Financial controller received a spoofed email from the CEO demanding an urgent wire payment of $54,000 to an offshore vendor. Contact officer email: fraud.unit@star citypolice.gov.",phishing_social_engineering,Corporate Email Compromise
PR-RIV-2024-1418,custom_agency,2024-06-01,Institutional Complaint,"[Riverdale Police Bureau] Local dental clinic reported an attack that encrypted all patient history files, demanding 2 Bitcoin in payment. Contact officer email: fraud.unit@riverdalepolice.gov.","[Riverdale Police Bureau] Local dental clinic reported an attack that encrypted all patient history files, demanding 2 Bitcoin in payment. Contact officer email: <EMAIL>.",ransomware_extortion,Ransomware Hostage
PR-MET-2024-1419,custom_agency,2024-06-01,Institutional Complaint,[Metropolis Police Bureau] District online learning management system was subjected to an amplification DDoS attack during final examinations. Contact officer email: fraud.unit@metropolispolice.gov.,[Metropolis Police Bureau] District online learning management system was subjected to an amplification DDoS attack during final examinations. Contact officer email: <EMAIL>.,denial_of_service_disruption,DDoS Attack on School Portal
PR-STA-2024-1420,custom_agency,2024-06-01,Institutional Complaint,[Star City Police Bureau] Victim reported that their Instagram and email accounts were hijacked via SIM swapping and used to solicit money from friends. Contact officer email: fraud.unit@star citypolice.gov.,[Star City Police Bureau] Victim reported that their Instagram and email accounts were hijacked via SIM swapping and used to solicit money from friends. Contact officer email: fraud.unit@star citypolice.gov.,financial_cyber_fraud,Social Media Account Hijack
PR-STA-2024-1421,custom_agency,2024-06-01,Institutional Complaint,"[Star City Police Bureau] Victim lost $35,000 after being directed by an acquaintance to transfer Ethereum into a fake decentralized wallet app. Contact officer email: fraud.unit@star citypolice.gov.","[Star City Police Bureau] Victim lost $35,000 after being directed by an acquaintance to transfer Ethereum into a fake decentralized wallet app. Contact officer email: fraud.unit@star citypolice.gov.",financial_cyber_fraud,Online Crypto Investment Scam
PR-CEN-2024-1422,custom_agency,2024-06-01,Institutional Complaint,"[Central City Police Bureau] Victim lost $35,000 after being directed by an acquaintance to transfer Ethereum into a fake decentralized wallet app. Contact officer email: fraud.unit@central citypolice.gov.","[Central City Police Bureau] Victim lost $35,000 after being directed by an acquaintance to transfer Ethereum into a fake decentralized wallet app. Contact officer email: fraud.unit@central citypolice.gov.",financial_cyber_fraud,Online Crypto Investment Scam
PR-RIV-2024-1423,custom_agency,2024-06-01,Institutional Complaint,"[Riverdale Police Bureau] Victim lost $35,000 after being directed by an acquaintance to transfer Ethereum into a fake decentralized wallet app. Contact officer email: fraud.unit@riverdalepolice.gov.","[Riverdale Police Bureau] Victim lost $35,000 after being directed by an acquaintance to transfer Ethereum into a fake decentralized wallet app. Contact officer email: <EMAIL>.",financial_cyber_fraud,Online Crypto Investment Scam
PR-CEN-2024-1424,custom_agency,2024-06-01,Institutional Complaint,"[Central City Police Bureau] Victim lost $35,000 after being directed by an acquaintance to transfer Ethereum into a fake decentralized wallet app. Contact officer email: fraud.unit@central citypolice.gov.","[Central City Police Bureau] Victim lost $35,000 after being directed by an acquaintance to transfer Ethereum into a fake decentralized wallet app. Contact officer email: fraud.unit@central citypolice.gov.",financial_cyber_fraud,Online Crypto Investment Scam
PR-STA-2024-1425,custom_agency,2024-06-01,Institutional Complaint,[Star City Police Bureau] Victim reported that their Instagram and email accounts were hijacked via SIM swapping and used to solicit money from friends. Contact officer email: fraud.unit@star citypolice.gov.,[Star City Police Bureau] Victim reported that their Instagram and email accounts were hijacked via SIM swapping and used to solicit money from friends. Contact officer email: fraud.unit@star citypolice.gov.,financial_cyber_fraud,Social Media Account Hijack
PR-RIV-2024-1426,custom_agency,2024-06-01,Institutional Complaint,"[Riverdale Police Bureau] Local dental clinic reported an attack that encrypted all patient history files, demanding 2 Bitcoin in payment. Contact officer email: fraud.unit@riverdalepolice.gov.","[Riverdale Police Bureau] Local dental clinic reported an attack that encrypted all patient history files, demanding 2 Bitcoin in payment. Contact officer email: <EMAIL>.",ransomware_extortion,Ransomware Hostage
PR-GOT-2024-1427,custom_agency,2024-06-01,Institutional Complaint,"[Gotham Police Bureau] Complainant discovered that their national ID was used to secure an online personal loan of $12,000 without their knowledge. Contact officer email: fraud.unit@gothampolice.gov.","[Gotham Police Bureau] Complainant discovered that their national ID was used to secure an online personal loan of $12,000 without their knowledge. Contact officer email: <EMAIL>.",identity_theft_impersonation,Identity Theft / Bank Loan
PR-STA-2024-1428,custom_agency,2024-06-01,Institutional Complaint,"[Star City Police Bureau] Complainant discovered that their national ID was used to secure an online personal loan of $12,000 without their knowledge. Contact officer email: fraud.unit@star citypolice.gov.","[Star City Police Bureau] Complainant discovered that their national ID was used to secure an online personal loan of $12,000 without their knowledge. Contact officer email: fraud.unit@star citypolice.gov.",identity_theft_impersonation,Identity Theft / Bank Loan
PR-GOT-2024-1429,custom_agency,2024-06-01,Institutional Complaint,"[Gotham Police Bureau] Financial controller received a spoofed email from the CEO demanding an urgent wire payment of $54,000 to an offshore vendor. Contact officer email: fraud.unit@gothampolice.gov.","[Gotham Police Bureau] Financial controller received a spoofed email from the CEO demanding an urgent wire payment of $54,000 to an offshore vendor. Contact officer email: <EMAIL>.",phishing_social_engineering,Corporate Email Compromise
PR-MET-2024-1430,custom_agency,2024-06-01,Institutional Complaint,"[Metropolis Police Bureau] Complainant discovered that their national ID was used to secure an online personal loan of $12,000 without their knowledge. Contact officer email: fraud.unit@metropolispolice.gov.","[Metropolis Police Bureau] Complainant discovered that their national ID was used to secure an online personal loan of $12,000 without their knowledge. Contact officer email: <EMAIL>.",identity_theft_impersonation,Identity Theft / Bank Loan
PR-CEN-2024-1431,custom_agency,2024-06-01,Institutional Complaint,[Central City Police Bureau] Victim reported that their Instagram and email accounts were hijacked via SIM swapping and used to solicit money from friends. Contact officer email: fraud.unit@central citypolice.gov.,[Central City Police Bureau] Victim reported that their Instagram and email accounts were hijacked via SIM swapping and used to solicit money from friends. Contact officer email: fraud.unit@central citypolice.gov.,financial_cyber_fraud,Social Media Account Hijack
PR-STA-2024-1432,custom_agency,2024-06-01,Institutional Complaint,"[Star City Police Bureau] Financial controller received a spoofed email from the CEO demanding an urgent wire payment of $54,000 to an offshore vendor. Contact officer email: fraud.unit@star citypolice.gov.","[Star City Police Bureau] Financial controller received a spoofed email from the CEO demanding an urgent wire payment of $54,000 to an offshore vendor. Contact officer email: fraud.unit@star citypolice.gov.",phishing_social_engineering,Corporate Email Compromise
PR-STA-2024-1433,custom_agency,2024-06-01,Institutional Complaint,"[Star City Police Bureau] Complainant discovered that their national ID was used to secure an online personal loan of $12,000 without their knowledge. Contact officer email: fraud.unit@star citypolice.gov.","[Star City Police Bureau] Complainant discovered that their national ID was used to secure an online personal loan of $12,000 without their knowledge. Contact officer email: fraud.unit@star citypolice.gov.",identity_theft_impersonation,Identity Theft / Bank Loan
PR-GOT-2024-1434,custom_agency,2024-06-01,Institutional Complaint,"[Gotham Police Bureau] Local dental clinic reported an attack that encrypted all patient history files, demanding 2 Bitcoin in payment. Contact officer email: fraud.unit@gothampolice.gov.","[Gotham Police Bureau] Local dental clinic reported an attack that encrypted all patient history files, demanding 2 Bitcoin in payment. Contact officer email: <EMAIL>.",ransomware_extortion,Ransomware Hostage
PR-GOT-2024-1435,custom_agency,2024-06-01,Institutional Complaint,"[Gotham Police Bureau] Complainant discovered that their national ID was used to secure an online personal loan of $12,000 without their knowledge. Contact officer email: fraud.unit@gothampolice.gov.","[Gotham Police Bureau] Complainant discovered that their national ID was used to secure an online personal loan of $12,000 without their knowledge. Contact officer email: <EMAIL>.",identity_theft_impersonation,Identity Theft / Bank Loan
PR-CEN-2024-1436,custom_agency,2024-06-01,Institutional Complaint,[Central City Police Bureau] District online learning management system was subjected to an amplification DDoS attack during final examinations. Contact officer email: fraud.unit@central citypolice.gov.,[Central City Police Bureau] District online learning management system was subjected to an amplification DDoS attack during final examinations. Contact officer email: fraud.unit@central citypolice.gov.,denial_of_service_disruption,DDoS Attack on School Portal
PR-RIV-2024-1437,custom_agency,2024-06-01,Institutional Complaint,[Riverdale Police Bureau] Victim reported that their Instagram and email accounts were hijacked via SIM swapping and used to solicit money from friends. Contact officer email: fraud.unit@riverdalepolice.gov.,[Riverdale Police Bureau] Victim reported that their Instagram and email accounts were hijacked via SIM swapping and used to solicit money from friends. Contact officer email: <EMAIL>.,financial_cyber_fraud,Social Media Account Hijack
PR-MET-2024-1438,custom_agency,2024-06-01,Institutional Complaint,"[Metropolis Police Bureau] Victim lost $35,000 after being directed by an acquaintance to transfer Ethereum into a fake decentralized wallet app. Contact officer email: fraud.unit@metropolispolice.gov.","[Metropolis Police Bureau] Victim lost $35,000 after being directed by an acquaintance to transfer Ethereum into a fake decentralized wallet app. Contact officer email: <EMAIL>.",financial_cyber_fraud,Online Crypto Investment Scam
PR-RIV-2024-1439,custom_agency,2024-06-01,Institutional Complaint,"[Riverdale Police Bureau] Victim lost $35,000 after being directed by an acquaintance to transfer Ethereum into a fake decentralized wallet app. Contact officer email: fraud.unit@riverdalepolice.gov.","[Riverdale Police Bureau] Victim lost $35,000 after being directed by an acquaintance to transfer Ethereum into a fake decentralized wallet app. Contact officer email: <EMAIL>.",financial_cyber_fraud,Online Crypto Investment Scam
PR-MET-2024-1440,custom_agency,2024-06-01,Institutional Complaint,"[Metropolis Police Bureau] Complainant discovered that their national ID was used to secure an online personal loan of $12,000 without their knowledge. Contact officer email: fraud.unit@metropolispolice.gov.","[Metropolis Police Bureau] Complainant discovered that their national ID was used to secure an online personal loan of $12,000 without their knowledge. Contact officer email: <EMAIL>.",identity_theft_impersonation,Identity Theft / Bank Loan
PR-STA-2024-1441,custom_agency,2024-06-01,Institutional Complaint,"[Star City Police Bureau] Victim lost $35,000 after being directed by an acquaintance to transfer Ethereum into a fake decentralized wallet app. Contact officer email: fraud.unit@star citypolice.gov.","[Star City Police Bureau] Victim lost $35,000 after being directed by an acquaintance to transfer Ethereum into a fake decentralized wallet app. Contact officer email: fraud.unit@star citypolice.gov.",financial_cyber_fraud,Online Crypto Investment Scam
PR-CEN-2024-1442,custom_agency,2024-06-01,Institutional Complaint,[Central City Police Bureau] District online learning management system was subjected to an amplification DDoS attack during final examinations. Contact officer email: fraud.unit@central citypolice.gov.,[Central City Police Bureau] District online learning management system was subjected to an amplification DDoS attack during final examinations. Contact officer email: fraud.unit@central citypolice.gov.,denial_of_service_disruption,DDoS Attack on School Portal
PR-STA-2024-1443,custom_agency,2024-06-01,Institutional Complaint,"[Star City Police Bureau] Victim lost $35,000 after being directed by an acquaintance to transfer Ethereum into a fake decentralized wallet app. Contact officer email: fraud.unit@star citypolice.gov.","[Star City Police Bureau] Victim lost $35,000 after being directed by an acquaintance to transfer Ethereum into a fake decentralized wallet app. Contact officer email: fraud.unit@star citypolice.gov.",financial_cyber_fraud,Online Crypto Investment Scam
PR-STA-2024-1444,custom_agency,2024-06-01,Institutional Complaint,[Star City Police Bureau] Victim reported that their Instagram and email accounts were hijacked via SIM swapping and used to solicit money from friends. Contact officer email: fraud.unit@star citypolice.gov.,[Star City Police Bureau] Victim reported that their Instagram and email accounts were hijacked via SIM swapping and used to solicit money from friends. Contact officer email: fraud.unit@star citypolice.gov.,financial_cyber_fraud,Social Media Account Hijack
PR-GOT-2024-1445,custom_agency,2024-06-01,Institutional Complaint,[Gotham Police Bureau] District online learning management system was subjected to an amplification DDoS attack during final examinations. Contact officer email: fraud.unit@gothampolice.gov.,[Gotham Police Bureau] District online learning management system was subjected to an amplification DDoS attack during final examinations. Contact officer email: <EMAIL>.,denial_of_service_disruption,DDoS Attack on School Portal
PR-MET-2024-1446,custom_agency,2024-06-01,Institutional Complaint,"[Metropolis Police Bureau] Local dental clinic reported an attack that encrypted all patient history files, demanding 2 Bitcoin in payment. Contact officer email: fraud.unit@metropolispolice.gov.","[Metropolis Police Bureau] Local dental clinic reported an attack that encrypted all patient history files, demanding 2 Bitcoin in payment. Contact officer email: <EMAIL>.",ransomware_extortion,Ransomware Hostage
PR-STA-2024-1447,custom_agency,2024-06-01,Institutional Complaint,[Star City Police Bureau] Victim reported that their Instagram and email accounts were hijacked via SIM swapping and used to solicit money from friends. Contact officer email: fraud.unit@star citypolice.gov.,[Star City Police Bureau] Victim reported that their Instagram and email accounts were hijacked via SIM swapping and used to solicit money from friends. Contact officer email: fraud.unit@star citypolice.gov.,financial_cyber_fraud,Social Media Account Hijack
PR-RIV-2024-1448,custom_agency,2024-06-01,Institutional Complaint,"[Riverdale Police Bureau] Local dental clinic reported an attack that encrypted all patient history files, demanding 2 Bitcoin in payment. Contact officer email: fraud.unit@riverdalepolice.gov.","[Riverdale Police Bureau] Local dental clinic reported an attack that encrypted all patient history files, demanding 2 Bitcoin in payment. Contact officer email: <EMAIL>.",ransomware_extortion,Ransomware Hostage
PR-CEN-2024-1449,custom_agency,2024-06-01,Institutional Complaint,"[Central City Police Bureau] Local dental clinic reported an attack that encrypted all patient history files, demanding 2 Bitcoin in payment. Contact officer email: fraud.unit@central citypolice.gov.","[Central City Police Bureau] Local dental clinic reported an attack that encrypted all patient history files, demanding 2 Bitcoin in payment. Contact officer email: fraud.unit@central citypolice.gov.",ransomware_extortion,Ransomware Hostage
PR-STA-2024-1450,custom_agency,2024-06-01,Institutional Complaint,"[Star City Police Bureau] Victim lost $35,000 after being directed by an acquaintance to transfer Ethereum into a fake decentralized wallet app. Contact officer email: fraud.unit@star citypolice.gov.","[Star City Police Bureau] Victim lost $35,000 after being directed by an acquaintance to transfer Ethereum into a fake decentralized wallet app. Contact officer email: fraud.unit@star citypolice.gov.",financial_cyber_fraud,Online Crypto Investment Scam
PR-MET-2024-1451,custom_agency,2024-06-01,Institutional Complaint,"[Metropolis Police Bureau] Local dental clinic reported an attack that encrypted all patient history files, demanding 2 Bitcoin in payment. Contact officer email: fraud.unit@metropolispolice.gov.","[Metropolis Police Bureau] Local dental clinic reported an attack that encrypted all patient history files, demanding 2 Bitcoin in payment. Contact officer email: <EMAIL>.",ransomware_extortion,Ransomware Hostage
PR-GOT-2024-1452,custom_agency,2024-06-01,Institutional Complaint,"[Gotham Police Bureau] Local dental clinic reported an attack that encrypted all patient history files, demanding 2 Bitcoin in payment. Contact officer email: fraud.unit@gothampolice.gov.","[Gotham Police Bureau] Local dental clinic reported an attack that encrypted all patient history files, demanding 2 Bitcoin in payment. Contact officer email: <EMAIL>.",ransomware_extortion,Ransomware Hostage
PR-MET-2024-1453,custom_agency,2024-06-01,Institutional Complaint,"[Metropolis Police Bureau] Local dental clinic reported an attack that encrypted all patient history files, demanding 2 Bitcoin in payment. Contact officer email: fraud.unit@metropolispolice.gov.","[Metropolis Police Bureau] Local dental clinic reported an attack that encrypted all patient history files, demanding 2 Bitcoin in payment. Contact officer email: <EMAIL>.",ransomware_extortion,Ransomware Hostage
PR-RIV-2024-1454,custom_agency,2024-06-01,Institutional Complaint,"[Riverdale Police Bureau] Complainant discovered that their national ID was used to secure an online personal loan of $12,000 without their knowledge. Contact officer email: fraud.unit@riverdalepolice.gov.","[Riverdale Police Bureau] Complainant discovered that their national ID was used to secure an online personal loan of $12,000 without their knowledge. Contact officer email: <EMAIL>.",identity_theft_impersonation,Identity Theft / Bank Loan
PR-GOT-2024-1455,custom_agency,2024-06-01,Institutional Complaint,"[Gotham Police Bureau] Victim lost $35,000 after being directed by an acquaintance to transfer Ethereum into a fake decentralized wallet app. Contact officer email: fraud.unit@gothampolice.gov.","[Gotham Police Bureau] Victim lost $35,000 after being directed by an acquaintance to transfer Ethereum into a fake decentralized wallet app. Contact officer email: <EMAIL>.",financial_cyber_fraud,Online Crypto Investment Scam
PR-STA-2024-1456,custom_agency,2024-06-01,Institutional Complaint,"[Star City Police Bureau] Complainant discovered that their national ID was used to secure an online personal loan of $12,000 without their knowledge. Contact officer email: fraud.unit@star citypolice.gov.","[Star City Police Bureau] Complainant discovered that their national ID was used to secure an online personal loan of $12,000 without their knowledge. Contact officer email: fraud.unit@star citypolice.gov.",identity_theft_impersonation,Identity Theft / Bank Loan
PR-STA-2024-1457,custom_agency,2024-06-01,Institutional Complaint,"[Star City Police Bureau] Complainant discovered that their national ID was used to secure an online personal loan of $12,000 without their knowledge. Contact officer email: fraud.unit@star citypolice.gov.","[Star City Police Bureau] Complainant discovered that their national ID was used to secure an online personal loan of $12,000 without their knowledge. Contact officer email: fraud.unit@star citypolice.gov.",identity_theft_impersonation,Identity Theft / Bank Loan
PR-GOT-2024-1458,custom_agency,2024-06-01,Institutional Complaint,[Gotham Police Bureau] District online learning management system was subjected to an amplification DDoS attack during final examinations. Contact officer email: fraud.unit@gothampolice.gov.,[Gotham Police Bureau] District online learning management system was subjected to an amplification DDoS attack during final examinations. Contact officer email: <EMAIL>.,denial_of_service_disruption,DDoS Attack on School Portal
PR-GOT-2024-1459,custom_agency,2024-06-01,Institutional Complaint,[Gotham Police Bureau] Victim reported that their Instagram and email accounts were hijacked via SIM swapping and used to solicit money from friends. Contact officer email: fraud.unit@gothampolice.gov.,[Gotham Police Bureau] Victim reported that their Instagram and email accounts were hijacked via SIM swapping and used to solicit money from friends. Contact officer email: <EMAIL>.,financial_cyber_fraud,Social Media Account Hijack
PR-GOT-2024-1460,custom_agency,2024-06-01,Institutional Complaint,[Gotham Police Bureau] Victim reported that their Instagram and email accounts were hijacked via SIM swapping and used to solicit money from friends. Contact officer email: fraud.unit@gothampolice.gov.,[Gotham Police Bureau] Victim reported that their Instagram and email accounts were hijacked via SIM swapping and used to solicit money from friends. Contact officer email: <EMAIL>.,financial_cyber_fraud,Social Media Account Hijack
PR-STA-2024-1461,custom_agency,2024-06-01,Institutional Complaint,"[Star City Police Bureau] Victim lost $35,000 after being directed by an acquaintance to transfer Ethereum into a fake decentralized wallet app. Contact officer email: fraud.unit@star citypolice.gov.","[Star City Police Bureau] Victim lost $35,000 after being directed by an acquaintance to transfer Ethereum into a fake decentralized wallet app. Contact officer email: fraud.unit@star citypolice.gov.",financial_cyber_fraud,Online Crypto Investment Scam
PR-MET-2024-1462,custom_agency,2024-06-01,Institutional Complaint,"[Metropolis Police Bureau] Victim lost $35,000 after being directed by an acquaintance to transfer Ethereum into a fake decentralized wallet app. Contact officer email: fraud.unit@metropolispolice.gov.","[Metropolis Police Bureau] Victim lost $35,000 after being directed by an acquaintance to transfer Ethereum into a fake decentralized wallet app. Contact officer email: <EMAIL>.",financial_cyber_fraud,Online Crypto Investment Scam
PR-STA-2024-1463,custom_agency,2024-06-01,Institutional Complaint,"[Star City Police Bureau] Local dental clinic reported an attack that encrypted all patient history files, demanding 2 Bitcoin in payment. Contact officer email: fraud.unit@star citypolice.gov.","[Star City Police Bureau] Local dental clinic reported an attack that encrypted all patient history files, demanding 2 Bitcoin in payment. Contact officer email: fraud.unit@star citypolice.gov.",ransomware_extortion,Ransomware Hostage
PR-GOT-2024-1464,custom_agency,2024-06-01,Institutional Complaint,"[Gotham Police Bureau] Complainant discovered that their national ID was used to secure an online personal loan of $12,000 without their knowledge. Contact officer email: fraud.unit@gothampolice.gov.","[Gotham Police Bureau] Complainant discovered that their national ID was used to secure an online personal loan of $12,000 without their knowledge. Contact officer email: <EMAIL>.",identity_theft_impersonation,Identity Theft / Bank Loan
PR-MET-2024-1465,custom_agency,2024-06-01,Institutional Complaint,[Metropolis Police Bureau] Victim reported that their Instagram and email accounts were hijacked via SIM swapping and used to solicit money from friends. Contact officer email: fraud.unit@metropolispolice.gov.,[Metropolis Police Bureau] Victim reported that their Instagram and email accounts were hijacked via SIM swapping and used to solicit money from friends. Contact officer email: <EMAIL>.,financial_cyber_fraud,Social Media Account Hijack
PR-MET-2024-1466,custom_agency,2024-06-01,Institutional Complaint,"[Metropolis Police Bureau] Victim lost $35,000 after being directed by an acquaintance to transfer Ethereum into a fake decentralized wallet app. Contact officer email: fraud.unit@metropolispolice.gov.","[Metropolis Police Bureau] Victim lost $35,000 after being directed by an acquaintance to transfer Ethereum into a fake decentralized wallet app. Contact officer email: <EMAIL>.",financial_cyber_fraud,Online Crypto Investment Scam
PR-CEN-2024-1467,custom_agency,2024-06-01,Institutional Complaint,"[Central City Police Bureau] Victim lost $35,000 after being directed by an acquaintance to transfer Ethereum into a fake decentralized wallet app. Contact officer email: fraud.unit@central citypolice.gov.","[Central City Police Bureau] Victim lost $35,000 after being directed by an acquaintance to transfer Ethereum into a fake decentralized wallet app. Contact officer email: fraud.unit@central citypolice.gov.",financial_cyber_fraud,Online Crypto Investment Scam
PR-GOT-2024-1468,custom_agency,2024-06-01,Institutional Complaint,"[Gotham Police Bureau] Victim lost $35,000 after being directed by an acquaintance to transfer Ethereum into a fake decentralized wallet app. Contact officer email: fraud.unit@gothampolice.gov.","[Gotham Police Bureau] Victim lost $35,000 after being directed by an acquaintance to transfer Ethereum into a fake decentralized wallet app. Contact officer email: <EMAIL>.",financial_cyber_fraud,Online Crypto Investment Scam
PR-GOT-2024-1469,custom_agency,2024-06-01,Institutional Complaint,"[Gotham Police Bureau] Financial controller received a spoofed email from the CEO demanding an urgent wire payment of $54,000 to an offshore vendor. Contact officer email: fraud.unit@gothampolice.gov.","[Gotham Police Bureau] Financial controller received a spoofed email from the CEO demanding an urgent wire payment of $54,000 to an offshore vendor. Contact officer email: <EMAIL>.",phishing_social_engineering,Corporate Email Compromise
PR-GOT-2024-1470,custom_agency,2024-06-01,Institutional Complaint,[Gotham Police Bureau] Victim reported that their Instagram and email accounts were hijacked via SIM swapping and used to solicit money from friends. Contact officer email: fraud.unit@gothampolice.gov.,[Gotham Police Bureau] Victim reported that their Instagram and email accounts were hijacked via SIM swapping and used to solicit money from friends. Contact officer email: <EMAIL>.,financial_cyber_fraud,Social Media Account Hijack
PR-STA-2024-1471,custom_agency,2024-06-01,Institutional Complaint,"[Star City Police Bureau] Local dental clinic reported an attack that encrypted all patient history files, demanding 2 Bitcoin in payment. Contact officer email: fraud.unit@star citypolice.gov.","[Star City Police Bureau] Local dental clinic reported an attack that encrypted all patient history files, demanding 2 Bitcoin in payment. Contact officer email: fraud.unit@star citypolice.gov.",ransomware_extortion,Ransomware Hostage
PR-RIV-2024-1472,custom_agency,2024-06-01,Institutional Complaint,"[Riverdale Police Bureau] Local dental clinic reported an attack that encrypted all patient history files, demanding 2 Bitcoin in payment. Contact officer email: fraud.unit@riverdalepolice.gov.","[Riverdale Police Bureau] Local dental clinic reported an attack that encrypted all patient history files, demanding 2 Bitcoin in payment. Contact officer email: <EMAIL>.",ransomware_extortion,Ransomware Hostage
PR-GOT-2024-1473,custom_agency,2024-06-01,Institutional Complaint,"[Gotham Police Bureau] Financial controller received a spoofed email from the CEO demanding an urgent wire payment of $54,000 to an offshore vendor. Contact officer email: fraud.unit@gothampolice.gov.","[Gotham Police Bureau] Financial controller received a spoofed email from the CEO demanding an urgent wire payment of $54,000 to an offshore vendor. Contact officer email: <EMAIL>.",phishing_social_engineering,Corporate Email Compromise
PR-STA-2024-1474,custom_agency,2024-06-01,Institutional Complaint,[Star City Police Bureau] District online learning management system was subjected to an amplification DDoS attack during final examinations. Contact officer email: fraud.unit@star citypolice.gov.,[Star City Police Bureau] District online learning management system was subjected to an amplification DDoS attack during final examinations. Contact officer email: fraud.unit@star citypolice.gov.,denial_of_service_disruption,DDoS Attack on School Portal
PR-STA-2024-1475,custom_agency,2024-06-01,Institutional Complaint,"[Star City Police Bureau] Complainant discovered that their national ID was used to secure an online personal loan of $12,000 without their knowledge. Contact officer email: fraud.unit@star citypolice.gov.","[Star City Police Bureau] Complainant discovered that their national ID was used to secure an online personal loan of $12,000 without their knowledge. Contact officer email: fraud.unit@star citypolice.gov.",identity_theft_impersonation,Identity Theft / Bank Loan
PR-MET-2024-1476,custom_agency,2024-06-01,Institutional Complaint,"[Metropolis Police Bureau] Local dental clinic reported an attack that encrypted all patient history files, demanding 2 Bitcoin in payment. Contact officer email: fraud.unit@metropolispolice.gov.","[Metropolis Police Bureau] Local dental clinic reported an attack that encrypted all patient history files, demanding 2 Bitcoin in payment. Contact officer email: <EMAIL>.",ransomware_extortion,Ransomware Hostage
PR-MET-2024-1477,custom_agency,2024-06-01,Institutional Complaint,[Metropolis Police Bureau] Victim reported that their Instagram and email accounts were hijacked via SIM swapping and used to solicit money from friends. Contact officer email: fraud.unit@metropolispolice.gov.,[Metropolis Police Bureau] Victim reported that their Instagram and email accounts were hijacked via SIM swapping and used to solicit money from friends. Contact officer email: <EMAIL>.,financial_cyber_fraud,Social Media Account Hijack
PR-GOT-2024-1478,custom_agency,2024-06-01,Institutional Complaint,"[Gotham Police Bureau] Financial controller received a spoofed email from the CEO demanding an urgent wire payment of $54,000 to an offshore vendor. Contact officer email: fraud.unit@gothampolice.gov.","[Gotham Police Bureau] Financial controller received a spoofed email from the CEO demanding an urgent wire payment of $54,000 to an offshore vendor. Contact officer email: <EMAIL>.",phishing_social_engineering,Corporate Email Compromise
PR-RIV-2024-1479,custom_agency,2024-06-01,Institutional Complaint,"[Riverdale Police Bureau] Victim lost $35,000 after being directed by an acquaintance to transfer Ethereum into a fake decentralized wallet app. Contact officer email: fraud.unit@riverdalepolice.gov.","[Riverdale Police Bureau] Victim lost $35,000 after being directed by an acquaintance to transfer Ethereum into a fake decentralized wallet app. Contact officer email: <EMAIL>.",financial_cyber_fraud,Online Crypto Investment Scam
PR-CEN-2024-1480,custom_agency,2024-06-01,Institutional Complaint,"[Central City Police Bureau] Financial controller received a spoofed email from the CEO demanding an urgent wire payment of $54,000 to an offshore vendor. Contact officer email: fraud.unit@central citypolice.gov.","[Central City Police Bureau] Financial controller received a spoofed email from the CEO demanding an urgent wire payment of $54,000 to an offshore vendor. Contact officer email: fraud.unit@central citypolice.gov.",phishing_social_engineering,Corporate Email Compromise
PR-STA-2024-1481,custom_agency,2024-06-01,Institutional Complaint,"[Star City Police Bureau] Financial controller received a spoofed email from the CEO demanding an urgent wire payment of $54,000 to an offshore vendor. Contact officer email: fraud.unit@star citypolice.gov.","[Star City Police Bureau] Financial controller received a spoofed email from the CEO demanding an urgent wire payment of $54,000 to an offshore vendor. Contact officer email: fraud.unit@star citypolice.gov.",phishing_social_engineering,Corporate Email Compromise
PR-RIV-2024-1482,custom_agency,2024-06-01,Institutional Complaint,"[Riverdale Police Bureau] Victim lost $35,000 after being directed by an acquaintance to transfer Ethereum into a fake decentralized wallet app. Contact officer email: fraud.unit@riverdalepolice.gov.","[Riverdale Police Bureau] Victim lost $35,000 after being directed by an acquaintance to transfer Ethereum into a fake decentralized wallet app. Contact officer email: <EMAIL>.",financial_cyber_fraud,Online Crypto Investment Scam
PR-CEN-2024-1483,custom_agency,2024-06-01,Institutional Complaint,[Central City Police Bureau] District online learning management system was subjected to an amplification DDoS attack during final examinations. Contact officer email: fraud.unit@central citypolice.gov.,[Central City Police Bureau] District online learning management system was subjected to an amplification DDoS attack during final examinations. Contact officer email: fraud.unit@central citypolice.gov.,denial_of_service_disruption,DDoS Attack on School Portal
PR-GOT-2024-1484,custom_agency,2024-06-01,Institutional Complaint,[Gotham Police Bureau] Victim reported that their Instagram and email accounts were hijacked via SIM swapping and used to solicit money from friends. Contact officer email: fraud.unit@gothampolice.gov.,[Gotham Police Bureau] Victim reported that their Instagram and email accounts were hijacked via SIM swapping and used to solicit money from friends. Contact officer email: <EMAIL>.,financial_cyber_fraud,Social Media Account Hijack
PR-STA-2024-1485,custom_agency,2024-06-01,Institutional Complaint,"[Star City Police Bureau] Victim lost $35,000 after being directed by an acquaintance to transfer Ethereum into a fake decentralized wallet app. Contact officer email: fraud.unit@star citypolice.gov.","[Star City Police Bureau] Victim lost $35,000 after being directed by an acquaintance to transfer Ethereum into a fake decentralized wallet app. Contact officer email: fraud.unit@star citypolice.gov.",financial_cyber_fraud,Online Crypto Investment Scam
PR-RIV-2024-1486,custom_agency,2024-06-01,Institutional Complaint,"[Riverdale Police Bureau] Financial controller received a spoofed email from the CEO demanding an urgent wire payment of $54,000 to an offshore vendor. Contact officer email: fraud.unit@riverdalepolice.gov.","[Riverdale Police Bureau] Financial controller received a spoofed email from the CEO demanding an urgent wire payment of $54,000 to an offshore vendor. Contact officer email: <EMAIL>.",phishing_social_engineering,Corporate Email Compromise
PR-RIV-2024-1487,custom_agency,2024-06-01,Institutional Complaint,[Riverdale Police Bureau] Victim reported that their Instagram and email accounts were hijacked via SIM swapping and used to solicit money from friends. Contact officer email: fraud.unit@riverdalepolice.gov.,[Riverdale Police Bureau] Victim reported that their Instagram and email accounts were hijacked via SIM swapping and used to solicit money from friends. Contact officer email: <EMAIL>.,financial_cyber_fraud,Social Media Account Hijack
PR-STA-2024-1488,custom_agency,2024-06-01,Institutional Complaint,"[Star City Police Bureau] Victim lost $35,000 after being directed by an acquaintance to transfer Ethereum into a fake decentralized wallet app. Contact officer email: fraud.unit@star citypolice.gov.","[Star City Police Bureau] Victim lost $35,000 after being directed by an acquaintance to transfer Ethereum into a fake decentralized wallet app. Contact officer email: fraud.unit@star citypolice.gov.",financial_cyber_fraud,Online Crypto Investment Scam
PR-RIV-2024-1489,custom_agency,2024-06-01,Institutional Complaint,"[Riverdale Police Bureau] Complainant discovered that their national ID was used to secure an online personal loan of $12,000 without their knowledge. Contact officer email: fraud.unit@riverdalepolice.gov.","[Riverdale Police Bureau] Complainant discovered that their national ID was used to secure an online personal loan of $12,000 without their knowledge. Contact officer email: <EMAIL>.",identity_theft_impersonation,Identity Theft / Bank Loan
PR-MET-2024-1490,custom_agency,2024-06-01,Institutional Complaint,"[Metropolis Police Bureau] Local dental clinic reported an attack that encrypted all patient history files, demanding 2 Bitcoin in payment. Contact officer email: fraud.unit@metropolispolice.gov.","[Metropolis Police Bureau] Local dental clinic reported an attack that encrypted all patient history files, demanding 2 Bitcoin in payment. Contact officer email: <EMAIL>.",ransomware_extortion,Ransomware Hostage
PR-RIV-2024-1491,custom_agency,2024-06-01,Institutional Complaint,"[Riverdale Police Bureau] Victim lost $35,000 after being directed by an acquaintance to transfer Ethereum into a fake decentralized wallet app. Contact officer email: fraud.unit@riverdalepolice.gov.","[Riverdale Police Bureau] Victim lost $35,000 after being directed by an acquaintance to transfer Ethereum into a fake decentralized wallet app. Contact officer email: <EMAIL>.",financial_cyber_fraud,Online Crypto Investment Scam
PR-CEN-2024-1492,custom_agency,2024-06-01,Institutional Complaint,[Central City Police Bureau] District online learning management system was subjected to an amplification DDoS attack during final examinations. Contact officer email: fraud.unit@central citypolice.gov.,[Central City Police Bureau] District online learning management system was subjected to an amplification DDoS attack during final examinations. Contact officer email: fraud.unit@central citypolice.gov.,denial_of_service_disruption,DDoS Attack on School Portal
PR-RIV-2024-1493,custom_agency,2024-06-01,Institutional Complaint,"[Riverdale Police Bureau] Local dental clinic reported an attack that encrypted all patient history files, demanding 2 Bitcoin in payment. Contact officer email: fraud.unit@riverdalepolice.gov.","[Riverdale Police Bureau] Local dental clinic reported an attack that encrypted all patient history files, demanding 2 Bitcoin in payment. Contact officer email: <EMAIL>.",ransomware_extortion,Ransomware Hostage
PR-GOT-2024-1494,custom_agency,2024-06-01,Institutional Complaint,[Gotham Police Bureau] District online learning management system was subjected to an amplification DDoS attack during final examinations. Contact officer email: fraud.unit@gothampolice.gov.,[Gotham Police Bureau] District online learning management system was subjected to an amplification DDoS attack during final examinations. Contact officer email: <EMAIL>.,denial_of_service_disruption,DDoS Attack on School Portal
PR-MET-2024-1495,custom_agency,2024-06-01,Institutional Complaint,"[Metropolis Police Bureau] Financial controller received a spoofed email from the CEO demanding an urgent wire payment of $54,000 to an offshore vendor. Contact officer email: fraud.unit@metropolispolice.gov.","[Metropolis Police Bureau] Financial controller received a spoofed email from the CEO demanding an urgent wire payment of $54,000 to an offshore vendor. Contact officer email: <EMAIL>.",phishing_social_engineering,Corporate Email Compromise
PR-RIV-2024-1496,custom_agency,2024-06-01,Institutional Complaint,[Riverdale Police Bureau] District online learning management system was subjected to an amplification DDoS attack during final examinations. Contact officer email: fraud.unit@riverdalepolice.gov.,[Riverdale Police Bureau] District online learning management system was subjected to an amplification DDoS attack during final examinations. Contact officer email: <EMAIL>.,denial_of_service_disruption,DDoS Attack on School Portal
PR-GOT-2024-1497,custom_agency,2024-06-01,Institutional Complaint,[Gotham Police Bureau] District online learning management system was subjected to an amplification DDoS attack during final examinations. Contact officer email: fraud.unit@gothampolice.gov.,[Gotham Police Bureau] District online learning management system was subjected to an amplification DDoS attack during final examinations. Contact officer email: <EMAIL>.,denial_of_service_disruption,DDoS Attack on School Portal
PR-CEN-2024-1498,custom_agency,2024-06-01,Institutional Complaint,"[Central City Police Bureau] Local dental clinic reported an attack that encrypted all patient history files, demanding 2 Bitcoin in payment. Contact officer email: fraud.unit@central citypolice.gov.","[Central City Police Bureau] Local dental clinic reported an attack that encrypted all patient history files, demanding 2 Bitcoin in payment. Contact officer email: fraud.unit@central citypolice.gov.",ransomware_extortion,Ransomware Hostage
PR-CEN-2024-1499,custom_agency,2024-06-01,Institutional Complaint,[Central City Police Bureau] District online learning management system was subjected to an amplification DDoS attack during final examinations. Contact officer email: fraud.unit@central citypolice.gov.,[Central City Police Bureau] District online learning management system was subjected to an amplification DDoS attack during final examinations. Contact officer email: fraud.unit@central citypolice.gov.,denial_of_service_disruption,DDoS Attack on School Portal
