complaint_id,source,date_received,product,raw_text,cleaned_text,primary_category,original_issue
cyberguard_300000,cyberguard,2024-05-02,Police / CERT Incident Report,"Complainant reported that an unknown perpetrator impersonated them using their personal credentials to lease equipment and open utility accounts totaling $22,332.","Complainant reported that an unknown perpetrator impersonated them using their personal credentials to lease equipment and open utility accounts totaling $22,332.",identity_theft_impersonation,Identity Theft Impersonation
cyberguard_300001,cyberguard,2024-05-02,Police / CERT Incident Report,"Complainant was deceived in an online transaction. They transferred $10,608 via Chime for an item listed on Instagram, after which the seller deleted their profile.","Complainant was deceived in an online transaction. They transferred $10,608 via Chime for an item listed on Instagram, after which the seller deleted their profile.",financial_cyber_fraud,Financial Cyber Fraud
cyberguard_300002,cyberguard,2024-05-02,Police / CERT Incident Report,"A business owner filed a report stating that an extortion group encrypted their client database, demanding $34,381 in Monero to restore access.","A business owner filed a report stating that an extortion group encrypted their client database, demanding $34,381 in Monero to restore access.",ransomware_extortion,Ransomware Extortion
cyberguard_300003,cyberguard,2024-05-02,Police / CERT Incident Report,"A business owner filed a report stating that an extortion group encrypted their client database, demanding $59,317 in Tether (USDT) to restore access.","A business owner filed a report stating that an extortion group encrypted their client database, demanding $59,317 in Tether (USDT) to restore access.",ransomware_extortion,Ransomware Extortion
cyberguard_300004,cyberguard,2024-05-02,Police / CERT Incident Report,"Complainant reported digital extortion where an attacker threatened to release private personal photographs unless $9,489 in Ethereum was paid within 24 hours.","Complainant reported digital extortion where an attacker threatened to release private personal photographs unless $9,489 in Ethereum was paid within 24 hours.",ransomware_extortion,Ransomware Extortion
cyberguard_300005,cyberguard,2024-05-02,Police / CERT Incident Report,"A business owner filed a report stating that an extortion group encrypted their client database, demanding $45,418 in Bitcoin to restore access.","A business owner filed a report stating that an extortion group encrypted their client database, demanding $45,418 in Bitcoin to restore access.",ransomware_extortion,Ransomware Extortion
cyberguard_300006,cyberguard,2024-05-02,Police / CERT Incident Report,"Complainant reported identity theft. Fraudsters acquired the victim's social security number and driver's license from an online leak and fraudulently claimed $77,933 in benefits.","Complainant reported identity theft. Fraudsters acquired the victim's social security number and driver's license from an online leak and fraudulently claimed $77,933 in benefits.",identity_theft_impersonation,Identity Theft Impersonation
cyberguard_300007,cyberguard,2024-05-02,Police / CERT Incident Report,"Victim received an urgent smishing SMS claiming an undelivered parcel from postal services, providing a spoofed link that compromised their debit card details.","Victim received an urgent smishing SMS claiming an undelivered parcel from postal services, providing a spoofed link that compromised their debit card details.",phishing_social_engineering,Phishing Social Engineering
cyberguard_300008,cyberguard,2024-05-02,Police / CERT Incident Report,"A business owner filed a report stating that an extortion group encrypted their client database, demanding $54,554 in Monero to restore access.","A business owner filed a report stating that an extortion group encrypted their client database, demanding $54,554 in Monero to restore access.",ransomware_extortion,Ransomware Extortion
cyberguard_300009,cyberguard,2024-05-02,Police / CERT Incident Report,"Complainant reported identity theft. Fraudsters acquired the victim's social security number and driver's license from an online leak and fraudulently claimed $28,349 in benefits.","Complainant reported identity theft. Fraudsters acquired the victim's social security number and driver's license from an online leak and fraudulently claimed $28,349 in benefits.",identity_theft_impersonation,Identity Theft Impersonation
cyberguard_300010,cyberguard,2024-05-02,Police / CERT Incident Report,"Citizen reported an online crypto investment fraud. An unknown party contacted them via Tinder promoting a trading platform. Victim transferred $53,304 in Solana before being locked out.","Citizen reported an online crypto investment fraud. An unknown party contacted them via Tinder promoting a trading platform. Victim transferred $53,304 in Solana before being locked out.",financial_cyber_fraud,Financial Cyber Fraud
cyberguard_300011,cyberguard,2024-05-02,Police / CERT Incident Report,"Victim received an urgent smishing SMS claiming an undelivered parcel from postal services, providing a spoofed link that compromised their debit card details.","Victim received an urgent smishing SMS claiming an undelivered parcel from postal services, providing a spoofed link that compromised their debit card details.",phishing_social_engineering,Phishing Social Engineering
cyberguard_300012,cyberguard,2024-05-02,Police / CERT Incident Report,"An impersonation call from someone claiming to be technical support at JPMorgan Chase directed the victim to install remote access tools, compromising $31,507.","An impersonation call from someone claiming to be technical support at JPMorgan Chase directed the victim to install remote access tools, compromising $31,507.",phishing_social_engineering,Phishing Social Engineering
cyberguard_300013,cyberguard,2024-05-02,Police / CERT Incident Report,"A business owner filed a report stating that an extortion group encrypted their client database, demanding $22,486 in Ethereum to restore access.","A business owner filed a report stating that an extortion group encrypted their client database, demanding $22,486 in Ethereum to restore access.",ransomware_extortion,Ransomware Extortion
cyberguard_300014,cyberguard,2024-05-02,Police / CERT Incident Report,"Complainant reported digital extortion where an attacker threatened to release private personal photographs unless $74,046 in Solana was paid within 24 hours.","Complainant reported digital extortion where an attacker threatened to release private personal photographs unless $74,046 in Solana was paid within 24 hours.",ransomware_extortion,Ransomware Extortion
cyberguard_300015,cyberguard,2024-05-02,Police / CERT Incident Report,"Complainant reported that an unknown perpetrator impersonated them using their personal credentials to lease equipment and open utility accounts totaling $35,739.","Complainant reported that an unknown perpetrator impersonated them using their personal credentials to lease equipment and open utility accounts totaling $35,739.",identity_theft_impersonation,Identity Theft Impersonation
cyberguard_300016,cyberguard,2024-05-02,Police / CERT Incident Report,"A commercial logistics agency reported a malware attack that locked critical shipment dispatch schedules, leaving a ransom note demanding Ethereum.","A commercial logistics agency reported a malware attack that locked critical shipment dispatch schedules, leaving a ransom note demanding Ethereum.",ransomware_extortion,Ransomware Extortion
cyberguard_300017,cyberguard,2024-05-02,Police / CERT Incident Report,"Complainant was deceived in an online transaction. They transferred $9,302 via Revolut for an item listed on Facebook Marketplace, after which the seller deleted their profile.","Complainant was deceived in an online transaction. They transferred $9,302 via Revolut for an item listed on Facebook Marketplace, after which the seller deleted their profile.",financial_cyber_fraud,Financial Cyber Fraud
cyberguard_300018,cyberguard,2024-05-02,Police / CERT Incident Report,"Complainant was deceived in an online transaction. They transferred $43,097 via Wells Fargo for an item listed on Instagram, after which the seller deleted their profile.","Complainant was deceived in an online transaction. They transferred $43,097 via Wells Fargo for an item listed on Instagram, after which the seller deleted their profile.",financial_cyber_fraud,Financial Cyber Fraud
cyberguard_300019,cyberguard,2024-05-02,Police / CERT Incident Report,"A commercial logistics agency reported a malware attack that locked critical shipment dispatch schedules, leaving a ransom note demanding Tether (USDT).","A commercial logistics agency reported a malware attack that locked critical shipment dispatch schedules, leaving a ransom note demanding Tether (USDT).",ransomware_extortion,Ransomware Extortion
cyberguard_300020,cyberguard,2024-05-02,Police / CERT Incident Report,"An impersonation call from someone claiming to be technical support at Revolut directed the victim to install remote access tools, compromising $49,891.","An impersonation call from someone claiming to be technical support at Revolut directed the victim to install remote access tools, compromising $49,891.",phishing_social_engineering,Phishing Social Engineering
cyberguard_300021,cyberguard,2024-05-02,Police / CERT Incident Report,"An impersonation call from someone claiming to be technical support at Cash App directed the victim to install remote access tools, compromising $41,999.","An impersonation call from someone claiming to be technical support at Cash App directed the victim to install remote access tools, compromising $41,999.",phishing_social_engineering,Phishing Social Engineering
cyberguard_300022,cyberguard,2024-05-02,Police / CERT Incident Report,"Citizen reported an online crypto investment fraud. An unknown party contacted them via Instagram promoting a trading platform. Victim transferred $66,005 in Tether (USDT) before being locked out.","Citizen reported an online crypto investment fraud. An unknown party contacted them via Instagram promoting a trading platform. Victim transferred $66,005 in Tether (USDT) before being locked out.",financial_cyber_fraud,Financial Cyber Fraud
cyberguard_300023,cyberguard,2024-05-02,Police / CERT Incident Report,"Citizen reported an online crypto investment fraud. An unknown party contacted them via Facebook Marketplace promoting a trading platform. Victim transferred $83,486 in Monero before being locked out.","Citizen reported an online crypto investment fraud. An unknown party contacted them via Facebook Marketplace promoting a trading platform. Victim transferred $83,486 in Monero before being locked out.",financial_cyber_fraud,Financial Cyber Fraud
cyberguard_300024,cyberguard,2024-05-02,Police / CERT Incident Report,"Complainant reported that an unknown perpetrator impersonated them using their personal credentials to lease equipment and open utility accounts totaling $28,474.","Complainant reported that an unknown perpetrator impersonated them using their personal credentials to lease equipment and open utility accounts totaling $28,474.",identity_theft_impersonation,Identity Theft Impersonation
cyberguard_300025,cyberguard,2024-05-02,Police / CERT Incident Report,"An impersonation call from someone claiming to be technical support at Wells Fargo directed the victim to install remote access tools, compromising $77,573.","An impersonation call from someone claiming to be technical support at Wells Fargo directed the victim to install remote access tools, compromising $77,573.",phishing_social_engineering,Phishing Social Engineering
cyberguard_300026,cyberguard,2024-05-02,Police / CERT Incident Report,"Complainant was deceived in an online transaction. They transferred $29,223 via Chime for an item listed on LinkedIn, after which the seller deleted their profile.","Complainant was deceived in an online transaction. They transferred $29,223 via Chime for an item listed on LinkedIn, after which the seller deleted their profile.",financial_cyber_fraud,Financial Cyber Fraud
cyberguard_300027,cyberguard,2024-05-02,Police / CERT Incident Report,"Citizen reported an online crypto investment fraud. An unknown party contacted them via Instagram promoting a trading platform. Victim transferred $47,237 in Ethereum before being locked out.","Citizen reported an online crypto investment fraud. An unknown party contacted them via Instagram promoting a trading platform. Victim transferred $47,237 in Ethereum before being locked out.",financial_cyber_fraud,Financial Cyber Fraud
cyberguard_300028,cyberguard,2024-05-02,Police / CERT Incident Report,"An impersonation call from someone claiming to be technical support at Cash App directed the victim to install remote access tools, compromising $25,851.","An impersonation call from someone claiming to be technical support at Cash App directed the victim to install remote access tools, compromising $25,851.",phishing_social_engineering,Phishing Social Engineering
cyberguard_300029,cyberguard,2024-05-02,Police / CERT Incident Report,"A victim discovered that their identity was forged to register unauthorized accounts with JPMorgan Chase and obtain online loans amounting to $8,172 without consent.","A victim discovered that their identity was forged to register unauthorized accounts with JPMorgan Chase and obtain online loans amounting to $8,172 without consent.",identity_theft_impersonation,Identity Theft Impersonation
cyberguard_300030,cyberguard,2024-05-02,Police / CERT Incident Report,"Citizen reported an online crypto investment fraud. An unknown party contacted them via WhatsApp promoting a trading platform. Victim transferred $42,447 in Bitcoin before being locked out.","Citizen reported an online crypto investment fraud. An unknown party contacted them via WhatsApp promoting a trading platform. Victim transferred $42,447 in Bitcoin before being locked out.",financial_cyber_fraud,Financial Cyber Fraud
cyberguard_300031,cyberguard,2024-05-02,Police / CERT Incident Report,"Victim received an urgent smishing SMS claiming an undelivered parcel from postal services, providing a spoofed link that compromised their debit card details.","Victim received an urgent smishing SMS claiming an undelivered parcel from postal services, providing a spoofed link that compromised their debit card details.",phishing_social_engineering,Phishing Social Engineering
cyberguard_300032,cyberguard,2024-05-02,Police / CERT Incident Report,"Complainant reported that an unknown perpetrator impersonated them using their personal credentials to lease equipment and open utility accounts totaling $22,781.","Complainant reported that an unknown perpetrator impersonated them using their personal credentials to lease equipment and open utility accounts totaling $22,781.",identity_theft_impersonation,Identity Theft Impersonation
cyberguard_300033,cyberguard,2024-05-02,Police / CERT Incident Report,"Victim experienced unauthorized card-not-present fraud where $71,488 was deducted through international online payment processors.","Victim experienced unauthorized card-not-present fraud where $71,488 was deducted through international online payment processors.",financial_cyber_fraud,Financial Cyber Fraud
cyberguard_300034,cyberguard,2024-05-02,Police / CERT Incident Report,"A business owner filed a report stating that an extortion group encrypted their client database, demanding $21,763 in Monero to restore access.","A business owner filed a report stating that an extortion group encrypted their client database, demanding $21,763 in Monero to restore access.",ransomware_extortion,Ransomware Extortion
cyberguard_300035,cyberguard,2024-05-02,Police / CERT Incident Report,"Complainant reported that an unknown perpetrator impersonated them using their personal credentials to lease equipment and open utility accounts totaling $81,471.","Complainant reported that an unknown perpetrator impersonated them using their personal credentials to lease equipment and open utility accounts totaling $81,471.",identity_theft_impersonation,Identity Theft Impersonation
cyberguard_300036,cyberguard,2024-05-02,Police / CERT Incident Report,"Victim received an urgent smishing SMS claiming an undelivered parcel from postal services, providing a spoofed link that compromised their debit card details.","Victim received an urgent smishing SMS claiming an undelivered parcel from postal services, providing a spoofed link that compromised their debit card details.",phishing_social_engineering,Phishing Social Engineering
cyberguard_300037,cyberguard,2024-05-02,Police / CERT Incident Report,"A commercial logistics agency reported a malware attack that locked critical shipment dispatch schedules, leaving a ransom note demanding Monero.","A commercial logistics agency reported a malware attack that locked critical shipment dispatch schedules, leaving a ransom note demanding Monero.",ransomware_extortion,Ransomware Extortion
cyberguard_300038,cyberguard,2024-05-02,Police / CERT Incident Report,"Victim was targeted with an email purporting to be from LinkedIn demanding password verification, resulting in account takeover.","Victim was targeted with an email purporting to be from LinkedIn demanding password verification, resulting in account takeover.",phishing_social_engineering,Phishing Social Engineering
cyberguard_300039,cyberguard,2024-05-02,Police / CERT Incident Report,"A business owner filed a report stating that an extortion group encrypted their client database, demanding $4,170 in Bitcoin to restore access.","A business owner filed a report stating that an extortion group encrypted their client database, demanding $4,170 in Bitcoin to restore access.",ransomware_extortion,Ransomware Extortion
cyberguard_300040,cyberguard,2024-05-02,Police / CERT Incident Report,"Complainant reported identity theft. Fraudsters acquired the victim's social security number and driver's license from an online leak and fraudulently claimed $21,308 in benefits.","Complainant reported identity theft. Fraudsters acquired the victim's social security number and driver's license from an online leak and fraudulently claimed $21,308 in benefits.",identity_theft_impersonation,Identity Theft Impersonation
cyberguard_300041,cyberguard,2024-05-02,Police / CERT Incident Report,"Complainant reported that an unknown perpetrator impersonated them using their personal credentials to lease equipment and open utility accounts totaling $34,943.","Complainant reported that an unknown perpetrator impersonated them using their personal credentials to lease equipment and open utility accounts totaling $34,943.",identity_theft_impersonation,Identity Theft Impersonation
cyberguard_300042,cyberguard,2024-05-02,Police / CERT Incident Report,"Victim received an urgent smishing SMS claiming an undelivered parcel from postal services, providing a spoofed link that compromised their debit card details.","Victim received an urgent smishing SMS claiming an undelivered parcel from postal services, providing a spoofed link that compromised their debit card details.",phishing_social_engineering,Phishing Social Engineering
cyberguard_300043,cyberguard,2024-05-02,Police / CERT Incident Report,"Complainant reported digital extortion where an attacker threatened to release private personal photographs unless $4,640 in Ethereum was paid within 24 hours.","Complainant reported digital extortion where an attacker threatened to release private personal photographs unless $4,640 in Ethereum was paid within 24 hours.",ransomware_extortion,Ransomware Extortion
cyberguard_300044,cyberguard,2024-05-02,Police / CERT Incident Report,"Complainant reported that an unknown perpetrator impersonated them using their personal credentials to lease equipment and open utility accounts totaling $15,071.","Complainant reported that an unknown perpetrator impersonated them using their personal credentials to lease equipment and open utility accounts totaling $15,071.",identity_theft_impersonation,Identity Theft Impersonation
cyberguard_300045,cyberguard,2024-05-02,Police / CERT Incident Report,"Citizen reported an online crypto investment fraud. An unknown party contacted them via Tinder promoting a trading platform. Victim transferred $50,646 in Bitcoin before being locked out.","Citizen reported an online crypto investment fraud. An unknown party contacted them via Tinder promoting a trading platform. Victim transferred $50,646 in Bitcoin before being locked out.",financial_cyber_fraud,Financial Cyber Fraud
cyberguard_300046,cyberguard,2024-05-02,Police / CERT Incident Report,"Victim received an urgent smishing SMS claiming an undelivered parcel from postal services, providing a spoofed link that compromised their debit card details.","Victim received an urgent smishing SMS claiming an undelivered parcel from postal services, providing a spoofed link that compromised their debit card details.",phishing_social_engineering,Phishing Social Engineering
cyberguard_300047,cyberguard,2024-05-02,Police / CERT Incident Report,"A victim discovered that their identity was forged to register unauthorized accounts with Zelle and obtain online loans amounting to $7,497 without consent.","A victim discovered that their identity was forged to register unauthorized accounts with Zelle and obtain online loans amounting to $7,497 without consent.",identity_theft_impersonation,Identity Theft Impersonation
cyberguard_300048,cyberguard,2024-05-02,Police / CERT Incident Report,"A victim discovered that their identity was forged to register unauthorized accounts with JPMorgan Chase and obtain online loans amounting to $84,994 without consent.","A victim discovered that their identity was forged to register unauthorized accounts with JPMorgan Chase and obtain online loans amounting to $84,994 without consent.",identity_theft_impersonation,Identity Theft Impersonation
cyberguard_300049,cyberguard,2024-05-02,Police / CERT Incident Report,"Victim received an urgent smishing SMS claiming an undelivered parcel from postal services, providing a spoofed link that compromised their debit card details.","Victim received an urgent smishing SMS claiming an undelivered parcel from postal services, providing a spoofed link that compromised their debit card details.",phishing_social_engineering,Phishing Social Engineering
cyberguard_300050,cyberguard,2024-05-02,Police / CERT Incident Report,"Victim was targeted with an email purporting to be from Facebook Marketplace demanding password verification, resulting in account takeover.","Victim was targeted with an email purporting to be from Facebook Marketplace demanding password verification, resulting in account takeover.",phishing_social_engineering,Phishing Social Engineering
cyberguard_300051,cyberguard,2024-05-02,Police / CERT Incident Report,"Complainant reported that an unknown perpetrator impersonated them using their personal credentials to lease equipment and open utility accounts totaling $75,357.","Complainant reported that an unknown perpetrator impersonated them using their personal credentials to lease equipment and open utility accounts totaling $75,357.",identity_theft_impersonation,Identity Theft Impersonation
cyberguard_300052,cyberguard,2024-05-02,Police / CERT Incident Report,"A business owner filed a report stating that an extortion group encrypted their client database, demanding $54,346 in Tether (USDT) to restore access.","A business owner filed a report stating that an extortion group encrypted their client database, demanding $54,346 in Tether (USDT) to restore access.",ransomware_extortion,Ransomware Extortion
cyberguard_300053,cyberguard,2024-05-02,Police / CERT Incident Report,"A business owner filed a report stating that an extortion group encrypted their client database, demanding $41,963 in Tether (USDT) to restore access.","A business owner filed a report stating that an extortion group encrypted their client database, demanding $41,963 in Tether (USDT) to restore access.",ransomware_extortion,Ransomware Extortion
cyberguard_300054,cyberguard,2024-05-02,Police / CERT Incident Report,"Complainant reported identity theft. Fraudsters acquired the victim's social security number and driver's license from an online leak and fraudulently claimed $62,688 in benefits.","Complainant reported identity theft. Fraudsters acquired the victim's social security number and driver's license from an online leak and fraudulently claimed $62,688 in benefits.",identity_theft_impersonation,Identity Theft Impersonation
cyberguard_300055,cyberguard,2024-05-02,Police / CERT Incident Report,"A commercial logistics agency reported a malware attack that locked critical shipment dispatch schedules, leaving a ransom note demanding Tether (USDT).","A commercial logistics agency reported a malware attack that locked critical shipment dispatch schedules, leaving a ransom note demanding Tether (USDT).",ransomware_extortion,Ransomware Extortion
cyberguard_300056,cyberguard,2024-05-02,Police / CERT Incident Report,"An impersonation call from someone claiming to be technical support at JPMorgan Chase directed the victim to install remote access tools, compromising $29,292.","An impersonation call from someone claiming to be technical support at JPMorgan Chase directed the victim to install remote access tools, compromising $29,292.",phishing_social_engineering,Phishing Social Engineering
cyberguard_300057,cyberguard,2024-05-02,Police / CERT Incident Report,"Complainant reported digital extortion where an attacker threatened to release private personal photographs unless $78,560 in Bitcoin was paid within 24 hours.","Complainant reported digital extortion where an attacker threatened to release private personal photographs unless $78,560 in Bitcoin was paid within 24 hours.",ransomware_extortion,Ransomware Extortion
cyberguard_300058,cyberguard,2024-05-02,Police / CERT Incident Report,"Complainant was deceived in an online transaction. They transferred $49,882 via Chime for an item listed on Instagram, after which the seller deleted their profile.","Complainant was deceived in an online transaction. They transferred $49,882 via Chime for an item listed on Instagram, after which the seller deleted their profile.",financial_cyber_fraud,Financial Cyber Fraud
cyberguard_300059,cyberguard,2024-05-02,Police / CERT Incident Report,"Complainant reported digital extortion where an attacker threatened to release private personal photographs unless $9,309 in Bitcoin was paid within 24 hours.","Complainant reported digital extortion where an attacker threatened to release private personal photographs unless $9,309 in Bitcoin was paid within 24 hours.",ransomware_extortion,Ransomware Extortion
cyberguard_300060,cyberguard,2024-05-02,Police / CERT Incident Report,"A victim discovered that their identity was forged to register unauthorized accounts with Zelle and obtain online loans amounting to $40,859 without consent.","A victim discovered that their identity was forged to register unauthorized accounts with Zelle and obtain online loans amounting to $40,859 without consent.",identity_theft_impersonation,Identity Theft Impersonation
cyberguard_300061,cyberguard,2024-05-02,Police / CERT Incident Report,"A business owner filed a report stating that an extortion group encrypted their client database, demanding $62,485 in Ethereum to restore access.","A business owner filed a report stating that an extortion group encrypted their client database, demanding $62,485 in Ethereum to restore access.",ransomware_extortion,Ransomware Extortion
cyberguard_300062,cyberguard,2024-05-02,Police / CERT Incident Report,"Victim received an urgent smishing SMS claiming an undelivered parcel from postal services, providing a spoofed link that compromised their debit card details.","Victim received an urgent smishing SMS claiming an undelivered parcel from postal services, providing a spoofed link that compromised their debit card details.",phishing_social_engineering,Phishing Social Engineering
cyberguard_300063,cyberguard,2024-05-02,Police / CERT Incident Report,"Victim experienced unauthorized card-not-present fraud where $54,615 was deducted through international online payment processors.","Victim experienced unauthorized card-not-present fraud where $54,615 was deducted through international online payment processors.",financial_cyber_fraud,Financial Cyber Fraud
cyberguard_300064,cyberguard,2024-05-02,Police / CERT Incident Report,"An impersonation call from someone claiming to be technical support at Chime directed the victim to install remote access tools, compromising $58,903.","An impersonation call from someone claiming to be technical support at Chime directed the victim to install remote access tools, compromising $58,903.",phishing_social_engineering,Phishing Social Engineering
cyberguard_300065,cyberguard,2024-05-02,Police / CERT Incident Report,"Citizen reported an online crypto investment fraud. An unknown party contacted them via Facebook Marketplace promoting a trading platform. Victim transferred $21,234 in Solana before being locked out.","Citizen reported an online crypto investment fraud. An unknown party contacted them via Facebook Marketplace promoting a trading platform. Victim transferred $21,234 in Solana before being locked out.",financial_cyber_fraud,Financial Cyber Fraud
cyberguard_300066,cyberguard,2024-05-02,Police / CERT Incident Report,"A victim discovered that their identity was forged to register unauthorized accounts with Venmo and obtain online loans amounting to $77,207 without consent.","A victim discovered that their identity was forged to register unauthorized accounts with Venmo and obtain online loans amounting to $77,207 without consent.",identity_theft_impersonation,Identity Theft Impersonation
cyberguard_300067,cyberguard,2024-05-02,Police / CERT Incident Report,"An impersonation call from someone claiming to be technical support at Zelle directed the victim to install remote access tools, compromising $28,055.","An impersonation call from someone claiming to be technical support at Zelle directed the victim to install remote access tools, compromising $28,055.",phishing_social_engineering,Phishing Social Engineering
cyberguard_300068,cyberguard,2024-05-02,Police / CERT Incident Report,"A victim discovered that their identity was forged to register unauthorized accounts with Wells Fargo and obtain online loans amounting to $43,325 without consent.","A victim discovered that their identity was forged to register unauthorized accounts with Wells Fargo and obtain online loans amounting to $43,325 without consent.",identity_theft_impersonation,Identity Theft Impersonation
cyberguard_300069,cyberguard,2024-05-02,Police / CERT Incident Report,"A business owner filed a report stating that an extortion group encrypted their client database, demanding $31,048 in Monero to restore access.","A business owner filed a report stating that an extortion group encrypted their client database, demanding $31,048 in Monero to restore access.",ransomware_extortion,Ransomware Extortion
cyberguard_300070,cyberguard,2024-05-02,Police / CERT Incident Report,"A victim discovered that their identity was forged to register unauthorized accounts with Revolut and obtain online loans amounting to $34,633 without consent.","A victim discovered that their identity was forged to register unauthorized accounts with Revolut and obtain online loans amounting to $34,633 without consent.",identity_theft_impersonation,Identity Theft Impersonation
cyberguard_300071,cyberguard,2024-05-02,Police / CERT Incident Report,"Complainant reported digital extortion where an attacker threatened to release private personal photographs unless $34,891 in Monero was paid within 24 hours.","Complainant reported digital extortion where an attacker threatened to release private personal photographs unless $34,891 in Monero was paid within 24 hours.",ransomware_extortion,Ransomware Extortion
cyberguard_300072,cyberguard,2024-05-02,Police / CERT Incident Report,"A victim discovered that their identity was forged to register unauthorized accounts with Cash App and obtain online loans amounting to $30,133 without consent.","A victim discovered that their identity was forged to register unauthorized accounts with Cash App and obtain online loans amounting to $30,133 without consent.",identity_theft_impersonation,Identity Theft Impersonation
cyberguard_300073,cyberguard,2024-05-02,Police / CERT Incident Report,"Complainant was deceived in an online transaction. They transferred $44,144 via Revolut for an item listed on Tinder, after which the seller deleted their profile.","Complainant was deceived in an online transaction. They transferred $44,144 via Revolut for an item listed on Tinder, after which the seller deleted their profile.",financial_cyber_fraud,Financial Cyber Fraud
cyberguard_300074,cyberguard,2024-05-02,Police / CERT Incident Report,"Complainant reported that an unknown perpetrator impersonated them using their personal credentials to lease equipment and open utility accounts totaling $15,776.","Complainant reported that an unknown perpetrator impersonated them using their personal credentials to lease equipment and open utility accounts totaling $15,776.",identity_theft_impersonation,Identity Theft Impersonation
cyberguard_300075,cyberguard,2024-05-02,Police / CERT Incident Report,"An impersonation call from someone claiming to be technical support at Cash App directed the victim to install remote access tools, compromising $54,415.","An impersonation call from someone claiming to be technical support at Cash App directed the victim to install remote access tools, compromising $54,415.",phishing_social_engineering,Phishing Social Engineering
cyberguard_300076,cyberguard,2024-05-02,Police / CERT Incident Report,"Victim experienced unauthorized card-not-present fraud where $55,220 was deducted through international online payment processors.","Victim experienced unauthorized card-not-present fraud where $55,220 was deducted through international online payment processors.",financial_cyber_fraud,Financial Cyber Fraud
cyberguard_300077,cyberguard,2024-05-02,Police / CERT Incident Report,"A commercial logistics agency reported a malware attack that locked critical shipment dispatch schedules, leaving a ransom note demanding Tether (USDT).","A commercial logistics agency reported a malware attack that locked critical shipment dispatch schedules, leaving a ransom note demanding Tether (USDT).",ransomware_extortion,Ransomware Extortion
cyberguard_300078,cyberguard,2024-05-02,Police / CERT Incident Report,"Complainant reported identity theft. Fraudsters acquired the victim's social security number and driver's license from an online leak and fraudulently claimed $66,273 in benefits.","Complainant reported identity theft. Fraudsters acquired the victim's social security number and driver's license from an online leak and fraudulently claimed $66,273 in benefits.",identity_theft_impersonation,Identity Theft Impersonation
cyberguard_300079,cyberguard,2024-05-02,Police / CERT Incident Report,"Complainant was deceived in an online transaction. They transferred $2,126 via Cash App for an item listed on Tinder, after which the seller deleted their profile.","Complainant was deceived in an online transaction. They transferred $2,126 via Cash App for an item listed on Tinder, after which the seller deleted their profile.",financial_cyber_fraud,Financial Cyber Fraud
cyberguard_300080,cyberguard,2024-05-02,Police / CERT Incident Report,"A commercial logistics agency reported a malware attack that locked critical shipment dispatch schedules, leaving a ransom note demanding Solana.","A commercial logistics agency reported a malware attack that locked critical shipment dispatch schedules, leaving a ransom note demanding Solana.",ransomware_extortion,Ransomware Extortion
cyberguard_300081,cyberguard,2024-05-02,Police / CERT Incident Report,"An impersonation call from someone claiming to be technical support at Wells Fargo directed the victim to install remote access tools, compromising $77,445.","An impersonation call from someone claiming to be technical support at Wells Fargo directed the victim to install remote access tools, compromising $77,445.",phishing_social_engineering,Phishing Social Engineering
cyberguard_300082,cyberguard,2024-05-02,Police / CERT Incident Report,"Complainant reported that an unknown perpetrator impersonated them using their personal credentials to lease equipment and open utility accounts totaling $34,850.","Complainant reported that an unknown perpetrator impersonated them using their personal credentials to lease equipment and open utility accounts totaling $34,850.",identity_theft_impersonation,Identity Theft Impersonation
cyberguard_300083,cyberguard,2024-05-02,Police / CERT Incident Report,"Citizen reported an online crypto investment fraud. An unknown party contacted them via Instagram promoting a trading platform. Victim transferred $18,506 in Monero before being locked out.","Citizen reported an online crypto investment fraud. An unknown party contacted them via Instagram promoting a trading platform. Victim transferred $18,506 in Monero before being locked out.",financial_cyber_fraud,Financial Cyber Fraud
cyberguard_300084,cyberguard,2024-05-02,Police / CERT Incident Report,"Complainant reported identity theft. Fraudsters acquired the victim's social security number and driver's license from an online leak and fraudulently claimed $81,074 in benefits.","Complainant reported identity theft. Fraudsters acquired the victim's social security number and driver's license from an online leak and fraudulently claimed $81,074 in benefits.",identity_theft_impersonation,Identity Theft Impersonation
cyberguard_300085,cyberguard,2024-05-02,Police / CERT Incident Report,"Victim received an urgent smishing SMS claiming an undelivered parcel from postal services, providing a spoofed link that compromised their debit card details.","Victim received an urgent smishing SMS claiming an undelivered parcel from postal services, providing a spoofed link that compromised their debit card details.",phishing_social_engineering,Phishing Social Engineering
cyberguard_300086,cyberguard,2024-05-02,Police / CERT Incident Report,"A commercial logistics agency reported a malware attack that locked critical shipment dispatch schedules, leaving a ransom note demanding Monero.","A commercial logistics agency reported a malware attack that locked critical shipment dispatch schedules, leaving a ransom note demanding Monero.",ransomware_extortion,Ransomware Extortion
cyberguard_300087,cyberguard,2024-05-02,Police / CERT Incident Report,"Victim experienced unauthorized card-not-present fraud where $77,018 was deducted through international online payment processors.","Victim experienced unauthorized card-not-present fraud where $77,018 was deducted through international online payment processors.",financial_cyber_fraud,Financial Cyber Fraud
cyberguard_300088,cyberguard,2024-05-02,Police / CERT Incident Report,"Citizen reported an online crypto investment fraud. An unknown party contacted them via Tinder promoting a trading platform. Victim transferred $2,345 in Tether (USDT) before being locked out.","Citizen reported an online crypto investment fraud. An unknown party contacted them via Tinder promoting a trading platform. Victim transferred $2,345 in Tether (USDT) before being locked out.",financial_cyber_fraud,Financial Cyber Fraud
cyberguard_300089,cyberguard,2024-05-02,Police / CERT Incident Report,"A victim discovered that their identity was forged to register unauthorized accounts with Zelle and obtain online loans amounting to $68,280 without consent.","A victim discovered that their identity was forged to register unauthorized accounts with Zelle and obtain online loans amounting to $68,280 without consent.",identity_theft_impersonation,Identity Theft Impersonation
cyberguard_300090,cyberguard,2024-05-02,Police / CERT Incident Report,"Complainant reported that an unknown perpetrator impersonated them using their personal credentials to lease equipment and open utility accounts totaling $25,569.","Complainant reported that an unknown perpetrator impersonated them using their personal credentials to lease equipment and open utility accounts totaling $25,569.",identity_theft_impersonation,Identity Theft Impersonation
cyberguard_300091,cyberguard,2024-05-02,Police / CERT Incident Report,"Complainant was deceived in an online transaction. They transferred $73,848 via Wells Fargo for an item listed on Instagram, after which the seller deleted their profile.","Complainant was deceived in an online transaction. They transferred $73,848 via Wells Fargo for an item listed on Instagram, after which the seller deleted their profile.",financial_cyber_fraud,Financial Cyber Fraud
cyberguard_300092,cyberguard,2024-05-02,Police / CERT Incident Report,"Complainant reported that an unknown perpetrator impersonated them using their personal credentials to lease equipment and open utility accounts totaling $56,386.","Complainant reported that an unknown perpetrator impersonated them using their personal credentials to lease equipment and open utility accounts totaling $56,386.",identity_theft_impersonation,Identity Theft Impersonation
cyberguard_300093,cyberguard,2024-05-02,Police / CERT Incident Report,"Complainant reported digital extortion where an attacker threatened to release private personal photographs unless $16,923 in Ethereum was paid within 24 hours.","Complainant reported digital extortion where an attacker threatened to release private personal photographs unless $16,923 in Ethereum was paid within 24 hours.",ransomware_extortion,Ransomware Extortion
cyberguard_300094,cyberguard,2024-05-02,Police / CERT Incident Report,"Complainant was deceived in an online transaction. They transferred $55,629 via Revolut for an item listed on Tinder, after which the seller deleted their profile.","Complainant was deceived in an online transaction. They transferred $55,629 via Revolut for an item listed on Tinder, after which the seller deleted their profile.",financial_cyber_fraud,Financial Cyber Fraud
cyberguard_300095,cyberguard,2024-05-02,Police / CERT Incident Report,"Complainant reported digital extortion where an attacker threatened to release private personal photographs unless $18,686 in Tether (USDT) was paid within 24 hours.","Complainant reported digital extortion where an attacker threatened to release private personal photographs unless $18,686 in Tether (USDT) was paid within 24 hours.",ransomware_extortion,Ransomware Extortion
cyberguard_300096,cyberguard,2024-05-02,Police / CERT Incident Report,"Complainant reported digital extortion where an attacker threatened to release private personal photographs unless $52,752 in Solana was paid within 24 hours.","Complainant reported digital extortion where an attacker threatened to release private personal photographs unless $52,752 in Solana was paid within 24 hours.",ransomware_extortion,Ransomware Extortion
cyberguard_300097,cyberguard,2024-05-02,Police / CERT Incident Report,"A commercial logistics agency reported a malware attack that locked critical shipment dispatch schedules, leaving a ransom note demanding Ethereum.","A commercial logistics agency reported a malware attack that locked critical shipment dispatch schedules, leaving a ransom note demanding Ethereum.",ransomware_extortion,Ransomware Extortion
cyberguard_300098,cyberguard,2024-05-02,Police / CERT Incident Report,"Victim was targeted with an email purporting to be from Tinder demanding password verification, resulting in account takeover.","Victim was targeted with an email purporting to be from Tinder demanding password verification, resulting in account takeover.",phishing_social_engineering,Phishing Social Engineering
cyberguard_300099,cyberguard,2024-05-02,Police / CERT Incident Report,"A business owner filed a report stating that an extortion group encrypted their client database, demanding $2,975 in Solana to restore access.","A business owner filed a report stating that an extortion group encrypted their client database, demanding $2,975 in Solana to restore access.",ransomware_extortion,Ransomware Extortion
cyberguard_300100,cyberguard,2024-05-02,Police / CERT Incident Report,"A business owner filed a report stating that an extortion group encrypted their client database, demanding $45,815 in Bitcoin to restore access.","A business owner filed a report stating that an extortion group encrypted their client database, demanding $45,815 in Bitcoin to restore access.",ransomware_extortion,Ransomware Extortion
cyberguard_300101,cyberguard,2024-05-02,Police / CERT Incident Report,"Victim received an urgent smishing SMS claiming an undelivered parcel from postal services, providing a spoofed link that compromised their debit card details.","Victim received an urgent smishing SMS claiming an undelivered parcel from postal services, providing a spoofed link that compromised their debit card details.",phishing_social_engineering,Phishing Social Engineering
cyberguard_300102,cyberguard,2024-05-02,Police / CERT Incident Report,"An impersonation call from someone claiming to be technical support at Venmo directed the victim to install remote access tools, compromising $23,414.","An impersonation call from someone claiming to be technical support at Venmo directed the victim to install remote access tools, compromising $23,414.",phishing_social_engineering,Phishing Social Engineering
cyberguard_300103,cyberguard,2024-05-02,Police / CERT Incident Report,"Complainant reported digital extortion where an attacker threatened to release private personal photographs unless $18,741 in Ethereum was paid within 24 hours.","Complainant reported digital extortion where an attacker threatened to release private personal photographs unless $18,741 in Ethereum was paid within 24 hours.",ransomware_extortion,Ransomware Extortion
cyberguard_300104,cyberguard,2024-05-02,Police / CERT Incident Report,"A victim discovered that their identity was forged to register unauthorized accounts with Wells Fargo and obtain online loans amounting to $5,335 without consent.","A victim discovered that their identity was forged to register unauthorized accounts with Wells Fargo and obtain online loans amounting to $5,335 without consent.",identity_theft_impersonation,Identity Theft Impersonation
cyberguard_300105,cyberguard,2024-05-02,Police / CERT Incident Report,"Complainant reported digital extortion where an attacker threatened to release private personal photographs unless $47,055 in Bitcoin was paid within 24 hours.","Complainant reported digital extortion where an attacker threatened to release private personal photographs unless $47,055 in Bitcoin was paid within 24 hours.",ransomware_extortion,Ransomware Extortion
cyberguard_300106,cyberguard,2024-05-02,Police / CERT Incident Report,"Citizen reported an online crypto investment fraud. An unknown party contacted them via WhatsApp promoting a trading platform. Victim transferred $56,546 in Bitcoin before being locked out.","Citizen reported an online crypto investment fraud. An unknown party contacted them via WhatsApp promoting a trading platform. Victim transferred $56,546 in Bitcoin before being locked out.",financial_cyber_fraud,Financial Cyber Fraud
cyberguard_300107,cyberguard,2024-05-02,Police / CERT Incident Report,"Victim was targeted with an email purporting to be from Telegram demanding password verification, resulting in account takeover.","Victim was targeted with an email purporting to be from Telegram demanding password verification, resulting in account takeover.",phishing_social_engineering,Phishing Social Engineering
cyberguard_300108,cyberguard,2024-05-02,Police / CERT Incident Report,"Victim was targeted with an email purporting to be from Facebook Marketplace demanding password verification, resulting in account takeover.","Victim was targeted with an email purporting to be from Facebook Marketplace demanding password verification, resulting in account takeover.",phishing_social_engineering,Phishing Social Engineering
cyberguard_300109,cyberguard,2024-05-02,Police / CERT Incident Report,"Complainant was deceived in an online transaction. They transferred $6,102 via Chime for an item listed on Telegram, after which the seller deleted their profile.","Complainant was deceived in an online transaction. They transferred $6,102 via Chime for an item listed on Telegram, after which the seller deleted their profile.",financial_cyber_fraud,Financial Cyber Fraud
cyberguard_300110,cyberguard,2024-05-02,Police / CERT Incident Report,"Complainant reported digital extortion where an attacker threatened to release private personal photographs unless $59,488 in Monero was paid within 24 hours.","Complainant reported digital extortion where an attacker threatened to release private personal photographs unless $59,488 in Monero was paid within 24 hours.",ransomware_extortion,Ransomware Extortion
cyberguard_300111,cyberguard,2024-05-02,Police / CERT Incident Report,"Complainant reported identity theft. Fraudsters acquired the victim's social security number and driver's license from an online leak and fraudulently claimed $2,899 in benefits.","Complainant reported identity theft. Fraudsters acquired the victim's social security number and driver's license from an online leak and fraudulently claimed $2,899 in benefits.",identity_theft_impersonation,Identity Theft Impersonation
cyberguard_300112,cyberguard,2024-05-02,Police / CERT Incident Report,"Complainant was deceived in an online transaction. They transferred $25,431 via Cash App for an item listed on Telegram, after which the seller deleted their profile.","Complainant was deceived in an online transaction. They transferred $25,431 via Cash App for an item listed on Telegram, after which the seller deleted their profile.",financial_cyber_fraud,Financial Cyber Fraud
cyberguard_300113,cyberguard,2024-05-02,Police / CERT Incident Report,"Victim received an urgent smishing SMS claiming an undelivered parcel from postal services, providing a spoofed link that compromised their debit card details.","Victim received an urgent smishing SMS claiming an undelivered parcel from postal services, providing a spoofed link that compromised their debit card details.",phishing_social_engineering,Phishing Social Engineering
cyberguard_300114,cyberguard,2024-05-02,Police / CERT Incident Report,"Complainant reported that an unknown perpetrator impersonated them using their personal credentials to lease equipment and open utility accounts totaling $40,353.","Complainant reported that an unknown perpetrator impersonated them using their personal credentials to lease equipment and open utility accounts totaling $40,353.",identity_theft_impersonation,Identity Theft Impersonation
cyberguard_300115,cyberguard,2024-05-02,Police / CERT Incident Report,"A victim discovered that their identity was forged to register unauthorized accounts with Cash App and obtain online loans amounting to $21,422 without consent.","A victim discovered that their identity was forged to register unauthorized accounts with Cash App and obtain online loans amounting to $21,422 without consent.",identity_theft_impersonation,Identity Theft Impersonation
cyberguard_300116,cyberguard,2024-05-02,Police / CERT Incident Report,"Victim experienced unauthorized card-not-present fraud where $38,880 was deducted through international online payment processors.","Victim experienced unauthorized card-not-present fraud where $38,880 was deducted through international online payment processors.",financial_cyber_fraud,Financial Cyber Fraud
cyberguard_300117,cyberguard,2024-05-02,Police / CERT Incident Report,"Victim was targeted with an email purporting to be from Facebook Marketplace demanding password verification, resulting in account takeover.","Victim was targeted with an email purporting to be from Facebook Marketplace demanding password verification, resulting in account takeover.",phishing_social_engineering,Phishing Social Engineering
cyberguard_300118,cyberguard,2024-05-02,Police / CERT Incident Report,"Citizen reported an online crypto investment fraud. An unknown party contacted them via Tinder promoting a trading platform. Victim transferred $24,026 in Bitcoin before being locked out.","Citizen reported an online crypto investment fraud. An unknown party contacted them via Tinder promoting a trading platform. Victim transferred $24,026 in Bitcoin before being locked out.",financial_cyber_fraud,Financial Cyber Fraud
cyberguard_300119,cyberguard,2024-05-02,Police / CERT Incident Report,"Complainant reported that an unknown perpetrator impersonated them using their personal credentials to lease equipment and open utility accounts totaling $65,611.","Complainant reported that an unknown perpetrator impersonated them using their personal credentials to lease equipment and open utility accounts totaling $65,611.",identity_theft_impersonation,Identity Theft Impersonation
cyberguard_300120,cyberguard,2024-05-02,Police / CERT Incident Report,"Citizen reported an online crypto investment fraud. An unknown party contacted them via LinkedIn promoting a trading platform. Victim transferred $12,852 in Bitcoin before being locked out.","Citizen reported an online crypto investment fraud. An unknown party contacted them via LinkedIn promoting a trading platform. Victim transferred $12,852 in Bitcoin before being locked out.",financial_cyber_fraud,Financial Cyber Fraud
cyberguard_300121,cyberguard,2024-05-02,Police / CERT Incident Report,"Victim received an urgent smishing SMS claiming an undelivered parcel from postal services, providing a spoofed link that compromised their debit card details.","Victim received an urgent smishing SMS claiming an undelivered parcel from postal services, providing a spoofed link that compromised their debit card details.",phishing_social_engineering,Phishing Social Engineering
cyberguard_300122,cyberguard,2024-05-02,Police / CERT Incident Report,"A commercial logistics agency reported a malware attack that locked critical shipment dispatch schedules, leaving a ransom note demanding Ethereum.","A commercial logistics agency reported a malware attack that locked critical shipment dispatch schedules, leaving a ransom note demanding Ethereum.",ransomware_extortion,Ransomware Extortion
cyberguard_300123,cyberguard,2024-05-02,Police / CERT Incident Report,"Citizen reported an online crypto investment fraud. An unknown party contacted them via Instagram promoting a trading platform. Victim transferred $72,361 in Bitcoin before being locked out.","Citizen reported an online crypto investment fraud. An unknown party contacted them via Instagram promoting a trading platform. Victim transferred $72,361 in Bitcoin before being locked out.",financial_cyber_fraud,Financial Cyber Fraud
cyberguard_300124,cyberguard,2024-05-02,Police / CERT Incident Report,"Complainant reported digital extortion where an attacker threatened to release private personal photographs unless $83,713 in Bitcoin was paid within 24 hours.","Complainant reported digital extortion where an attacker threatened to release private personal photographs unless $83,713 in Bitcoin was paid within 24 hours.",ransomware_extortion,Ransomware Extortion
cyberguard_300125,cyberguard,2024-05-02,Police / CERT Incident Report,"Victim was targeted with an email purporting to be from WhatsApp demanding password verification, resulting in account takeover.","Victim was targeted with an email purporting to be from WhatsApp demanding password verification, resulting in account takeover.",phishing_social_engineering,Phishing Social Engineering
cyberguard_300126,cyberguard,2024-05-02,Police / CERT Incident Report,"Complainant reported identity theft. Fraudsters acquired the victim's social security number and driver's license from an online leak and fraudulently claimed $52,843 in benefits.","Complainant reported identity theft. Fraudsters acquired the victim's social security number and driver's license from an online leak and fraudulently claimed $52,843 in benefits.",identity_theft_impersonation,Identity Theft Impersonation
cyberguard_300127,cyberguard,2024-05-02,Police / CERT Incident Report,"Complainant reported identity theft. Fraudsters acquired the victim's social security number and driver's license from an online leak and fraudulently claimed $54,566 in benefits.","Complainant reported identity theft. Fraudsters acquired the victim's social security number and driver's license from an online leak and fraudulently claimed $54,566 in benefits.",identity_theft_impersonation,Identity Theft Impersonation
cyberguard_300128,cyberguard,2024-05-02,Police / CERT Incident Report,"Complainant reported digital extortion where an attacker threatened to release private personal photographs unless $84,370 in Ethereum was paid within 24 hours.","Complainant reported digital extortion where an attacker threatened to release private personal photographs unless $84,370 in Ethereum was paid within 24 hours.",ransomware_extortion,Ransomware Extortion
cyberguard_300129,cyberguard,2024-05-02,Police / CERT Incident Report,"Complainant reported that an unknown perpetrator impersonated them using their personal credentials to lease equipment and open utility accounts totaling $32,218.","Complainant reported that an unknown perpetrator impersonated them using their personal credentials to lease equipment and open utility accounts totaling $32,218.",identity_theft_impersonation,Identity Theft Impersonation
cyberguard_300130,cyberguard,2024-05-02,Police / CERT Incident Report,"A business owner filed a report stating that an extortion group encrypted their client database, demanding $48,209 in Tether (USDT) to restore access.","A business owner filed a report stating that an extortion group encrypted their client database, demanding $48,209 in Tether (USDT) to restore access.",ransomware_extortion,Ransomware Extortion
cyberguard_300131,cyberguard,2024-05-02,Police / CERT Incident Report,"Victim received an urgent smishing SMS claiming an undelivered parcel from postal services, providing a spoofed link that compromised their debit card details.","Victim received an urgent smishing SMS claiming an undelivered parcel from postal services, providing a spoofed link that compromised their debit card details.",phishing_social_engineering,Phishing Social Engineering
cyberguard_300132,cyberguard,2024-05-02,Police / CERT Incident Report,"Citizen reported an online crypto investment fraud. An unknown party contacted them via LinkedIn promoting a trading platform. Victim transferred $33,672 in Ethereum before being locked out.","Citizen reported an online crypto investment fraud. An unknown party contacted them via LinkedIn promoting a trading platform. Victim transferred $33,672 in Ethereum before being locked out.",financial_cyber_fraud,Financial Cyber Fraud
cyberguard_300133,cyberguard,2024-05-02,Police / CERT Incident Report,"An impersonation call from someone claiming to be technical support at Revolut directed the victim to install remote access tools, compromising $68,251.","An impersonation call from someone claiming to be technical support at Revolut directed the victim to install remote access tools, compromising $68,251.",phishing_social_engineering,Phishing Social Engineering
cyberguard_300134,cyberguard,2024-05-02,Police / CERT Incident Report,"A business owner filed a report stating that an extortion group encrypted their client database, demanding $52,041 in Bitcoin to restore access.","A business owner filed a report stating that an extortion group encrypted their client database, demanding $52,041 in Bitcoin to restore access.",ransomware_extortion,Ransomware Extortion
cyberguard_300135,cyberguard,2024-05-02,Police / CERT Incident Report,"Victim experienced unauthorized card-not-present fraud where $36,070 was deducted through international online payment processors.","Victim experienced unauthorized card-not-present fraud where $36,070 was deducted through international online payment processors.",financial_cyber_fraud,Financial Cyber Fraud
cyberguard_300136,cyberguard,2024-05-02,Police / CERT Incident Report,"A business owner filed a report stating that an extortion group encrypted their client database, demanding $63,010 in Monero to restore access.","A business owner filed a report stating that an extortion group encrypted their client database, demanding $63,010 in Monero to restore access.",ransomware_extortion,Ransomware Extortion
cyberguard_300137,cyberguard,2024-05-02,Police / CERT Incident Report,"Complainant reported that an unknown perpetrator impersonated them using their personal credentials to lease equipment and open utility accounts totaling $74,782.","Complainant reported that an unknown perpetrator impersonated them using their personal credentials to lease equipment and open utility accounts totaling $74,782.",identity_theft_impersonation,Identity Theft Impersonation
cyberguard_300138,cyberguard,2024-05-02,Police / CERT Incident Report,"A business owner filed a report stating that an extortion group encrypted their client database, demanding $78,228 in Bitcoin to restore access.","A business owner filed a report stating that an extortion group encrypted their client database, demanding $78,228 in Bitcoin to restore access.",ransomware_extortion,Ransomware Extortion
cyberguard_300139,cyberguard,2024-05-02,Police / CERT Incident Report,"Victim was targeted with an email purporting to be from Instagram demanding password verification, resulting in account takeover.","Victim was targeted with an email purporting to be from Instagram demanding password verification, resulting in account takeover.",phishing_social_engineering,Phishing Social Engineering
cyberguard_300140,cyberguard,2024-05-02,Police / CERT Incident Report,"A business owner filed a report stating that an extortion group encrypted their client database, demanding $71,304 in Ethereum to restore access.","A business owner filed a report stating that an extortion group encrypted their client database, demanding $71,304 in Ethereum to restore access.",ransomware_extortion,Ransomware Extortion
cyberguard_300141,cyberguard,2024-05-02,Police / CERT Incident Report,"Complainant reported digital extortion where an attacker threatened to release private personal photographs unless $55,512 in Ethereum was paid within 24 hours.","Complainant reported digital extortion where an attacker threatened to release private personal photographs unless $55,512 in Ethereum was paid within 24 hours.",ransomware_extortion,Ransomware Extortion
cyberguard_300142,cyberguard,2024-05-02,Police / CERT Incident Report,"Complainant reported that an unknown perpetrator impersonated them using their personal credentials to lease equipment and open utility accounts totaling $46,108.","Complainant reported that an unknown perpetrator impersonated them using their personal credentials to lease equipment and open utility accounts totaling $46,108.",identity_theft_impersonation,Identity Theft Impersonation
cyberguard_300143,cyberguard,2024-05-02,Police / CERT Incident Report,"Complainant reported identity theft. Fraudsters acquired the victim's social security number and driver's license from an online leak and fraudulently claimed $20,603 in benefits.","Complainant reported identity theft. Fraudsters acquired the victim's social security number and driver's license from an online leak and fraudulently claimed $20,603 in benefits.",identity_theft_impersonation,Identity Theft Impersonation
cyberguard_300144,cyberguard,2024-05-02,Police / CERT Incident Report,"Victim was targeted with an email purporting to be from Tinder demanding password verification, resulting in account takeover.","Victim was targeted with an email purporting to be from Tinder demanding password verification, resulting in account takeover.",phishing_social_engineering,Phishing Social Engineering
cyberguard_300145,cyberguard,2024-05-02,Police / CERT Incident Report,"An impersonation call from someone claiming to be technical support at Venmo directed the victim to install remote access tools, compromising $66,172.","An impersonation call from someone claiming to be technical support at Venmo directed the victim to install remote access tools, compromising $66,172.",phishing_social_engineering,Phishing Social Engineering
cyberguard_300146,cyberguard,2024-05-02,Police / CERT Incident Report,"A business owner filed a report stating that an extortion group encrypted their client database, demanding $6,764 in Monero to restore access.","A business owner filed a report stating that an extortion group encrypted their client database, demanding $6,764 in Monero to restore access.",ransomware_extortion,Ransomware Extortion
cyberguard_300147,cyberguard,2024-05-02,Police / CERT Incident Report,"Complainant reported that an unknown perpetrator impersonated them using their personal credentials to lease equipment and open utility accounts totaling $36,591.","Complainant reported that an unknown perpetrator impersonated them using their personal credentials to lease equipment and open utility accounts totaling $36,591.",identity_theft_impersonation,Identity Theft Impersonation
cyberguard_300148,cyberguard,2024-05-02,Police / CERT Incident Report,"Complainant reported identity theft. Fraudsters acquired the victim's social security number and driver's license from an online leak and fraudulently claimed $79,125 in benefits.","Complainant reported identity theft. Fraudsters acquired the victim's social security number and driver's license from an online leak and fraudulently claimed $79,125 in benefits.",identity_theft_impersonation,Identity Theft Impersonation
cyberguard_300149,cyberguard,2024-05-02,Police / CERT Incident Report,"A business owner filed a report stating that an extortion group encrypted their client database, demanding $45,368 in Monero to restore access.","A business owner filed a report stating that an extortion group encrypted their client database, demanding $45,368 in Monero to restore access.",ransomware_extortion,Ransomware Extortion
cyberguard_300150,cyberguard,2024-05-02,Police / CERT Incident Report,"Citizen reported an online crypto investment fraud. An unknown party contacted them via Instagram promoting a trading platform. Victim transferred $19,792 in Ethereum before being locked out.","Citizen reported an online crypto investment fraud. An unknown party contacted them via Instagram promoting a trading platform. Victim transferred $19,792 in Ethereum before being locked out.",financial_cyber_fraud,Financial Cyber Fraud
cyberguard_300151,cyberguard,2024-05-02,Police / CERT Incident Report,"A commercial logistics agency reported a malware attack that locked critical shipment dispatch schedules, leaving a ransom note demanding Monero.","A commercial logistics agency reported a malware attack that locked critical shipment dispatch schedules, leaving a ransom note demanding Monero.",ransomware_extortion,Ransomware Extortion
cyberguard_300152,cyberguard,2024-05-02,Police / CERT Incident Report,"Complainant reported digital extortion where an attacker threatened to release private personal photographs unless $41,003 in Solana was paid within 24 hours.","Complainant reported digital extortion where an attacker threatened to release private personal photographs unless $41,003 in Solana was paid within 24 hours.",ransomware_extortion,Ransomware Extortion
cyberguard_300153,cyberguard,2024-05-02,Police / CERT Incident Report,"Complainant was deceived in an online transaction. They transferred $13,105 via Venmo for an item listed on Facebook Marketplace, after which the seller deleted their profile.","Complainant was deceived in an online transaction. They transferred $13,105 via Venmo for an item listed on Facebook Marketplace, after which the seller deleted their profile.",financial_cyber_fraud,Financial Cyber Fraud
cyberguard_300154,cyberguard,2024-05-02,Police / CERT Incident Report,"A commercial logistics agency reported a malware attack that locked critical shipment dispatch schedules, leaving a ransom note demanding Solana.","A commercial logistics agency reported a malware attack that locked critical shipment dispatch schedules, leaving a ransom note demanding Solana.",ransomware_extortion,Ransomware Extortion
cyberguard_300155,cyberguard,2024-05-02,Police / CERT Incident Report,"Victim was targeted with an email purporting to be from Facebook Marketplace demanding password verification, resulting in account takeover.","Victim was targeted with an email purporting to be from Facebook Marketplace demanding password verification, resulting in account takeover.",phishing_social_engineering,Phishing Social Engineering
cyberguard_300156,cyberguard,2024-05-02,Police / CERT Incident Report,"A commercial logistics agency reported a malware attack that locked critical shipment dispatch schedules, leaving a ransom note demanding Bitcoin.","A commercial logistics agency reported a malware attack that locked critical shipment dispatch schedules, leaving a ransom note demanding Bitcoin.",ransomware_extortion,Ransomware Extortion
cyberguard_300157,cyberguard,2024-05-02,Police / CERT Incident Report,"Complainant reported digital extortion where an attacker threatened to release private personal photographs unless $61,006 in Ethereum was paid within 24 hours.","Complainant reported digital extortion where an attacker threatened to release private personal photographs unless $61,006 in Ethereum was paid within 24 hours.",ransomware_extortion,Ransomware Extortion
cyberguard_300158,cyberguard,2024-05-02,Police / CERT Incident Report,"Victim was targeted with an email purporting to be from WhatsApp demanding password verification, resulting in account takeover.","Victim was targeted with an email purporting to be from WhatsApp demanding password verification, resulting in account takeover.",phishing_social_engineering,Phishing Social Engineering
cyberguard_300159,cyberguard,2024-05-02,Police / CERT Incident Report,"Victim was targeted with an email purporting to be from Instagram demanding password verification, resulting in account takeover.","Victim was targeted with an email purporting to be from Instagram demanding password verification, resulting in account takeover.",phishing_social_engineering,Phishing Social Engineering
cyberguard_300160,cyberguard,2024-05-02,Police / CERT Incident Report,"Complainant was deceived in an online transaction. They transferred $18,620 via JPMorgan Chase for an item listed on LinkedIn, after which the seller deleted their profile.","Complainant was deceived in an online transaction. They transferred $18,620 via JPMorgan Chase for an item listed on LinkedIn, after which the seller deleted their profile.",financial_cyber_fraud,Financial Cyber Fraud
cyberguard_300161,cyberguard,2024-05-02,Police / CERT Incident Report,"Complainant was deceived in an online transaction. They transferred $18,193 via Zelle for an item listed on Tinder, after which the seller deleted their profile.","Complainant was deceived in an online transaction. They transferred $18,193 via Zelle for an item listed on Tinder, after which the seller deleted their profile.",financial_cyber_fraud,Financial Cyber Fraud
cyberguard_300162,cyberguard,2024-05-02,Police / CERT Incident Report,"Complainant reported digital extortion where an attacker threatened to release private personal photographs unless $30,227 in Bitcoin was paid within 24 hours.","Complainant reported digital extortion where an attacker threatened to release private personal photographs unless $30,227 in Bitcoin was paid within 24 hours.",ransomware_extortion,Ransomware Extortion
cyberguard_300163,cyberguard,2024-05-02,Police / CERT Incident Report,"A commercial logistics agency reported a malware attack that locked critical shipment dispatch schedules, leaving a ransom note demanding Monero.","A commercial logistics agency reported a malware attack that locked critical shipment dispatch schedules, leaving a ransom note demanding Monero.",ransomware_extortion,Ransomware Extortion
cyberguard_300164,cyberguard,2024-05-02,Police / CERT Incident Report,"An impersonation call from someone claiming to be technical support at Revolut directed the victim to install remote access tools, compromising $45,428.","An impersonation call from someone claiming to be technical support at Revolut directed the victim to install remote access tools, compromising $45,428.",phishing_social_engineering,Phishing Social Engineering
cyberguard_300165,cyberguard,2024-05-02,Police / CERT Incident Report,"A commercial logistics agency reported a malware attack that locked critical shipment dispatch schedules, leaving a ransom note demanding Solana.","A commercial logistics agency reported a malware attack that locked critical shipment dispatch schedules, leaving a ransom note demanding Solana.",ransomware_extortion,Ransomware Extortion
cyberguard_300166,cyberguard,2024-05-02,Police / CERT Incident Report,"Victim received an urgent smishing SMS claiming an undelivered parcel from postal services, providing a spoofed link that compromised their debit card details.","Victim received an urgent smishing SMS claiming an undelivered parcel from postal services, providing a spoofed link that compromised their debit card details.",phishing_social_engineering,Phishing Social Engineering
cyberguard_300167,cyberguard,2024-05-02,Police / CERT Incident Report,"Victim was targeted with an email purporting to be from LinkedIn demanding password verification, resulting in account takeover.","Victim was targeted with an email purporting to be from LinkedIn demanding password verification, resulting in account takeover.",phishing_social_engineering,Phishing Social Engineering
cyberguard_300168,cyberguard,2024-05-02,Police / CERT Incident Report,"An impersonation call from someone claiming to be technical support at Chime directed the victim to install remote access tools, compromising $9,877.","An impersonation call from someone claiming to be technical support at Chime directed the victim to install remote access tools, compromising $9,877.",phishing_social_engineering,Phishing Social Engineering
cyberguard_300169,cyberguard,2024-05-02,Police / CERT Incident Report,"Complainant reported digital extortion where an attacker threatened to release private personal photographs unless $59,345 in Solana was paid within 24 hours.","Complainant reported digital extortion where an attacker threatened to release private personal photographs unless $59,345 in Solana was paid within 24 hours.",ransomware_extortion,Ransomware Extortion
cyberguard_300170,cyberguard,2024-05-02,Police / CERT Incident Report,"A commercial logistics agency reported a malware attack that locked critical shipment dispatch schedules, leaving a ransom note demanding Monero.","A commercial logistics agency reported a malware attack that locked critical shipment dispatch schedules, leaving a ransom note demanding Monero.",ransomware_extortion,Ransomware Extortion
cyberguard_300171,cyberguard,2024-05-02,Police / CERT Incident Report,"Citizen reported an online crypto investment fraud. An unknown party contacted them via LinkedIn promoting a trading platform. Victim transferred $50,142 in Ethereum before being locked out.","Citizen reported an online crypto investment fraud. An unknown party contacted them via LinkedIn promoting a trading platform. Victim transferred $50,142 in Ethereum before being locked out.",financial_cyber_fraud,Financial Cyber Fraud
cyberguard_300172,cyberguard,2024-05-02,Police / CERT Incident Report,"Victim received an urgent smishing SMS claiming an undelivered parcel from postal services, providing a spoofed link that compromised their debit card details.","Victim received an urgent smishing SMS claiming an undelivered parcel from postal services, providing a spoofed link that compromised their debit card details.",phishing_social_engineering,Phishing Social Engineering
cyberguard_300173,cyberguard,2024-05-02,Police / CERT Incident Report,"Victim experienced unauthorized card-not-present fraud where $5,319 was deducted through international online payment processors.","Victim experienced unauthorized card-not-present fraud where $5,319 was deducted through international online payment processors.",financial_cyber_fraud,Financial Cyber Fraud
cyberguard_300174,cyberguard,2024-05-02,Police / CERT Incident Report,"A victim discovered that their identity was forged to register unauthorized accounts with Revolut and obtain online loans amounting to $71,469 without consent.","A victim discovered that their identity was forged to register unauthorized accounts with Revolut and obtain online loans amounting to $71,469 without consent.",identity_theft_impersonation,Identity Theft Impersonation
cyberguard_300175,cyberguard,2024-05-02,Police / CERT Incident Report,"Victim received an urgent smishing SMS claiming an undelivered parcel from postal services, providing a spoofed link that compromised their debit card details.","Victim received an urgent smishing SMS claiming an undelivered parcel from postal services, providing a spoofed link that compromised their debit card details.",phishing_social_engineering,Phishing Social Engineering
cyberguard_300176,cyberguard,2024-05-02,Police / CERT Incident Report,"Complainant was deceived in an online transaction. They transferred $35,158 via Venmo for an item listed on Facebook Marketplace, after which the seller deleted their profile.","Complainant was deceived in an online transaction. They transferred $35,158 via Venmo for an item listed on Facebook Marketplace, after which the seller deleted their profile.",financial_cyber_fraud,Financial Cyber Fraud
cyberguard_300177,cyberguard,2024-05-02,Police / CERT Incident Report,"Citizen reported an online crypto investment fraud. An unknown party contacted them via Telegram promoting a trading platform. Victim transferred $71,218 in Bitcoin before being locked out.","Citizen reported an online crypto investment fraud. An unknown party contacted them via Telegram promoting a trading platform. Victim transferred $71,218 in Bitcoin before being locked out.",financial_cyber_fraud,Financial Cyber Fraud
cyberguard_300178,cyberguard,2024-05-02,Police / CERT Incident Report,"Complainant was deceived in an online transaction. They transferred $9,267 via Chime for an item listed on LinkedIn, after which the seller deleted their profile.","Complainant was deceived in an online transaction. They transferred $9,267 via Chime for an item listed on LinkedIn, after which the seller deleted their profile.",financial_cyber_fraud,Financial Cyber Fraud
cyberguard_300179,cyberguard,2024-05-02,Police / CERT Incident Report,"A victim discovered that their identity was forged to register unauthorized accounts with JPMorgan Chase and obtain online loans amounting to $70,451 without consent.","A victim discovered that their identity was forged to register unauthorized accounts with JPMorgan Chase and obtain online loans amounting to $70,451 without consent.",identity_theft_impersonation,Identity Theft Impersonation
cyberguard_300180,cyberguard,2024-05-02,Police / CERT Incident Report,"Complainant reported that an unknown perpetrator impersonated them using their personal credentials to lease equipment and open utility accounts totaling $46,849.","Complainant reported that an unknown perpetrator impersonated them using their personal credentials to lease equipment and open utility accounts totaling $46,849.",identity_theft_impersonation,Identity Theft Impersonation
cyberguard_300181,cyberguard,2024-05-02,Police / CERT Incident Report,"A business owner filed a report stating that an extortion group encrypted their client database, demanding $73,904 in Bitcoin to restore access.","A business owner filed a report stating that an extortion group encrypted their client database, demanding $73,904 in Bitcoin to restore access.",ransomware_extortion,Ransomware Extortion
cyberguard_300182,cyberguard,2024-05-02,Police / CERT Incident Report,"Complainant reported that an unknown perpetrator impersonated them using their personal credentials to lease equipment and open utility accounts totaling $52,136.","Complainant reported that an unknown perpetrator impersonated them using their personal credentials to lease equipment and open utility accounts totaling $52,136.",identity_theft_impersonation,Identity Theft Impersonation
cyberguard_300183,cyberguard,2024-05-02,Police / CERT Incident Report,"A business owner filed a report stating that an extortion group encrypted their client database, demanding $23,674 in Bitcoin to restore access.","A business owner filed a report stating that an extortion group encrypted their client database, demanding $23,674 in Bitcoin to restore access.",ransomware_extortion,Ransomware Extortion
cyberguard_300184,cyberguard,2024-05-02,Police / CERT Incident Report,"Victim was targeted with an email purporting to be from Telegram demanding password verification, resulting in account takeover.","Victim was targeted with an email purporting to be from Telegram demanding password verification, resulting in account takeover.",phishing_social_engineering,Phishing Social Engineering
cyberguard_300185,cyberguard,2024-05-02,Police / CERT Incident Report,"A business owner filed a report stating that an extortion group encrypted their client database, demanding $37,627 in Bitcoin to restore access.","A business owner filed a report stating that an extortion group encrypted their client database, demanding $37,627 in Bitcoin to restore access.",ransomware_extortion,Ransomware Extortion
cyberguard_300186,cyberguard,2024-05-02,Police / CERT Incident Report,"Complainant reported digital extortion where an attacker threatened to release private personal photographs unless $43,567 in Tether (USDT) was paid within 24 hours.","Complainant reported digital extortion where an attacker threatened to release private personal photographs unless $43,567 in Tether (USDT) was paid within 24 hours.",ransomware_extortion,Ransomware Extortion
cyberguard_300187,cyberguard,2024-05-02,Police / CERT Incident Report,"Victim received an urgent smishing SMS claiming an undelivered parcel from postal services, providing a spoofed link that compromised their debit card details.","Victim received an urgent smishing SMS claiming an undelivered parcel from postal services, providing a spoofed link that compromised their debit card details.",phishing_social_engineering,Phishing Social Engineering
cyberguard_300188,cyberguard,2024-05-02,Police / CERT Incident Report,"Complainant was deceived in an online transaction. They transferred $74,379 via JPMorgan Chase for an item listed on LinkedIn, after which the seller deleted their profile.","Complainant was deceived in an online transaction. They transferred $74,379 via JPMorgan Chase for an item listed on LinkedIn, after which the seller deleted their profile.",financial_cyber_fraud,Financial Cyber Fraud
cyberguard_300189,cyberguard,2024-05-02,Police / CERT Incident Report,"Complainant reported digital extortion where an attacker threatened to release private personal photographs unless $80,430 in Tether (USDT) was paid within 24 hours.","Complainant reported digital extortion where an attacker threatened to release private personal photographs unless $80,430 in Tether (USDT) was paid within 24 hours.",ransomware_extortion,Ransomware Extortion
cyberguard_300190,cyberguard,2024-05-02,Police / CERT Incident Report,"A victim discovered that their identity was forged to register unauthorized accounts with Revolut and obtain online loans amounting to $70,786 without consent.","A victim discovered that their identity was forged to register unauthorized accounts with Revolut and obtain online loans amounting to $70,786 without consent.",identity_theft_impersonation,Identity Theft Impersonation
cyberguard_300191,cyberguard,2024-05-02,Police / CERT Incident Report,"A victim discovered that their identity was forged to register unauthorized accounts with Venmo and obtain online loans amounting to $52,732 without consent.","A victim discovered that their identity was forged to register unauthorized accounts with Venmo and obtain online loans amounting to $52,732 without consent.",identity_theft_impersonation,Identity Theft Impersonation
cyberguard_300192,cyberguard,2024-05-02,Police / CERT Incident Report,"An impersonation call from someone claiming to be technical support at Revolut directed the victim to install remote access tools, compromising $75,895.","An impersonation call from someone claiming to be technical support at Revolut directed the victim to install remote access tools, compromising $75,895.",phishing_social_engineering,Phishing Social Engineering
cyberguard_300193,cyberguard,2024-05-02,Police / CERT Incident Report,"Citizen reported an online crypto investment fraud. An unknown party contacted them via Tinder promoting a trading platform. Victim transferred $52,666 in Bitcoin before being locked out.","Citizen reported an online crypto investment fraud. An unknown party contacted them via Tinder promoting a trading platform. Victim transferred $52,666 in Bitcoin before being locked out.",financial_cyber_fraud,Financial Cyber Fraud
cyberguard_300194,cyberguard,2024-05-02,Police / CERT Incident Report,"A commercial logistics agency reported a malware attack that locked critical shipment dispatch schedules, leaving a ransom note demanding Monero.","A commercial logistics agency reported a malware attack that locked critical shipment dispatch schedules, leaving a ransom note demanding Monero.",ransomware_extortion,Ransomware Extortion
cyberguard_300195,cyberguard,2024-05-02,Police / CERT Incident Report,"An impersonation call from someone claiming to be technical support at Zelle directed the victim to install remote access tools, compromising $32,736.","An impersonation call from someone claiming to be technical support at Zelle directed the victim to install remote access tools, compromising $32,736.",phishing_social_engineering,Phishing Social Engineering
cyberguard_300196,cyberguard,2024-05-02,Police / CERT Incident Report,"Complainant was deceived in an online transaction. They transferred $73,598 via Zelle for an item listed on Tinder, after which the seller deleted their profile.","Complainant was deceived in an online transaction. They transferred $73,598 via Zelle for an item listed on Tinder, after which the seller deleted their profile.",financial_cyber_fraud,Financial Cyber Fraud
cyberguard_300197,cyberguard,2024-05-02,Police / CERT Incident Report,"Complainant reported identity theft. Fraudsters acquired the victim's social security number and driver's license from an online leak and fraudulently claimed $39,003 in benefits.","Complainant reported identity theft. Fraudsters acquired the victim's social security number and driver's license from an online leak and fraudulently claimed $39,003 in benefits.",identity_theft_impersonation,Identity Theft Impersonation
cyberguard_300198,cyberguard,2024-05-02,Police / CERT Incident Report,"A commercial logistics agency reported a malware attack that locked critical shipment dispatch schedules, leaving a ransom note demanding Tether (USDT).","A commercial logistics agency reported a malware attack that locked critical shipment dispatch schedules, leaving a ransom note demanding Tether (USDT).",ransomware_extortion,Ransomware Extortion
cyberguard_300199,cyberguard,2024-05-02,Police / CERT Incident Report,"A victim discovered that their identity was forged to register unauthorized accounts with Venmo and obtain online loans amounting to $29,166 without consent.","A victim discovered that their identity was forged to register unauthorized accounts with Venmo and obtain online loans amounting to $29,166 without consent.",identity_theft_impersonation,Identity Theft Impersonation
cyberguard_300200,cyberguard,2024-05-02,Police / CERT Incident Report,"Victim received an urgent smishing SMS claiming an undelivered parcel from postal services, providing a spoofed link that compromised their debit card details.","Victim received an urgent smishing SMS claiming an undelivered parcel from postal services, providing a spoofed link that compromised their debit card details.",phishing_social_engineering,Phishing Social Engineering
cyberguard_300201,cyberguard,2024-05-02,Police / CERT Incident Report,"Complainant was deceived in an online transaction. They transferred $7,724 via Revolut for an item listed on WhatsApp, after which the seller deleted their profile.","Complainant was deceived in an online transaction. They transferred $7,724 via Revolut for an item listed on WhatsApp, after which the seller deleted their profile.",financial_cyber_fraud,Financial Cyber Fraud
cyberguard_300202,cyberguard,2024-05-02,Police / CERT Incident Report,"Complainant reported identity theft. Fraudsters acquired the victim's social security number and driver's license from an online leak and fraudulently claimed $72,701 in benefits.","Complainant reported identity theft. Fraudsters acquired the victim's social security number and driver's license from an online leak and fraudulently claimed $72,701 in benefits.",identity_theft_impersonation,Identity Theft Impersonation
cyberguard_300203,cyberguard,2024-05-02,Police / CERT Incident Report,"A commercial logistics agency reported a malware attack that locked critical shipment dispatch schedules, leaving a ransom note demanding Ethereum.","A commercial logistics agency reported a malware attack that locked critical shipment dispatch schedules, leaving a ransom note demanding Ethereum.",ransomware_extortion,Ransomware Extortion
cyberguard_300204,cyberguard,2024-05-02,Police / CERT Incident Report,"Victim was targeted with an email purporting to be from Tinder demanding password verification, resulting in account takeover.","Victim was targeted with an email purporting to be from Tinder demanding password verification, resulting in account takeover.",phishing_social_engineering,Phishing Social Engineering
cyberguard_300205,cyberguard,2024-05-02,Police / CERT Incident Report,"Victim was targeted with an email purporting to be from Tinder demanding password verification, resulting in account takeover.","Victim was targeted with an email purporting to be from Tinder demanding password verification, resulting in account takeover.",phishing_social_engineering,Phishing Social Engineering
cyberguard_300206,cyberguard,2024-05-02,Police / CERT Incident Report,"A business owner filed a report stating that an extortion group encrypted their client database, demanding $52,804 in Monero to restore access.","A business owner filed a report stating that an extortion group encrypted their client database, demanding $52,804 in Monero to restore access.",ransomware_extortion,Ransomware Extortion
cyberguard_300207,cyberguard,2024-05-02,Police / CERT Incident Report,"Victim was targeted with an email purporting to be from LinkedIn demanding password verification, resulting in account takeover.","Victim was targeted with an email purporting to be from LinkedIn demanding password verification, resulting in account takeover.",phishing_social_engineering,Phishing Social Engineering
cyberguard_300208,cyberguard,2024-05-02,Police / CERT Incident Report,"Complainant reported identity theft. Fraudsters acquired the victim's social security number and driver's license from an online leak and fraudulently claimed $57,539 in benefits.","Complainant reported identity theft. Fraudsters acquired the victim's social security number and driver's license from an online leak and fraudulently claimed $57,539 in benefits.",identity_theft_impersonation,Identity Theft Impersonation
cyberguard_300209,cyberguard,2024-05-02,Police / CERT Incident Report,"Victim experienced unauthorized card-not-present fraud where $63,580 was deducted through international online payment processors.","Victim experienced unauthorized card-not-present fraud where $63,580 was deducted through international online payment processors.",financial_cyber_fraud,Financial Cyber Fraud
cyberguard_300210,cyberguard,2024-05-02,Police / CERT Incident Report,"Complainant reported that an unknown perpetrator impersonated them using their personal credentials to lease equipment and open utility accounts totaling $3,512.","Complainant reported that an unknown perpetrator impersonated them using their personal credentials to lease equipment and open utility accounts totaling $3,512.",identity_theft_impersonation,Identity Theft Impersonation
cyberguard_300211,cyberguard,2024-05-02,Police / CERT Incident Report,"Complainant was deceived in an online transaction. They transferred $38,813 via Venmo for an item listed on Facebook Marketplace, after which the seller deleted their profile.","Complainant was deceived in an online transaction. They transferred $38,813 via Venmo for an item listed on Facebook Marketplace, after which the seller deleted their profile.",financial_cyber_fraud,Financial Cyber Fraud
cyberguard_300212,cyberguard,2024-05-02,Police / CERT Incident Report,"An impersonation call from someone claiming to be technical support at Wells Fargo directed the victim to install remote access tools, compromising $82,336.","An impersonation call from someone claiming to be technical support at Wells Fargo directed the victim to install remote access tools, compromising $82,336.",phishing_social_engineering,Phishing Social Engineering
cyberguard_300213,cyberguard,2024-05-02,Police / CERT Incident Report,"Complainant reported digital extortion where an attacker threatened to release private personal photographs unless $84,975 in Tether (USDT) was paid within 24 hours.","Complainant reported digital extortion where an attacker threatened to release private personal photographs unless $84,975 in Tether (USDT) was paid within 24 hours.",ransomware_extortion,Ransomware Extortion
cyberguard_300214,cyberguard,2024-05-02,Police / CERT Incident Report,"Citizen reported an online crypto investment fraud. An unknown party contacted them via Telegram promoting a trading platform. Victim transferred $61,384 in Tether (USDT) before being locked out.","Citizen reported an online crypto investment fraud. An unknown party contacted them via Telegram promoting a trading platform. Victim transferred $61,384 in Tether (USDT) before being locked out.",financial_cyber_fraud,Financial Cyber Fraud
cyberguard_300215,cyberguard,2024-05-02,Police / CERT Incident Report,"Complainant was deceived in an online transaction. They transferred $60,855 via Revolut for an item listed on WhatsApp, after which the seller deleted their profile.","Complainant was deceived in an online transaction. They transferred $60,855 via Revolut for an item listed on WhatsApp, after which the seller deleted their profile.",financial_cyber_fraud,Financial Cyber Fraud
cyberguard_300216,cyberguard,2024-05-02,Police / CERT Incident Report,"Citizen reported an online crypto investment fraud. An unknown party contacted them via LinkedIn promoting a trading platform. Victim transferred $7,333 in Ethereum before being locked out.","Citizen reported an online crypto investment fraud. An unknown party contacted them via LinkedIn promoting a trading platform. Victim transferred $7,333 in Ethereum before being locked out.",financial_cyber_fraud,Financial Cyber Fraud
cyberguard_300217,cyberguard,2024-05-02,Police / CERT Incident Report,"Complainant reported that an unknown perpetrator impersonated them using their personal credentials to lease equipment and open utility accounts totaling $15,580.","Complainant reported that an unknown perpetrator impersonated them using their personal credentials to lease equipment and open utility accounts totaling $15,580.",identity_theft_impersonation,Identity Theft Impersonation
cyberguard_300218,cyberguard,2024-05-02,Police / CERT Incident Report,"An impersonation call from someone claiming to be technical support at Wells Fargo directed the victim to install remote access tools, compromising $10,996.","An impersonation call from someone claiming to be technical support at Wells Fargo directed the victim to install remote access tools, compromising $10,996.",phishing_social_engineering,Phishing Social Engineering
cyberguard_300219,cyberguard,2024-05-02,Police / CERT Incident Report,"Victim was targeted with an email purporting to be from WhatsApp demanding password verification, resulting in account takeover.","Victim was targeted with an email purporting to be from WhatsApp demanding password verification, resulting in account takeover.",phishing_social_engineering,Phishing Social Engineering
cyberguard_300220,cyberguard,2024-05-02,Police / CERT Incident Report,"A business owner filed a report stating that an extortion group encrypted their client database, demanding $64,202 in Monero to restore access.","A business owner filed a report stating that an extortion group encrypted their client database, demanding $64,202 in Monero to restore access.",ransomware_extortion,Ransomware Extortion
cyberguard_300221,cyberguard,2024-05-02,Police / CERT Incident Report,"Complainant reported digital extortion where an attacker threatened to release private personal photographs unless $22,466 in Bitcoin was paid within 24 hours.","Complainant reported digital extortion where an attacker threatened to release private personal photographs unless $22,466 in Bitcoin was paid within 24 hours.",ransomware_extortion,Ransomware Extortion
cyberguard_300222,cyberguard,2024-05-02,Police / CERT Incident Report,"Victim was targeted with an email purporting to be from WhatsApp demanding password verification, resulting in account takeover.","Victim was targeted with an email purporting to be from WhatsApp demanding password verification, resulting in account takeover.",phishing_social_engineering,Phishing Social Engineering
cyberguard_300223,cyberguard,2024-05-02,Police / CERT Incident Report,"Complainant reported that an unknown perpetrator impersonated them using their personal credentials to lease equipment and open utility accounts totaling $84,235.","Complainant reported that an unknown perpetrator impersonated them using their personal credentials to lease equipment and open utility accounts totaling $84,235.",identity_theft_impersonation,Identity Theft Impersonation
cyberguard_300224,cyberguard,2024-05-02,Police / CERT Incident Report,"Victim was targeted with an email purporting to be from Telegram demanding password verification, resulting in account takeover.","Victim was targeted with an email purporting to be from Telegram demanding password verification, resulting in account takeover.",phishing_social_engineering,Phishing Social Engineering
cyberguard_300225,cyberguard,2024-05-02,Police / CERT Incident Report,"Victim experienced unauthorized card-not-present fraud where $47,129 was deducted through international online payment processors.","Victim experienced unauthorized card-not-present fraud where $47,129 was deducted through international online payment processors.",financial_cyber_fraud,Financial Cyber Fraud
cyberguard_300226,cyberguard,2024-05-02,Police / CERT Incident Report,"A victim discovered that their identity was forged to register unauthorized accounts with Cash App and obtain online loans amounting to $22,857 without consent.","A victim discovered that their identity was forged to register unauthorized accounts with Cash App and obtain online loans amounting to $22,857 without consent.",identity_theft_impersonation,Identity Theft Impersonation
cyberguard_300227,cyberguard,2024-05-02,Police / CERT Incident Report,"A business owner filed a report stating that an extortion group encrypted their client database, demanding $75,793 in Bitcoin to restore access.","A business owner filed a report stating that an extortion group encrypted their client database, demanding $75,793 in Bitcoin to restore access.",ransomware_extortion,Ransomware Extortion
cyberguard_300228,cyberguard,2024-05-02,Police / CERT Incident Report,"Citizen reported an online crypto investment fraud. An unknown party contacted them via Instagram promoting a trading platform. Victim transferred $82,141 in Tether (USDT) before being locked out.","Citizen reported an online crypto investment fraud. An unknown party contacted them via Instagram promoting a trading platform. Victim transferred $82,141 in Tether (USDT) before being locked out.",financial_cyber_fraud,Financial Cyber Fraud
cyberguard_300229,cyberguard,2024-05-02,Police / CERT Incident Report,"A business owner filed a report stating that an extortion group encrypted their client database, demanding $10,315 in Ethereum to restore access.","A business owner filed a report stating that an extortion group encrypted their client database, demanding $10,315 in Ethereum to restore access.",ransomware_extortion,Ransomware Extortion
cyberguard_300230,cyberguard,2024-05-02,Police / CERT Incident Report,"Citizen reported an online crypto investment fraud. An unknown party contacted them via Tinder promoting a trading platform. Victim transferred $78,256 in Bitcoin before being locked out.","Citizen reported an online crypto investment fraud. An unknown party contacted them via Tinder promoting a trading platform. Victim transferred $78,256 in Bitcoin before being locked out.",financial_cyber_fraud,Financial Cyber Fraud
cyberguard_300231,cyberguard,2024-05-02,Police / CERT Incident Report,"A business owner filed a report stating that an extortion group encrypted their client database, demanding $51,663 in Solana to restore access.","A business owner filed a report stating that an extortion group encrypted their client database, demanding $51,663 in Solana to restore access.",ransomware_extortion,Ransomware Extortion
cyberguard_300232,cyberguard,2024-05-02,Police / CERT Incident Report,"A business owner filed a report stating that an extortion group encrypted their client database, demanding $59,018 in Ethereum to restore access.","A business owner filed a report stating that an extortion group encrypted their client database, demanding $59,018 in Ethereum to restore access.",ransomware_extortion,Ransomware Extortion
cyberguard_300233,cyberguard,2024-05-02,Police / CERT Incident Report,"A business owner filed a report stating that an extortion group encrypted their client database, demanding $74,284 in Ethereum to restore access.","A business owner filed a report stating that an extortion group encrypted their client database, demanding $74,284 in Ethereum to restore access.",ransomware_extortion,Ransomware Extortion
cyberguard_300234,cyberguard,2024-05-02,Police / CERT Incident Report,"A commercial logistics agency reported a malware attack that locked critical shipment dispatch schedules, leaving a ransom note demanding Bitcoin.","A commercial logistics agency reported a malware attack that locked critical shipment dispatch schedules, leaving a ransom note demanding Bitcoin.",ransomware_extortion,Ransomware Extortion
cyberguard_300235,cyberguard,2024-05-02,Police / CERT Incident Report,"Complainant reported identity theft. Fraudsters acquired the victim's social security number and driver's license from an online leak and fraudulently claimed $18,411 in benefits.","Complainant reported identity theft. Fraudsters acquired the victim's social security number and driver's license from an online leak and fraudulently claimed $18,411 in benefits.",identity_theft_impersonation,Identity Theft Impersonation
cyberguard_300236,cyberguard,2024-05-02,Police / CERT Incident Report,"Victim experienced unauthorized card-not-present fraud where $30,793 was deducted through international online payment processors.","Victim experienced unauthorized card-not-present fraud where $30,793 was deducted through international online payment processors.",financial_cyber_fraud,Financial Cyber Fraud
cyberguard_300237,cyberguard,2024-05-02,Police / CERT Incident Report,"Complainant reported digital extortion where an attacker threatened to release private personal photographs unless $80,731 in Solana was paid within 24 hours.","Complainant reported digital extortion where an attacker threatened to release private personal photographs unless $80,731 in Solana was paid within 24 hours.",ransomware_extortion,Ransomware Extortion
cyberguard_300238,cyberguard,2024-05-02,Police / CERT Incident Report,"A commercial logistics agency reported a malware attack that locked critical shipment dispatch schedules, leaving a ransom note demanding Tether (USDT).","A commercial logistics agency reported a malware attack that locked critical shipment dispatch schedules, leaving a ransom note demanding Tether (USDT).",ransomware_extortion,Ransomware Extortion
cyberguard_300239,cyberguard,2024-05-02,Police / CERT Incident Report,"A victim discovered that their identity was forged to register unauthorized accounts with Cash App and obtain online loans amounting to $35,328 without consent.","A victim discovered that their identity was forged to register unauthorized accounts with Cash App and obtain online loans amounting to $35,328 without consent.",identity_theft_impersonation,Identity Theft Impersonation
cyberguard_300240,cyberguard,2024-05-02,Police / CERT Incident Report,"Victim was targeted with an email purporting to be from Tinder demanding password verification, resulting in account takeover.","Victim was targeted with an email purporting to be from Tinder demanding password verification, resulting in account takeover.",phishing_social_engineering,Phishing Social Engineering
cyberguard_300241,cyberguard,2024-05-02,Police / CERT Incident Report,"A victim discovered that their identity was forged to register unauthorized accounts with Chime and obtain online loans amounting to $42,670 without consent.","A victim discovered that their identity was forged to register unauthorized accounts with Chime and obtain online loans amounting to $42,670 without consent.",identity_theft_impersonation,Identity Theft Impersonation
cyberguard_300242,cyberguard,2024-05-02,Police / CERT Incident Report,"Complainant reported digital extortion where an attacker threatened to release private personal photographs unless $22,015 in Bitcoin was paid within 24 hours.","Complainant reported digital extortion where an attacker threatened to release private personal photographs unless $22,015 in Bitcoin was paid within 24 hours.",ransomware_extortion,Ransomware Extortion
cyberguard_300243,cyberguard,2024-05-02,Police / CERT Incident Report,"A business owner filed a report stating that an extortion group encrypted their client database, demanding $34,130 in Monero to restore access.","A business owner filed a report stating that an extortion group encrypted their client database, demanding $34,130 in Monero to restore access.",ransomware_extortion,Ransomware Extortion
cyberguard_300244,cyberguard,2024-05-02,Police / CERT Incident Report,"A victim discovered that their identity was forged to register unauthorized accounts with Cash App and obtain online loans amounting to $79,928 without consent.","A victim discovered that their identity was forged to register unauthorized accounts with Cash App and obtain online loans amounting to $79,928 without consent.",identity_theft_impersonation,Identity Theft Impersonation
cyberguard_300245,cyberguard,2024-05-02,Police / CERT Incident Report,"Victim was targeted with an email purporting to be from WhatsApp demanding password verification, resulting in account takeover.","Victim was targeted with an email purporting to be from WhatsApp demanding password verification, resulting in account takeover.",phishing_social_engineering,Phishing Social Engineering
cyberguard_300246,cyberguard,2024-05-02,Police / CERT Incident Report,"Complainant reported that an unknown perpetrator impersonated them using their personal credentials to lease equipment and open utility accounts totaling $12,711.","Complainant reported that an unknown perpetrator impersonated them using their personal credentials to lease equipment and open utility accounts totaling $12,711.",identity_theft_impersonation,Identity Theft Impersonation
cyberguard_300247,cyberguard,2024-05-02,Police / CERT Incident Report,"Victim was targeted with an email purporting to be from LinkedIn demanding password verification, resulting in account takeover.","Victim was targeted with an email purporting to be from LinkedIn demanding password verification, resulting in account takeover.",phishing_social_engineering,Phishing Social Engineering
cyberguard_300248,cyberguard,2024-05-02,Police / CERT Incident Report,"Victim experienced unauthorized card-not-present fraud where $48,911 was deducted through international online payment processors.","Victim experienced unauthorized card-not-present fraud where $48,911 was deducted through international online payment processors.",financial_cyber_fraud,Financial Cyber Fraud
cyberguard_300249,cyberguard,2024-05-02,Police / CERT Incident Report,"A commercial logistics agency reported a malware attack that locked critical shipment dispatch schedules, leaving a ransom note demanding Monero.","A commercial logistics agency reported a malware attack that locked critical shipment dispatch schedules, leaving a ransom note demanding Monero.",ransomware_extortion,Ransomware Extortion
cyberguard_300250,cyberguard,2024-05-02,Police / CERT Incident Report,"Complainant reported identity theft. Fraudsters acquired the victim's social security number and driver's license from an online leak and fraudulently claimed $81,195 in benefits.","Complainant reported identity theft. Fraudsters acquired the victim's social security number and driver's license from an online leak and fraudulently claimed $81,195 in benefits.",identity_theft_impersonation,Identity Theft Impersonation
cyberguard_300251,cyberguard,2024-05-02,Police / CERT Incident Report,"Complainant reported identity theft. Fraudsters acquired the victim's social security number and driver's license from an online leak and fraudulently claimed $83,897 in benefits.","Complainant reported identity theft. Fraudsters acquired the victim's social security number and driver's license from an online leak and fraudulently claimed $83,897 in benefits.",identity_theft_impersonation,Identity Theft Impersonation
cyberguard_300252,cyberguard,2024-05-02,Police / CERT Incident Report,"Victim was targeted with an email purporting to be from WhatsApp demanding password verification, resulting in account takeover.","Victim was targeted with an email purporting to be from WhatsApp demanding password verification, resulting in account takeover.",phishing_social_engineering,Phishing Social Engineering
cyberguard_300253,cyberguard,2024-05-02,Police / CERT Incident Report,"Complainant reported that an unknown perpetrator impersonated them using their personal credentials to lease equipment and open utility accounts totaling $39,334.","Complainant reported that an unknown perpetrator impersonated them using their personal credentials to lease equipment and open utility accounts totaling $39,334.",identity_theft_impersonation,Identity Theft Impersonation
cyberguard_300254,cyberguard,2024-05-02,Police / CERT Incident Report,"Victim received an urgent smishing SMS claiming an undelivered parcel from postal services, providing a spoofed link that compromised their debit card details.","Victim received an urgent smishing SMS claiming an undelivered parcel from postal services, providing a spoofed link that compromised their debit card details.",phishing_social_engineering,Phishing Social Engineering
cyberguard_300255,cyberguard,2024-05-02,Police / CERT Incident Report,"Complainant was deceived in an online transaction. They transferred $17,152 via Cash App for an item listed on LinkedIn, after which the seller deleted their profile.","Complainant was deceived in an online transaction. They transferred $17,152 via Cash App for an item listed on LinkedIn, after which the seller deleted their profile.",financial_cyber_fraud,Financial Cyber Fraud
cyberguard_300256,cyberguard,2024-05-02,Police / CERT Incident Report,"A commercial logistics agency reported a malware attack that locked critical shipment dispatch schedules, leaving a ransom note demanding Ethereum.","A commercial logistics agency reported a malware attack that locked critical shipment dispatch schedules, leaving a ransom note demanding Ethereum.",ransomware_extortion,Ransomware Extortion
cyberguard_300257,cyberguard,2024-05-02,Police / CERT Incident Report,"A commercial logistics agency reported a malware attack that locked critical shipment dispatch schedules, leaving a ransom note demanding Ethereum.","A commercial logistics agency reported a malware attack that locked critical shipment dispatch schedules, leaving a ransom note demanding Ethereum.",ransomware_extortion,Ransomware Extortion
cyberguard_300258,cyberguard,2024-05-02,Police / CERT Incident Report,"Victim received an urgent smishing SMS claiming an undelivered parcel from postal services, providing a spoofed link that compromised their debit card details.","Victim received an urgent smishing SMS claiming an undelivered parcel from postal services, providing a spoofed link that compromised their debit card details.",phishing_social_engineering,Phishing Social Engineering
cyberguard_300259,cyberguard,2024-05-02,Police / CERT Incident Report,"Complainant reported digital extortion where an attacker threatened to release private personal photographs unless $47,903 in Solana was paid within 24 hours.","Complainant reported digital extortion where an attacker threatened to release private personal photographs unless $47,903 in Solana was paid within 24 hours.",ransomware_extortion,Ransomware Extortion
cyberguard_300260,cyberguard,2024-05-02,Police / CERT Incident Report,"Complainant reported that an unknown perpetrator impersonated them using their personal credentials to lease equipment and open utility accounts totaling $50,601.","Complainant reported that an unknown perpetrator impersonated them using their personal credentials to lease equipment and open utility accounts totaling $50,601.",identity_theft_impersonation,Identity Theft Impersonation
cyberguard_300261,cyberguard,2024-05-02,Police / CERT Incident Report,"A victim discovered that their identity was forged to register unauthorized accounts with JPMorgan Chase and obtain online loans amounting to $56,347 without consent.","A victim discovered that their identity was forged to register unauthorized accounts with JPMorgan Chase and obtain online loans amounting to $56,347 without consent.",identity_theft_impersonation,Identity Theft Impersonation
cyberguard_300262,cyberguard,2024-05-02,Police / CERT Incident Report,"A victim discovered that their identity was forged to register unauthorized accounts with Venmo and obtain online loans amounting to $27,990 without consent.","A victim discovered that their identity was forged to register unauthorized accounts with Venmo and obtain online loans amounting to $27,990 without consent.",identity_theft_impersonation,Identity Theft Impersonation
cyberguard_300263,cyberguard,2024-05-02,Police / CERT Incident Report,"Citizen reported an online crypto investment fraud. An unknown party contacted them via Tinder promoting a trading platform. Victim transferred $72,180 in Solana before being locked out.","Citizen reported an online crypto investment fraud. An unknown party contacted them via Tinder promoting a trading platform. Victim transferred $72,180 in Solana before being locked out.",financial_cyber_fraud,Financial Cyber Fraud
cyberguard_300264,cyberguard,2024-05-02,Police / CERT Incident Report,"Complainant reported that an unknown perpetrator impersonated them using their personal credentials to lease equipment and open utility accounts totaling $14,740.","Complainant reported that an unknown perpetrator impersonated them using their personal credentials to lease equipment and open utility accounts totaling $14,740.",identity_theft_impersonation,Identity Theft Impersonation
cyberguard_300265,cyberguard,2024-05-02,Police / CERT Incident Report,"A business owner filed a report stating that an extortion group encrypted their client database, demanding $13,571 in Solana to restore access.","A business owner filed a report stating that an extortion group encrypted their client database, demanding $13,571 in Solana to restore access.",ransomware_extortion,Ransomware Extortion
cyberguard_300266,cyberguard,2024-05-02,Police / CERT Incident Report,"Complainant was deceived in an online transaction. They transferred $26,556 via Cash App for an item listed on Instagram, after which the seller deleted their profile.","Complainant was deceived in an online transaction. They transferred $26,556 via Cash App for an item listed on Instagram, after which the seller deleted their profile.",financial_cyber_fraud,Financial Cyber Fraud
cyberguard_300267,cyberguard,2024-05-02,Police / CERT Incident Report,"Complainant was deceived in an online transaction. They transferred $30,349 via Cash App for an item listed on Tinder, after which the seller deleted their profile.","Complainant was deceived in an online transaction. They transferred $30,349 via Cash App for an item listed on Tinder, after which the seller deleted their profile.",financial_cyber_fraud,Financial Cyber Fraud
cyberguard_300268,cyberguard,2024-05-02,Police / CERT Incident Report,"Complainant reported identity theft. Fraudsters acquired the victim's social security number and driver's license from an online leak and fraudulently claimed $41,533 in benefits.","Complainant reported identity theft. Fraudsters acquired the victim's social security number and driver's license from an online leak and fraudulently claimed $41,533 in benefits.",identity_theft_impersonation,Identity Theft Impersonation
cyberguard_300269,cyberguard,2024-05-02,Police / CERT Incident Report,"Victim received an urgent smishing SMS claiming an undelivered parcel from postal services, providing a spoofed link that compromised their debit card details.","Victim received an urgent smishing SMS claiming an undelivered parcel from postal services, providing a spoofed link that compromised their debit card details.",phishing_social_engineering,Phishing Social Engineering
cyberguard_300270,cyberguard,2024-05-02,Police / CERT Incident Report,"Victim received an urgent smishing SMS claiming an undelivered parcel from postal services, providing a spoofed link that compromised their debit card details.","Victim received an urgent smishing SMS claiming an undelivered parcel from postal services, providing a spoofed link that compromised their debit card details.",phishing_social_engineering,Phishing Social Engineering
cyberguard_300271,cyberguard,2024-05-02,Police / CERT Incident Report,"Complainant reported that an unknown perpetrator impersonated them using their personal credentials to lease equipment and open utility accounts totaling $37,453.","Complainant reported that an unknown perpetrator impersonated them using their personal credentials to lease equipment and open utility accounts totaling $37,453.",identity_theft_impersonation,Identity Theft Impersonation
cyberguard_300272,cyberguard,2024-05-02,Police / CERT Incident Report,"A commercial logistics agency reported a malware attack that locked critical shipment dispatch schedules, leaving a ransom note demanding Tether (USDT).","A commercial logistics agency reported a malware attack that locked critical shipment dispatch schedules, leaving a ransom note demanding Tether (USDT).",ransomware_extortion,Ransomware Extortion
cyberguard_300273,cyberguard,2024-05-02,Police / CERT Incident Report,"Victim received an urgent smishing SMS claiming an undelivered parcel from postal services, providing a spoofed link that compromised their debit card details.","Victim received an urgent smishing SMS claiming an undelivered parcel from postal services, providing a spoofed link that compromised their debit card details.",phishing_social_engineering,Phishing Social Engineering
cyberguard_300274,cyberguard,2024-05-02,Police / CERT Incident Report,"A business owner filed a report stating that an extortion group encrypted their client database, demanding $35,194 in Tether (USDT) to restore access.","A business owner filed a report stating that an extortion group encrypted their client database, demanding $35,194 in Tether (USDT) to restore access.",ransomware_extortion,Ransomware Extortion
cyberguard_300275,cyberguard,2024-05-02,Police / CERT Incident Report,"A commercial logistics agency reported a malware attack that locked critical shipment dispatch schedules, leaving a ransom note demanding Ethereum.","A commercial logistics agency reported a malware attack that locked critical shipment dispatch schedules, leaving a ransom note demanding Ethereum.",ransomware_extortion,Ransomware Extortion
cyberguard_300276,cyberguard,2024-05-02,Police / CERT Incident Report,"An impersonation call from someone claiming to be technical support at Wells Fargo directed the victim to install remote access tools, compromising $80,611.","An impersonation call from someone claiming to be technical support at Wells Fargo directed the victim to install remote access tools, compromising $80,611.",phishing_social_engineering,Phishing Social Engineering
cyberguard_300277,cyberguard,2024-05-02,Police / CERT Incident Report,"Complainant reported identity theft. Fraudsters acquired the victim's social security number and driver's license from an online leak and fraudulently claimed $70,205 in benefits.","Complainant reported identity theft. Fraudsters acquired the victim's social security number and driver's license from an online leak and fraudulently claimed $70,205 in benefits.",identity_theft_impersonation,Identity Theft Impersonation
cyberguard_300278,cyberguard,2024-05-02,Police / CERT Incident Report,"Complainant reported that an unknown perpetrator impersonated them using their personal credentials to lease equipment and open utility accounts totaling $9,943.","Complainant reported that an unknown perpetrator impersonated them using their personal credentials to lease equipment and open utility accounts totaling $9,943.",identity_theft_impersonation,Identity Theft Impersonation
cyberguard_300279,cyberguard,2024-05-02,Police / CERT Incident Report,"Complainant reported digital extortion where an attacker threatened to release private personal photographs unless $29,223 in Tether (USDT) was paid within 24 hours.","Complainant reported digital extortion where an attacker threatened to release private personal photographs unless $29,223 in Tether (USDT) was paid within 24 hours.",ransomware_extortion,Ransomware Extortion
cyberguard_300280,cyberguard,2024-05-02,Police / CERT Incident Report,"A victim discovered that their identity was forged to register unauthorized accounts with Venmo and obtain online loans amounting to $12,683 without consent.","A victim discovered that their identity was forged to register unauthorized accounts with Venmo and obtain online loans amounting to $12,683 without consent.",identity_theft_impersonation,Identity Theft Impersonation
cyberguard_300281,cyberguard,2024-05-02,Police / CERT Incident Report,"Complainant reported identity theft. Fraudsters acquired the victim's social security number and driver's license from an online leak and fraudulently claimed $17,315 in benefits.","Complainant reported identity theft. Fraudsters acquired the victim's social security number and driver's license from an online leak and fraudulently claimed $17,315 in benefits.",identity_theft_impersonation,Identity Theft Impersonation
cyberguard_300282,cyberguard,2024-05-02,Police / CERT Incident Report,"Victim received an urgent smishing SMS claiming an undelivered parcel from postal services, providing a spoofed link that compromised their debit card details.","Victim received an urgent smishing SMS claiming an undelivered parcel from postal services, providing a spoofed link that compromised their debit card details.",phishing_social_engineering,Phishing Social Engineering
cyberguard_300283,cyberguard,2024-05-02,Police / CERT Incident Report,"Victim experienced unauthorized card-not-present fraud where $68,536 was deducted through international online payment processors.","Victim experienced unauthorized card-not-present fraud where $68,536 was deducted through international online payment processors.",financial_cyber_fraud,Financial Cyber Fraud
cyberguard_300284,cyberguard,2024-05-02,Police / CERT Incident Report,"Victim received an urgent smishing SMS claiming an undelivered parcel from postal services, providing a spoofed link that compromised their debit card details.","Victim received an urgent smishing SMS claiming an undelivered parcel from postal services, providing a spoofed link that compromised their debit card details.",phishing_social_engineering,Phishing Social Engineering
cyberguard_300285,cyberguard,2024-05-02,Police / CERT Incident Report,"Victim experienced unauthorized card-not-present fraud where $15,013 was deducted through international online payment processors.","Victim experienced unauthorized card-not-present fraud where $15,013 was deducted through international online payment processors.",financial_cyber_fraud,Financial Cyber Fraud
cyberguard_300286,cyberguard,2024-05-02,Police / CERT Incident Report,"Complainant reported that an unknown perpetrator impersonated them using their personal credentials to lease equipment and open utility accounts totaling $7,991.","Complainant reported that an unknown perpetrator impersonated them using their personal credentials to lease equipment and open utility accounts totaling $7,991.",identity_theft_impersonation,Identity Theft Impersonation
cyberguard_300287,cyberguard,2024-05-02,Police / CERT Incident Report,"Complainant was deceived in an online transaction. They transferred $36,290 via JPMorgan Chase for an item listed on Facebook Marketplace, after which the seller deleted their profile.","Complainant was deceived in an online transaction. They transferred $36,290 via JPMorgan Chase for an item listed on Facebook Marketplace, after which the seller deleted their profile.",financial_cyber_fraud,Financial Cyber Fraud
cyberguard_300288,cyberguard,2024-05-02,Police / CERT Incident Report,"A commercial logistics agency reported a malware attack that locked critical shipment dispatch schedules, leaving a ransom note demanding Tether (USDT).","A commercial logistics agency reported a malware attack that locked critical shipment dispatch schedules, leaving a ransom note demanding Tether (USDT).",ransomware_extortion,Ransomware Extortion
cyberguard_300289,cyberguard,2024-05-02,Police / CERT Incident Report,"Victim received an urgent smishing SMS claiming an undelivered parcel from postal services, providing a spoofed link that compromised their debit card details.","Victim received an urgent smishing SMS claiming an undelivered parcel from postal services, providing a spoofed link that compromised their debit card details.",phishing_social_engineering,Phishing Social Engineering
cyberguard_300290,cyberguard,2024-05-02,Police / CERT Incident Report,"Complainant reported identity theft. Fraudsters acquired the victim's social security number and driver's license from an online leak and fraudulently claimed $10,154 in benefits.","Complainant reported identity theft. Fraudsters acquired the victim's social security number and driver's license from an online leak and fraudulently claimed $10,154 in benefits.",identity_theft_impersonation,Identity Theft Impersonation
cyberguard_300291,cyberguard,2024-05-02,Police / CERT Incident Report,"Complainant reported digital extortion where an attacker threatened to release private personal photographs unless $12,938 in Tether (USDT) was paid within 24 hours.","Complainant reported digital extortion where an attacker threatened to release private personal photographs unless $12,938 in Tether (USDT) was paid within 24 hours.",ransomware_extortion,Ransomware Extortion
cyberguard_300292,cyberguard,2024-05-02,Police / CERT Incident Report,"A business owner filed a report stating that an extortion group encrypted their client database, demanding $63,937 in Solana to restore access.","A business owner filed a report stating that an extortion group encrypted their client database, demanding $63,937 in Solana to restore access.",ransomware_extortion,Ransomware Extortion
cyberguard_300293,cyberguard,2024-05-02,Police / CERT Incident Report,"Victim was targeted with an email purporting to be from Instagram demanding password verification, resulting in account takeover.","Victim was targeted with an email purporting to be from Instagram demanding password verification, resulting in account takeover.",phishing_social_engineering,Phishing Social Engineering
cyberguard_300294,cyberguard,2024-05-02,Police / CERT Incident Report,"Citizen reported an online crypto investment fraud. An unknown party contacted them via Tinder promoting a trading platform. Victim transferred $27,671 in Bitcoin before being locked out.","Citizen reported an online crypto investment fraud. An unknown party contacted them via Tinder promoting a trading platform. Victim transferred $27,671 in Bitcoin before being locked out.",financial_cyber_fraud,Financial Cyber Fraud
cyberguard_300295,cyberguard,2024-05-02,Police / CERT Incident Report,"A commercial logistics agency reported a malware attack that locked critical shipment dispatch schedules, leaving a ransom note demanding Tether (USDT).","A commercial logistics agency reported a malware attack that locked critical shipment dispatch schedules, leaving a ransom note demanding Tether (USDT).",ransomware_extortion,Ransomware Extortion
cyberguard_300296,cyberguard,2024-05-02,Police / CERT Incident Report,"Victim received an urgent smishing SMS claiming an undelivered parcel from postal services, providing a spoofed link that compromised their debit card details.","Victim received an urgent smishing SMS claiming an undelivered parcel from postal services, providing a spoofed link that compromised their debit card details.",phishing_social_engineering,Phishing Social Engineering
cyberguard_300297,cyberguard,2024-05-02,Police / CERT Incident Report,"Complainant was deceived in an online transaction. They transferred $67,376 via Chime for an item listed on WhatsApp, after which the seller deleted their profile.","Complainant was deceived in an online transaction. They transferred $67,376 via Chime for an item listed on WhatsApp, after which the seller deleted their profile.",financial_cyber_fraud,Financial Cyber Fraud
cyberguard_300298,cyberguard,2024-05-02,Police / CERT Incident Report,"Complainant reported that an unknown perpetrator impersonated them using their personal credentials to lease equipment and open utility accounts totaling $84,780.","Complainant reported that an unknown perpetrator impersonated them using their personal credentials to lease equipment and open utility accounts totaling $84,780.",identity_theft_impersonation,Identity Theft Impersonation
cyberguard_300299,cyberguard,2024-05-02,Police / CERT Incident Report,"Victim was targeted with an email purporting to be from Facebook Marketplace demanding password verification, resulting in account takeover.","Victim was targeted with an email purporting to be from Facebook Marketplace demanding password verification, resulting in account takeover.",phishing_social_engineering,Phishing Social Engineering
cyberguard_300300,cyberguard,2024-05-02,Police / CERT Incident Report,"Citizen reported an online crypto investment fraud. An unknown party contacted them via Instagram promoting a trading platform. Victim transferred $82,439 in Solana before being locked out.","Citizen reported an online crypto investment fraud. An unknown party contacted them via Instagram promoting a trading platform. Victim transferred $82,439 in Solana before being locked out.",financial_cyber_fraud,Financial Cyber Fraud
cyberguard_300301,cyberguard,2024-05-02,Police / CERT Incident Report,"Complainant reported digital extortion where an attacker threatened to release private personal photographs unless $77,030 in Tether (USDT) was paid within 24 hours.","Complainant reported digital extortion where an attacker threatened to release private personal photographs unless $77,030 in Tether (USDT) was paid within 24 hours.",ransomware_extortion,Ransomware Extortion
cyberguard_300302,cyberguard,2024-05-02,Police / CERT Incident Report,"Victim received an urgent smishing SMS claiming an undelivered parcel from postal services, providing a spoofed link that compromised their debit card details.","Victim received an urgent smishing SMS claiming an undelivered parcel from postal services, providing a spoofed link that compromised their debit card details.",phishing_social_engineering,Phishing Social Engineering
cyberguard_300303,cyberguard,2024-05-02,Police / CERT Incident Report,"Complainant was deceived in an online transaction. They transferred $30,428 via Chime for an item listed on LinkedIn, after which the seller deleted their profile.","Complainant was deceived in an online transaction. They transferred $30,428 via Chime for an item listed on LinkedIn, after which the seller deleted their profile.",financial_cyber_fraud,Financial Cyber Fraud
cyberguard_300304,cyberguard,2024-05-02,Police / CERT Incident Report,"Complainant reported that an unknown perpetrator impersonated them using their personal credentials to lease equipment and open utility accounts totaling $52,909.","Complainant reported that an unknown perpetrator impersonated them using their personal credentials to lease equipment and open utility accounts totaling $52,909.",identity_theft_impersonation,Identity Theft Impersonation
cyberguard_300305,cyberguard,2024-05-02,Police / CERT Incident Report,"Complainant reported digital extortion where an attacker threatened to release private personal photographs unless $20,690 in Bitcoin was paid within 24 hours.","Complainant reported digital extortion where an attacker threatened to release private personal photographs unless $20,690 in Bitcoin was paid within 24 hours.",ransomware_extortion,Ransomware Extortion
cyberguard_300306,cyberguard,2024-05-02,Police / CERT Incident Report,"Victim experienced unauthorized card-not-present fraud where $1,088 was deducted through international online payment processors.","Victim experienced unauthorized card-not-present fraud where $1,088 was deducted through international online payment processors.",financial_cyber_fraud,Financial Cyber Fraud
cyberguard_300307,cyberguard,2024-05-02,Police / CERT Incident Report,"A victim discovered that their identity was forged to register unauthorized accounts with Cash App and obtain online loans amounting to $63,210 without consent.","A victim discovered that their identity was forged to register unauthorized accounts with Cash App and obtain online loans amounting to $63,210 without consent.",identity_theft_impersonation,Identity Theft Impersonation
cyberguard_300308,cyberguard,2024-05-02,Police / CERT Incident Report,"Victim received an urgent smishing SMS claiming an undelivered parcel from postal services, providing a spoofed link that compromised their debit card details.","Victim received an urgent smishing SMS claiming an undelivered parcel from postal services, providing a spoofed link that compromised their debit card details.",phishing_social_engineering,Phishing Social Engineering
cyberguard_300309,cyberguard,2024-05-02,Police / CERT Incident Report,"Complainant reported digital extortion where an attacker threatened to release private personal photographs unless $52,855 in Tether (USDT) was paid within 24 hours.","Complainant reported digital extortion where an attacker threatened to release private personal photographs unless $52,855 in Tether (USDT) was paid within 24 hours.",ransomware_extortion,Ransomware Extortion
cyberguard_300310,cyberguard,2024-05-02,Police / CERT Incident Report,"Complainant reported digital extortion where an attacker threatened to release private personal photographs unless $38,974 in Solana was paid within 24 hours.","Complainant reported digital extortion where an attacker threatened to release private personal photographs unless $38,974 in Solana was paid within 24 hours.",ransomware_extortion,Ransomware Extortion
cyberguard_300311,cyberguard,2024-05-02,Police / CERT Incident Report,"Victim experienced unauthorized card-not-present fraud where $33,095 was deducted through international online payment processors.","Victim experienced unauthorized card-not-present fraud where $33,095 was deducted through international online payment processors.",financial_cyber_fraud,Financial Cyber Fraud
cyberguard_300312,cyberguard,2024-05-02,Police / CERT Incident Report,"Victim received an urgent smishing SMS claiming an undelivered parcel from postal services, providing a spoofed link that compromised their debit card details.","Victim received an urgent smishing SMS claiming an undelivered parcel from postal services, providing a spoofed link that compromised their debit card details.",phishing_social_engineering,Phishing Social Engineering
cyberguard_300313,cyberguard,2024-05-02,Police / CERT Incident Report,"A business owner filed a report stating that an extortion group encrypted their client database, demanding $6,058 in Bitcoin to restore access.","A business owner filed a report stating that an extortion group encrypted their client database, demanding $6,058 in Bitcoin to restore access.",ransomware_extortion,Ransomware Extortion
cyberguard_300314,cyberguard,2024-05-02,Police / CERT Incident Report,"A commercial logistics agency reported a malware attack that locked critical shipment dispatch schedules, leaving a ransom note demanding Ethereum.","A commercial logistics agency reported a malware attack that locked critical shipment dispatch schedules, leaving a ransom note demanding Ethereum.",ransomware_extortion,Ransomware Extortion
cyberguard_300315,cyberguard,2024-05-02,Police / CERT Incident Report,"Victim experienced unauthorized card-not-present fraud where $38,508 was deducted through international online payment processors.","Victim experienced unauthorized card-not-present fraud where $38,508 was deducted through international online payment processors.",financial_cyber_fraud,Financial Cyber Fraud
cyberguard_300316,cyberguard,2024-05-02,Police / CERT Incident Report,"A business owner filed a report stating that an extortion group encrypted their client database, demanding $16,823 in Ethereum to restore access.","A business owner filed a report stating that an extortion group encrypted their client database, demanding $16,823 in Ethereum to restore access.",ransomware_extortion,Ransomware Extortion
cyberguard_300317,cyberguard,2024-05-02,Police / CERT Incident Report,"Victim was targeted with an email purporting to be from Telegram demanding password verification, resulting in account takeover.","Victim was targeted with an email purporting to be from Telegram demanding password verification, resulting in account takeover.",phishing_social_engineering,Phishing Social Engineering
cyberguard_300318,cyberguard,2024-05-02,Police / CERT Incident Report,"An impersonation call from someone claiming to be technical support at Zelle directed the victim to install remote access tools, compromising $46,912.","An impersonation call from someone claiming to be technical support at Zelle directed the victim to install remote access tools, compromising $46,912.",phishing_social_engineering,Phishing Social Engineering
cyberguard_300319,cyberguard,2024-05-02,Police / CERT Incident Report,"Complainant reported digital extortion where an attacker threatened to release private personal photographs unless $50,209 in Ethereum was paid within 24 hours.","Complainant reported digital extortion where an attacker threatened to release private personal photographs unless $50,209 in Ethereum was paid within 24 hours.",ransomware_extortion,Ransomware Extortion
cyberguard_300320,cyberguard,2024-05-02,Police / CERT Incident Report,"Victim received an urgent smishing SMS claiming an undelivered parcel from postal services, providing a spoofed link that compromised their debit card details.","Victim received an urgent smishing SMS claiming an undelivered parcel from postal services, providing a spoofed link that compromised their debit card details.",phishing_social_engineering,Phishing Social Engineering
cyberguard_300321,cyberguard,2024-05-02,Police / CERT Incident Report,"Victim received an urgent smishing SMS claiming an undelivered parcel from postal services, providing a spoofed link that compromised their debit card details.","Victim received an urgent smishing SMS claiming an undelivered parcel from postal services, providing a spoofed link that compromised their debit card details.",phishing_social_engineering,Phishing Social Engineering
cyberguard_300322,cyberguard,2024-05-02,Police / CERT Incident Report,"Victim was targeted with an email purporting to be from Telegram demanding password verification, resulting in account takeover.","Victim was targeted with an email purporting to be from Telegram demanding password verification, resulting in account takeover.",phishing_social_engineering,Phishing Social Engineering
cyberguard_300323,cyberguard,2024-05-02,Police / CERT Incident Report,"A business owner filed a report stating that an extortion group encrypted their client database, demanding $27,006 in Tether (USDT) to restore access.","A business owner filed a report stating that an extortion group encrypted their client database, demanding $27,006 in Tether (USDT) to restore access.",ransomware_extortion,Ransomware Extortion
cyberguard_300324,cyberguard,2024-05-02,Police / CERT Incident Report,"Complainant reported digital extortion where an attacker threatened to release private personal photographs unless $28,525 in Bitcoin was paid within 24 hours.","Complainant reported digital extortion where an attacker threatened to release private personal photographs unless $28,525 in Bitcoin was paid within 24 hours.",ransomware_extortion,Ransomware Extortion
cyberguard_300325,cyberguard,2024-05-02,Police / CERT Incident Report,"Victim was targeted with an email purporting to be from Tinder demanding password verification, resulting in account takeover.","Victim was targeted with an email purporting to be from Tinder demanding password verification, resulting in account takeover.",phishing_social_engineering,Phishing Social Engineering
cyberguard_300326,cyberguard,2024-05-02,Police / CERT Incident Report,"Complainant reported identity theft. Fraudsters acquired the victim's social security number and driver's license from an online leak and fraudulently claimed $12,857 in benefits.","Complainant reported identity theft. Fraudsters acquired the victim's social security number and driver's license from an online leak and fraudulently claimed $12,857 in benefits.",identity_theft_impersonation,Identity Theft Impersonation
cyberguard_300327,cyberguard,2024-05-02,Police / CERT Incident Report,"Citizen reported an online crypto investment fraud. An unknown party contacted them via WhatsApp promoting a trading platform. Victim transferred $49,946 in Ethereum before being locked out.","Citizen reported an online crypto investment fraud. An unknown party contacted them via WhatsApp promoting a trading platform. Victim transferred $49,946 in Ethereum before being locked out.",financial_cyber_fraud,Financial Cyber Fraud
cyberguard_300328,cyberguard,2024-05-02,Police / CERT Incident Report,"Victim experienced unauthorized card-not-present fraud where $13,069 was deducted through international online payment processors.","Victim experienced unauthorized card-not-present fraud where $13,069 was deducted through international online payment processors.",financial_cyber_fraud,Financial Cyber Fraud
cyberguard_300329,cyberguard,2024-05-02,Police / CERT Incident Report,"Complainant reported identity theft. Fraudsters acquired the victim's social security number and driver's license from an online leak and fraudulently claimed $73,802 in benefits.","Complainant reported identity theft. Fraudsters acquired the victim's social security number and driver's license from an online leak and fraudulently claimed $73,802 in benefits.",identity_theft_impersonation,Identity Theft Impersonation
cyberguard_300330,cyberguard,2024-05-02,Police / CERT Incident Report,"Victim experienced unauthorized card-not-present fraud where $45,999 was deducted through international online payment processors.","Victim experienced unauthorized card-not-present fraud where $45,999 was deducted through international online payment processors.",financial_cyber_fraud,Financial Cyber Fraud
cyberguard_300331,cyberguard,2024-05-02,Police / CERT Incident Report,"A commercial logistics agency reported a malware attack that locked critical shipment dispatch schedules, leaving a ransom note demanding Ethereum.","A commercial logistics agency reported a malware attack that locked critical shipment dispatch schedules, leaving a ransom note demanding Ethereum.",ransomware_extortion,Ransomware Extortion
cyberguard_300332,cyberguard,2024-05-02,Police / CERT Incident Report,"An impersonation call from someone claiming to be technical support at JPMorgan Chase directed the victim to install remote access tools, compromising $50,081.","An impersonation call from someone claiming to be technical support at JPMorgan Chase directed the victim to install remote access tools, compromising $50,081.",phishing_social_engineering,Phishing Social Engineering
cyberguard_300333,cyberguard,2024-05-02,Police / CERT Incident Report,"Complainant reported identity theft. Fraudsters acquired the victim's social security number and driver's license from an online leak and fraudulently claimed $72,815 in benefits.","Complainant reported identity theft. Fraudsters acquired the victim's social security number and driver's license from an online leak and fraudulently claimed $72,815 in benefits.",identity_theft_impersonation,Identity Theft Impersonation
cyberguard_300334,cyberguard,2024-05-02,Police / CERT Incident Report,"Victim experienced unauthorized card-not-present fraud where $43,337 was deducted through international online payment processors.","Victim experienced unauthorized card-not-present fraud where $43,337 was deducted through international online payment processors.",financial_cyber_fraud,Financial Cyber Fraud
cyberguard_300335,cyberguard,2024-05-02,Police / CERT Incident Report,"An impersonation call from someone claiming to be technical support at Wells Fargo directed the victim to install remote access tools, compromising $68,984.","An impersonation call from someone claiming to be technical support at Wells Fargo directed the victim to install remote access tools, compromising $68,984.",phishing_social_engineering,Phishing Social Engineering
cyberguard_300336,cyberguard,2024-05-02,Police / CERT Incident Report,"A commercial logistics agency reported a malware attack that locked critical shipment dispatch schedules, leaving a ransom note demanding Ethereum.","A commercial logistics agency reported a malware attack that locked critical shipment dispatch schedules, leaving a ransom note demanding Ethereum.",ransomware_extortion,Ransomware Extortion
cyberguard_300337,cyberguard,2024-05-02,Police / CERT Incident Report,"Victim experienced unauthorized card-not-present fraud where $82,194 was deducted through international online payment processors.","Victim experienced unauthorized card-not-present fraud where $82,194 was deducted through international online payment processors.",financial_cyber_fraud,Financial Cyber Fraud
cyberguard_300338,cyberguard,2024-05-02,Police / CERT Incident Report,"Victim was targeted with an email purporting to be from Facebook Marketplace demanding password verification, resulting in account takeover.","Victim was targeted with an email purporting to be from Facebook Marketplace demanding password verification, resulting in account takeover.",phishing_social_engineering,Phishing Social Engineering
cyberguard_300339,cyberguard,2024-05-02,Police / CERT Incident Report,"A commercial logistics agency reported a malware attack that locked critical shipment dispatch schedules, leaving a ransom note demanding Tether (USDT).","A commercial logistics agency reported a malware attack that locked critical shipment dispatch schedules, leaving a ransom note demanding Tether (USDT).",ransomware_extortion,Ransomware Extortion
cyberguard_300340,cyberguard,2024-05-02,Police / CERT Incident Report,"Citizen reported an online crypto investment fraud. An unknown party contacted them via LinkedIn promoting a trading platform. Victim transferred $81,485 in Monero before being locked out.","Citizen reported an online crypto investment fraud. An unknown party contacted them via LinkedIn promoting a trading platform. Victim transferred $81,485 in Monero before being locked out.",financial_cyber_fraud,Financial Cyber Fraud
cyberguard_300341,cyberguard,2024-05-02,Police / CERT Incident Report,"A commercial logistics agency reported a malware attack that locked critical shipment dispatch schedules, leaving a ransom note demanding Monero.","A commercial logistics agency reported a malware attack that locked critical shipment dispatch schedules, leaving a ransom note demanding Monero.",ransomware_extortion,Ransomware Extortion
cyberguard_300342,cyberguard,2024-05-02,Police / CERT Incident Report,"Complainant reported that an unknown perpetrator impersonated them using their personal credentials to lease equipment and open utility accounts totaling $7,781.","Complainant reported that an unknown perpetrator impersonated them using their personal credentials to lease equipment and open utility accounts totaling $7,781.",identity_theft_impersonation,Identity Theft Impersonation
cyberguard_300343,cyberguard,2024-05-02,Police / CERT Incident Report,"A victim discovered that their identity was forged to register unauthorized accounts with Venmo and obtain online loans amounting to $5,820 without consent.","A victim discovered that their identity was forged to register unauthorized accounts with Venmo and obtain online loans amounting to $5,820 without consent.",identity_theft_impersonation,Identity Theft Impersonation
cyberguard_300344,cyberguard,2024-05-02,Police / CERT Incident Report,"A commercial logistics agency reported a malware attack that locked critical shipment dispatch schedules, leaving a ransom note demanding Monero.","A commercial logistics agency reported a malware attack that locked critical shipment dispatch schedules, leaving a ransom note demanding Monero.",ransomware_extortion,Ransomware Extortion
cyberguard_300345,cyberguard,2024-05-02,Police / CERT Incident Report,"Victim experienced unauthorized card-not-present fraud where $70,952 was deducted through international online payment processors.","Victim experienced unauthorized card-not-present fraud where $70,952 was deducted through international online payment processors.",financial_cyber_fraud,Financial Cyber Fraud
cyberguard_300346,cyberguard,2024-05-02,Police / CERT Incident Report,"Complainant reported that an unknown perpetrator impersonated them using their personal credentials to lease equipment and open utility accounts totaling $80,894.","Complainant reported that an unknown perpetrator impersonated them using their personal credentials to lease equipment and open utility accounts totaling $80,894.",identity_theft_impersonation,Identity Theft Impersonation
cyberguard_300347,cyberguard,2024-05-02,Police / CERT Incident Report,"Victim was targeted with an email purporting to be from WhatsApp demanding password verification, resulting in account takeover.","Victim was targeted with an email purporting to be from WhatsApp demanding password verification, resulting in account takeover.",phishing_social_engineering,Phishing Social Engineering
cyberguard_300348,cyberguard,2024-05-02,Police / CERT Incident Report,"Citizen reported an online crypto investment fraud. An unknown party contacted them via Tinder promoting a trading platform. Victim transferred $29,745 in Bitcoin before being locked out.","Citizen reported an online crypto investment fraud. An unknown party contacted them via Tinder promoting a trading platform. Victim transferred $29,745 in Bitcoin before being locked out.",financial_cyber_fraud,Financial Cyber Fraud
cyberguard_300349,cyberguard,2024-05-02,Police / CERT Incident Report,"Complainant reported identity theft. Fraudsters acquired the victim's social security number and driver's license from an online leak and fraudulently claimed $42,157 in benefits.","Complainant reported identity theft. Fraudsters acquired the victim's social security number and driver's license from an online leak and fraudulently claimed $42,157 in benefits.",identity_theft_impersonation,Identity Theft Impersonation
cyberguard_300350,cyberguard,2024-05-02,Police / CERT Incident Report,"Complainant reported identity theft. Fraudsters acquired the victim's social security number and driver's license from an online leak and fraudulently claimed $62,204 in benefits.","Complainant reported identity theft. Fraudsters acquired the victim's social security number and driver's license from an online leak and fraudulently claimed $62,204 in benefits.",identity_theft_impersonation,Identity Theft Impersonation
cyberguard_300351,cyberguard,2024-05-02,Police / CERT Incident Report,"Complainant was deceived in an online transaction. They transferred $83,840 via Revolut for an item listed on Instagram, after which the seller deleted their profile.","Complainant was deceived in an online transaction. They transferred $83,840 via Revolut for an item listed on Instagram, after which the seller deleted their profile.",financial_cyber_fraud,Financial Cyber Fraud
cyberguard_300352,cyberguard,2024-05-02,Police / CERT Incident Report,"A commercial logistics agency reported a malware attack that locked critical shipment dispatch schedules, leaving a ransom note demanding Bitcoin.","A commercial logistics agency reported a malware attack that locked critical shipment dispatch schedules, leaving a ransom note demanding Bitcoin.",ransomware_extortion,Ransomware Extortion
cyberguard_300353,cyberguard,2024-05-02,Police / CERT Incident Report,"Victim experienced unauthorized card-not-present fraud where $78,452 was deducted through international online payment processors.","Victim experienced unauthorized card-not-present fraud where $78,452 was deducted through international online payment processors.",financial_cyber_fraud,Financial Cyber Fraud
cyberguard_300354,cyberguard,2024-05-02,Police / CERT Incident Report,"Complainant reported digital extortion where an attacker threatened to release private personal photographs unless $70,447 in Ethereum was paid within 24 hours.","Complainant reported digital extortion where an attacker threatened to release private personal photographs unless $70,447 in Ethereum was paid within 24 hours.",ransomware_extortion,Ransomware Extortion
cyberguard_300355,cyberguard,2024-05-02,Police / CERT Incident Report,"Complainant reported digital extortion where an attacker threatened to release private personal photographs unless $47,119 in Solana was paid within 24 hours.","Complainant reported digital extortion where an attacker threatened to release private personal photographs unless $47,119 in Solana was paid within 24 hours.",ransomware_extortion,Ransomware Extortion
cyberguard_300356,cyberguard,2024-05-02,Police / CERT Incident Report,"Complainant reported identity theft. Fraudsters acquired the victim's social security number and driver's license from an online leak and fraudulently claimed $25,648 in benefits.","Complainant reported identity theft. Fraudsters acquired the victim's social security number and driver's license from an online leak and fraudulently claimed $25,648 in benefits.",identity_theft_impersonation,Identity Theft Impersonation
cyberguard_300357,cyberguard,2024-05-02,Police / CERT Incident Report,"Complainant reported identity theft. Fraudsters acquired the victim's social security number and driver's license from an online leak and fraudulently claimed $69,127 in benefits.","Complainant reported identity theft. Fraudsters acquired the victim's social security number and driver's license from an online leak and fraudulently claimed $69,127 in benefits.",identity_theft_impersonation,Identity Theft Impersonation
cyberguard_300358,cyberguard,2024-05-02,Police / CERT Incident Report,"A victim discovered that their identity was forged to register unauthorized accounts with Cash App and obtain online loans amounting to $54,340 without consent.","A victim discovered that their identity was forged to register unauthorized accounts with Cash App and obtain online loans amounting to $54,340 without consent.",identity_theft_impersonation,Identity Theft Impersonation
cyberguard_300359,cyberguard,2024-05-02,Police / CERT Incident Report,"Victim was targeted with an email purporting to be from Telegram demanding password verification, resulting in account takeover.","Victim was targeted with an email purporting to be from Telegram demanding password verification, resulting in account takeover.",phishing_social_engineering,Phishing Social Engineering
cyberguard_300360,cyberguard,2024-05-02,Police / CERT Incident Report,"Citizen reported an online crypto investment fraud. An unknown party contacted them via Telegram promoting a trading platform. Victim transferred $82,059 in Ethereum before being locked out.","Citizen reported an online crypto investment fraud. An unknown party contacted them via Telegram promoting a trading platform. Victim transferred $82,059 in Ethereum before being locked out.",financial_cyber_fraud,Financial Cyber Fraud
cyberguard_300361,cyberguard,2024-05-02,Police / CERT Incident Report,"Complainant reported digital extortion where an attacker threatened to release private personal photographs unless $81,378 in Monero was paid within 24 hours.","Complainant reported digital extortion where an attacker threatened to release private personal photographs unless $81,378 in Monero was paid within 24 hours.",ransomware_extortion,Ransomware Extortion
cyberguard_300362,cyberguard,2024-05-02,Police / CERT Incident Report,"A commercial logistics agency reported a malware attack that locked critical shipment dispatch schedules, leaving a ransom note demanding Solana.","A commercial logistics agency reported a malware attack that locked critical shipment dispatch schedules, leaving a ransom note demanding Solana.",ransomware_extortion,Ransomware Extortion
cyberguard_300363,cyberguard,2024-05-02,Police / CERT Incident Report,"An impersonation call from someone claiming to be technical support at Venmo directed the victim to install remote access tools, compromising $74,240.","An impersonation call from someone claiming to be technical support at Venmo directed the victim to install remote access tools, compromising $74,240.",phishing_social_engineering,Phishing Social Engineering
cyberguard_300364,cyberguard,2024-05-02,Police / CERT Incident Report,"Victim was targeted with an email purporting to be from LinkedIn demanding password verification, resulting in account takeover.","Victim was targeted with an email purporting to be from LinkedIn demanding password verification, resulting in account takeover.",phishing_social_engineering,Phishing Social Engineering
cyberguard_300365,cyberguard,2024-05-02,Police / CERT Incident Report,"A commercial logistics agency reported a malware attack that locked critical shipment dispatch schedules, leaving a ransom note demanding Bitcoin.","A commercial logistics agency reported a malware attack that locked critical shipment dispatch schedules, leaving a ransom note demanding Bitcoin.",ransomware_extortion,Ransomware Extortion
cyberguard_300366,cyberguard,2024-05-02,Police / CERT Incident Report,"A commercial logistics agency reported a malware attack that locked critical shipment dispatch schedules, leaving a ransom note demanding Monero.","A commercial logistics agency reported a malware attack that locked critical shipment dispatch schedules, leaving a ransom note demanding Monero.",ransomware_extortion,Ransomware Extortion
cyberguard_300367,cyberguard,2024-05-02,Police / CERT Incident Report,"Complainant reported that an unknown perpetrator impersonated them using their personal credentials to lease equipment and open utility accounts totaling $9,110.","Complainant reported that an unknown perpetrator impersonated them using their personal credentials to lease equipment and open utility accounts totaling $9,110.",identity_theft_impersonation,Identity Theft Impersonation
cyberguard_300368,cyberguard,2024-05-02,Police / CERT Incident Report,"A commercial logistics agency reported a malware attack that locked critical shipment dispatch schedules, leaving a ransom note demanding Solana.","A commercial logistics agency reported a malware attack that locked critical shipment dispatch schedules, leaving a ransom note demanding Solana.",ransomware_extortion,Ransomware Extortion
cyberguard_300369,cyberguard,2024-05-02,Police / CERT Incident Report,"Victim was targeted with an email purporting to be from Instagram demanding password verification, resulting in account takeover.","Victim was targeted with an email purporting to be from Instagram demanding password verification, resulting in account takeover.",phishing_social_engineering,Phishing Social Engineering
cyberguard_300370,cyberguard,2024-05-02,Police / CERT Incident Report,"A commercial logistics agency reported a malware attack that locked critical shipment dispatch schedules, leaving a ransom note demanding Ethereum.","A commercial logistics agency reported a malware attack that locked critical shipment dispatch schedules, leaving a ransom note demanding Ethereum.",ransomware_extortion,Ransomware Extortion
cyberguard_300371,cyberguard,2024-05-02,Police / CERT Incident Report,"Complainant was deceived in an online transaction. They transferred $18,665 via Wells Fargo for an item listed on WhatsApp, after which the seller deleted their profile.","Complainant was deceived in an online transaction. They transferred $18,665 via Wells Fargo for an item listed on WhatsApp, after which the seller deleted their profile.",financial_cyber_fraud,Financial Cyber Fraud
cyberguard_300372,cyberguard,2024-05-02,Police / CERT Incident Report,"Citizen reported an online crypto investment fraud. An unknown party contacted them via LinkedIn promoting a trading platform. Victim transferred $53,900 in Ethereum before being locked out.","Citizen reported an online crypto investment fraud. An unknown party contacted them via LinkedIn promoting a trading platform. Victim transferred $53,900 in Ethereum before being locked out.",financial_cyber_fraud,Financial Cyber Fraud
cyberguard_300373,cyberguard,2024-05-02,Police / CERT Incident Report,"A commercial logistics agency reported a malware attack that locked critical shipment dispatch schedules, leaving a ransom note demanding Bitcoin.","A commercial logistics agency reported a malware attack that locked critical shipment dispatch schedules, leaving a ransom note demanding Bitcoin.",ransomware_extortion,Ransomware Extortion
cyberguard_300374,cyberguard,2024-05-02,Police / CERT Incident Report,"Citizen reported an online crypto investment fraud. An unknown party contacted them via Facebook Marketplace promoting a trading platform. Victim transferred $76,997 in Tether (USDT) before being locked out.","Citizen reported an online crypto investment fraud. An unknown party contacted them via Facebook Marketplace promoting a trading platform. Victim transferred $76,997 in Tether (USDT) before being locked out.",financial_cyber_fraud,Financial Cyber Fraud
cyberguard_300375,cyberguard,2024-05-02,Police / CERT Incident Report,"A commercial logistics agency reported a malware attack that locked critical shipment dispatch schedules, leaving a ransom note demanding Tether (USDT).","A commercial logistics agency reported a malware attack that locked critical shipment dispatch schedules, leaving a ransom note demanding Tether (USDT).",ransomware_extortion,Ransomware Extortion
cyberguard_300376,cyberguard,2024-05-02,Police / CERT Incident Report,"A business owner filed a report stating that an extortion group encrypted their client database, demanding $24,978 in Solana to restore access.","A business owner filed a report stating that an extortion group encrypted their client database, demanding $24,978 in Solana to restore access.",ransomware_extortion,Ransomware Extortion
cyberguard_300377,cyberguard,2024-05-02,Police / CERT Incident Report,"Victim received an urgent smishing SMS claiming an undelivered parcel from postal services, providing a spoofed link that compromised their debit card details.","Victim received an urgent smishing SMS claiming an undelivered parcel from postal services, providing a spoofed link that compromised their debit card details.",phishing_social_engineering,Phishing Social Engineering
cyberguard_300378,cyberguard,2024-05-02,Police / CERT Incident Report,"Citizen reported an online crypto investment fraud. An unknown party contacted them via Instagram promoting a trading platform. Victim transferred $33,361 in Monero before being locked out.","Citizen reported an online crypto investment fraud. An unknown party contacted them via Instagram promoting a trading platform. Victim transferred $33,361 in Monero before being locked out.",financial_cyber_fraud,Financial Cyber Fraud
cyberguard_300379,cyberguard,2024-05-02,Police / CERT Incident Report,"Victim was targeted with an email purporting to be from Facebook Marketplace demanding password verification, resulting in account takeover.","Victim was targeted with an email purporting to be from Facebook Marketplace demanding password verification, resulting in account takeover.",phishing_social_engineering,Phishing Social Engineering
cyberguard_300380,cyberguard,2024-05-02,Police / CERT Incident Report,"Victim experienced unauthorized card-not-present fraud where $58,026 was deducted through international online payment processors.","Victim experienced unauthorized card-not-present fraud where $58,026 was deducted through international online payment processors.",financial_cyber_fraud,Financial Cyber Fraud
cyberguard_300381,cyberguard,2024-05-02,Police / CERT Incident Report,"A victim discovered that their identity was forged to register unauthorized accounts with JPMorgan Chase and obtain online loans amounting to $15,270 without consent.","A victim discovered that their identity was forged to register unauthorized accounts with JPMorgan Chase and obtain online loans amounting to $15,270 without consent.",identity_theft_impersonation,Identity Theft Impersonation
cyberguard_300382,cyberguard,2024-05-02,Police / CERT Incident Report,"Victim was targeted with an email purporting to be from Instagram demanding password verification, resulting in account takeover.","Victim was targeted with an email purporting to be from Instagram demanding password verification, resulting in account takeover.",phishing_social_engineering,Phishing Social Engineering
cyberguard_300383,cyberguard,2024-05-02,Police / CERT Incident Report,"Complainant reported identity theft. Fraudsters acquired the victim's social security number and driver's license from an online leak and fraudulently claimed $46,802 in benefits.","Complainant reported identity theft. Fraudsters acquired the victim's social security number and driver's license from an online leak and fraudulently claimed $46,802 in benefits.",identity_theft_impersonation,Identity Theft Impersonation
cyberguard_300384,cyberguard,2024-05-02,Police / CERT Incident Report,"Victim received an urgent smishing SMS claiming an undelivered parcel from postal services, providing a spoofed link that compromised their debit card details.","Victim received an urgent smishing SMS claiming an undelivered parcel from postal services, providing a spoofed link that compromised their debit card details.",phishing_social_engineering,Phishing Social Engineering
cyberguard_300385,cyberguard,2024-05-02,Police / CERT Incident Report,"Citizen reported an online crypto investment fraud. An unknown party contacted them via Tinder promoting a trading platform. Victim transferred $10,495 in Solana before being locked out.","Citizen reported an online crypto investment fraud. An unknown party contacted them via Tinder promoting a trading platform. Victim transferred $10,495 in Solana before being locked out.",financial_cyber_fraud,Financial Cyber Fraud
cyberguard_300386,cyberguard,2024-05-02,Police / CERT Incident Report,"Complainant reported identity theft. Fraudsters acquired the victim's social security number and driver's license from an online leak and fraudulently claimed $54,161 in benefits.","Complainant reported identity theft. Fraudsters acquired the victim's social security number and driver's license from an online leak and fraudulently claimed $54,161 in benefits.",identity_theft_impersonation,Identity Theft Impersonation
cyberguard_300387,cyberguard,2024-05-02,Police / CERT Incident Report,"Victim received an urgent smishing SMS claiming an undelivered parcel from postal services, providing a spoofed link that compromised their debit card details.","Victim received an urgent smishing SMS claiming an undelivered parcel from postal services, providing a spoofed link that compromised their debit card details.",phishing_social_engineering,Phishing Social Engineering
cyberguard_300388,cyberguard,2024-05-02,Police / CERT Incident Report,"Citizen reported an online crypto investment fraud. An unknown party contacted them via Instagram promoting a trading platform. Victim transferred $46,356 in Tether (USDT) before being locked out.","Citizen reported an online crypto investment fraud. An unknown party contacted them via Instagram promoting a trading platform. Victim transferred $46,356 in Tether (USDT) before being locked out.",financial_cyber_fraud,Financial Cyber Fraud
cyberguard_300389,cyberguard,2024-05-02,Police / CERT Incident Report,"Victim was targeted with an email purporting to be from WhatsApp demanding password verification, resulting in account takeover.","Victim was targeted with an email purporting to be from WhatsApp demanding password verification, resulting in account takeover.",phishing_social_engineering,Phishing Social Engineering
cyberguard_300390,cyberguard,2024-05-02,Police / CERT Incident Report,"Victim received an urgent smishing SMS claiming an undelivered parcel from postal services, providing a spoofed link that compromised their debit card details.","Victim received an urgent smishing SMS claiming an undelivered parcel from postal services, providing a spoofed link that compromised their debit card details.",phishing_social_engineering,Phishing Social Engineering
cyberguard_300391,cyberguard,2024-05-02,Police / CERT Incident Report,"Victim was targeted with an email purporting to be from Tinder demanding password verification, resulting in account takeover.","Victim was targeted with an email purporting to be from Tinder demanding password verification, resulting in account takeover.",phishing_social_engineering,Phishing Social Engineering
cyberguard_300392,cyberguard,2024-05-02,Police / CERT Incident Report,"Citizen reported an online crypto investment fraud. An unknown party contacted them via Tinder promoting a trading platform. Victim transferred $69,976 in Monero before being locked out.","Citizen reported an online crypto investment fraud. An unknown party contacted them via Tinder promoting a trading platform. Victim transferred $69,976 in Monero before being locked out.",financial_cyber_fraud,Financial Cyber Fraud
cyberguard_300393,cyberguard,2024-05-02,Police / CERT Incident Report,"Complainant reported digital extortion where an attacker threatened to release private personal photographs unless $35,699 in Ethereum was paid within 24 hours.","Complainant reported digital extortion where an attacker threatened to release private personal photographs unless $35,699 in Ethereum was paid within 24 hours.",ransomware_extortion,Ransomware Extortion
cyberguard_300394,cyberguard,2024-05-02,Police / CERT Incident Report,"Complainant reported that an unknown perpetrator impersonated them using their personal credentials to lease equipment and open utility accounts totaling $32,055.","Complainant reported that an unknown perpetrator impersonated them using their personal credentials to lease equipment and open utility accounts totaling $32,055.",identity_theft_impersonation,Identity Theft Impersonation
cyberguard_300395,cyberguard,2024-05-02,Police / CERT Incident Report,"Victim was targeted with an email purporting to be from Tinder demanding password verification, resulting in account takeover.","Victim was targeted with an email purporting to be from Tinder demanding password verification, resulting in account takeover.",phishing_social_engineering,Phishing Social Engineering
cyberguard_300396,cyberguard,2024-05-02,Police / CERT Incident Report,"Complainant reported digital extortion where an attacker threatened to release private personal photographs unless $58,907 in Tether (USDT) was paid within 24 hours.","Complainant reported digital extortion where an attacker threatened to release private personal photographs unless $58,907 in Tether (USDT) was paid within 24 hours.",ransomware_extortion,Ransomware Extortion
cyberguard_300397,cyberguard,2024-05-02,Police / CERT Incident Report,"Citizen reported an online crypto investment fraud. An unknown party contacted them via LinkedIn promoting a trading platform. Victim transferred $18,751 in Tether (USDT) before being locked out.","Citizen reported an online crypto investment fraud. An unknown party contacted them via LinkedIn promoting a trading platform. Victim transferred $18,751 in Tether (USDT) before being locked out.",financial_cyber_fraud,Financial Cyber Fraud
cyberguard_300398,cyberguard,2024-05-02,Police / CERT Incident Report,"Complainant was deceived in an online transaction. They transferred $69,879 via Wells Fargo for an item listed on WhatsApp, after which the seller deleted their profile.","Complainant was deceived in an online transaction. They transferred $69,879 via Wells Fargo for an item listed on WhatsApp, after which the seller deleted their profile.",financial_cyber_fraud,Financial Cyber Fraud
cyberguard_300399,cyberguard,2024-05-02,Police / CERT Incident Report,"A business owner filed a report stating that an extortion group encrypted their client database, demanding $49,093 in Solana to restore access.","A business owner filed a report stating that an extortion group encrypted their client database, demanding $49,093 in Solana to restore access.",ransomware_extortion,Ransomware Extortion
cyberguard_300400,cyberguard,2024-05-02,Police / CERT Incident Report,"Victim experienced unauthorized card-not-present fraud where $74,694 was deducted through international online payment processors.","Victim experienced unauthorized card-not-present fraud where $74,694 was deducted through international online payment processors.",financial_cyber_fraud,Financial Cyber Fraud
cyberguard_300401,cyberguard,2024-05-02,Police / CERT Incident Report,"A commercial logistics agency reported a malware attack that locked critical shipment dispatch schedules, leaving a ransom note demanding Bitcoin.","A commercial logistics agency reported a malware attack that locked critical shipment dispatch schedules, leaving a ransom note demanding Bitcoin.",ransomware_extortion,Ransomware Extortion
cyberguard_300402,cyberguard,2024-05-02,Police / CERT Incident Report,"Citizen reported an online crypto investment fraud. An unknown party contacted them via WhatsApp promoting a trading platform. Victim transferred $47,715 in Solana before being locked out.","Citizen reported an online crypto investment fraud. An unknown party contacted them via WhatsApp promoting a trading platform. Victim transferred $47,715 in Solana before being locked out.",financial_cyber_fraud,Financial Cyber Fraud
cyberguard_300403,cyberguard,2024-05-02,Police / CERT Incident Report,"A business owner filed a report stating that an extortion group encrypted their client database, demanding $71,195 in Monero to restore access.","A business owner filed a report stating that an extortion group encrypted their client database, demanding $71,195 in Monero to restore access.",ransomware_extortion,Ransomware Extortion
cyberguard_300404,cyberguard,2024-05-02,Police / CERT Incident Report,"Complainant reported digital extortion where an attacker threatened to release private personal photographs unless $3,222 in Bitcoin was paid within 24 hours.","Complainant reported digital extortion where an attacker threatened to release private personal photographs unless $3,222 in Bitcoin was paid within 24 hours.",ransomware_extortion,Ransomware Extortion
cyberguard_300405,cyberguard,2024-05-02,Police / CERT Incident Report,"Victim received an urgent smishing SMS claiming an undelivered parcel from postal services, providing a spoofed link that compromised their debit card details.","Victim received an urgent smishing SMS claiming an undelivered parcel from postal services, providing a spoofed link that compromised their debit card details.",phishing_social_engineering,Phishing Social Engineering
cyberguard_300406,cyberguard,2024-05-02,Police / CERT Incident Report,"A business owner filed a report stating that an extortion group encrypted their client database, demanding $42,927 in Solana to restore access.","A business owner filed a report stating that an extortion group encrypted their client database, demanding $42,927 in Solana to restore access.",ransomware_extortion,Ransomware Extortion
cyberguard_300407,cyberguard,2024-05-02,Police / CERT Incident Report,"An impersonation call from someone claiming to be technical support at JPMorgan Chase directed the victim to install remote access tools, compromising $57,458.","An impersonation call from someone claiming to be technical support at JPMorgan Chase directed the victim to install remote access tools, compromising $57,458.",phishing_social_engineering,Phishing Social Engineering
cyberguard_300408,cyberguard,2024-05-02,Police / CERT Incident Report,"A commercial logistics agency reported a malware attack that locked critical shipment dispatch schedules, leaving a ransom note demanding Tether (USDT).","A commercial logistics agency reported a malware attack that locked critical shipment dispatch schedules, leaving a ransom note demanding Tether (USDT).",ransomware_extortion,Ransomware Extortion
cyberguard_300409,cyberguard,2024-05-02,Police / CERT Incident Report,"Complainant reported digital extortion where an attacker threatened to release private personal photographs unless $42,733 in Bitcoin was paid within 24 hours.","Complainant reported digital extortion where an attacker threatened to release private personal photographs unless $42,733 in Bitcoin was paid within 24 hours.",ransomware_extortion,Ransomware Extortion
cyberguard_300410,cyberguard,2024-05-02,Police / CERT Incident Report,"Complainant reported digital extortion where an attacker threatened to release private personal photographs unless $26,268 in Tether (USDT) was paid within 24 hours.","Complainant reported digital extortion where an attacker threatened to release private personal photographs unless $26,268 in Tether (USDT) was paid within 24 hours.",ransomware_extortion,Ransomware Extortion
cyberguard_300411,cyberguard,2024-05-02,Police / CERT Incident Report,"Victim received an urgent smishing SMS claiming an undelivered parcel from postal services, providing a spoofed link that compromised their debit card details.","Victim received an urgent smishing SMS claiming an undelivered parcel from postal services, providing a spoofed link that compromised their debit card details.",phishing_social_engineering,Phishing Social Engineering
cyberguard_300412,cyberguard,2024-05-02,Police / CERT Incident Report,"A business owner filed a report stating that an extortion group encrypted their client database, demanding $55,259 in Bitcoin to restore access.","A business owner filed a report stating that an extortion group encrypted their client database, demanding $55,259 in Bitcoin to restore access.",ransomware_extortion,Ransomware Extortion
cyberguard_300413,cyberguard,2024-05-02,Police / CERT Incident Report,"Victim experienced unauthorized card-not-present fraud where $79,587 was deducted through international online payment processors.","Victim experienced unauthorized card-not-present fraud where $79,587 was deducted through international online payment processors.",financial_cyber_fraud,Financial Cyber Fraud
cyberguard_300414,cyberguard,2024-05-02,Police / CERT Incident Report,"Citizen reported an online crypto investment fraud. An unknown party contacted them via LinkedIn promoting a trading platform. Victim transferred $60,466 in Ethereum before being locked out.","Citizen reported an online crypto investment fraud. An unknown party contacted them via LinkedIn promoting a trading platform. Victim transferred $60,466 in Ethereum before being locked out.",financial_cyber_fraud,Financial Cyber Fraud
cyberguard_300415,cyberguard,2024-05-02,Police / CERT Incident Report,"Victim was targeted with an email purporting to be from Tinder demanding password verification, resulting in account takeover.","Victim was targeted with an email purporting to be from Tinder demanding password verification, resulting in account takeover.",phishing_social_engineering,Phishing Social Engineering
cyberguard_300416,cyberguard,2024-05-02,Police / CERT Incident Report,"A commercial logistics agency reported a malware attack that locked critical shipment dispatch schedules, leaving a ransom note demanding Tether (USDT).","A commercial logistics agency reported a malware attack that locked critical shipment dispatch schedules, leaving a ransom note demanding Tether (USDT).",ransomware_extortion,Ransomware Extortion
cyberguard_300417,cyberguard,2024-05-02,Police / CERT Incident Report,"Complainant reported identity theft. Fraudsters acquired the victim's social security number and driver's license from an online leak and fraudulently claimed $31,886 in benefits.","Complainant reported identity theft. Fraudsters acquired the victim's social security number and driver's license from an online leak and fraudulently claimed $31,886 in benefits.",identity_theft_impersonation,Identity Theft Impersonation
cyberguard_300418,cyberguard,2024-05-02,Police / CERT Incident Report,"Victim was targeted with an email purporting to be from Facebook Marketplace demanding password verification, resulting in account takeover.","Victim was targeted with an email purporting to be from Facebook Marketplace demanding password verification, resulting in account takeover.",phishing_social_engineering,Phishing Social Engineering
cyberguard_300419,cyberguard,2024-05-02,Police / CERT Incident Report,"An impersonation call from someone claiming to be technical support at Revolut directed the victim to install remote access tools, compromising $7,832.","An impersonation call from someone claiming to be technical support at Revolut directed the victim to install remote access tools, compromising $7,832.",phishing_social_engineering,Phishing Social Engineering
cyberguard_300420,cyberguard,2024-05-02,Police / CERT Incident Report,"A business owner filed a report stating that an extortion group encrypted their client database, demanding $73,951 in Ethereum to restore access.","A business owner filed a report stating that an extortion group encrypted their client database, demanding $73,951 in Ethereum to restore access.",ransomware_extortion,Ransomware Extortion
cyberguard_300421,cyberguard,2024-05-02,Police / CERT Incident Report,"A victim discovered that their identity was forged to register unauthorized accounts with Wells Fargo and obtain online loans amounting to $76,389 without consent.","A victim discovered that their identity was forged to register unauthorized accounts with Wells Fargo and obtain online loans amounting to $76,389 without consent.",identity_theft_impersonation,Identity Theft Impersonation
cyberguard_300422,cyberguard,2024-05-02,Police / CERT Incident Report,"Complainant was deceived in an online transaction. They transferred $21,318 via Venmo for an item listed on WhatsApp, after which the seller deleted their profile.","Complainant was deceived in an online transaction. They transferred $21,318 via Venmo for an item listed on WhatsApp, after which the seller deleted their profile.",financial_cyber_fraud,Financial Cyber Fraud
cyberguard_300423,cyberguard,2024-05-02,Police / CERT Incident Report,"Victim experienced unauthorized card-not-present fraud where $53,715 was deducted through international online payment processors.","Victim experienced unauthorized card-not-present fraud where $53,715 was deducted through international online payment processors.",financial_cyber_fraud,Financial Cyber Fraud
cyberguard_300424,cyberguard,2024-05-02,Police / CERT Incident Report,"Complainant reported identity theft. Fraudsters acquired the victim's social security number and driver's license from an online leak and fraudulently claimed $52,139 in benefits.","Complainant reported identity theft. Fraudsters acquired the victim's social security number and driver's license from an online leak and fraudulently claimed $52,139 in benefits.",identity_theft_impersonation,Identity Theft Impersonation
cyberguard_300425,cyberguard,2024-05-02,Police / CERT Incident Report,"A business owner filed a report stating that an extortion group encrypted their client database, demanding $2,727 in Solana to restore access.","A business owner filed a report stating that an extortion group encrypted their client database, demanding $2,727 in Solana to restore access.",ransomware_extortion,Ransomware Extortion
cyberguard_300426,cyberguard,2024-05-02,Police / CERT Incident Report,"Victim received an urgent smishing SMS claiming an undelivered parcel from postal services, providing a spoofed link that compromised their debit card details.","Victim received an urgent smishing SMS claiming an undelivered parcel from postal services, providing a spoofed link that compromised their debit card details.",phishing_social_engineering,Phishing Social Engineering
cyberguard_300427,cyberguard,2024-05-02,Police / CERT Incident Report,"Citizen reported an online crypto investment fraud. An unknown party contacted them via Tinder promoting a trading platform. Victim transferred $22,541 in Solana before being locked out.","Citizen reported an online crypto investment fraud. An unknown party contacted them via Tinder promoting a trading platform. Victim transferred $22,541 in Solana before being locked out.",financial_cyber_fraud,Financial Cyber Fraud
cyberguard_300428,cyberguard,2024-05-02,Police / CERT Incident Report,"An impersonation call from someone claiming to be technical support at Cash App directed the victim to install remote access tools, compromising $10,412.","An impersonation call from someone claiming to be technical support at Cash App directed the victim to install remote access tools, compromising $10,412.",phishing_social_engineering,Phishing Social Engineering
cyberguard_300429,cyberguard,2024-05-02,Police / CERT Incident Report,"Victim was targeted with an email purporting to be from Tinder demanding password verification, resulting in account takeover.","Victim was targeted with an email purporting to be from Tinder demanding password verification, resulting in account takeover.",phishing_social_engineering,Phishing Social Engineering
cyberguard_300430,cyberguard,2024-05-02,Police / CERT Incident Report,"Complainant reported digital extortion where an attacker threatened to release private personal photographs unless $43,430 in Tether (USDT) was paid within 24 hours.","Complainant reported digital extortion where an attacker threatened to release private personal photographs unless $43,430 in Tether (USDT) was paid within 24 hours.",ransomware_extortion,Ransomware Extortion
cyberguard_300431,cyberguard,2024-05-02,Police / CERT Incident Report,"Citizen reported an online crypto investment fraud. An unknown party contacted them via Telegram promoting a trading platform. Victim transferred $9,637 in Ethereum before being locked out.","Citizen reported an online crypto investment fraud. An unknown party contacted them via Telegram promoting a trading platform. Victim transferred $9,637 in Ethereum before being locked out.",financial_cyber_fraud,Financial Cyber Fraud
cyberguard_300432,cyberguard,2024-05-02,Police / CERT Incident Report,"Complainant reported that an unknown perpetrator impersonated them using their personal credentials to lease equipment and open utility accounts totaling $58,580.","Complainant reported that an unknown perpetrator impersonated them using their personal credentials to lease equipment and open utility accounts totaling $58,580.",identity_theft_impersonation,Identity Theft Impersonation
cyberguard_300433,cyberguard,2024-05-02,Police / CERT Incident Report,"Complainant reported digital extortion where an attacker threatened to release private personal photographs unless $65,017 in Ethereum was paid within 24 hours.","Complainant reported digital extortion where an attacker threatened to release private personal photographs unless $65,017 in Ethereum was paid within 24 hours.",ransomware_extortion,Ransomware Extortion
cyberguard_300434,cyberguard,2024-05-02,Police / CERT Incident Report,"Complainant reported digital extortion where an attacker threatened to release private personal photographs unless $49,469 in Ethereum was paid within 24 hours.","Complainant reported digital extortion where an attacker threatened to release private personal photographs unless $49,469 in Ethereum was paid within 24 hours.",ransomware_extortion,Ransomware Extortion
cyberguard_300435,cyberguard,2024-05-02,Police / CERT Incident Report,"Victim was targeted with an email purporting to be from WhatsApp demanding password verification, resulting in account takeover.","Victim was targeted with an email purporting to be from WhatsApp demanding password verification, resulting in account takeover.",phishing_social_engineering,Phishing Social Engineering
cyberguard_300436,cyberguard,2024-05-02,Police / CERT Incident Report,"Complainant reported that an unknown perpetrator impersonated them using their personal credentials to lease equipment and open utility accounts totaling $44,980.","Complainant reported that an unknown perpetrator impersonated them using their personal credentials to lease equipment and open utility accounts totaling $44,980.",identity_theft_impersonation,Identity Theft Impersonation
cyberguard_300437,cyberguard,2024-05-02,Police / CERT Incident Report,"Complainant reported identity theft. Fraudsters acquired the victim's social security number and driver's license from an online leak and fraudulently claimed $18,468 in benefits.","Complainant reported identity theft. Fraudsters acquired the victim's social security number and driver's license from an online leak and fraudulently claimed $18,468 in benefits.",identity_theft_impersonation,Identity Theft Impersonation
cyberguard_300438,cyberguard,2024-05-02,Police / CERT Incident Report,"Citizen reported an online crypto investment fraud. An unknown party contacted them via WhatsApp promoting a trading platform. Victim transferred $82,447 in Bitcoin before being locked out.","Citizen reported an online crypto investment fraud. An unknown party contacted them via WhatsApp promoting a trading platform. Victim transferred $82,447 in Bitcoin before being locked out.",financial_cyber_fraud,Financial Cyber Fraud
cyberguard_300439,cyberguard,2024-05-02,Police / CERT Incident Report,"Citizen reported an online crypto investment fraud. An unknown party contacted them via Facebook Marketplace promoting a trading platform. Victim transferred $72,692 in Tether (USDT) before being locked out.","Citizen reported an online crypto investment fraud. An unknown party contacted them via Facebook Marketplace promoting a trading platform. Victim transferred $72,692 in Tether (USDT) before being locked out.",financial_cyber_fraud,Financial Cyber Fraud
cyberguard_300440,cyberguard,2024-05-02,Police / CERT Incident Report,"A business owner filed a report stating that an extortion group encrypted their client database, demanding $28,130 in Monero to restore access.","A business owner filed a report stating that an extortion group encrypted their client database, demanding $28,130 in Monero to restore access.",ransomware_extortion,Ransomware Extortion
cyberguard_300441,cyberguard,2024-05-02,Police / CERT Incident Report,"A commercial logistics agency reported a malware attack that locked critical shipment dispatch schedules, leaving a ransom note demanding Tether (USDT).","A commercial logistics agency reported a malware attack that locked critical shipment dispatch schedules, leaving a ransom note demanding Tether (USDT).",ransomware_extortion,Ransomware Extortion
cyberguard_300442,cyberguard,2024-05-02,Police / CERT Incident Report,"Victim experienced unauthorized card-not-present fraud where $35,860 was deducted through international online payment processors.","Victim experienced unauthorized card-not-present fraud where $35,860 was deducted through international online payment processors.",financial_cyber_fraud,Financial Cyber Fraud
cyberguard_300443,cyberguard,2024-05-02,Police / CERT Incident Report,"A commercial logistics agency reported a malware attack that locked critical shipment dispatch schedules, leaving a ransom note demanding Bitcoin.","A commercial logistics agency reported a malware attack that locked critical shipment dispatch schedules, leaving a ransom note demanding Bitcoin.",ransomware_extortion,Ransomware Extortion
cyberguard_300444,cyberguard,2024-05-02,Police / CERT Incident Report,"Victim experienced unauthorized card-not-present fraud where $8,953 was deducted through international online payment processors.","Victim experienced unauthorized card-not-present fraud where $8,953 was deducted through international online payment processors.",financial_cyber_fraud,Financial Cyber Fraud
cyberguard_300445,cyberguard,2024-05-02,Police / CERT Incident Report,"Complainant reported digital extortion where an attacker threatened to release private personal photographs unless $71,630 in Ethereum was paid within 24 hours.","Complainant reported digital extortion where an attacker threatened to release private personal photographs unless $71,630 in Ethereum was paid within 24 hours.",ransomware_extortion,Ransomware Extortion
cyberguard_300446,cyberguard,2024-05-02,Police / CERT Incident Report,"Complainant reported identity theft. Fraudsters acquired the victim's social security number and driver's license from an online leak and fraudulently claimed $39,688 in benefits.","Complainant reported identity theft. Fraudsters acquired the victim's social security number and driver's license from an online leak and fraudulently claimed $39,688 in benefits.",identity_theft_impersonation,Identity Theft Impersonation
cyberguard_300447,cyberguard,2024-05-02,Police / CERT Incident Report,"Citizen reported an online crypto investment fraud. An unknown party contacted them via WhatsApp promoting a trading platform. Victim transferred $56,492 in Monero before being locked out.","Citizen reported an online crypto investment fraud. An unknown party contacted them via WhatsApp promoting a trading platform. Victim transferred $56,492 in Monero before being locked out.",financial_cyber_fraud,Financial Cyber Fraud
cyberguard_300448,cyberguard,2024-05-02,Police / CERT Incident Report,"Victim experienced unauthorized card-not-present fraud where $48,684 was deducted through international online payment processors.","Victim experienced unauthorized card-not-present fraud where $48,684 was deducted through international online payment processors.",financial_cyber_fraud,Financial Cyber Fraud
cyberguard_300449,cyberguard,2024-05-02,Police / CERT Incident Report,"Victim was targeted with an email purporting to be from Telegram demanding password verification, resulting in account takeover.","Victim was targeted with an email purporting to be from Telegram demanding password verification, resulting in account takeover.",phishing_social_engineering,Phishing Social Engineering
cyberguard_300450,cyberguard,2024-05-02,Police / CERT Incident Report,"Victim experienced unauthorized card-not-present fraud where $57,235 was deducted through international online payment processors.","Victim experienced unauthorized card-not-present fraud where $57,235 was deducted through international online payment processors.",financial_cyber_fraud,Financial Cyber Fraud
cyberguard_300451,cyberguard,2024-05-02,Police / CERT Incident Report,"A business owner filed a report stating that an extortion group encrypted their client database, demanding $61,918 in Ethereum to restore access.","A business owner filed a report stating that an extortion group encrypted their client database, demanding $61,918 in Ethereum to restore access.",ransomware_extortion,Ransomware Extortion
cyberguard_300452,cyberguard,2024-05-02,Police / CERT Incident Report,"Victim was targeted with an email purporting to be from WhatsApp demanding password verification, resulting in account takeover.","Victim was targeted with an email purporting to be from WhatsApp demanding password verification, resulting in account takeover.",phishing_social_engineering,Phishing Social Engineering
cyberguard_300453,cyberguard,2024-05-02,Police / CERT Incident Report,"Victim experienced unauthorized card-not-present fraud where $11,800 was deducted through international online payment processors.","Victim experienced unauthorized card-not-present fraud where $11,800 was deducted through international online payment processors.",financial_cyber_fraud,Financial Cyber Fraud
cyberguard_300454,cyberguard,2024-05-02,Police / CERT Incident Report,"A victim discovered that their identity was forged to register unauthorized accounts with Zelle and obtain online loans amounting to $69,771 without consent.","A victim discovered that their identity was forged to register unauthorized accounts with Zelle and obtain online loans amounting to $69,771 without consent.",identity_theft_impersonation,Identity Theft Impersonation
cyberguard_300455,cyberguard,2024-05-02,Police / CERT Incident Report,"Victim was targeted with an email purporting to be from LinkedIn demanding password verification, resulting in account takeover.","Victim was targeted with an email purporting to be from LinkedIn demanding password verification, resulting in account takeover.",phishing_social_engineering,Phishing Social Engineering
cyberguard_300456,cyberguard,2024-05-02,Police / CERT Incident Report,"Victim was targeted with an email purporting to be from Facebook Marketplace demanding password verification, resulting in account takeover.","Victim was targeted with an email purporting to be from Facebook Marketplace demanding password verification, resulting in account takeover.",phishing_social_engineering,Phishing Social Engineering
cyberguard_300457,cyberguard,2024-05-02,Police / CERT Incident Report,"Complainant was deceived in an online transaction. They transferred $19,121 via Cash App for an item listed on Facebook Marketplace, after which the seller deleted their profile.","Complainant was deceived in an online transaction. They transferred $19,121 via Cash App for an item listed on Facebook Marketplace, after which the seller deleted their profile.",financial_cyber_fraud,Financial Cyber Fraud
cyberguard_300458,cyberguard,2024-05-02,Police / CERT Incident Report,"Complainant reported digital extortion where an attacker threatened to release private personal photographs unless $18,385 in Monero was paid within 24 hours.","Complainant reported digital extortion where an attacker threatened to release private personal photographs unless $18,385 in Monero was paid within 24 hours.",ransomware_extortion,Ransomware Extortion
cyberguard_300459,cyberguard,2024-05-02,Police / CERT Incident Report,"A commercial logistics agency reported a malware attack that locked critical shipment dispatch schedules, leaving a ransom note demanding Tether (USDT).","A commercial logistics agency reported a malware attack that locked critical shipment dispatch schedules, leaving a ransom note demanding Tether (USDT).",ransomware_extortion,Ransomware Extortion
cyberguard_300460,cyberguard,2024-05-02,Police / CERT Incident Report,"Complainant was deceived in an online transaction. They transferred $24,336 via Wells Fargo for an item listed on LinkedIn, after which the seller deleted their profile.","Complainant was deceived in an online transaction. They transferred $24,336 via Wells Fargo for an item listed on LinkedIn, after which the seller deleted their profile.",financial_cyber_fraud,Financial Cyber Fraud
cyberguard_300461,cyberguard,2024-05-02,Police / CERT Incident Report,"Complainant was deceived in an online transaction. They transferred $84,586 via Chime for an item listed on Instagram, after which the seller deleted their profile.","Complainant was deceived in an online transaction. They transferred $84,586 via Chime for an item listed on Instagram, after which the seller deleted their profile.",financial_cyber_fraud,Financial Cyber Fraud
cyberguard_300462,cyberguard,2024-05-02,Police / CERT Incident Report,"Citizen reported an online crypto investment fraud. An unknown party contacted them via Telegram promoting a trading platform. Victim transferred $8,328 in Ethereum before being locked out.","Citizen reported an online crypto investment fraud. An unknown party contacted them via Telegram promoting a trading platform. Victim transferred $8,328 in Ethereum before being locked out.",financial_cyber_fraud,Financial Cyber Fraud
cyberguard_300463,cyberguard,2024-05-02,Police / CERT Incident Report,"A business owner filed a report stating that an extortion group encrypted their client database, demanding $23,320 in Solana to restore access.","A business owner filed a report stating that an extortion group encrypted their client database, demanding $23,320 in Solana to restore access.",ransomware_extortion,Ransomware Extortion
cyberguard_300464,cyberguard,2024-05-02,Police / CERT Incident Report,"Victim was targeted with an email purporting to be from Instagram demanding password verification, resulting in account takeover.","Victim was targeted with an email purporting to be from Instagram demanding password verification, resulting in account takeover.",phishing_social_engineering,Phishing Social Engineering
cyberguard_300465,cyberguard,2024-05-02,Police / CERT Incident Report,"An impersonation call from someone claiming to be technical support at JPMorgan Chase directed the victim to install remote access tools, compromising $53,981.","An impersonation call from someone claiming to be technical support at JPMorgan Chase directed the victim to install remote access tools, compromising $53,981.",phishing_social_engineering,Phishing Social Engineering
cyberguard_300466,cyberguard,2024-05-02,Police / CERT Incident Report,"Complainant reported identity theft. Fraudsters acquired the victim's social security number and driver's license from an online leak and fraudulently claimed $78,669 in benefits.","Complainant reported identity theft. Fraudsters acquired the victim's social security number and driver's license from an online leak and fraudulently claimed $78,669 in benefits.",identity_theft_impersonation,Identity Theft Impersonation
cyberguard_300467,cyberguard,2024-05-02,Police / CERT Incident Report,"A commercial logistics agency reported a malware attack that locked critical shipment dispatch schedules, leaving a ransom note demanding Tether (USDT).","A commercial logistics agency reported a malware attack that locked critical shipment dispatch schedules, leaving a ransom note demanding Tether (USDT).",ransomware_extortion,Ransomware Extortion
cyberguard_300468,cyberguard,2024-05-02,Police / CERT Incident Report,"Victim received an urgent smishing SMS claiming an undelivered parcel from postal services, providing a spoofed link that compromised their debit card details.","Victim received an urgent smishing SMS claiming an undelivered parcel from postal services, providing a spoofed link that compromised their debit card details.",phishing_social_engineering,Phishing Social Engineering
cyberguard_300469,cyberguard,2024-05-02,Police / CERT Incident Report,"Victim was targeted with an email purporting to be from WhatsApp demanding password verification, resulting in account takeover.","Victim was targeted with an email purporting to be from WhatsApp demanding password verification, resulting in account takeover.",phishing_social_engineering,Phishing Social Engineering
cyberguard_300470,cyberguard,2024-05-02,Police / CERT Incident Report,"Complainant reported digital extortion where an attacker threatened to release private personal photographs unless $82,385 in Monero was paid within 24 hours.","Complainant reported digital extortion where an attacker threatened to release private personal photographs unless $82,385 in Monero was paid within 24 hours.",ransomware_extortion,Ransomware Extortion
cyberguard_300471,cyberguard,2024-05-02,Police / CERT Incident Report,"Complainant reported that an unknown perpetrator impersonated them using their personal credentials to lease equipment and open utility accounts totaling $65,418.","Complainant reported that an unknown perpetrator impersonated them using their personal credentials to lease equipment and open utility accounts totaling $65,418.",identity_theft_impersonation,Identity Theft Impersonation
cyberguard_300472,cyberguard,2024-05-02,Police / CERT Incident Report,"Complainant reported digital extortion where an attacker threatened to release private personal photographs unless $29,742 in Tether (USDT) was paid within 24 hours.","Complainant reported digital extortion where an attacker threatened to release private personal photographs unless $29,742 in Tether (USDT) was paid within 24 hours.",ransomware_extortion,Ransomware Extortion
cyberguard_300473,cyberguard,2024-05-02,Police / CERT Incident Report,"A victim discovered that their identity was forged to register unauthorized accounts with Wells Fargo and obtain online loans amounting to $3,970 without consent.","A victim discovered that their identity was forged to register unauthorized accounts with Wells Fargo and obtain online loans amounting to $3,970 without consent.",identity_theft_impersonation,Identity Theft Impersonation
cyberguard_300474,cyberguard,2024-05-02,Police / CERT Incident Report,"A commercial logistics agency reported a malware attack that locked critical shipment dispatch schedules, leaving a ransom note demanding Ethereum.","A commercial logistics agency reported a malware attack that locked critical shipment dispatch schedules, leaving a ransom note demanding Ethereum.",ransomware_extortion,Ransomware Extortion
cyberguard_300475,cyberguard,2024-05-02,Police / CERT Incident Report,"Complainant reported identity theft. Fraudsters acquired the victim's social security number and driver's license from an online leak and fraudulently claimed $2,163 in benefits.","Complainant reported identity theft. Fraudsters acquired the victim's social security number and driver's license from an online leak and fraudulently claimed $2,163 in benefits.",identity_theft_impersonation,Identity Theft Impersonation
cyberguard_300476,cyberguard,2024-05-02,Police / CERT Incident Report,"Victim experienced unauthorized card-not-present fraud where $70,837 was deducted through international online payment processors.","Victim experienced unauthorized card-not-present fraud where $70,837 was deducted through international online payment processors.",financial_cyber_fraud,Financial Cyber Fraud
cyberguard_300477,cyberguard,2024-05-02,Police / CERT Incident Report,"Complainant reported that an unknown perpetrator impersonated them using their personal credentials to lease equipment and open utility accounts totaling $33,452.","Complainant reported that an unknown perpetrator impersonated them using their personal credentials to lease equipment and open utility accounts totaling $33,452.",identity_theft_impersonation,Identity Theft Impersonation
cyberguard_300478,cyberguard,2024-05-02,Police / CERT Incident Report,"Complainant was deceived in an online transaction. They transferred $7,115 via Chime for an item listed on Instagram, after which the seller deleted their profile.","Complainant was deceived in an online transaction. They transferred $7,115 via Chime for an item listed on Instagram, after which the seller deleted their profile.",financial_cyber_fraud,Financial Cyber Fraud
cyberguard_300479,cyberguard,2024-05-02,Police / CERT Incident Report,"Citizen reported an online crypto investment fraud. An unknown party contacted them via Telegram promoting a trading platform. Victim transferred $51,793 in Tether (USDT) before being locked out.","Citizen reported an online crypto investment fraud. An unknown party contacted them via Telegram promoting a trading platform. Victim transferred $51,793 in Tether (USDT) before being locked out.",financial_cyber_fraud,Financial Cyber Fraud
cyberguard_300480,cyberguard,2024-05-02,Police / CERT Incident Report,"Complainant reported digital extortion where an attacker threatened to release private personal photographs unless $66,251 in Ethereum was paid within 24 hours.","Complainant reported digital extortion where an attacker threatened to release private personal photographs unless $66,251 in Ethereum was paid within 24 hours.",ransomware_extortion,Ransomware Extortion
cyberguard_300481,cyberguard,2024-05-02,Police / CERT Incident Report,"Citizen reported an online crypto investment fraud. An unknown party contacted them via WhatsApp promoting a trading platform. Victim transferred $14,372 in Bitcoin before being locked out.","Citizen reported an online crypto investment fraud. An unknown party contacted them via WhatsApp promoting a trading platform. Victim transferred $14,372 in Bitcoin before being locked out.",financial_cyber_fraud,Financial Cyber Fraud
cyberguard_300482,cyberguard,2024-05-02,Police / CERT Incident Report,"Complainant was deceived in an online transaction. They transferred $83,561 via Chime for an item listed on Tinder, after which the seller deleted their profile.","Complainant was deceived in an online transaction. They transferred $83,561 via Chime for an item listed on Tinder, after which the seller deleted their profile.",financial_cyber_fraud,Financial Cyber Fraud
cyberguard_300483,cyberguard,2024-05-02,Police / CERT Incident Report,"A business owner filed a report stating that an extortion group encrypted their client database, demanding $84,716 in Bitcoin to restore access.","A business owner filed a report stating that an extortion group encrypted their client database, demanding $84,716 in Bitcoin to restore access.",ransomware_extortion,Ransomware Extortion
cyberguard_300484,cyberguard,2024-05-02,Police / CERT Incident Report,"A victim discovered that their identity was forged to register unauthorized accounts with JPMorgan Chase and obtain online loans amounting to $24,946 without consent.","A victim discovered that their identity was forged to register unauthorized accounts with JPMorgan Chase and obtain online loans amounting to $24,946 without consent.",identity_theft_impersonation,Identity Theft Impersonation
cyberguard_300485,cyberguard,2024-05-02,Police / CERT Incident Report,"Complainant reported that an unknown perpetrator impersonated them using their personal credentials to lease equipment and open utility accounts totaling $23,314.","Complainant reported that an unknown perpetrator impersonated them using their personal credentials to lease equipment and open utility accounts totaling $23,314.",identity_theft_impersonation,Identity Theft Impersonation
cyberguard_300486,cyberguard,2024-05-02,Police / CERT Incident Report,"Complainant was deceived in an online transaction. They transferred $72,712 via Zelle for an item listed on Tinder, after which the seller deleted their profile.","Complainant was deceived in an online transaction. They transferred $72,712 via Zelle for an item listed on Tinder, after which the seller deleted their profile.",financial_cyber_fraud,Financial Cyber Fraud
cyberguard_300487,cyberguard,2024-05-02,Police / CERT Incident Report,"Complainant reported identity theft. Fraudsters acquired the victim's social security number and driver's license from an online leak and fraudulently claimed $35,196 in benefits.","Complainant reported identity theft. Fraudsters acquired the victim's social security number and driver's license from an online leak and fraudulently claimed $35,196 in benefits.",identity_theft_impersonation,Identity Theft Impersonation
cyberguard_300488,cyberguard,2024-05-02,Police / CERT Incident Report,"A commercial logistics agency reported a malware attack that locked critical shipment dispatch schedules, leaving a ransom note demanding Solana.","A commercial logistics agency reported a malware attack that locked critical shipment dispatch schedules, leaving a ransom note demanding Solana.",ransomware_extortion,Ransomware Extortion
cyberguard_300489,cyberguard,2024-05-02,Police / CERT Incident Report,"Complainant reported digital extortion where an attacker threatened to release private personal photographs unless $40,694 in Tether (USDT) was paid within 24 hours.","Complainant reported digital extortion where an attacker threatened to release private personal photographs unless $40,694 in Tether (USDT) was paid within 24 hours.",ransomware_extortion,Ransomware Extortion
cyberguard_300490,cyberguard,2024-05-02,Police / CERT Incident Report,"An impersonation call from someone claiming to be technical support at Wells Fargo directed the victim to install remote access tools, compromising $83,363.","An impersonation call from someone claiming to be technical support at Wells Fargo directed the victim to install remote access tools, compromising $83,363.",phishing_social_engineering,Phishing Social Engineering
cyberguard_300491,cyberguard,2024-05-02,Police / CERT Incident Report,"Victim received an urgent smishing SMS claiming an undelivered parcel from postal services, providing a spoofed link that compromised their debit card details.","Victim received an urgent smishing SMS claiming an undelivered parcel from postal services, providing a spoofed link that compromised their debit card details.",phishing_social_engineering,Phishing Social Engineering
cyberguard_300492,cyberguard,2024-05-02,Police / CERT Incident Report,"Victim received an urgent smishing SMS claiming an undelivered parcel from postal services, providing a spoofed link that compromised their debit card details.","Victim received an urgent smishing SMS claiming an undelivered parcel from postal services, providing a spoofed link that compromised their debit card details.",phishing_social_engineering,Phishing Social Engineering
cyberguard_300493,cyberguard,2024-05-02,Police / CERT Incident Report,"Victim experienced unauthorized card-not-present fraud where $70,015 was deducted through international online payment processors.","Victim experienced unauthorized card-not-present fraud where $70,015 was deducted through international online payment processors.",financial_cyber_fraud,Financial Cyber Fraud
cyberguard_300494,cyberguard,2024-05-02,Police / CERT Incident Report,"Complainant reported digital extortion where an attacker threatened to release private personal photographs unless $23,271 in Solana was paid within 24 hours.","Complainant reported digital extortion where an attacker threatened to release private personal photographs unless $23,271 in Solana was paid within 24 hours.",ransomware_extortion,Ransomware Extortion
cyberguard_300495,cyberguard,2024-05-02,Police / CERT Incident Report,"Citizen reported an online crypto investment fraud. An unknown party contacted them via Instagram promoting a trading platform. Victim transferred $32,395 in Tether (USDT) before being locked out.","Citizen reported an online crypto investment fraud. An unknown party contacted them via Instagram promoting a trading platform. Victim transferred $32,395 in Tether (USDT) before being locked out.",financial_cyber_fraud,Financial Cyber Fraud
cyberguard_300496,cyberguard,2024-05-02,Police / CERT Incident Report,"Complainant reported that an unknown perpetrator impersonated them using their personal credentials to lease equipment and open utility accounts totaling $28,001.","Complainant reported that an unknown perpetrator impersonated them using their personal credentials to lease equipment and open utility accounts totaling $28,001.",identity_theft_impersonation,Identity Theft Impersonation
cyberguard_300497,cyberguard,2024-05-02,Police / CERT Incident Report,"A victim discovered that their identity was forged to register unauthorized accounts with JPMorgan Chase and obtain online loans amounting to $53,686 without consent.","A victim discovered that their identity was forged to register unauthorized accounts with JPMorgan Chase and obtain online loans amounting to $53,686 without consent.",identity_theft_impersonation,Identity Theft Impersonation
cyberguard_300498,cyberguard,2024-05-02,Police / CERT Incident Report,"A business owner filed a report stating that an extortion group encrypted their client database, demanding $37,774 in Tether (USDT) to restore access.","A business owner filed a report stating that an extortion group encrypted their client database, demanding $37,774 in Tether (USDT) to restore access.",ransomware_extortion,Ransomware Extortion
cyberguard_300499,cyberguard,2024-05-02,Police / CERT Incident Report,"Victim received an urgent smishing SMS claiming an undelivered parcel from postal services, providing a spoofed link that compromised their debit card details.","Victim received an urgent smishing SMS claiming an undelivered parcel from postal services, providing a spoofed link that compromised their debit card details.",phishing_social_engineering,Phishing Social Engineering
cyberguard_300500,cyberguard,2024-05-02,Police / CERT Incident Report,"A commercial logistics agency reported a malware attack that locked critical shipment dispatch schedules, leaving a ransom note demanding Monero.","A commercial logistics agency reported a malware attack that locked critical shipment dispatch schedules, leaving a ransom note demanding Monero.",ransomware_extortion,Ransomware Extortion
cyberguard_300501,cyberguard,2024-05-02,Police / CERT Incident Report,"Victim was targeted with an email purporting to be from LinkedIn demanding password verification, resulting in account takeover.","Victim was targeted with an email purporting to be from LinkedIn demanding password verification, resulting in account takeover.",phishing_social_engineering,Phishing Social Engineering
cyberguard_300502,cyberguard,2024-05-02,Police / CERT Incident Report,"Complainant was deceived in an online transaction. They transferred $35,467 via JPMorgan Chase for an item listed on LinkedIn, after which the seller deleted their profile.","Complainant was deceived in an online transaction. They transferred $35,467 via JPMorgan Chase for an item listed on LinkedIn, after which the seller deleted their profile.",financial_cyber_fraud,Financial Cyber Fraud
cyberguard_300503,cyberguard,2024-05-02,Police / CERT Incident Report,"Victim experienced unauthorized card-not-present fraud where $10,021 was deducted through international online payment processors.","Victim experienced unauthorized card-not-present fraud where $10,021 was deducted through international online payment processors.",financial_cyber_fraud,Financial Cyber Fraud
cyberguard_300504,cyberguard,2024-05-02,Police / CERT Incident Report,"An impersonation call from someone claiming to be technical support at Zelle directed the victim to install remote access tools, compromising $10,390.","An impersonation call from someone claiming to be technical support at Zelle directed the victim to install remote access tools, compromising $10,390.",phishing_social_engineering,Phishing Social Engineering
cyberguard_300505,cyberguard,2024-05-02,Police / CERT Incident Report,"A victim discovered that their identity was forged to register unauthorized accounts with Wells Fargo and obtain online loans amounting to $16,334 without consent.","A victim discovered that their identity was forged to register unauthorized accounts with Wells Fargo and obtain online loans amounting to $16,334 without consent.",identity_theft_impersonation,Identity Theft Impersonation
cyberguard_300506,cyberguard,2024-05-02,Police / CERT Incident Report,"Complainant was deceived in an online transaction. They transferred $45,320 via Venmo for an item listed on WhatsApp, after which the seller deleted their profile.","Complainant was deceived in an online transaction. They transferred $45,320 via Venmo for an item listed on WhatsApp, after which the seller deleted their profile.",financial_cyber_fraud,Financial Cyber Fraud
cyberguard_300507,cyberguard,2024-05-02,Police / CERT Incident Report,"Victim was targeted with an email purporting to be from Instagram demanding password verification, resulting in account takeover.","Victim was targeted with an email purporting to be from Instagram demanding password verification, resulting in account takeover.",phishing_social_engineering,Phishing Social Engineering
cyberguard_300508,cyberguard,2024-05-02,Police / CERT Incident Report,"A victim discovered that their identity was forged to register unauthorized accounts with Venmo and obtain online loans amounting to $70,485 without consent.","A victim discovered that their identity was forged to register unauthorized accounts with Venmo and obtain online loans amounting to $70,485 without consent.",identity_theft_impersonation,Identity Theft Impersonation
cyberguard_300509,cyberguard,2024-05-02,Police / CERT Incident Report,"Complainant reported that an unknown perpetrator impersonated them using their personal credentials to lease equipment and open utility accounts totaling $65,658.","Complainant reported that an unknown perpetrator impersonated them using their personal credentials to lease equipment and open utility accounts totaling $65,658.",identity_theft_impersonation,Identity Theft Impersonation
cyberguard_300510,cyberguard,2024-05-02,Police / CERT Incident Report,"Victim experienced unauthorized card-not-present fraud where $67,048 was deducted through international online payment processors.","Victim experienced unauthorized card-not-present fraud where $67,048 was deducted through international online payment processors.",financial_cyber_fraud,Financial Cyber Fraud
cyberguard_300511,cyberguard,2024-05-02,Police / CERT Incident Report,"Complainant reported identity theft. Fraudsters acquired the victim's social security number and driver's license from an online leak and fraudulently claimed $58,353 in benefits.","Complainant reported identity theft. Fraudsters acquired the victim's social security number and driver's license from an online leak and fraudulently claimed $58,353 in benefits.",identity_theft_impersonation,Identity Theft Impersonation
cyberguard_300512,cyberguard,2024-05-02,Police / CERT Incident Report,"Complainant reported that an unknown perpetrator impersonated them using their personal credentials to lease equipment and open utility accounts totaling $78,951.","Complainant reported that an unknown perpetrator impersonated them using their personal credentials to lease equipment and open utility accounts totaling $78,951.",identity_theft_impersonation,Identity Theft Impersonation
cyberguard_300513,cyberguard,2024-05-02,Police / CERT Incident Report,"Victim received an urgent smishing SMS claiming an undelivered parcel from postal services, providing a spoofed link that compromised their debit card details.","Victim received an urgent smishing SMS claiming an undelivered parcel from postal services, providing a spoofed link that compromised their debit card details.",phishing_social_engineering,Phishing Social Engineering
cyberguard_300514,cyberguard,2024-05-02,Police / CERT Incident Report,"Complainant was deceived in an online transaction. They transferred $63,068 via Cash App for an item listed on Instagram, after which the seller deleted their profile.","Complainant was deceived in an online transaction. They transferred $63,068 via Cash App for an item listed on Instagram, after which the seller deleted their profile.",financial_cyber_fraud,Financial Cyber Fraud
cyberguard_300515,cyberguard,2024-05-02,Police / CERT Incident Report,"A business owner filed a report stating that an extortion group encrypted their client database, demanding $14,241 in Solana to restore access.","A business owner filed a report stating that an extortion group encrypted their client database, demanding $14,241 in Solana to restore access.",ransomware_extortion,Ransomware Extortion
cyberguard_300516,cyberguard,2024-05-02,Police / CERT Incident Report,"Victim experienced unauthorized card-not-present fraud where $22,963 was deducted through international online payment processors.","Victim experienced unauthorized card-not-present fraud where $22,963 was deducted through international online payment processors.",financial_cyber_fraud,Financial Cyber Fraud
cyberguard_300517,cyberguard,2024-05-02,Police / CERT Incident Report,"Complainant was deceived in an online transaction. They transferred $2,730 via Zelle for an item listed on Telegram, after which the seller deleted their profile.","Complainant was deceived in an online transaction. They transferred $2,730 via Zelle for an item listed on Telegram, after which the seller deleted their profile.",financial_cyber_fraud,Financial Cyber Fraud
cyberguard_300518,cyberguard,2024-05-02,Police / CERT Incident Report,"Victim received an urgent smishing SMS claiming an undelivered parcel from postal services, providing a spoofed link that compromised their debit card details.","Victim received an urgent smishing SMS claiming an undelivered parcel from postal services, providing a spoofed link that compromised their debit card details.",phishing_social_engineering,Phishing Social Engineering
cyberguard_300519,cyberguard,2024-05-02,Police / CERT Incident Report,"Victim experienced unauthorized card-not-present fraud where $66,943 was deducted through international online payment processors.","Victim experienced unauthorized card-not-present fraud where $66,943 was deducted through international online payment processors.",financial_cyber_fraud,Financial Cyber Fraud
cyberguard_300520,cyberguard,2024-05-02,Police / CERT Incident Report,"A commercial logistics agency reported a malware attack that locked critical shipment dispatch schedules, leaving a ransom note demanding Bitcoin.","A commercial logistics agency reported a malware attack that locked critical shipment dispatch schedules, leaving a ransom note demanding Bitcoin.",ransomware_extortion,Ransomware Extortion
cyberguard_300521,cyberguard,2024-05-02,Police / CERT Incident Report,"An impersonation call from someone claiming to be technical support at Zelle directed the victim to install remote access tools, compromising $41,198.","An impersonation call from someone claiming to be technical support at Zelle directed the victim to install remote access tools, compromising $41,198.",phishing_social_engineering,Phishing Social Engineering
cyberguard_300522,cyberguard,2024-05-02,Police / CERT Incident Report,"Complainant was deceived in an online transaction. They transferred $1,164 via Zelle for an item listed on WhatsApp, after which the seller deleted their profile.","Complainant was deceived in an online transaction. They transferred $1,164 via Zelle for an item listed on WhatsApp, after which the seller deleted their profile.",financial_cyber_fraud,Financial Cyber Fraud
cyberguard_300523,cyberguard,2024-05-02,Police / CERT Incident Report,"Victim received an urgent smishing SMS claiming an undelivered parcel from postal services, providing a spoofed link that compromised their debit card details.","Victim received an urgent smishing SMS claiming an undelivered parcel from postal services, providing a spoofed link that compromised their debit card details.",phishing_social_engineering,Phishing Social Engineering
cyberguard_300524,cyberguard,2024-05-02,Police / CERT Incident Report,"Complainant reported that an unknown perpetrator impersonated them using their personal credentials to lease equipment and open utility accounts totaling $10,350.","Complainant reported that an unknown perpetrator impersonated them using their personal credentials to lease equipment and open utility accounts totaling $10,350.",identity_theft_impersonation,Identity Theft Impersonation
cyberguard_300525,cyberguard,2024-05-02,Police / CERT Incident Report,"A commercial logistics agency reported a malware attack that locked critical shipment dispatch schedules, leaving a ransom note demanding Monero.","A commercial logistics agency reported a malware attack that locked critical shipment dispatch schedules, leaving a ransom note demanding Monero.",ransomware_extortion,Ransomware Extortion
cyberguard_300526,cyberguard,2024-05-02,Police / CERT Incident Report,"Citizen reported an online crypto investment fraud. An unknown party contacted them via Tinder promoting a trading platform. Victim transferred $71,813 in Bitcoin before being locked out.","Citizen reported an online crypto investment fraud. An unknown party contacted them via Tinder promoting a trading platform. Victim transferred $71,813 in Bitcoin before being locked out.",financial_cyber_fraud,Financial Cyber Fraud
cyberguard_300527,cyberguard,2024-05-02,Police / CERT Incident Report,"Victim experienced unauthorized card-not-present fraud where $76,326 was deducted through international online payment processors.","Victim experienced unauthorized card-not-present fraud where $76,326 was deducted through international online payment processors.",financial_cyber_fraud,Financial Cyber Fraud
cyberguard_300528,cyberguard,2024-05-02,Police / CERT Incident Report,"Complainant reported identity theft. Fraudsters acquired the victim's social security number and driver's license from an online leak and fraudulently claimed $81,342 in benefits.","Complainant reported identity theft. Fraudsters acquired the victim's social security number and driver's license from an online leak and fraudulently claimed $81,342 in benefits.",identity_theft_impersonation,Identity Theft Impersonation
cyberguard_300529,cyberguard,2024-05-02,Police / CERT Incident Report,"Citizen reported an online crypto investment fraud. An unknown party contacted them via Tinder promoting a trading platform. Victim transferred $37,688 in Ethereum before being locked out.","Citizen reported an online crypto investment fraud. An unknown party contacted them via Tinder promoting a trading platform. Victim transferred $37,688 in Ethereum before being locked out.",financial_cyber_fraud,Financial Cyber Fraud
cyberguard_300530,cyberguard,2024-05-02,Police / CERT Incident Report,"A commercial logistics agency reported a malware attack that locked critical shipment dispatch schedules, leaving a ransom note demanding Ethereum.","A commercial logistics agency reported a malware attack that locked critical shipment dispatch schedules, leaving a ransom note demanding Ethereum.",ransomware_extortion,Ransomware Extortion
cyberguard_300531,cyberguard,2024-05-02,Police / CERT Incident Report,"Complainant was deceived in an online transaction. They transferred $65,678 via Revolut for an item listed on WhatsApp, after which the seller deleted their profile.","Complainant was deceived in an online transaction. They transferred $65,678 via Revolut for an item listed on WhatsApp, after which the seller deleted their profile.",financial_cyber_fraud,Financial Cyber Fraud
cyberguard_300532,cyberguard,2024-05-02,Police / CERT Incident Report,"Citizen reported an online crypto investment fraud. An unknown party contacted them via Tinder promoting a trading platform. Victim transferred $79,237 in Ethereum before being locked out.","Citizen reported an online crypto investment fraud. An unknown party contacted them via Tinder promoting a trading platform. Victim transferred $79,237 in Ethereum before being locked out.",financial_cyber_fraud,Financial Cyber Fraud
cyberguard_300533,cyberguard,2024-05-02,Police / CERT Incident Report,"A victim discovered that their identity was forged to register unauthorized accounts with Zelle and obtain online loans amounting to $73,372 without consent.","A victim discovered that their identity was forged to register unauthorized accounts with Zelle and obtain online loans amounting to $73,372 without consent.",identity_theft_impersonation,Identity Theft Impersonation
cyberguard_300534,cyberguard,2024-05-02,Police / CERT Incident Report,"Victim received an urgent smishing SMS claiming an undelivered parcel from postal services, providing a spoofed link that compromised their debit card details.","Victim received an urgent smishing SMS claiming an undelivered parcel from postal services, providing a spoofed link that compromised their debit card details.",phishing_social_engineering,Phishing Social Engineering
cyberguard_300535,cyberguard,2024-05-02,Police / CERT Incident Report,"A commercial logistics agency reported a malware attack that locked critical shipment dispatch schedules, leaving a ransom note demanding Tether (USDT).","A commercial logistics agency reported a malware attack that locked critical shipment dispatch schedules, leaving a ransom note demanding Tether (USDT).",ransomware_extortion,Ransomware Extortion
cyberguard_300536,cyberguard,2024-05-02,Police / CERT Incident Report,"Complainant reported that an unknown perpetrator impersonated them using their personal credentials to lease equipment and open utility accounts totaling $59,625.","Complainant reported that an unknown perpetrator impersonated them using their personal credentials to lease equipment and open utility accounts totaling $59,625.",identity_theft_impersonation,Identity Theft Impersonation
cyberguard_300537,cyberguard,2024-05-02,Police / CERT Incident Report,"Victim experienced unauthorized card-not-present fraud where $13,118 was deducted through international online payment processors.","Victim experienced unauthorized card-not-present fraud where $13,118 was deducted through international online payment processors.",financial_cyber_fraud,Financial Cyber Fraud
cyberguard_300538,cyberguard,2024-05-02,Police / CERT Incident Report,"A commercial logistics agency reported a malware attack that locked critical shipment dispatch schedules, leaving a ransom note demanding Tether (USDT).","A commercial logistics agency reported a malware attack that locked critical shipment dispatch schedules, leaving a ransom note demanding Tether (USDT).",ransomware_extortion,Ransomware Extortion
cyberguard_300539,cyberguard,2024-05-02,Police / CERT Incident Report,"Complainant reported digital extortion where an attacker threatened to release private personal photographs unless $30,539 in Bitcoin was paid within 24 hours.","Complainant reported digital extortion where an attacker threatened to release private personal photographs unless $30,539 in Bitcoin was paid within 24 hours.",ransomware_extortion,Ransomware Extortion
cyberguard_300540,cyberguard,2024-05-02,Police / CERT Incident Report,"Complainant reported digital extortion where an attacker threatened to release private personal photographs unless $26,685 in Tether (USDT) was paid within 24 hours.","Complainant reported digital extortion where an attacker threatened to release private personal photographs unless $26,685 in Tether (USDT) was paid within 24 hours.",ransomware_extortion,Ransomware Extortion
cyberguard_300541,cyberguard,2024-05-02,Police / CERT Incident Report,"A victim discovered that their identity was forged to register unauthorized accounts with Revolut and obtain online loans amounting to $54,964 without consent.","A victim discovered that their identity was forged to register unauthorized accounts with Revolut and obtain online loans amounting to $54,964 without consent.",identity_theft_impersonation,Identity Theft Impersonation
cyberguard_300542,cyberguard,2024-05-02,Police / CERT Incident Report,"A victim discovered that their identity was forged to register unauthorized accounts with Zelle and obtain online loans amounting to $11,343 without consent.","A victim discovered that their identity was forged to register unauthorized accounts with Zelle and obtain online loans amounting to $11,343 without consent.",identity_theft_impersonation,Identity Theft Impersonation
cyberguard_300543,cyberguard,2024-05-02,Police / CERT Incident Report,"Citizen reported an online crypto investment fraud. An unknown party contacted them via Tinder promoting a trading platform. Victim transferred $66,946 in Solana before being locked out.","Citizen reported an online crypto investment fraud. An unknown party contacted them via Tinder promoting a trading platform. Victim transferred $66,946 in Solana before being locked out.",financial_cyber_fraud,Financial Cyber Fraud
cyberguard_300544,cyberguard,2024-05-02,Police / CERT Incident Report,"Citizen reported an online crypto investment fraud. An unknown party contacted them via LinkedIn promoting a trading platform. Victim transferred $41,021 in Ethereum before being locked out.","Citizen reported an online crypto investment fraud. An unknown party contacted them via LinkedIn promoting a trading platform. Victim transferred $41,021 in Ethereum before being locked out.",financial_cyber_fraud,Financial Cyber Fraud
cyberguard_300545,cyberguard,2024-05-02,Police / CERT Incident Report,"Victim received an urgent smishing SMS claiming an undelivered parcel from postal services, providing a spoofed link that compromised their debit card details.","Victim received an urgent smishing SMS claiming an undelivered parcel from postal services, providing a spoofed link that compromised their debit card details.",phishing_social_engineering,Phishing Social Engineering
cyberguard_300546,cyberguard,2024-05-02,Police / CERT Incident Report,"Victim experienced unauthorized card-not-present fraud where $81,346 was deducted through international online payment processors.","Victim experienced unauthorized card-not-present fraud where $81,346 was deducted through international online payment processors.",financial_cyber_fraud,Financial Cyber Fraud
cyberguard_300547,cyberguard,2024-05-02,Police / CERT Incident Report,"Complainant was deceived in an online transaction. They transferred $27,919 via Revolut for an item listed on Instagram, after which the seller deleted their profile.","Complainant was deceived in an online transaction. They transferred $27,919 via Revolut for an item listed on Instagram, after which the seller deleted their profile.",financial_cyber_fraud,Financial Cyber Fraud
cyberguard_300548,cyberguard,2024-05-02,Police / CERT Incident Report,"A commercial logistics agency reported a malware attack that locked critical shipment dispatch schedules, leaving a ransom note demanding Monero.","A commercial logistics agency reported a malware attack that locked critical shipment dispatch schedules, leaving a ransom note demanding Monero.",ransomware_extortion,Ransomware Extortion
cyberguard_300549,cyberguard,2024-05-02,Police / CERT Incident Report,"Citizen reported an online crypto investment fraud. An unknown party contacted them via Tinder promoting a trading platform. Victim transferred $26,783 in Ethereum before being locked out.","Citizen reported an online crypto investment fraud. An unknown party contacted them via Tinder promoting a trading platform. Victim transferred $26,783 in Ethereum before being locked out.",financial_cyber_fraud,Financial Cyber Fraud
cyberguard_300550,cyberguard,2024-05-02,Police / CERT Incident Report,"A business owner filed a report stating that an extortion group encrypted their client database, demanding $63,776 in Tether (USDT) to restore access.","A business owner filed a report stating that an extortion group encrypted their client database, demanding $63,776 in Tether (USDT) to restore access.",ransomware_extortion,Ransomware Extortion
cyberguard_300551,cyberguard,2024-05-02,Police / CERT Incident Report,"Citizen reported an online crypto investment fraud. An unknown party contacted them via Facebook Marketplace promoting a trading platform. Victim transferred $27,811 in Tether (USDT) before being locked out.","Citizen reported an online crypto investment fraud. An unknown party contacted them via Facebook Marketplace promoting a trading platform. Victim transferred $27,811 in Tether (USDT) before being locked out.",financial_cyber_fraud,Financial Cyber Fraud
cyberguard_300552,cyberguard,2024-05-02,Police / CERT Incident Report,"A commercial logistics agency reported a malware attack that locked critical shipment dispatch schedules, leaving a ransom note demanding Solana.","A commercial logistics agency reported a malware attack that locked critical shipment dispatch schedules, leaving a ransom note demanding Solana.",ransomware_extortion,Ransomware Extortion
cyberguard_300553,cyberguard,2024-05-02,Police / CERT Incident Report,"A commercial logistics agency reported a malware attack that locked critical shipment dispatch schedules, leaving a ransom note demanding Solana.","A commercial logistics agency reported a malware attack that locked critical shipment dispatch schedules, leaving a ransom note demanding Solana.",ransomware_extortion,Ransomware Extortion
cyberguard_300554,cyberguard,2024-05-02,Police / CERT Incident Report,"Victim received an urgent smishing SMS claiming an undelivered parcel from postal services, providing a spoofed link that compromised their debit card details.","Victim received an urgent smishing SMS claiming an undelivered parcel from postal services, providing a spoofed link that compromised their debit card details.",phishing_social_engineering,Phishing Social Engineering
cyberguard_300555,cyberguard,2024-05-02,Police / CERT Incident Report,"Complainant reported digital extortion where an attacker threatened to release private personal photographs unless $75,661 in Solana was paid within 24 hours.","Complainant reported digital extortion where an attacker threatened to release private personal photographs unless $75,661 in Solana was paid within 24 hours.",ransomware_extortion,Ransomware Extortion
cyberguard_300556,cyberguard,2024-05-02,Police / CERT Incident Report,"Victim was targeted with an email purporting to be from LinkedIn demanding password verification, resulting in account takeover.","Victim was targeted with an email purporting to be from LinkedIn demanding password verification, resulting in account takeover.",phishing_social_engineering,Phishing Social Engineering
cyberguard_300557,cyberguard,2024-05-02,Police / CERT Incident Report,"Victim was targeted with an email purporting to be from Tinder demanding password verification, resulting in account takeover.","Victim was targeted with an email purporting to be from Tinder demanding password verification, resulting in account takeover.",phishing_social_engineering,Phishing Social Engineering
cyberguard_300558,cyberguard,2024-05-02,Police / CERT Incident Report,"Victim experienced unauthorized card-not-present fraud where $15,119 was deducted through international online payment processors.","Victim experienced unauthorized card-not-present fraud where $15,119 was deducted through international online payment processors.",financial_cyber_fraud,Financial Cyber Fraud
cyberguard_300559,cyberguard,2024-05-02,Police / CERT Incident Report,"Victim received an urgent smishing SMS claiming an undelivered parcel from postal services, providing a spoofed link that compromised their debit card details.","Victim received an urgent smishing SMS claiming an undelivered parcel from postal services, providing a spoofed link that compromised their debit card details.",phishing_social_engineering,Phishing Social Engineering
cyberguard_300560,cyberguard,2024-05-02,Police / CERT Incident Report,"Victim experienced unauthorized card-not-present fraud where $40,923 was deducted through international online payment processors.","Victim experienced unauthorized card-not-present fraud where $40,923 was deducted through international online payment processors.",financial_cyber_fraud,Financial Cyber Fraud
cyberguard_300561,cyberguard,2024-05-02,Police / CERT Incident Report,"A commercial logistics agency reported a malware attack that locked critical shipment dispatch schedules, leaving a ransom note demanding Bitcoin.","A commercial logistics agency reported a malware attack that locked critical shipment dispatch schedules, leaving a ransom note demanding Bitcoin.",ransomware_extortion,Ransomware Extortion
cyberguard_300562,cyberguard,2024-05-02,Police / CERT Incident Report,"Victim was targeted with an email purporting to be from Tinder demanding password verification, resulting in account takeover.","Victim was targeted with an email purporting to be from Tinder demanding password verification, resulting in account takeover.",phishing_social_engineering,Phishing Social Engineering
cyberguard_300563,cyberguard,2024-05-02,Police / CERT Incident Report,"Complainant reported that an unknown perpetrator impersonated them using their personal credentials to lease equipment and open utility accounts totaling $21,506.","Complainant reported that an unknown perpetrator impersonated them using their personal credentials to lease equipment and open utility accounts totaling $21,506.",identity_theft_impersonation,Identity Theft Impersonation
cyberguard_300564,cyberguard,2024-05-02,Police / CERT Incident Report,"A business owner filed a report stating that an extortion group encrypted their client database, demanding $68,414 in Monero to restore access.","A business owner filed a report stating that an extortion group encrypted their client database, demanding $68,414 in Monero to restore access.",ransomware_extortion,Ransomware Extortion
cyberguard_300565,cyberguard,2024-05-02,Police / CERT Incident Report,"A business owner filed a report stating that an extortion group encrypted their client database, demanding $81,958 in Tether (USDT) to restore access.","A business owner filed a report stating that an extortion group encrypted their client database, demanding $81,958 in Tether (USDT) to restore access.",ransomware_extortion,Ransomware Extortion
cyberguard_300566,cyberguard,2024-05-02,Police / CERT Incident Report,"Complainant reported that an unknown perpetrator impersonated them using their personal credentials to lease equipment and open utility accounts totaling $59,822.","Complainant reported that an unknown perpetrator impersonated them using their personal credentials to lease equipment and open utility accounts totaling $59,822.",identity_theft_impersonation,Identity Theft Impersonation
cyberguard_300567,cyberguard,2024-05-02,Police / CERT Incident Report,"A business owner filed a report stating that an extortion group encrypted their client database, demanding $5,612 in Tether (USDT) to restore access.","A business owner filed a report stating that an extortion group encrypted their client database, demanding $5,612 in Tether (USDT) to restore access.",ransomware_extortion,Ransomware Extortion
cyberguard_300568,cyberguard,2024-05-02,Police / CERT Incident Report,"Victim received an urgent smishing SMS claiming an undelivered parcel from postal services, providing a spoofed link that compromised their debit card details.","Victim received an urgent smishing SMS claiming an undelivered parcel from postal services, providing a spoofed link that compromised their debit card details.",phishing_social_engineering,Phishing Social Engineering
cyberguard_300569,cyberguard,2024-05-02,Police / CERT Incident Report,"Complainant reported that an unknown perpetrator impersonated them using their personal credentials to lease equipment and open utility accounts totaling $14,770.","Complainant reported that an unknown perpetrator impersonated them using their personal credentials to lease equipment and open utility accounts totaling $14,770.",identity_theft_impersonation,Identity Theft Impersonation
cyberguard_300570,cyberguard,2024-05-02,Police / CERT Incident Report,"Complainant reported identity theft. Fraudsters acquired the victim's social security number and driver's license from an online leak and fraudulently claimed $63,359 in benefits.","Complainant reported identity theft. Fraudsters acquired the victim's social security number and driver's license from an online leak and fraudulently claimed $63,359 in benefits.",identity_theft_impersonation,Identity Theft Impersonation
cyberguard_300571,cyberguard,2024-05-02,Police / CERT Incident Report,"Citizen reported an online crypto investment fraud. An unknown party contacted them via LinkedIn promoting a trading platform. Victim transferred $4,406 in Ethereum before being locked out.","Citizen reported an online crypto investment fraud. An unknown party contacted them via LinkedIn promoting a trading platform. Victim transferred $4,406 in Ethereum before being locked out.",financial_cyber_fraud,Financial Cyber Fraud
cyberguard_300572,cyberguard,2024-05-02,Police / CERT Incident Report,"Complainant was deceived in an online transaction. They transferred $35,755 via Chime for an item listed on Telegram, after which the seller deleted their profile.","Complainant was deceived in an online transaction. They transferred $35,755 via Chime for an item listed on Telegram, after which the seller deleted their profile.",financial_cyber_fraud,Financial Cyber Fraud
cyberguard_300573,cyberguard,2024-05-02,Police / CERT Incident Report,"Citizen reported an online crypto investment fraud. An unknown party contacted them via Tinder promoting a trading platform. Victim transferred $27,095 in Tether (USDT) before being locked out.","Citizen reported an online crypto investment fraud. An unknown party contacted them via Tinder promoting a trading platform. Victim transferred $27,095 in Tether (USDT) before being locked out.",financial_cyber_fraud,Financial Cyber Fraud
cyberguard_300574,cyberguard,2024-05-02,Police / CERT Incident Report,"A victim discovered that their identity was forged to register unauthorized accounts with Cash App and obtain online loans amounting to $59,590 without consent.","A victim discovered that their identity was forged to register unauthorized accounts with Cash App and obtain online loans amounting to $59,590 without consent.",identity_theft_impersonation,Identity Theft Impersonation
cyberguard_300575,cyberguard,2024-05-02,Police / CERT Incident Report,"Victim experienced unauthorized card-not-present fraud where $8,778 was deducted through international online payment processors.","Victim experienced unauthorized card-not-present fraud where $8,778 was deducted through international online payment processors.",financial_cyber_fraud,Financial Cyber Fraud
cyberguard_300576,cyberguard,2024-05-02,Police / CERT Incident Report,"Complainant reported identity theft. Fraudsters acquired the victim's social security number and driver's license from an online leak and fraudulently claimed $41,310 in benefits.","Complainant reported identity theft. Fraudsters acquired the victim's social security number and driver's license from an online leak and fraudulently claimed $41,310 in benefits.",identity_theft_impersonation,Identity Theft Impersonation
cyberguard_300577,cyberguard,2024-05-02,Police / CERT Incident Report,"A victim discovered that their identity was forged to register unauthorized accounts with Zelle and obtain online loans amounting to $11,326 without consent.","A victim discovered that their identity was forged to register unauthorized accounts with Zelle and obtain online loans amounting to $11,326 without consent.",identity_theft_impersonation,Identity Theft Impersonation
cyberguard_300578,cyberguard,2024-05-02,Police / CERT Incident Report,"Citizen reported an online crypto investment fraud. An unknown party contacted them via LinkedIn promoting a trading platform. Victim transferred $33,604 in Ethereum before being locked out.","Citizen reported an online crypto investment fraud. An unknown party contacted them via LinkedIn promoting a trading platform. Victim transferred $33,604 in Ethereum before being locked out.",financial_cyber_fraud,Financial Cyber Fraud
cyberguard_300579,cyberguard,2024-05-02,Police / CERT Incident Report,"Citizen reported an online crypto investment fraud. An unknown party contacted them via LinkedIn promoting a trading platform. Victim transferred $37,803 in Tether (USDT) before being locked out.","Citizen reported an online crypto investment fraud. An unknown party contacted them via LinkedIn promoting a trading platform. Victim transferred $37,803 in Tether (USDT) before being locked out.",financial_cyber_fraud,Financial Cyber Fraud
cyberguard_300580,cyberguard,2024-05-02,Police / CERT Incident Report,"Victim received an urgent smishing SMS claiming an undelivered parcel from postal services, providing a spoofed link that compromised their debit card details.","Victim received an urgent smishing SMS claiming an undelivered parcel from postal services, providing a spoofed link that compromised their debit card details.",phishing_social_engineering,Phishing Social Engineering
cyberguard_300581,cyberguard,2024-05-02,Police / CERT Incident Report,"Complainant reported that an unknown perpetrator impersonated them using their personal credentials to lease equipment and open utility accounts totaling $32,541.","Complainant reported that an unknown perpetrator impersonated them using their personal credentials to lease equipment and open utility accounts totaling $32,541.",identity_theft_impersonation,Identity Theft Impersonation
cyberguard_300582,cyberguard,2024-05-02,Police / CERT Incident Report,"An impersonation call from someone claiming to be technical support at JPMorgan Chase directed the victim to install remote access tools, compromising $27,796.","An impersonation call from someone claiming to be technical support at JPMorgan Chase directed the victim to install remote access tools, compromising $27,796.",phishing_social_engineering,Phishing Social Engineering
cyberguard_300583,cyberguard,2024-05-02,Police / CERT Incident Report,"Complainant reported that an unknown perpetrator impersonated them using their personal credentials to lease equipment and open utility accounts totaling $6,061.","Complainant reported that an unknown perpetrator impersonated them using their personal credentials to lease equipment and open utility accounts totaling $6,061.",identity_theft_impersonation,Identity Theft Impersonation
cyberguard_300584,cyberguard,2024-05-02,Police / CERT Incident Report,"Victim was targeted with an email purporting to be from Instagram demanding password verification, resulting in account takeover.","Victim was targeted with an email purporting to be from Instagram demanding password verification, resulting in account takeover.",phishing_social_engineering,Phishing Social Engineering
cyberguard_300585,cyberguard,2024-05-02,Police / CERT Incident Report,"A victim discovered that their identity was forged to register unauthorized accounts with JPMorgan Chase and obtain online loans amounting to $63,924 without consent.","A victim discovered that their identity was forged to register unauthorized accounts with JPMorgan Chase and obtain online loans amounting to $63,924 without consent.",identity_theft_impersonation,Identity Theft Impersonation
cyberguard_300586,cyberguard,2024-05-02,Police / CERT Incident Report,"An impersonation call from someone claiming to be technical support at Revolut directed the victim to install remote access tools, compromising $80,372.","An impersonation call from someone claiming to be technical support at Revolut directed the victim to install remote access tools, compromising $80,372.",phishing_social_engineering,Phishing Social Engineering
cyberguard_300587,cyberguard,2024-05-02,Police / CERT Incident Report,"Complainant reported that an unknown perpetrator impersonated them using their personal credentials to lease equipment and open utility accounts totaling $55,095.","Complainant reported that an unknown perpetrator impersonated them using their personal credentials to lease equipment and open utility accounts totaling $55,095.",identity_theft_impersonation,Identity Theft Impersonation
cyberguard_300588,cyberguard,2024-05-02,Police / CERT Incident Report,"A business owner filed a report stating that an extortion group encrypted their client database, demanding $44,333 in Bitcoin to restore access.","A business owner filed a report stating that an extortion group encrypted their client database, demanding $44,333 in Bitcoin to restore access.",ransomware_extortion,Ransomware Extortion
cyberguard_300589,cyberguard,2024-05-02,Police / CERT Incident Report,"Citizen reported an online crypto investment fraud. An unknown party contacted them via Telegram promoting a trading platform. Victim transferred $77,528 in Solana before being locked out.","Citizen reported an online crypto investment fraud. An unknown party contacted them via Telegram promoting a trading platform. Victim transferred $77,528 in Solana before being locked out.",financial_cyber_fraud,Financial Cyber Fraud
cyberguard_300590,cyberguard,2024-05-02,Police / CERT Incident Report,"Victim experienced unauthorized card-not-present fraud where $62,515 was deducted through international online payment processors.","Victim experienced unauthorized card-not-present fraud where $62,515 was deducted through international online payment processors.",financial_cyber_fraud,Financial Cyber Fraud
cyberguard_300591,cyberguard,2024-05-02,Police / CERT Incident Report,"Complainant reported digital extortion where an attacker threatened to release private personal photographs unless $15,545 in Bitcoin was paid within 24 hours.","Complainant reported digital extortion where an attacker threatened to release private personal photographs unless $15,545 in Bitcoin was paid within 24 hours.",ransomware_extortion,Ransomware Extortion
cyberguard_300592,cyberguard,2024-05-02,Police / CERT Incident Report,"Citizen reported an online crypto investment fraud. An unknown party contacted them via Telegram promoting a trading platform. Victim transferred $35,800 in Ethereum before being locked out.","Citizen reported an online crypto investment fraud. An unknown party contacted them via Telegram promoting a trading platform. Victim transferred $35,800 in Ethereum before being locked out.",financial_cyber_fraud,Financial Cyber Fraud
cyberguard_300593,cyberguard,2024-05-02,Police / CERT Incident Report,"A business owner filed a report stating that an extortion group encrypted their client database, demanding $24,448 in Monero to restore access.","A business owner filed a report stating that an extortion group encrypted their client database, demanding $24,448 in Monero to restore access.",ransomware_extortion,Ransomware Extortion
cyberguard_300594,cyberguard,2024-05-02,Police / CERT Incident Report,"Complainant reported that an unknown perpetrator impersonated them using their personal credentials to lease equipment and open utility accounts totaling $26,821.","Complainant reported that an unknown perpetrator impersonated them using their personal credentials to lease equipment and open utility accounts totaling $26,821.",identity_theft_impersonation,Identity Theft Impersonation
cyberguard_300595,cyberguard,2024-05-02,Police / CERT Incident Report,"A business owner filed a report stating that an extortion group encrypted their client database, demanding $3,662 in Monero to restore access.","A business owner filed a report stating that an extortion group encrypted their client database, demanding $3,662 in Monero to restore access.",ransomware_extortion,Ransomware Extortion
cyberguard_300596,cyberguard,2024-05-02,Police / CERT Incident Report,"Victim received an urgent smishing SMS claiming an undelivered parcel from postal services, providing a spoofed link that compromised their debit card details.","Victim received an urgent smishing SMS claiming an undelivered parcel from postal services, providing a spoofed link that compromised their debit card details.",phishing_social_engineering,Phishing Social Engineering
cyberguard_300597,cyberguard,2024-05-02,Police / CERT Incident Report,"A business owner filed a report stating that an extortion group encrypted their client database, demanding $50,855 in Solana to restore access.","A business owner filed a report stating that an extortion group encrypted their client database, demanding $50,855 in Solana to restore access.",ransomware_extortion,Ransomware Extortion
cyberguard_300598,cyberguard,2024-05-02,Police / CERT Incident Report,"Citizen reported an online crypto investment fraud. An unknown party contacted them via Facebook Marketplace promoting a trading platform. Victim transferred $66,982 in Bitcoin before being locked out.","Citizen reported an online crypto investment fraud. An unknown party contacted them via Facebook Marketplace promoting a trading platform. Victim transferred $66,982 in Bitcoin before being locked out.",financial_cyber_fraud,Financial Cyber Fraud
cyberguard_300599,cyberguard,2024-05-02,Police / CERT Incident Report,"Citizen reported an online crypto investment fraud. An unknown party contacted them via Instagram promoting a trading platform. Victim transferred $4,095 in Ethereum before being locked out.","Citizen reported an online crypto investment fraud. An unknown party contacted them via Instagram promoting a trading platform. Victim transferred $4,095 in Ethereum before being locked out.",financial_cyber_fraud,Financial Cyber Fraud
cyberguard_300600,cyberguard,2024-05-02,Police / CERT Incident Report,"Victim was targeted with an email purporting to be from Facebook Marketplace demanding password verification, resulting in account takeover.","Victim was targeted with an email purporting to be from Facebook Marketplace demanding password verification, resulting in account takeover.",phishing_social_engineering,Phishing Social Engineering
cyberguard_300601,cyberguard,2024-05-02,Police / CERT Incident Report,"A commercial logistics agency reported a malware attack that locked critical shipment dispatch schedules, leaving a ransom note demanding Ethereum.","A commercial logistics agency reported a malware attack that locked critical shipment dispatch schedules, leaving a ransom note demanding Ethereum.",ransomware_extortion,Ransomware Extortion
cyberguard_300602,cyberguard,2024-05-02,Police / CERT Incident Report,"A commercial logistics agency reported a malware attack that locked critical shipment dispatch schedules, leaving a ransom note demanding Bitcoin.","A commercial logistics agency reported a malware attack that locked critical shipment dispatch schedules, leaving a ransom note demanding Bitcoin.",ransomware_extortion,Ransomware Extortion
cyberguard_300603,cyberguard,2024-05-02,Police / CERT Incident Report,"An impersonation call from someone claiming to be technical support at Wells Fargo directed the victim to install remote access tools, compromising $5,145.","An impersonation call from someone claiming to be technical support at Wells Fargo directed the victim to install remote access tools, compromising $5,145.",phishing_social_engineering,Phishing Social Engineering
cyberguard_300604,cyberguard,2024-05-02,Police / CERT Incident Report,"Complainant reported digital extortion where an attacker threatened to release private personal photographs unless $11,787 in Solana was paid within 24 hours.","Complainant reported digital extortion where an attacker threatened to release private personal photographs unless $11,787 in Solana was paid within 24 hours.",ransomware_extortion,Ransomware Extortion
cyberguard_300605,cyberguard,2024-05-02,Police / CERT Incident Report,"Complainant reported that an unknown perpetrator impersonated them using their personal credentials to lease equipment and open utility accounts totaling $62,788.","Complainant reported that an unknown perpetrator impersonated them using their personal credentials to lease equipment and open utility accounts totaling $62,788.",identity_theft_impersonation,Identity Theft Impersonation
cyberguard_300606,cyberguard,2024-05-02,Police / CERT Incident Report,"Complainant reported that an unknown perpetrator impersonated them using their personal credentials to lease equipment and open utility accounts totaling $22,727.","Complainant reported that an unknown perpetrator impersonated them using their personal credentials to lease equipment and open utility accounts totaling $22,727.",identity_theft_impersonation,Identity Theft Impersonation
cyberguard_300607,cyberguard,2024-05-02,Police / CERT Incident Report,"Complainant reported digital extortion where an attacker threatened to release private personal photographs unless $65,601 in Ethereum was paid within 24 hours.","Complainant reported digital extortion where an attacker threatened to release private personal photographs unless $65,601 in Ethereum was paid within 24 hours.",ransomware_extortion,Ransomware Extortion
cyberguard_300608,cyberguard,2024-05-02,Police / CERT Incident Report,"Victim experienced unauthorized card-not-present fraud where $17,101 was deducted through international online payment processors.","Victim experienced unauthorized card-not-present fraud where $17,101 was deducted through international online payment processors.",financial_cyber_fraud,Financial Cyber Fraud
cyberguard_300609,cyberguard,2024-05-02,Police / CERT Incident Report,"Complainant reported that an unknown perpetrator impersonated them using their personal credentials to lease equipment and open utility accounts totaling $15,942.","Complainant reported that an unknown perpetrator impersonated them using their personal credentials to lease equipment and open utility accounts totaling $15,942.",identity_theft_impersonation,Identity Theft Impersonation
cyberguard_300610,cyberguard,2024-05-02,Police / CERT Incident Report,"Victim was targeted with an email purporting to be from Facebook Marketplace demanding password verification, resulting in account takeover.","Victim was targeted with an email purporting to be from Facebook Marketplace demanding password verification, resulting in account takeover.",phishing_social_engineering,Phishing Social Engineering
cyberguard_300611,cyberguard,2024-05-02,Police / CERT Incident Report,"A business owner filed a report stating that an extortion group encrypted their client database, demanding $54,377 in Bitcoin to restore access.","A business owner filed a report stating that an extortion group encrypted their client database, demanding $54,377 in Bitcoin to restore access.",ransomware_extortion,Ransomware Extortion
cyberguard_300612,cyberguard,2024-05-02,Police / CERT Incident Report,"A victim discovered that their identity was forged to register unauthorized accounts with Chime and obtain online loans amounting to $19,118 without consent.","A victim discovered that their identity was forged to register unauthorized accounts with Chime and obtain online loans amounting to $19,118 without consent.",identity_theft_impersonation,Identity Theft Impersonation
cyberguard_300613,cyberguard,2024-05-02,Police / CERT Incident Report,"Complainant reported that an unknown perpetrator impersonated them using their personal credentials to lease equipment and open utility accounts totaling $19,817.","Complainant reported that an unknown perpetrator impersonated them using their personal credentials to lease equipment and open utility accounts totaling $19,817.",identity_theft_impersonation,Identity Theft Impersonation
cyberguard_300614,cyberguard,2024-05-02,Police / CERT Incident Report,"Complainant reported identity theft. Fraudsters acquired the victim's social security number and driver's license from an online leak and fraudulently claimed $24,891 in benefits.","Complainant reported identity theft. Fraudsters acquired the victim's social security number and driver's license from an online leak and fraudulently claimed $24,891 in benefits.",identity_theft_impersonation,Identity Theft Impersonation
cyberguard_300615,cyberguard,2024-05-02,Police / CERT Incident Report,"An impersonation call from someone claiming to be technical support at Venmo directed the victim to install remote access tools, compromising $51,171.","An impersonation call from someone claiming to be technical support at Venmo directed the victim to install remote access tools, compromising $51,171.",phishing_social_engineering,Phishing Social Engineering
cyberguard_300616,cyberguard,2024-05-02,Police / CERT Incident Report,"A victim discovered that their identity was forged to register unauthorized accounts with Chime and obtain online loans amounting to $10,043 without consent.","A victim discovered that their identity was forged to register unauthorized accounts with Chime and obtain online loans amounting to $10,043 without consent.",identity_theft_impersonation,Identity Theft Impersonation
cyberguard_300617,cyberguard,2024-05-02,Police / CERT Incident Report,"A victim discovered that their identity was forged to register unauthorized accounts with Chime and obtain online loans amounting to $44,045 without consent.","A victim discovered that their identity was forged to register unauthorized accounts with Chime and obtain online loans amounting to $44,045 without consent.",identity_theft_impersonation,Identity Theft Impersonation
cyberguard_300618,cyberguard,2024-05-02,Police / CERT Incident Report,"A business owner filed a report stating that an extortion group encrypted their client database, demanding $48,524 in Monero to restore access.","A business owner filed a report stating that an extortion group encrypted their client database, demanding $48,524 in Monero to restore access.",ransomware_extortion,Ransomware Extortion
cyberguard_300619,cyberguard,2024-05-02,Police / CERT Incident Report,"Victim received an urgent smishing SMS claiming an undelivered parcel from postal services, providing a spoofed link that compromised their debit card details.","Victim received an urgent smishing SMS claiming an undelivered parcel from postal services, providing a spoofed link that compromised their debit card details.",phishing_social_engineering,Phishing Social Engineering
cyberguard_300620,cyberguard,2024-05-02,Police / CERT Incident Report,"Complainant reported identity theft. Fraudsters acquired the victim's social security number and driver's license from an online leak and fraudulently claimed $71,270 in benefits.","Complainant reported identity theft. Fraudsters acquired the victim's social security number and driver's license from an online leak and fraudulently claimed $71,270 in benefits.",identity_theft_impersonation,Identity Theft Impersonation
cyberguard_300621,cyberguard,2024-05-02,Police / CERT Incident Report,"Complainant reported digital extortion where an attacker threatened to release private personal photographs unless $27,635 in Solana was paid within 24 hours.","Complainant reported digital extortion where an attacker threatened to release private personal photographs unless $27,635 in Solana was paid within 24 hours.",ransomware_extortion,Ransomware Extortion
cyberguard_300622,cyberguard,2024-05-02,Police / CERT Incident Report,"A business owner filed a report stating that an extortion group encrypted their client database, demanding $39,754 in Monero to restore access.","A business owner filed a report stating that an extortion group encrypted their client database, demanding $39,754 in Monero to restore access.",ransomware_extortion,Ransomware Extortion
cyberguard_300623,cyberguard,2024-05-02,Police / CERT Incident Report,"A commercial logistics agency reported a malware attack that locked critical shipment dispatch schedules, leaving a ransom note demanding Bitcoin.","A commercial logistics agency reported a malware attack that locked critical shipment dispatch schedules, leaving a ransom note demanding Bitcoin.",ransomware_extortion,Ransomware Extortion
cyberguard_300624,cyberguard,2024-05-02,Police / CERT Incident Report,"A commercial logistics agency reported a malware attack that locked critical shipment dispatch schedules, leaving a ransom note demanding Ethereum.","A commercial logistics agency reported a malware attack that locked critical shipment dispatch schedules, leaving a ransom note demanding Ethereum.",ransomware_extortion,Ransomware Extortion
cyberguard_300625,cyberguard,2024-05-02,Police / CERT Incident Report,"An impersonation call from someone claiming to be technical support at Revolut directed the victim to install remote access tools, compromising $57,980.","An impersonation call from someone claiming to be technical support at Revolut directed the victim to install remote access tools, compromising $57,980.",phishing_social_engineering,Phishing Social Engineering
cyberguard_300626,cyberguard,2024-05-02,Police / CERT Incident Report,"A business owner filed a report stating that an extortion group encrypted their client database, demanding $28,785 in Monero to restore access.","A business owner filed a report stating that an extortion group encrypted their client database, demanding $28,785 in Monero to restore access.",ransomware_extortion,Ransomware Extortion
cyberguard_300627,cyberguard,2024-05-02,Police / CERT Incident Report,"Complainant reported identity theft. Fraudsters acquired the victim's social security number and driver's license from an online leak and fraudulently claimed $44,146 in benefits.","Complainant reported identity theft. Fraudsters acquired the victim's social security number and driver's license from an online leak and fraudulently claimed $44,146 in benefits.",identity_theft_impersonation,Identity Theft Impersonation
cyberguard_300628,cyberguard,2024-05-02,Police / CERT Incident Report,"Citizen reported an online crypto investment fraud. An unknown party contacted them via LinkedIn promoting a trading platform. Victim transferred $14,531 in Tether (USDT) before being locked out.","Citizen reported an online crypto investment fraud. An unknown party contacted them via LinkedIn promoting a trading platform. Victim transferred $14,531 in Tether (USDT) before being locked out.",financial_cyber_fraud,Financial Cyber Fraud
cyberguard_300629,cyberguard,2024-05-02,Police / CERT Incident Report,"A commercial logistics agency reported a malware attack that locked critical shipment dispatch schedules, leaving a ransom note demanding Bitcoin.","A commercial logistics agency reported a malware attack that locked critical shipment dispatch schedules, leaving a ransom note demanding Bitcoin.",ransomware_extortion,Ransomware Extortion
cyberguard_300630,cyberguard,2024-05-02,Police / CERT Incident Report,"Complainant reported that an unknown perpetrator impersonated them using their personal credentials to lease equipment and open utility accounts totaling $22,763.","Complainant reported that an unknown perpetrator impersonated them using their personal credentials to lease equipment and open utility accounts totaling $22,763.",identity_theft_impersonation,Identity Theft Impersonation
cyberguard_300631,cyberguard,2024-05-02,Police / CERT Incident Report,"A business owner filed a report stating that an extortion group encrypted their client database, demanding $54,393 in Tether (USDT) to restore access.","A business owner filed a report stating that an extortion group encrypted their client database, demanding $54,393 in Tether (USDT) to restore access.",ransomware_extortion,Ransomware Extortion
cyberguard_300632,cyberguard,2024-05-02,Police / CERT Incident Report,"Victim experienced unauthorized card-not-present fraud where $40,704 was deducted through international online payment processors.","Victim experienced unauthorized card-not-present fraud where $40,704 was deducted through international online payment processors.",financial_cyber_fraud,Financial Cyber Fraud
cyberguard_300633,cyberguard,2024-05-02,Police / CERT Incident Report,"An impersonation call from someone claiming to be technical support at Cash App directed the victim to install remote access tools, compromising $53,084.","An impersonation call from someone claiming to be technical support at Cash App directed the victim to install remote access tools, compromising $53,084.",phishing_social_engineering,Phishing Social Engineering
cyberguard_300634,cyberguard,2024-05-02,Police / CERT Incident Report,"A victim discovered that their identity was forged to register unauthorized accounts with Revolut and obtain online loans amounting to $66,180 without consent.","A victim discovered that their identity was forged to register unauthorized accounts with Revolut and obtain online loans amounting to $66,180 without consent.",identity_theft_impersonation,Identity Theft Impersonation
cyberguard_300635,cyberguard,2024-05-02,Police / CERT Incident Report,"A victim discovered that their identity was forged to register unauthorized accounts with Wells Fargo and obtain online loans amounting to $43,081 without consent.","A victim discovered that their identity was forged to register unauthorized accounts with Wells Fargo and obtain online loans amounting to $43,081 without consent.",identity_theft_impersonation,Identity Theft Impersonation
cyberguard_300636,cyberguard,2024-05-02,Police / CERT Incident Report,"Complainant reported digital extortion where an attacker threatened to release private personal photographs unless $71,931 in Ethereum was paid within 24 hours.","Complainant reported digital extortion where an attacker threatened to release private personal photographs unless $71,931 in Ethereum was paid within 24 hours.",ransomware_extortion,Ransomware Extortion
cyberguard_300637,cyberguard,2024-05-02,Police / CERT Incident Report,"Complainant was deceived in an online transaction. They transferred $1,829 via Wells Fargo for an item listed on WhatsApp, after which the seller deleted their profile.","Complainant was deceived in an online transaction. They transferred $1,829 via Wells Fargo for an item listed on WhatsApp, after which the seller deleted their profile.",financial_cyber_fraud,Financial Cyber Fraud
cyberguard_300638,cyberguard,2024-05-02,Police / CERT Incident Report,"A commercial logistics agency reported a malware attack that locked critical shipment dispatch schedules, leaving a ransom note demanding Ethereum.","A commercial logistics agency reported a malware attack that locked critical shipment dispatch schedules, leaving a ransom note demanding Ethereum.",ransomware_extortion,Ransomware Extortion
cyberguard_300639,cyberguard,2024-05-02,Police / CERT Incident Report,"Complainant reported identity theft. Fraudsters acquired the victim's social security number and driver's license from an online leak and fraudulently claimed $80,187 in benefits.","Complainant reported identity theft. Fraudsters acquired the victim's social security number and driver's license from an online leak and fraudulently claimed $80,187 in benefits.",identity_theft_impersonation,Identity Theft Impersonation
cyberguard_300640,cyberguard,2024-05-02,Police / CERT Incident Report,"A commercial logistics agency reported a malware attack that locked critical shipment dispatch schedules, leaving a ransom note demanding Ethereum.","A commercial logistics agency reported a malware attack that locked critical shipment dispatch schedules, leaving a ransom note demanding Ethereum.",ransomware_extortion,Ransomware Extortion
cyberguard_300641,cyberguard,2024-05-02,Police / CERT Incident Report,"A victim discovered that their identity was forged to register unauthorized accounts with Venmo and obtain online loans amounting to $49,239 without consent.","A victim discovered that their identity was forged to register unauthorized accounts with Venmo and obtain online loans amounting to $49,239 without consent.",identity_theft_impersonation,Identity Theft Impersonation
cyberguard_300642,cyberguard,2024-05-02,Police / CERT Incident Report,"Complainant reported that an unknown perpetrator impersonated them using their personal credentials to lease equipment and open utility accounts totaling $59,806.","Complainant reported that an unknown perpetrator impersonated them using their personal credentials to lease equipment and open utility accounts totaling $59,806.",identity_theft_impersonation,Identity Theft Impersonation
cyberguard_300643,cyberguard,2024-05-02,Police / CERT Incident Report,"Victim received an urgent smishing SMS claiming an undelivered parcel from postal services, providing a spoofed link that compromised their debit card details.","Victim received an urgent smishing SMS claiming an undelivered parcel from postal services, providing a spoofed link that compromised their debit card details.",phishing_social_engineering,Phishing Social Engineering
cyberguard_300644,cyberguard,2024-05-02,Police / CERT Incident Report,"Victim received an urgent smishing SMS claiming an undelivered parcel from postal services, providing a spoofed link that compromised their debit card details.","Victim received an urgent smishing SMS claiming an undelivered parcel from postal services, providing a spoofed link that compromised their debit card details.",phishing_social_engineering,Phishing Social Engineering
cyberguard_300645,cyberguard,2024-05-02,Police / CERT Incident Report,"Complainant reported that an unknown perpetrator impersonated them using their personal credentials to lease equipment and open utility accounts totaling $72,041.","Complainant reported that an unknown perpetrator impersonated them using their personal credentials to lease equipment and open utility accounts totaling $72,041.",identity_theft_impersonation,Identity Theft Impersonation
cyberguard_300646,cyberguard,2024-05-02,Police / CERT Incident Report,"A victim discovered that their identity was forged to register unauthorized accounts with Wells Fargo and obtain online loans amounting to $28,937 without consent.","A victim discovered that their identity was forged to register unauthorized accounts with Wells Fargo and obtain online loans amounting to $28,937 without consent.",identity_theft_impersonation,Identity Theft Impersonation
cyberguard_300647,cyberguard,2024-05-02,Police / CERT Incident Report,"A victim discovered that their identity was forged to register unauthorized accounts with Cash App and obtain online loans amounting to $81,239 without consent.","A victim discovered that their identity was forged to register unauthorized accounts with Cash App and obtain online loans amounting to $81,239 without consent.",identity_theft_impersonation,Identity Theft Impersonation
cyberguard_300648,cyberguard,2024-05-02,Police / CERT Incident Report,"Victim received an urgent smishing SMS claiming an undelivered parcel from postal services, providing a spoofed link that compromised their debit card details.","Victim received an urgent smishing SMS claiming an undelivered parcel from postal services, providing a spoofed link that compromised their debit card details.",phishing_social_engineering,Phishing Social Engineering
cyberguard_300649,cyberguard,2024-05-02,Police / CERT Incident Report,"Complainant reported that an unknown perpetrator impersonated them using their personal credentials to lease equipment and open utility accounts totaling $8,083.","Complainant reported that an unknown perpetrator impersonated them using their personal credentials to lease equipment and open utility accounts totaling $8,083.",identity_theft_impersonation,Identity Theft Impersonation
cyberguard_300650,cyberguard,2024-05-02,Police / CERT Incident Report,"Complainant reported digital extortion where an attacker threatened to release private personal photographs unless $12,528 in Monero was paid within 24 hours.","Complainant reported digital extortion where an attacker threatened to release private personal photographs unless $12,528 in Monero was paid within 24 hours.",ransomware_extortion,Ransomware Extortion
cyberguard_300651,cyberguard,2024-05-02,Police / CERT Incident Report,"Victim was targeted with an email purporting to be from WhatsApp demanding password verification, resulting in account takeover.","Victim was targeted with an email purporting to be from WhatsApp demanding password verification, resulting in account takeover.",phishing_social_engineering,Phishing Social Engineering
cyberguard_300652,cyberguard,2024-05-02,Police / CERT Incident Report,"Complainant was deceived in an online transaction. They transferred $80,234 via Revolut for an item listed on LinkedIn, after which the seller deleted their profile.","Complainant was deceived in an online transaction. They transferred $80,234 via Revolut for an item listed on LinkedIn, after which the seller deleted their profile.",financial_cyber_fraud,Financial Cyber Fraud
cyberguard_300653,cyberguard,2024-05-02,Police / CERT Incident Report,"Complainant was deceived in an online transaction. They transferred $65,329 via Venmo for an item listed on Instagram, after which the seller deleted their profile.","Complainant was deceived in an online transaction. They transferred $65,329 via Venmo for an item listed on Instagram, after which the seller deleted their profile.",financial_cyber_fraud,Financial Cyber Fraud
cyberguard_300654,cyberguard,2024-05-02,Police / CERT Incident Report,"Complainant reported digital extortion where an attacker threatened to release private personal photographs unless $2,605 in Monero was paid within 24 hours.","Complainant reported digital extortion where an attacker threatened to release private personal photographs unless $2,605 in Monero was paid within 24 hours.",ransomware_extortion,Ransomware Extortion
cyberguard_300655,cyberguard,2024-05-02,Police / CERT Incident Report,"Complainant was deceived in an online transaction. They transferred $20,964 via Cash App for an item listed on Telegram, after which the seller deleted their profile.","Complainant was deceived in an online transaction. They transferred $20,964 via Cash App for an item listed on Telegram, after which the seller deleted their profile.",financial_cyber_fraud,Financial Cyber Fraud
cyberguard_300656,cyberguard,2024-05-02,Police / CERT Incident Report,"A commercial logistics agency reported a malware attack that locked critical shipment dispatch schedules, leaving a ransom note demanding Monero.","A commercial logistics agency reported a malware attack that locked critical shipment dispatch schedules, leaving a ransom note demanding Monero.",ransomware_extortion,Ransomware Extortion
cyberguard_300657,cyberguard,2024-05-02,Police / CERT Incident Report,"Victim was targeted with an email purporting to be from Instagram demanding password verification, resulting in account takeover.","Victim was targeted with an email purporting to be from Instagram demanding password verification, resulting in account takeover.",phishing_social_engineering,Phishing Social Engineering
cyberguard_300658,cyberguard,2024-05-02,Police / CERT Incident Report,"A business owner filed a report stating that an extortion group encrypted their client database, demanding $11,889 in Monero to restore access.","A business owner filed a report stating that an extortion group encrypted their client database, demanding $11,889 in Monero to restore access.",ransomware_extortion,Ransomware Extortion
cyberguard_300659,cyberguard,2024-05-02,Police / CERT Incident Report,"Victim was targeted with an email purporting to be from Instagram demanding password verification, resulting in account takeover.","Victim was targeted with an email purporting to be from Instagram demanding password verification, resulting in account takeover.",phishing_social_engineering,Phishing Social Engineering
cyberguard_300660,cyberguard,2024-05-02,Police / CERT Incident Report,"Victim experienced unauthorized card-not-present fraud where $37,726 was deducted through international online payment processors.","Victim experienced unauthorized card-not-present fraud where $37,726 was deducted through international online payment processors.",financial_cyber_fraud,Financial Cyber Fraud
cyberguard_300661,cyberguard,2024-05-02,Police / CERT Incident Report,"Complainant reported identity theft. Fraudsters acquired the victim's social security number and driver's license from an online leak and fraudulently claimed $53,187 in benefits.","Complainant reported identity theft. Fraudsters acquired the victim's social security number and driver's license from an online leak and fraudulently claimed $53,187 in benefits.",identity_theft_impersonation,Identity Theft Impersonation
cyberguard_300662,cyberguard,2024-05-02,Police / CERT Incident Report,"A commercial logistics agency reported a malware attack that locked critical shipment dispatch schedules, leaving a ransom note demanding Monero.","A commercial logistics agency reported a malware attack that locked critical shipment dispatch schedules, leaving a ransom note demanding Monero.",ransomware_extortion,Ransomware Extortion
cyberguard_300663,cyberguard,2024-05-02,Police / CERT Incident Report,"Complainant reported that an unknown perpetrator impersonated them using their personal credentials to lease equipment and open utility accounts totaling $20,983.","Complainant reported that an unknown perpetrator impersonated them using their personal credentials to lease equipment and open utility accounts totaling $20,983.",identity_theft_impersonation,Identity Theft Impersonation
cyberguard_300664,cyberguard,2024-05-02,Police / CERT Incident Report,"Complainant was deceived in an online transaction. They transferred $61,079 via Revolut for an item listed on Instagram, after which the seller deleted their profile.","Complainant was deceived in an online transaction. They transferred $61,079 via Revolut for an item listed on Instagram, after which the seller deleted their profile.",financial_cyber_fraud,Financial Cyber Fraud
cyberguard_300665,cyberguard,2024-05-02,Police / CERT Incident Report,"A commercial logistics agency reported a malware attack that locked critical shipment dispatch schedules, leaving a ransom note demanding Tether (USDT).","A commercial logistics agency reported a malware attack that locked critical shipment dispatch schedules, leaving a ransom note demanding Tether (USDT).",ransomware_extortion,Ransomware Extortion
cyberguard_300666,cyberguard,2024-05-02,Police / CERT Incident Report,"An impersonation call from someone claiming to be technical support at Cash App directed the victim to install remote access tools, compromising $65,838.","An impersonation call from someone claiming to be technical support at Cash App directed the victim to install remote access tools, compromising $65,838.",phishing_social_engineering,Phishing Social Engineering
cyberguard_300667,cyberguard,2024-05-02,Police / CERT Incident Report,"A victim discovered that their identity was forged to register unauthorized accounts with Wells Fargo and obtain online loans amounting to $35,543 without consent.","A victim discovered that their identity was forged to register unauthorized accounts with Wells Fargo and obtain online loans amounting to $35,543 without consent.",identity_theft_impersonation,Identity Theft Impersonation
cyberguard_300668,cyberguard,2024-05-02,Police / CERT Incident Report,"A business owner filed a report stating that an extortion group encrypted their client database, demanding $41,955 in Tether (USDT) to restore access.","A business owner filed a report stating that an extortion group encrypted their client database, demanding $41,955 in Tether (USDT) to restore access.",ransomware_extortion,Ransomware Extortion
cyberguard_300669,cyberguard,2024-05-02,Police / CERT Incident Report,"Victim was targeted with an email purporting to be from LinkedIn demanding password verification, resulting in account takeover.","Victim was targeted with an email purporting to be from LinkedIn demanding password verification, resulting in account takeover.",phishing_social_engineering,Phishing Social Engineering
cyberguard_300670,cyberguard,2024-05-02,Police / CERT Incident Report,"Complainant was deceived in an online transaction. They transferred $17,579 via Wells Fargo for an item listed on Facebook Marketplace, after which the seller deleted their profile.","Complainant was deceived in an online transaction. They transferred $17,579 via Wells Fargo for an item listed on Facebook Marketplace, after which the seller deleted their profile.",financial_cyber_fraud,Financial Cyber Fraud
cyberguard_300671,cyberguard,2024-05-02,Police / CERT Incident Report,"Complainant was deceived in an online transaction. They transferred $77,985 via Revolut for an item listed on Facebook Marketplace, after which the seller deleted their profile.","Complainant was deceived in an online transaction. They transferred $77,985 via Revolut for an item listed on Facebook Marketplace, after which the seller deleted their profile.",financial_cyber_fraud,Financial Cyber Fraud
cyberguard_300672,cyberguard,2024-05-02,Police / CERT Incident Report,"Citizen reported an online crypto investment fraud. An unknown party contacted them via WhatsApp promoting a trading platform. Victim transferred $44,097 in Solana before being locked out.","Citizen reported an online crypto investment fraud. An unknown party contacted them via WhatsApp promoting a trading platform. Victim transferred $44,097 in Solana before being locked out.",financial_cyber_fraud,Financial Cyber Fraud
cyberguard_300673,cyberguard,2024-05-02,Police / CERT Incident Report,"Complainant reported identity theft. Fraudsters acquired the victim's social security number and driver's license from an online leak and fraudulently claimed $81,635 in benefits.","Complainant reported identity theft. Fraudsters acquired the victim's social security number and driver's license from an online leak and fraudulently claimed $81,635 in benefits.",identity_theft_impersonation,Identity Theft Impersonation
cyberguard_300674,cyberguard,2024-05-02,Police / CERT Incident Report,"Complainant reported identity theft. Fraudsters acquired the victim's social security number and driver's license from an online leak and fraudulently claimed $45,804 in benefits.","Complainant reported identity theft. Fraudsters acquired the victim's social security number and driver's license from an online leak and fraudulently claimed $45,804 in benefits.",identity_theft_impersonation,Identity Theft Impersonation
cyberguard_300675,cyberguard,2024-05-02,Police / CERT Incident Report,"Complainant reported identity theft. Fraudsters acquired the victim's social security number and driver's license from an online leak and fraudulently claimed $26,024 in benefits.","Complainant reported identity theft. Fraudsters acquired the victim's social security number and driver's license from an online leak and fraudulently claimed $26,024 in benefits.",identity_theft_impersonation,Identity Theft Impersonation
cyberguard_300676,cyberguard,2024-05-02,Police / CERT Incident Report,"Victim received an urgent smishing SMS claiming an undelivered parcel from postal services, providing a spoofed link that compromised their debit card details.","Victim received an urgent smishing SMS claiming an undelivered parcel from postal services, providing a spoofed link that compromised their debit card details.",phishing_social_engineering,Phishing Social Engineering
cyberguard_300677,cyberguard,2024-05-02,Police / CERT Incident Report,"Complainant was deceived in an online transaction. They transferred $24,392 via Cash App for an item listed on Facebook Marketplace, after which the seller deleted their profile.","Complainant was deceived in an online transaction. They transferred $24,392 via Cash App for an item listed on Facebook Marketplace, after which the seller deleted their profile.",financial_cyber_fraud,Financial Cyber Fraud
cyberguard_300678,cyberguard,2024-05-02,Police / CERT Incident Report,"A commercial logistics agency reported a malware attack that locked critical shipment dispatch schedules, leaving a ransom note demanding Ethereum.","A commercial logistics agency reported a malware attack that locked critical shipment dispatch schedules, leaving a ransom note demanding Ethereum.",ransomware_extortion,Ransomware Extortion
cyberguard_300679,cyberguard,2024-05-02,Police / CERT Incident Report,"A commercial logistics agency reported a malware attack that locked critical shipment dispatch schedules, leaving a ransom note demanding Ethereum.","A commercial logistics agency reported a malware attack that locked critical shipment dispatch schedules, leaving a ransom note demanding Ethereum.",ransomware_extortion,Ransomware Extortion
cyberguard_300680,cyberguard,2024-05-02,Police / CERT Incident Report,"Victim was targeted with an email purporting to be from LinkedIn demanding password verification, resulting in account takeover.","Victim was targeted with an email purporting to be from LinkedIn demanding password verification, resulting in account takeover.",phishing_social_engineering,Phishing Social Engineering
cyberguard_300681,cyberguard,2024-05-02,Police / CERT Incident Report,"Complainant reported digital extortion where an attacker threatened to release private personal photographs unless $74,570 in Bitcoin was paid within 24 hours.","Complainant reported digital extortion where an attacker threatened to release private personal photographs unless $74,570 in Bitcoin was paid within 24 hours.",ransomware_extortion,Ransomware Extortion
cyberguard_300682,cyberguard,2024-05-02,Police / CERT Incident Report,"Citizen reported an online crypto investment fraud. An unknown party contacted them via Tinder promoting a trading platform. Victim transferred $58,539 in Tether (USDT) before being locked out.","Citizen reported an online crypto investment fraud. An unknown party contacted them via Tinder promoting a trading platform. Victim transferred $58,539 in Tether (USDT) before being locked out.",financial_cyber_fraud,Financial Cyber Fraud
cyberguard_300683,cyberguard,2024-05-02,Police / CERT Incident Report,"Victim experienced unauthorized card-not-present fraud where $84,867 was deducted through international online payment processors.","Victim experienced unauthorized card-not-present fraud where $84,867 was deducted through international online payment processors.",financial_cyber_fraud,Financial Cyber Fraud
cyberguard_300684,cyberguard,2024-05-02,Police / CERT Incident Report,"Complainant reported digital extortion where an attacker threatened to release private personal photographs unless $5,227 in Bitcoin was paid within 24 hours.","Complainant reported digital extortion where an attacker threatened to release private personal photographs unless $5,227 in Bitcoin was paid within 24 hours.",ransomware_extortion,Ransomware Extortion
cyberguard_300685,cyberguard,2024-05-02,Police / CERT Incident Report,"Victim received an urgent smishing SMS claiming an undelivered parcel from postal services, providing a spoofed link that compromised their debit card details.","Victim received an urgent smishing SMS claiming an undelivered parcel from postal services, providing a spoofed link that compromised their debit card details.",phishing_social_engineering,Phishing Social Engineering
cyberguard_300686,cyberguard,2024-05-02,Police / CERT Incident Report,"Victim experienced unauthorized card-not-present fraud where $81,918 was deducted through international online payment processors.","Victim experienced unauthorized card-not-present fraud where $81,918 was deducted through international online payment processors.",financial_cyber_fraud,Financial Cyber Fraud
cyberguard_300687,cyberguard,2024-05-02,Police / CERT Incident Report,"A victim discovered that their identity was forged to register unauthorized accounts with Revolut and obtain online loans amounting to $84,798 without consent.","A victim discovered that their identity was forged to register unauthorized accounts with Revolut and obtain online loans amounting to $84,798 without consent.",identity_theft_impersonation,Identity Theft Impersonation
cyberguard_300688,cyberguard,2024-05-02,Police / CERT Incident Report,"Victim experienced unauthorized card-not-present fraud where $5,673 was deducted through international online payment processors.","Victim experienced unauthorized card-not-present fraud where $5,673 was deducted through international online payment processors.",financial_cyber_fraud,Financial Cyber Fraud
cyberguard_300689,cyberguard,2024-05-02,Police / CERT Incident Report,"Victim was targeted with an email purporting to be from WhatsApp demanding password verification, resulting in account takeover.","Victim was targeted with an email purporting to be from WhatsApp demanding password verification, resulting in account takeover.",phishing_social_engineering,Phishing Social Engineering
cyberguard_300690,cyberguard,2024-05-02,Police / CERT Incident Report,"A commercial logistics agency reported a malware attack that locked critical shipment dispatch schedules, leaving a ransom note demanding Ethereum.","A commercial logistics agency reported a malware attack that locked critical shipment dispatch schedules, leaving a ransom note demanding Ethereum.",ransomware_extortion,Ransomware Extortion
cyberguard_300691,cyberguard,2024-05-02,Police / CERT Incident Report,"Complainant reported identity theft. Fraudsters acquired the victim's social security number and driver's license from an online leak and fraudulently claimed $77,092 in benefits.","Complainant reported identity theft. Fraudsters acquired the victim's social security number and driver's license from an online leak and fraudulently claimed $77,092 in benefits.",identity_theft_impersonation,Identity Theft Impersonation
cyberguard_300692,cyberguard,2024-05-02,Police / CERT Incident Report,"Complainant was deceived in an online transaction. They transferred $84,870 via Zelle for an item listed on Facebook Marketplace, after which the seller deleted their profile.","Complainant was deceived in an online transaction. They transferred $84,870 via Zelle for an item listed on Facebook Marketplace, after which the seller deleted their profile.",financial_cyber_fraud,Financial Cyber Fraud
cyberguard_300693,cyberguard,2024-05-02,Police / CERT Incident Report,"An impersonation call from someone claiming to be technical support at Venmo directed the victim to install remote access tools, compromising $38,808.","An impersonation call from someone claiming to be technical support at Venmo directed the victim to install remote access tools, compromising $38,808.",phishing_social_engineering,Phishing Social Engineering
cyberguard_300694,cyberguard,2024-05-02,Police / CERT Incident Report,"A commercial logistics agency reported a malware attack that locked critical shipment dispatch schedules, leaving a ransom note demanding Ethereum.","A commercial logistics agency reported a malware attack that locked critical shipment dispatch schedules, leaving a ransom note demanding Ethereum.",ransomware_extortion,Ransomware Extortion
cyberguard_300695,cyberguard,2024-05-02,Police / CERT Incident Report,"A commercial logistics agency reported a malware attack that locked critical shipment dispatch schedules, leaving a ransom note demanding Monero.","A commercial logistics agency reported a malware attack that locked critical shipment dispatch schedules, leaving a ransom note demanding Monero.",ransomware_extortion,Ransomware Extortion
cyberguard_300696,cyberguard,2024-05-02,Police / CERT Incident Report,"A commercial logistics agency reported a malware attack that locked critical shipment dispatch schedules, leaving a ransom note demanding Monero.","A commercial logistics agency reported a malware attack that locked critical shipment dispatch schedules, leaving a ransom note demanding Monero.",ransomware_extortion,Ransomware Extortion
cyberguard_300697,cyberguard,2024-05-02,Police / CERT Incident Report,"Citizen reported an online crypto investment fraud. An unknown party contacted them via Instagram promoting a trading platform. Victim transferred $80,445 in Tether (USDT) before being locked out.","Citizen reported an online crypto investment fraud. An unknown party contacted them via Instagram promoting a trading platform. Victim transferred $80,445 in Tether (USDT) before being locked out.",financial_cyber_fraud,Financial Cyber Fraud
cyberguard_300698,cyberguard,2024-05-02,Police / CERT Incident Report,"Victim was targeted with an email purporting to be from WhatsApp demanding password verification, resulting in account takeover.","Victim was targeted with an email purporting to be from WhatsApp demanding password verification, resulting in account takeover.",phishing_social_engineering,Phishing Social Engineering
cyberguard_300699,cyberguard,2024-05-02,Police / CERT Incident Report,"Complainant reported that an unknown perpetrator impersonated them using their personal credentials to lease equipment and open utility accounts totaling $82,996.","Complainant reported that an unknown perpetrator impersonated them using their personal credentials to lease equipment and open utility accounts totaling $82,996.",identity_theft_impersonation,Identity Theft Impersonation
cyberguard_300700,cyberguard,2024-05-02,Police / CERT Incident Report,"A commercial logistics agency reported a malware attack that locked critical shipment dispatch schedules, leaving a ransom note demanding Tether (USDT).","A commercial logistics agency reported a malware attack that locked critical shipment dispatch schedules, leaving a ransom note demanding Tether (USDT).",ransomware_extortion,Ransomware Extortion
cyberguard_300701,cyberguard,2024-05-02,Police / CERT Incident Report,"A commercial logistics agency reported a malware attack that locked critical shipment dispatch schedules, leaving a ransom note demanding Monero.","A commercial logistics agency reported a malware attack that locked critical shipment dispatch schedules, leaving a ransom note demanding Monero.",ransomware_extortion,Ransomware Extortion
cyberguard_300702,cyberguard,2024-05-02,Police / CERT Incident Report,"Victim experienced unauthorized card-not-present fraud where $78,060 was deducted through international online payment processors.","Victim experienced unauthorized card-not-present fraud where $78,060 was deducted through international online payment processors.",financial_cyber_fraud,Financial Cyber Fraud
cyberguard_300703,cyberguard,2024-05-02,Police / CERT Incident Report,"Complainant reported digital extortion where an attacker threatened to release private personal photographs unless $83,389 in Ethereum was paid within 24 hours.","Complainant reported digital extortion where an attacker threatened to release private personal photographs unless $83,389 in Ethereum was paid within 24 hours.",ransomware_extortion,Ransomware Extortion
cyberguard_300704,cyberguard,2024-05-02,Police / CERT Incident Report,"Citizen reported an online crypto investment fraud. An unknown party contacted them via Instagram promoting a trading platform. Victim transferred $69,369 in Ethereum before being locked out.","Citizen reported an online crypto investment fraud. An unknown party contacted them via Instagram promoting a trading platform. Victim transferred $69,369 in Ethereum before being locked out.",financial_cyber_fraud,Financial Cyber Fraud
cyberguard_300705,cyberguard,2024-05-02,Police / CERT Incident Report,"A victim discovered that their identity was forged to register unauthorized accounts with Zelle and obtain online loans amounting to $44,254 without consent.","A victim discovered that their identity was forged to register unauthorized accounts with Zelle and obtain online loans amounting to $44,254 without consent.",identity_theft_impersonation,Identity Theft Impersonation
cyberguard_300706,cyberguard,2024-05-02,Police / CERT Incident Report,"A victim discovered that their identity was forged to register unauthorized accounts with Cash App and obtain online loans amounting to $53,350 without consent.","A victim discovered that their identity was forged to register unauthorized accounts with Cash App and obtain online loans amounting to $53,350 without consent.",identity_theft_impersonation,Identity Theft Impersonation
cyberguard_300707,cyberguard,2024-05-02,Police / CERT Incident Report,"A victim discovered that their identity was forged to register unauthorized accounts with JPMorgan Chase and obtain online loans amounting to $10,231 without consent.","A victim discovered that their identity was forged to register unauthorized accounts with JPMorgan Chase and obtain online loans amounting to $10,231 without consent.",identity_theft_impersonation,Identity Theft Impersonation
cyberguard_300708,cyberguard,2024-05-02,Police / CERT Incident Report,"Complainant reported that an unknown perpetrator impersonated them using their personal credentials to lease equipment and open utility accounts totaling $12,178.","Complainant reported that an unknown perpetrator impersonated them using their personal credentials to lease equipment and open utility accounts totaling $12,178.",identity_theft_impersonation,Identity Theft Impersonation
cyberguard_300709,cyberguard,2024-05-02,Police / CERT Incident Report,"Victim experienced unauthorized card-not-present fraud where $33,122 was deducted through international online payment processors.","Victim experienced unauthorized card-not-present fraud where $33,122 was deducted through international online payment processors.",financial_cyber_fraud,Financial Cyber Fraud
cyberguard_300710,cyberguard,2024-05-02,Police / CERT Incident Report,"Complainant reported that an unknown perpetrator impersonated them using their personal credentials to lease equipment and open utility accounts totaling $2,457.","Complainant reported that an unknown perpetrator impersonated them using their personal credentials to lease equipment and open utility accounts totaling $2,457.",identity_theft_impersonation,Identity Theft Impersonation
cyberguard_300711,cyberguard,2024-05-02,Police / CERT Incident Report,"A business owner filed a report stating that an extortion group encrypted their client database, demanding $25,779 in Tether (USDT) to restore access.","A business owner filed a report stating that an extortion group encrypted their client database, demanding $25,779 in Tether (USDT) to restore access.",ransomware_extortion,Ransomware Extortion
cyberguard_300712,cyberguard,2024-05-02,Police / CERT Incident Report,"Victim was targeted with an email purporting to be from LinkedIn demanding password verification, resulting in account takeover.","Victim was targeted with an email purporting to be from LinkedIn demanding password verification, resulting in account takeover.",phishing_social_engineering,Phishing Social Engineering
cyberguard_300713,cyberguard,2024-05-02,Police / CERT Incident Report,"Victim received an urgent smishing SMS claiming an undelivered parcel from postal services, providing a spoofed link that compromised their debit card details.","Victim received an urgent smishing SMS claiming an undelivered parcel from postal services, providing a spoofed link that compromised their debit card details.",phishing_social_engineering,Phishing Social Engineering
cyberguard_300714,cyberguard,2024-05-02,Police / CERT Incident Report,"Citizen reported an online crypto investment fraud. An unknown party contacted them via Instagram promoting a trading platform. Victim transferred $9,090 in Bitcoin before being locked out.","Citizen reported an online crypto investment fraud. An unknown party contacted them via Instagram promoting a trading platform. Victim transferred $9,090 in Bitcoin before being locked out.",financial_cyber_fraud,Financial Cyber Fraud
cyberguard_300715,cyberguard,2024-05-02,Police / CERT Incident Report,"Complainant reported identity theft. Fraudsters acquired the victim's social security number and driver's license from an online leak and fraudulently claimed $7,686 in benefits.","Complainant reported identity theft. Fraudsters acquired the victim's social security number and driver's license from an online leak and fraudulently claimed $7,686 in benefits.",identity_theft_impersonation,Identity Theft Impersonation
cyberguard_300716,cyberguard,2024-05-02,Police / CERT Incident Report,"Complainant was deceived in an online transaction. They transferred $53,167 via Zelle for an item listed on Telegram, after which the seller deleted their profile.","Complainant was deceived in an online transaction. They transferred $53,167 via Zelle for an item listed on Telegram, after which the seller deleted their profile.",financial_cyber_fraud,Financial Cyber Fraud
cyberguard_300717,cyberguard,2024-05-02,Police / CERT Incident Report,"Victim received an urgent smishing SMS claiming an undelivered parcel from postal services, providing a spoofed link that compromised their debit card details.","Victim received an urgent smishing SMS claiming an undelivered parcel from postal services, providing a spoofed link that compromised their debit card details.",phishing_social_engineering,Phishing Social Engineering
cyberguard_300718,cyberguard,2024-05-02,Police / CERT Incident Report,"A business owner filed a report stating that an extortion group encrypted their client database, demanding $24,658 in Bitcoin to restore access.","A business owner filed a report stating that an extortion group encrypted their client database, demanding $24,658 in Bitcoin to restore access.",ransomware_extortion,Ransomware Extortion
cyberguard_300719,cyberguard,2024-05-02,Police / CERT Incident Report,"A victim discovered that their identity was forged to register unauthorized accounts with JPMorgan Chase and obtain online loans amounting to $8,490 without consent.","A victim discovered that their identity was forged to register unauthorized accounts with JPMorgan Chase and obtain online loans amounting to $8,490 without consent.",identity_theft_impersonation,Identity Theft Impersonation
cyberguard_300720,cyberguard,2024-05-02,Police / CERT Incident Report,"A victim discovered that their identity was forged to register unauthorized accounts with Revolut and obtain online loans amounting to $9,654 without consent.","A victim discovered that their identity was forged to register unauthorized accounts with Revolut and obtain online loans amounting to $9,654 without consent.",identity_theft_impersonation,Identity Theft Impersonation
cyberguard_300721,cyberguard,2024-05-02,Police / CERT Incident Report,"A business owner filed a report stating that an extortion group encrypted their client database, demanding $40,465 in Monero to restore access.","A business owner filed a report stating that an extortion group encrypted their client database, demanding $40,465 in Monero to restore access.",ransomware_extortion,Ransomware Extortion
cyberguard_300722,cyberguard,2024-05-02,Police / CERT Incident Report,"A business owner filed a report stating that an extortion group encrypted their client database, demanding $16,657 in Bitcoin to restore access.","A business owner filed a report stating that an extortion group encrypted their client database, demanding $16,657 in Bitcoin to restore access.",ransomware_extortion,Ransomware Extortion
cyberguard_300723,cyberguard,2024-05-02,Police / CERT Incident Report,"An impersonation call from someone claiming to be technical support at Chime directed the victim to install remote access tools, compromising $74,227.","An impersonation call from someone claiming to be technical support at Chime directed the victim to install remote access tools, compromising $74,227.",phishing_social_engineering,Phishing Social Engineering
cyberguard_300724,cyberguard,2024-05-02,Police / CERT Incident Report,"Victim was targeted with an email purporting to be from Instagram demanding password verification, resulting in account takeover.","Victim was targeted with an email purporting to be from Instagram demanding password verification, resulting in account takeover.",phishing_social_engineering,Phishing Social Engineering
cyberguard_300725,cyberguard,2024-05-02,Police / CERT Incident Report,"Victim was targeted with an email purporting to be from Telegram demanding password verification, resulting in account takeover.","Victim was targeted with an email purporting to be from Telegram demanding password verification, resulting in account takeover.",phishing_social_engineering,Phishing Social Engineering
cyberguard_300726,cyberguard,2024-05-02,Police / CERT Incident Report,"Complainant was deceived in an online transaction. They transferred $68,640 via Wells Fargo for an item listed on Instagram, after which the seller deleted their profile.","Complainant was deceived in an online transaction. They transferred $68,640 via Wells Fargo for an item listed on Instagram, after which the seller deleted their profile.",financial_cyber_fraud,Financial Cyber Fraud
cyberguard_300727,cyberguard,2024-05-02,Police / CERT Incident Report,"Victim received an urgent smishing SMS claiming an undelivered parcel from postal services, providing a spoofed link that compromised their debit card details.","Victim received an urgent smishing SMS claiming an undelivered parcel from postal services, providing a spoofed link that compromised their debit card details.",phishing_social_engineering,Phishing Social Engineering
cyberguard_300728,cyberguard,2024-05-02,Police / CERT Incident Report,"Citizen reported an online crypto investment fraud. An unknown party contacted them via Facebook Marketplace promoting a trading platform. Victim transferred $47,218 in Tether (USDT) before being locked out.","Citizen reported an online crypto investment fraud. An unknown party contacted them via Facebook Marketplace promoting a trading platform. Victim transferred $47,218 in Tether (USDT) before being locked out.",financial_cyber_fraud,Financial Cyber Fraud
cyberguard_300729,cyberguard,2024-05-02,Police / CERT Incident Report,"A commercial logistics agency reported a malware attack that locked critical shipment dispatch schedules, leaving a ransom note demanding Ethereum.","A commercial logistics agency reported a malware attack that locked critical shipment dispatch schedules, leaving a ransom note demanding Ethereum.",ransomware_extortion,Ransomware Extortion
cyberguard_300730,cyberguard,2024-05-02,Police / CERT Incident Report,"Complainant reported that an unknown perpetrator impersonated them using their personal credentials to lease equipment and open utility accounts totaling $68,167.","Complainant reported that an unknown perpetrator impersonated them using their personal credentials to lease equipment and open utility accounts totaling $68,167.",identity_theft_impersonation,Identity Theft Impersonation
cyberguard_300731,cyberguard,2024-05-02,Police / CERT Incident Report,"Complainant was deceived in an online transaction. They transferred $43,543 via Venmo for an item listed on LinkedIn, after which the seller deleted their profile.","Complainant was deceived in an online transaction. They transferred $43,543 via Venmo for an item listed on LinkedIn, after which the seller deleted their profile.",financial_cyber_fraud,Financial Cyber Fraud
cyberguard_300732,cyberguard,2024-05-02,Police / CERT Incident Report,"Complainant reported digital extortion where an attacker threatened to release private personal photographs unless $20,187 in Ethereum was paid within 24 hours.","Complainant reported digital extortion where an attacker threatened to release private personal photographs unless $20,187 in Ethereum was paid within 24 hours.",ransomware_extortion,Ransomware Extortion
cyberguard_300733,cyberguard,2024-05-02,Police / CERT Incident Report,"Complainant reported identity theft. Fraudsters acquired the victim's social security number and driver's license from an online leak and fraudulently claimed $62,380 in benefits.","Complainant reported identity theft. Fraudsters acquired the victim's social security number and driver's license from an online leak and fraudulently claimed $62,380 in benefits.",identity_theft_impersonation,Identity Theft Impersonation
cyberguard_300734,cyberguard,2024-05-02,Police / CERT Incident Report,"Victim was targeted with an email purporting to be from Instagram demanding password verification, resulting in account takeover.","Victim was targeted with an email purporting to be from Instagram demanding password verification, resulting in account takeover.",phishing_social_engineering,Phishing Social Engineering
cyberguard_300735,cyberguard,2024-05-02,Police / CERT Incident Report,"Citizen reported an online crypto investment fraud. An unknown party contacted them via Tinder promoting a trading platform. Victim transferred $67,282 in Monero before being locked out.","Citizen reported an online crypto investment fraud. An unknown party contacted them via Tinder promoting a trading platform. Victim transferred $67,282 in Monero before being locked out.",financial_cyber_fraud,Financial Cyber Fraud
cyberguard_300736,cyberguard,2024-05-02,Police / CERT Incident Report,"Victim experienced unauthorized card-not-present fraud where $28,750 was deducted through international online payment processors.","Victim experienced unauthorized card-not-present fraud where $28,750 was deducted through international online payment processors.",financial_cyber_fraud,Financial Cyber Fraud
cyberguard_300737,cyberguard,2024-05-02,Police / CERT Incident Report,"Complainant reported digital extortion where an attacker threatened to release private personal photographs unless $55,434 in Monero was paid within 24 hours.","Complainant reported digital extortion where an attacker threatened to release private personal photographs unless $55,434 in Monero was paid within 24 hours.",ransomware_extortion,Ransomware Extortion
cyberguard_300738,cyberguard,2024-05-02,Police / CERT Incident Report,"Complainant reported digital extortion where an attacker threatened to release private personal photographs unless $2,407 in Monero was paid within 24 hours.","Complainant reported digital extortion where an attacker threatened to release private personal photographs unless $2,407 in Monero was paid within 24 hours.",ransomware_extortion,Ransomware Extortion
cyberguard_300739,cyberguard,2024-05-02,Police / CERT Incident Report,"A commercial logistics agency reported a malware attack that locked critical shipment dispatch schedules, leaving a ransom note demanding Solana.","A commercial logistics agency reported a malware attack that locked critical shipment dispatch schedules, leaving a ransom note demanding Solana.",ransomware_extortion,Ransomware Extortion
cyberguard_300740,cyberguard,2024-05-02,Police / CERT Incident Report,"Victim experienced unauthorized card-not-present fraud where $63,584 was deducted through international online payment processors.","Victim experienced unauthorized card-not-present fraud where $63,584 was deducted through international online payment processors.",financial_cyber_fraud,Financial Cyber Fraud
cyberguard_300741,cyberguard,2024-05-02,Police / CERT Incident Report,"Victim received an urgent smishing SMS claiming an undelivered parcel from postal services, providing a spoofed link that compromised their debit card details.","Victim received an urgent smishing SMS claiming an undelivered parcel from postal services, providing a spoofed link that compromised their debit card details.",phishing_social_engineering,Phishing Social Engineering
cyberguard_300742,cyberguard,2024-05-02,Police / CERT Incident Report,"A commercial logistics agency reported a malware attack that locked critical shipment dispatch schedules, leaving a ransom note demanding Ethereum.","A commercial logistics agency reported a malware attack that locked critical shipment dispatch schedules, leaving a ransom note demanding Ethereum.",ransomware_extortion,Ransomware Extortion
cyberguard_300743,cyberguard,2024-05-02,Police / CERT Incident Report,"Victim received an urgent smishing SMS claiming an undelivered parcel from postal services, providing a spoofed link that compromised their debit card details.","Victim received an urgent smishing SMS claiming an undelivered parcel from postal services, providing a spoofed link that compromised their debit card details.",phishing_social_engineering,Phishing Social Engineering
cyberguard_300744,cyberguard,2024-05-02,Police / CERT Incident Report,"An impersonation call from someone claiming to be technical support at Venmo directed the victim to install remote access tools, compromising $4,456.","An impersonation call from someone claiming to be technical support at Venmo directed the victim to install remote access tools, compromising $4,456.",phishing_social_engineering,Phishing Social Engineering
cyberguard_300745,cyberguard,2024-05-02,Police / CERT Incident Report,"Complainant reported digital extortion where an attacker threatened to release private personal photographs unless $15,911 in Bitcoin was paid within 24 hours.","Complainant reported digital extortion where an attacker threatened to release private personal photographs unless $15,911 in Bitcoin was paid within 24 hours.",ransomware_extortion,Ransomware Extortion
cyberguard_300746,cyberguard,2024-05-02,Police / CERT Incident Report,"A commercial logistics agency reported a malware attack that locked critical shipment dispatch schedules, leaving a ransom note demanding Tether (USDT).","A commercial logistics agency reported a malware attack that locked critical shipment dispatch schedules, leaving a ransom note demanding Tether (USDT).",ransomware_extortion,Ransomware Extortion
cyberguard_300747,cyberguard,2024-05-02,Police / CERT Incident Report,"Citizen reported an online crypto investment fraud. An unknown party contacted them via WhatsApp promoting a trading platform. Victim transferred $10,025 in Tether (USDT) before being locked out.","Citizen reported an online crypto investment fraud. An unknown party contacted them via WhatsApp promoting a trading platform. Victim transferred $10,025 in Tether (USDT) before being locked out.",financial_cyber_fraud,Financial Cyber Fraud
cyberguard_300748,cyberguard,2024-05-02,Police / CERT Incident Report,"Victim experienced unauthorized card-not-present fraud where $48,644 was deducted through international online payment processors.","Victim experienced unauthorized card-not-present fraud where $48,644 was deducted through international online payment processors.",financial_cyber_fraud,Financial Cyber Fraud
cyberguard_300749,cyberguard,2024-05-02,Police / CERT Incident Report,"Complainant reported that an unknown perpetrator impersonated them using their personal credentials to lease equipment and open utility accounts totaling $46,514.","Complainant reported that an unknown perpetrator impersonated them using their personal credentials to lease equipment and open utility accounts totaling $46,514.",identity_theft_impersonation,Identity Theft Impersonation
cyberguard_300750,cyberguard,2024-05-02,Police / CERT Incident Report,"Citizen reported an online crypto investment fraud. An unknown party contacted them via Tinder promoting a trading platform. Victim transferred $57,130 in Ethereum before being locked out.","Citizen reported an online crypto investment fraud. An unknown party contacted them via Tinder promoting a trading platform. Victim transferred $57,130 in Ethereum before being locked out.",financial_cyber_fraud,Financial Cyber Fraud
cyberguard_300751,cyberguard,2024-05-02,Police / CERT Incident Report,"A victim discovered that their identity was forged to register unauthorized accounts with Revolut and obtain online loans amounting to $9,659 without consent.","A victim discovered that their identity was forged to register unauthorized accounts with Revolut and obtain online loans amounting to $9,659 without consent.",identity_theft_impersonation,Identity Theft Impersonation
cyberguard_300752,cyberguard,2024-05-02,Police / CERT Incident Report,"A business owner filed a report stating that an extortion group encrypted their client database, demanding $75,790 in Bitcoin to restore access.","A business owner filed a report stating that an extortion group encrypted their client database, demanding $75,790 in Bitcoin to restore access.",ransomware_extortion,Ransomware Extortion
cyberguard_300753,cyberguard,2024-05-02,Police / CERT Incident Report,"A victim discovered that their identity was forged to register unauthorized accounts with Venmo and obtain online loans amounting to $54,920 without consent.","A victim discovered that their identity was forged to register unauthorized accounts with Venmo and obtain online loans amounting to $54,920 without consent.",identity_theft_impersonation,Identity Theft Impersonation
cyberguard_300754,cyberguard,2024-05-02,Police / CERT Incident Report,"Complainant reported that an unknown perpetrator impersonated them using their personal credentials to lease equipment and open utility accounts totaling $34,193.","Complainant reported that an unknown perpetrator impersonated them using their personal credentials to lease equipment and open utility accounts totaling $34,193.",identity_theft_impersonation,Identity Theft Impersonation
cyberguard_300755,cyberguard,2024-05-02,Police / CERT Incident Report,"Complainant reported that an unknown perpetrator impersonated them using their personal credentials to lease equipment and open utility accounts totaling $78,223.","Complainant reported that an unknown perpetrator impersonated them using their personal credentials to lease equipment and open utility accounts totaling $78,223.",identity_theft_impersonation,Identity Theft Impersonation
cyberguard_300756,cyberguard,2024-05-02,Police / CERT Incident Report,"Complainant reported that an unknown perpetrator impersonated them using their personal credentials to lease equipment and open utility accounts totaling $51,194.","Complainant reported that an unknown perpetrator impersonated them using their personal credentials to lease equipment and open utility accounts totaling $51,194.",identity_theft_impersonation,Identity Theft Impersonation
cyberguard_300757,cyberguard,2024-05-02,Police / CERT Incident Report,"Citizen reported an online crypto investment fraud. An unknown party contacted them via LinkedIn promoting a trading platform. Victim transferred $51,657 in Monero before being locked out.","Citizen reported an online crypto investment fraud. An unknown party contacted them via LinkedIn promoting a trading platform. Victim transferred $51,657 in Monero before being locked out.",financial_cyber_fraud,Financial Cyber Fraud
cyberguard_300758,cyberguard,2024-05-02,Police / CERT Incident Report,"Victim was targeted with an email purporting to be from Instagram demanding password verification, resulting in account takeover.","Victim was targeted with an email purporting to be from Instagram demanding password verification, resulting in account takeover.",phishing_social_engineering,Phishing Social Engineering
cyberguard_300759,cyberguard,2024-05-02,Police / CERT Incident Report,"A commercial logistics agency reported a malware attack that locked critical shipment dispatch schedules, leaving a ransom note demanding Ethereum.","A commercial logistics agency reported a malware attack that locked critical shipment dispatch schedules, leaving a ransom note demanding Ethereum.",ransomware_extortion,Ransomware Extortion
cyberguard_300760,cyberguard,2024-05-02,Police / CERT Incident Report,"Victim experienced unauthorized card-not-present fraud where $83,083 was deducted through international online payment processors.","Victim experienced unauthorized card-not-present fraud where $83,083 was deducted through international online payment processors.",financial_cyber_fraud,Financial Cyber Fraud
cyberguard_300761,cyberguard,2024-05-02,Police / CERT Incident Report,"An impersonation call from someone claiming to be technical support at JPMorgan Chase directed the victim to install remote access tools, compromising $14,593.","An impersonation call from someone claiming to be technical support at JPMorgan Chase directed the victim to install remote access tools, compromising $14,593.",phishing_social_engineering,Phishing Social Engineering
cyberguard_300762,cyberguard,2024-05-02,Police / CERT Incident Report,"Victim was targeted with an email purporting to be from Telegram demanding password verification, resulting in account takeover.","Victim was targeted with an email purporting to be from Telegram demanding password verification, resulting in account takeover.",phishing_social_engineering,Phishing Social Engineering
cyberguard_300763,cyberguard,2024-05-02,Police / CERT Incident Report,"Victim was targeted with an email purporting to be from Instagram demanding password verification, resulting in account takeover.","Victim was targeted with an email purporting to be from Instagram demanding password verification, resulting in account takeover.",phishing_social_engineering,Phishing Social Engineering
cyberguard_300764,cyberguard,2024-05-02,Police / CERT Incident Report,"Complainant was deceived in an online transaction. They transferred $77,107 via JPMorgan Chase for an item listed on Tinder, after which the seller deleted their profile.","Complainant was deceived in an online transaction. They transferred $77,107 via JPMorgan Chase for an item listed on Tinder, after which the seller deleted their profile.",financial_cyber_fraud,Financial Cyber Fraud
cyberguard_300765,cyberguard,2024-05-02,Police / CERT Incident Report,"A business owner filed a report stating that an extortion group encrypted their client database, demanding $12,420 in Solana to restore access.","A business owner filed a report stating that an extortion group encrypted their client database, demanding $12,420 in Solana to restore access.",ransomware_extortion,Ransomware Extortion
cyberguard_300766,cyberguard,2024-05-02,Police / CERT Incident Report,"Victim experienced unauthorized card-not-present fraud where $11,869 was deducted through international online payment processors.","Victim experienced unauthorized card-not-present fraud where $11,869 was deducted through international online payment processors.",financial_cyber_fraud,Financial Cyber Fraud
cyberguard_300767,cyberguard,2024-05-02,Police / CERT Incident Report,"A commercial logistics agency reported a malware attack that locked critical shipment dispatch schedules, leaving a ransom note demanding Monero.","A commercial logistics agency reported a malware attack that locked critical shipment dispatch schedules, leaving a ransom note demanding Monero.",ransomware_extortion,Ransomware Extortion
cyberguard_300768,cyberguard,2024-05-02,Police / CERT Incident Report,"Complainant reported identity theft. Fraudsters acquired the victim's social security number and driver's license from an online leak and fraudulently claimed $38,674 in benefits.","Complainant reported identity theft. Fraudsters acquired the victim's social security number and driver's license from an online leak and fraudulently claimed $38,674 in benefits.",identity_theft_impersonation,Identity Theft Impersonation
cyberguard_300769,cyberguard,2024-05-02,Police / CERT Incident Report,"Complainant reported that an unknown perpetrator impersonated them using their personal credentials to lease equipment and open utility accounts totaling $68,848.","Complainant reported that an unknown perpetrator impersonated them using their personal credentials to lease equipment and open utility accounts totaling $68,848.",identity_theft_impersonation,Identity Theft Impersonation
cyberguard_300770,cyberguard,2024-05-02,Police / CERT Incident Report,"Complainant reported identity theft. Fraudsters acquired the victim's social security number and driver's license from an online leak and fraudulently claimed $57,187 in benefits.","Complainant reported identity theft. Fraudsters acquired the victim's social security number and driver's license from an online leak and fraudulently claimed $57,187 in benefits.",identity_theft_impersonation,Identity Theft Impersonation
cyberguard_300771,cyberguard,2024-05-02,Police / CERT Incident Report,"Victim was targeted with an email purporting to be from Telegram demanding password verification, resulting in account takeover.","Victim was targeted with an email purporting to be from Telegram demanding password verification, resulting in account takeover.",phishing_social_engineering,Phishing Social Engineering
cyberguard_300772,cyberguard,2024-05-02,Police / CERT Incident Report,"A business owner filed a report stating that an extortion group encrypted their client database, demanding $58,898 in Solana to restore access.","A business owner filed a report stating that an extortion group encrypted their client database, demanding $58,898 in Solana to restore access.",ransomware_extortion,Ransomware Extortion
cyberguard_300773,cyberguard,2024-05-02,Police / CERT Incident Report,"Complainant reported identity theft. Fraudsters acquired the victim's social security number and driver's license from an online leak and fraudulently claimed $61,346 in benefits.","Complainant reported identity theft. Fraudsters acquired the victim's social security number and driver's license from an online leak and fraudulently claimed $61,346 in benefits.",identity_theft_impersonation,Identity Theft Impersonation
cyberguard_300774,cyberguard,2024-05-02,Police / CERT Incident Report,"A commercial logistics agency reported a malware attack that locked critical shipment dispatch schedules, leaving a ransom note demanding Solana.","A commercial logistics agency reported a malware attack that locked critical shipment dispatch schedules, leaving a ransom note demanding Solana.",ransomware_extortion,Ransomware Extortion
cyberguard_300775,cyberguard,2024-05-02,Police / CERT Incident Report,"A commercial logistics agency reported a malware attack that locked critical shipment dispatch schedules, leaving a ransom note demanding Solana.","A commercial logistics agency reported a malware attack that locked critical shipment dispatch schedules, leaving a ransom note demanding Solana.",ransomware_extortion,Ransomware Extortion
cyberguard_300776,cyberguard,2024-05-02,Police / CERT Incident Report,"Complainant was deceived in an online transaction. They transferred $38,361 via Revolut for an item listed on LinkedIn, after which the seller deleted their profile.","Complainant was deceived in an online transaction. They transferred $38,361 via Revolut for an item listed on LinkedIn, after which the seller deleted their profile.",financial_cyber_fraud,Financial Cyber Fraud
cyberguard_300777,cyberguard,2024-05-02,Police / CERT Incident Report,"Citizen reported an online crypto investment fraud. An unknown party contacted them via WhatsApp promoting a trading platform. Victim transferred $39,301 in Ethereum before being locked out.","Citizen reported an online crypto investment fraud. An unknown party contacted them via WhatsApp promoting a trading platform. Victim transferred $39,301 in Ethereum before being locked out.",financial_cyber_fraud,Financial Cyber Fraud
cyberguard_300778,cyberguard,2024-05-02,Police / CERT Incident Report,"Victim experienced unauthorized card-not-present fraud where $69,891 was deducted through international online payment processors.","Victim experienced unauthorized card-not-present fraud where $69,891 was deducted through international online payment processors.",financial_cyber_fraud,Financial Cyber Fraud
cyberguard_300779,cyberguard,2024-05-02,Police / CERT Incident Report,"A victim discovered that their identity was forged to register unauthorized accounts with JPMorgan Chase and obtain online loans amounting to $11,487 without consent.","A victim discovered that their identity was forged to register unauthorized accounts with JPMorgan Chase and obtain online loans amounting to $11,487 without consent.",identity_theft_impersonation,Identity Theft Impersonation
cyberguard_300780,cyberguard,2024-05-02,Police / CERT Incident Report,"A commercial logistics agency reported a malware attack that locked critical shipment dispatch schedules, leaving a ransom note demanding Bitcoin.","A commercial logistics agency reported a malware attack that locked critical shipment dispatch schedules, leaving a ransom note demanding Bitcoin.",ransomware_extortion,Ransomware Extortion
cyberguard_300781,cyberguard,2024-05-02,Police / CERT Incident Report,"Complainant reported digital extortion where an attacker threatened to release private personal photographs unless $32,827 in Ethereum was paid within 24 hours.","Complainant reported digital extortion where an attacker threatened to release private personal photographs unless $32,827 in Ethereum was paid within 24 hours.",ransomware_extortion,Ransomware Extortion
cyberguard_300782,cyberguard,2024-05-02,Police / CERT Incident Report,"Complainant was deceived in an online transaction. They transferred $20,960 via Venmo for an item listed on Instagram, after which the seller deleted their profile.","Complainant was deceived in an online transaction. They transferred $20,960 via Venmo for an item listed on Instagram, after which the seller deleted their profile.",financial_cyber_fraud,Financial Cyber Fraud
cyberguard_300783,cyberguard,2024-05-02,Police / CERT Incident Report,"Complainant reported that an unknown perpetrator impersonated them using their personal credentials to lease equipment and open utility accounts totaling $68,214.","Complainant reported that an unknown perpetrator impersonated them using their personal credentials to lease equipment and open utility accounts totaling $68,214.",identity_theft_impersonation,Identity Theft Impersonation
cyberguard_300784,cyberguard,2024-05-02,Police / CERT Incident Report,"Complainant was deceived in an online transaction. They transferred $35,102 via Revolut for an item listed on Instagram, after which the seller deleted their profile.","Complainant was deceived in an online transaction. They transferred $35,102 via Revolut for an item listed on Instagram, after which the seller deleted their profile.",financial_cyber_fraud,Financial Cyber Fraud
cyberguard_300785,cyberguard,2024-05-02,Police / CERT Incident Report,"Complainant reported identity theft. Fraudsters acquired the victim's social security number and driver's license from an online leak and fraudulently claimed $73,338 in benefits.","Complainant reported identity theft. Fraudsters acquired the victim's social security number and driver's license from an online leak and fraudulently claimed $73,338 in benefits.",identity_theft_impersonation,Identity Theft Impersonation
cyberguard_300786,cyberguard,2024-05-02,Police / CERT Incident Report,"Citizen reported an online crypto investment fraud. An unknown party contacted them via Facebook Marketplace promoting a trading platform. Victim transferred $30,357 in Monero before being locked out.","Citizen reported an online crypto investment fraud. An unknown party contacted them via Facebook Marketplace promoting a trading platform. Victim transferred $30,357 in Monero before being locked out.",financial_cyber_fraud,Financial Cyber Fraud
cyberguard_300787,cyberguard,2024-05-02,Police / CERT Incident Report,"A business owner filed a report stating that an extortion group encrypted their client database, demanding $52,358 in Solana to restore access.","A business owner filed a report stating that an extortion group encrypted their client database, demanding $52,358 in Solana to restore access.",ransomware_extortion,Ransomware Extortion
cyberguard_300788,cyberguard,2024-05-02,Police / CERT Incident Report,"Complainant reported identity theft. Fraudsters acquired the victim's social security number and driver's license from an online leak and fraudulently claimed $17,788 in benefits.","Complainant reported identity theft. Fraudsters acquired the victim's social security number and driver's license from an online leak and fraudulently claimed $17,788 in benefits.",identity_theft_impersonation,Identity Theft Impersonation
cyberguard_300789,cyberguard,2024-05-02,Police / CERT Incident Report,"Complainant reported identity theft. Fraudsters acquired the victim's social security number and driver's license from an online leak and fraudulently claimed $21,665 in benefits.","Complainant reported identity theft. Fraudsters acquired the victim's social security number and driver's license from an online leak and fraudulently claimed $21,665 in benefits.",identity_theft_impersonation,Identity Theft Impersonation
cyberguard_300790,cyberguard,2024-05-02,Police / CERT Incident Report,"Complainant was deceived in an online transaction. They transferred $16,256 via Venmo for an item listed on Instagram, after which the seller deleted their profile.","Complainant was deceived in an online transaction. They transferred $16,256 via Venmo for an item listed on Instagram, after which the seller deleted their profile.",financial_cyber_fraud,Financial Cyber Fraud
cyberguard_300791,cyberguard,2024-05-02,Police / CERT Incident Report,"Complainant reported that an unknown perpetrator impersonated them using their personal credentials to lease equipment and open utility accounts totaling $17,132.","Complainant reported that an unknown perpetrator impersonated them using their personal credentials to lease equipment and open utility accounts totaling $17,132.",identity_theft_impersonation,Identity Theft Impersonation
cyberguard_300792,cyberguard,2024-05-02,Police / CERT Incident Report,"Victim experienced unauthorized card-not-present fraud where $38,780 was deducted through international online payment processors.","Victim experienced unauthorized card-not-present fraud where $38,780 was deducted through international online payment processors.",financial_cyber_fraud,Financial Cyber Fraud
cyberguard_300793,cyberguard,2024-05-02,Police / CERT Incident Report,"Complainant reported identity theft. Fraudsters acquired the victim's social security number and driver's license from an online leak and fraudulently claimed $44,580 in benefits.","Complainant reported identity theft. Fraudsters acquired the victim's social security number and driver's license from an online leak and fraudulently claimed $44,580 in benefits.",identity_theft_impersonation,Identity Theft Impersonation
cyberguard_300794,cyberguard,2024-05-02,Police / CERT Incident Report,"Citizen reported an online crypto investment fraud. An unknown party contacted them via Telegram promoting a trading platform. Victim transferred $64,831 in Monero before being locked out.","Citizen reported an online crypto investment fraud. An unknown party contacted them via Telegram promoting a trading platform. Victim transferred $64,831 in Monero before being locked out.",financial_cyber_fraud,Financial Cyber Fraud
cyberguard_300795,cyberguard,2024-05-02,Police / CERT Incident Report,"An impersonation call from someone claiming to be technical support at Wells Fargo directed the victim to install remote access tools, compromising $68,554.","An impersonation call from someone claiming to be technical support at Wells Fargo directed the victim to install remote access tools, compromising $68,554.",phishing_social_engineering,Phishing Social Engineering
cyberguard_300796,cyberguard,2024-05-02,Police / CERT Incident Report,"Complainant reported that an unknown perpetrator impersonated them using their personal credentials to lease equipment and open utility accounts totaling $17,283.","Complainant reported that an unknown perpetrator impersonated them using their personal credentials to lease equipment and open utility accounts totaling $17,283.",identity_theft_impersonation,Identity Theft Impersonation
cyberguard_300797,cyberguard,2024-05-02,Police / CERT Incident Report,"A victim discovered that their identity was forged to register unauthorized accounts with Wells Fargo and obtain online loans amounting to $79,342 without consent.","A victim discovered that their identity was forged to register unauthorized accounts with Wells Fargo and obtain online loans amounting to $79,342 without consent.",identity_theft_impersonation,Identity Theft Impersonation
cyberguard_300798,cyberguard,2024-05-02,Police / CERT Incident Report,"Citizen reported an online crypto investment fraud. An unknown party contacted them via Tinder promoting a trading platform. Victim transferred $66,026 in Ethereum before being locked out.","Citizen reported an online crypto investment fraud. An unknown party contacted them via Tinder promoting a trading platform. Victim transferred $66,026 in Ethereum before being locked out.",financial_cyber_fraud,Financial Cyber Fraud
cyberguard_300799,cyberguard,2024-05-02,Police / CERT Incident Report,"Victim received an urgent smishing SMS claiming an undelivered parcel from postal services, providing a spoofed link that compromised their debit card details.","Victim received an urgent smishing SMS claiming an undelivered parcel from postal services, providing a spoofed link that compromised their debit card details.",phishing_social_engineering,Phishing Social Engineering
cyberguard_300800,cyberguard,2024-05-02,Police / CERT Incident Report,"A commercial logistics agency reported a malware attack that locked critical shipment dispatch schedules, leaving a ransom note demanding Bitcoin.","A commercial logistics agency reported a malware attack that locked critical shipment dispatch schedules, leaving a ransom note demanding Bitcoin.",ransomware_extortion,Ransomware Extortion
cyberguard_300801,cyberguard,2024-05-02,Police / CERT Incident Report,"A commercial logistics agency reported a malware attack that locked critical shipment dispatch schedules, leaving a ransom note demanding Tether (USDT).","A commercial logistics agency reported a malware attack that locked critical shipment dispatch schedules, leaving a ransom note demanding Tether (USDT).",ransomware_extortion,Ransomware Extortion
cyberguard_300802,cyberguard,2024-05-02,Police / CERT Incident Report,"A commercial logistics agency reported a malware attack that locked critical shipment dispatch schedules, leaving a ransom note demanding Ethereum.","A commercial logistics agency reported a malware attack that locked critical shipment dispatch schedules, leaving a ransom note demanding Ethereum.",ransomware_extortion,Ransomware Extortion
cyberguard_300803,cyberguard,2024-05-02,Police / CERT Incident Report,"Citizen reported an online crypto investment fraud. An unknown party contacted them via WhatsApp promoting a trading platform. Victim transferred $30,100 in Bitcoin before being locked out.","Citizen reported an online crypto investment fraud. An unknown party contacted them via WhatsApp promoting a trading platform. Victim transferred $30,100 in Bitcoin before being locked out.",financial_cyber_fraud,Financial Cyber Fraud
cyberguard_300804,cyberguard,2024-05-02,Police / CERT Incident Report,"A business owner filed a report stating that an extortion group encrypted their client database, demanding $78,652 in Monero to restore access.","A business owner filed a report stating that an extortion group encrypted their client database, demanding $78,652 in Monero to restore access.",ransomware_extortion,Ransomware Extortion
cyberguard_300805,cyberguard,2024-05-02,Police / CERT Incident Report,"Complainant was deceived in an online transaction. They transferred $5,158 via Revolut for an item listed on Tinder, after which the seller deleted their profile.","Complainant was deceived in an online transaction. They transferred $5,158 via Revolut for an item listed on Tinder, after which the seller deleted their profile.",financial_cyber_fraud,Financial Cyber Fraud
cyberguard_300806,cyberguard,2024-05-02,Police / CERT Incident Report,"A commercial logistics agency reported a malware attack that locked critical shipment dispatch schedules, leaving a ransom note demanding Ethereum.","A commercial logistics agency reported a malware attack that locked critical shipment dispatch schedules, leaving a ransom note demanding Ethereum.",ransomware_extortion,Ransomware Extortion
cyberguard_300807,cyberguard,2024-05-02,Police / CERT Incident Report,"A commercial logistics agency reported a malware attack that locked critical shipment dispatch schedules, leaving a ransom note demanding Monero.","A commercial logistics agency reported a malware attack that locked critical shipment dispatch schedules, leaving a ransom note demanding Monero.",ransomware_extortion,Ransomware Extortion
cyberguard_300808,cyberguard,2024-05-02,Police / CERT Incident Report,"Victim was targeted with an email purporting to be from Tinder demanding password verification, resulting in account takeover.","Victim was targeted with an email purporting to be from Tinder demanding password verification, resulting in account takeover.",phishing_social_engineering,Phishing Social Engineering
cyberguard_300809,cyberguard,2024-05-02,Police / CERT Incident Report,"A business owner filed a report stating that an extortion group encrypted their client database, demanding $71,287 in Bitcoin to restore access.","A business owner filed a report stating that an extortion group encrypted their client database, demanding $71,287 in Bitcoin to restore access.",ransomware_extortion,Ransomware Extortion
cyberguard_300810,cyberguard,2024-05-02,Police / CERT Incident Report,"An impersonation call from someone claiming to be technical support at Zelle directed the victim to install remote access tools, compromising $12,822.","An impersonation call from someone claiming to be technical support at Zelle directed the victim to install remote access tools, compromising $12,822.",phishing_social_engineering,Phishing Social Engineering
cyberguard_300811,cyberguard,2024-05-02,Police / CERT Incident Report,"A victim discovered that their identity was forged to register unauthorized accounts with Cash App and obtain online loans amounting to $53,890 without consent.","A victim discovered that their identity was forged to register unauthorized accounts with Cash App and obtain online loans amounting to $53,890 without consent.",identity_theft_impersonation,Identity Theft Impersonation
cyberguard_300812,cyberguard,2024-05-02,Police / CERT Incident Report,"A commercial logistics agency reported a malware attack that locked critical shipment dispatch schedules, leaving a ransom note demanding Solana.","A commercial logistics agency reported a malware attack that locked critical shipment dispatch schedules, leaving a ransom note demanding Solana.",ransomware_extortion,Ransomware Extortion
cyberguard_300813,cyberguard,2024-05-02,Police / CERT Incident Report,"Victim received an urgent smishing SMS claiming an undelivered parcel from postal services, providing a spoofed link that compromised their debit card details.","Victim received an urgent smishing SMS claiming an undelivered parcel from postal services, providing a spoofed link that compromised their debit card details.",phishing_social_engineering,Phishing Social Engineering
cyberguard_300814,cyberguard,2024-05-02,Police / CERT Incident Report,"Victim received an urgent smishing SMS claiming an undelivered parcel from postal services, providing a spoofed link that compromised their debit card details.","Victim received an urgent smishing SMS claiming an undelivered parcel from postal services, providing a spoofed link that compromised their debit card details.",phishing_social_engineering,Phishing Social Engineering
cyberguard_300815,cyberguard,2024-05-02,Police / CERT Incident Report,"Victim received an urgent smishing SMS claiming an undelivered parcel from postal services, providing a spoofed link that compromised their debit card details.","Victim received an urgent smishing SMS claiming an undelivered parcel from postal services, providing a spoofed link that compromised their debit card details.",phishing_social_engineering,Phishing Social Engineering
cyberguard_300816,cyberguard,2024-05-02,Police / CERT Incident Report,"Complainant reported identity theft. Fraudsters acquired the victim's social security number and driver's license from an online leak and fraudulently claimed $12,405 in benefits.","Complainant reported identity theft. Fraudsters acquired the victim's social security number and driver's license from an online leak and fraudulently claimed $12,405 in benefits.",identity_theft_impersonation,Identity Theft Impersonation
cyberguard_300817,cyberguard,2024-05-02,Police / CERT Incident Report,"Citizen reported an online crypto investment fraud. An unknown party contacted them via Facebook Marketplace promoting a trading platform. Victim transferred $72,410 in Monero before being locked out.","Citizen reported an online crypto investment fraud. An unknown party contacted them via Facebook Marketplace promoting a trading platform. Victim transferred $72,410 in Monero before being locked out.",financial_cyber_fraud,Financial Cyber Fraud
cyberguard_300818,cyberguard,2024-05-02,Police / CERT Incident Report,"Complainant reported identity theft. Fraudsters acquired the victim's social security number and driver's license from an online leak and fraudulently claimed $60,830 in benefits.","Complainant reported identity theft. Fraudsters acquired the victim's social security number and driver's license from an online leak and fraudulently claimed $60,830 in benefits.",identity_theft_impersonation,Identity Theft Impersonation
cyberguard_300819,cyberguard,2024-05-02,Police / CERT Incident Report,"Complainant reported digital extortion where an attacker threatened to release private personal photographs unless $17,771 in Monero was paid within 24 hours.","Complainant reported digital extortion where an attacker threatened to release private personal photographs unless $17,771 in Monero was paid within 24 hours.",ransomware_extortion,Ransomware Extortion
cyberguard_300820,cyberguard,2024-05-02,Police / CERT Incident Report,"An impersonation call from someone claiming to be technical support at Cash App directed the victim to install remote access tools, compromising $66,072.","An impersonation call from someone claiming to be technical support at Cash App directed the victim to install remote access tools, compromising $66,072.",phishing_social_engineering,Phishing Social Engineering
cyberguard_300821,cyberguard,2024-05-02,Police / CERT Incident Report,"Complainant reported identity theft. Fraudsters acquired the victim's social security number and driver's license from an online leak and fraudulently claimed $76,164 in benefits.","Complainant reported identity theft. Fraudsters acquired the victim's social security number and driver's license from an online leak and fraudulently claimed $76,164 in benefits.",identity_theft_impersonation,Identity Theft Impersonation
cyberguard_300822,cyberguard,2024-05-02,Police / CERT Incident Report,"An impersonation call from someone claiming to be technical support at Revolut directed the victim to install remote access tools, compromising $33,174.","An impersonation call from someone claiming to be technical support at Revolut directed the victim to install remote access tools, compromising $33,174.",phishing_social_engineering,Phishing Social Engineering
cyberguard_300823,cyberguard,2024-05-02,Police / CERT Incident Report,"An impersonation call from someone claiming to be technical support at Venmo directed the victim to install remote access tools, compromising $57,219.","An impersonation call from someone claiming to be technical support at Venmo directed the victim to install remote access tools, compromising $57,219.",phishing_social_engineering,Phishing Social Engineering
cyberguard_300824,cyberguard,2024-05-02,Police / CERT Incident Report,"A commercial logistics agency reported a malware attack that locked critical shipment dispatch schedules, leaving a ransom note demanding Tether (USDT).","A commercial logistics agency reported a malware attack that locked critical shipment dispatch schedules, leaving a ransom note demanding Tether (USDT).",ransomware_extortion,Ransomware Extortion
cyberguard_300825,cyberguard,2024-05-02,Police / CERT Incident Report,"An impersonation call from someone claiming to be technical support at Chime directed the victim to install remote access tools, compromising $17,158.","An impersonation call from someone claiming to be technical support at Chime directed the victim to install remote access tools, compromising $17,158.",phishing_social_engineering,Phishing Social Engineering
cyberguard_300826,cyberguard,2024-05-02,Police / CERT Incident Report,"Complainant reported digital extortion where an attacker threatened to release private personal photographs unless $51,543 in Solana was paid within 24 hours.","Complainant reported digital extortion where an attacker threatened to release private personal photographs unless $51,543 in Solana was paid within 24 hours.",ransomware_extortion,Ransomware Extortion
cyberguard_300827,cyberguard,2024-05-02,Police / CERT Incident Report,"Victim received an urgent smishing SMS claiming an undelivered parcel from postal services, providing a spoofed link that compromised their debit card details.","Victim received an urgent smishing SMS claiming an undelivered parcel from postal services, providing a spoofed link that compromised their debit card details.",phishing_social_engineering,Phishing Social Engineering
cyberguard_300828,cyberguard,2024-05-02,Police / CERT Incident Report,"Complainant was deceived in an online transaction. They transferred $31,917 via Venmo for an item listed on Telegram, after which the seller deleted their profile.","Complainant was deceived in an online transaction. They transferred $31,917 via Venmo for an item listed on Telegram, after which the seller deleted their profile.",financial_cyber_fraud,Financial Cyber Fraud
cyberguard_300829,cyberguard,2024-05-02,Police / CERT Incident Report,"Complainant reported identity theft. Fraudsters acquired the victim's social security number and driver's license from an online leak and fraudulently claimed $55,994 in benefits.","Complainant reported identity theft. Fraudsters acquired the victim's social security number and driver's license from an online leak and fraudulently claimed $55,994 in benefits.",identity_theft_impersonation,Identity Theft Impersonation
cyberguard_300830,cyberguard,2024-05-02,Police / CERT Incident Report,"Complainant reported that an unknown perpetrator impersonated them using their personal credentials to lease equipment and open utility accounts totaling $75,329.","Complainant reported that an unknown perpetrator impersonated them using their personal credentials to lease equipment and open utility accounts totaling $75,329.",identity_theft_impersonation,Identity Theft Impersonation
cyberguard_300831,cyberguard,2024-05-02,Police / CERT Incident Report,"Complainant reported digital extortion where an attacker threatened to release private personal photographs unless $1,250 in Solana was paid within 24 hours.","Complainant reported digital extortion where an attacker threatened to release private personal photographs unless $1,250 in Solana was paid within 24 hours.",ransomware_extortion,Ransomware Extortion
cyberguard_300832,cyberguard,2024-05-02,Police / CERT Incident Report,"A business owner filed a report stating that an extortion group encrypted their client database, demanding $45,944 in Bitcoin to restore access.","A business owner filed a report stating that an extortion group encrypted their client database, demanding $45,944 in Bitcoin to restore access.",ransomware_extortion,Ransomware Extortion
cyberguard_300833,cyberguard,2024-05-02,Police / CERT Incident Report,"A business owner filed a report stating that an extortion group encrypted their client database, demanding $30,594 in Solana to restore access.","A business owner filed a report stating that an extortion group encrypted their client database, demanding $30,594 in Solana to restore access.",ransomware_extortion,Ransomware Extortion
cyberguard_300834,cyberguard,2024-05-02,Police / CERT Incident Report,"An impersonation call from someone claiming to be technical support at Wells Fargo directed the victim to install remote access tools, compromising $50,224.","An impersonation call from someone claiming to be technical support at Wells Fargo directed the victim to install remote access tools, compromising $50,224.",phishing_social_engineering,Phishing Social Engineering
cyberguard_300835,cyberguard,2024-05-02,Police / CERT Incident Report,"Victim experienced unauthorized card-not-present fraud where $39,558 was deducted through international online payment processors.","Victim experienced unauthorized card-not-present fraud where $39,558 was deducted through international online payment processors.",financial_cyber_fraud,Financial Cyber Fraud
cyberguard_300836,cyberguard,2024-05-02,Police / CERT Incident Report,"Victim received an urgent smishing SMS claiming an undelivered parcel from postal services, providing a spoofed link that compromised their debit card details.","Victim received an urgent smishing SMS claiming an undelivered parcel from postal services, providing a spoofed link that compromised their debit card details.",phishing_social_engineering,Phishing Social Engineering
cyberguard_300837,cyberguard,2024-05-02,Police / CERT Incident Report,"A victim discovered that their identity was forged to register unauthorized accounts with Zelle and obtain online loans amounting to $50,538 without consent.","A victim discovered that their identity was forged to register unauthorized accounts with Zelle and obtain online loans amounting to $50,538 without consent.",identity_theft_impersonation,Identity Theft Impersonation
cyberguard_300838,cyberguard,2024-05-02,Police / CERT Incident Report,"Complainant reported identity theft. Fraudsters acquired the victim's social security number and driver's license from an online leak and fraudulently claimed $37,763 in benefits.","Complainant reported identity theft. Fraudsters acquired the victim's social security number and driver's license from an online leak and fraudulently claimed $37,763 in benefits.",identity_theft_impersonation,Identity Theft Impersonation
cyberguard_300839,cyberguard,2024-05-02,Police / CERT Incident Report,"Victim experienced unauthorized card-not-present fraud where $47,747 was deducted through international online payment processors.","Victim experienced unauthorized card-not-present fraud where $47,747 was deducted through international online payment processors.",financial_cyber_fraud,Financial Cyber Fraud
cyberguard_300840,cyberguard,2024-05-02,Police / CERT Incident Report,"Complainant reported identity theft. Fraudsters acquired the victim's social security number and driver's license from an online leak and fraudulently claimed $35,760 in benefits.","Complainant reported identity theft. Fraudsters acquired the victim's social security number and driver's license from an online leak and fraudulently claimed $35,760 in benefits.",identity_theft_impersonation,Identity Theft Impersonation
cyberguard_300841,cyberguard,2024-05-02,Police / CERT Incident Report,"A business owner filed a report stating that an extortion group encrypted their client database, demanding $82,322 in Solana to restore access.","A business owner filed a report stating that an extortion group encrypted their client database, demanding $82,322 in Solana to restore access.",ransomware_extortion,Ransomware Extortion
cyberguard_300842,cyberguard,2024-05-02,Police / CERT Incident Report,"Complainant reported identity theft. Fraudsters acquired the victim's social security number and driver's license from an online leak and fraudulently claimed $73,635 in benefits.","Complainant reported identity theft. Fraudsters acquired the victim's social security number and driver's license from an online leak and fraudulently claimed $73,635 in benefits.",identity_theft_impersonation,Identity Theft Impersonation
cyberguard_300843,cyberguard,2024-05-02,Police / CERT Incident Report,"Citizen reported an online crypto investment fraud. An unknown party contacted them via Facebook Marketplace promoting a trading platform. Victim transferred $21,031 in Bitcoin before being locked out.","Citizen reported an online crypto investment fraud. An unknown party contacted them via Facebook Marketplace promoting a trading platform. Victim transferred $21,031 in Bitcoin before being locked out.",financial_cyber_fraud,Financial Cyber Fraud
cyberguard_300844,cyberguard,2024-05-02,Police / CERT Incident Report,"Victim received an urgent smishing SMS claiming an undelivered parcel from postal services, providing a spoofed link that compromised their debit card details.","Victim received an urgent smishing SMS claiming an undelivered parcel from postal services, providing a spoofed link that compromised their debit card details.",phishing_social_engineering,Phishing Social Engineering
cyberguard_300845,cyberguard,2024-05-02,Police / CERT Incident Report,"A commercial logistics agency reported a malware attack that locked critical shipment dispatch schedules, leaving a ransom note demanding Monero.","A commercial logistics agency reported a malware attack that locked critical shipment dispatch schedules, leaving a ransom note demanding Monero.",ransomware_extortion,Ransomware Extortion
cyberguard_300846,cyberguard,2024-05-02,Police / CERT Incident Report,"An impersonation call from someone claiming to be technical support at JPMorgan Chase directed the victim to install remote access tools, compromising $56,360.","An impersonation call from someone claiming to be technical support at JPMorgan Chase directed the victim to install remote access tools, compromising $56,360.",phishing_social_engineering,Phishing Social Engineering
cyberguard_300847,cyberguard,2024-05-02,Police / CERT Incident Report,"A victim discovered that their identity was forged to register unauthorized accounts with Zelle and obtain online loans amounting to $19,255 without consent.","A victim discovered that their identity was forged to register unauthorized accounts with Zelle and obtain online loans amounting to $19,255 without consent.",identity_theft_impersonation,Identity Theft Impersonation
cyberguard_300848,cyberguard,2024-05-02,Police / CERT Incident Report,"Complainant reported identity theft. Fraudsters acquired the victim's social security number and driver's license from an online leak and fraudulently claimed $80,234 in benefits.","Complainant reported identity theft. Fraudsters acquired the victim's social security number and driver's license from an online leak and fraudulently claimed $80,234 in benefits.",identity_theft_impersonation,Identity Theft Impersonation
cyberguard_300849,cyberguard,2024-05-02,Police / CERT Incident Report,"A victim discovered that their identity was forged to register unauthorized accounts with JPMorgan Chase and obtain online loans amounting to $25,115 without consent.","A victim discovered that their identity was forged to register unauthorized accounts with JPMorgan Chase and obtain online loans amounting to $25,115 without consent.",identity_theft_impersonation,Identity Theft Impersonation
cyberguard_300850,cyberguard,2024-05-02,Police / CERT Incident Report,"A business owner filed a report stating that an extortion group encrypted their client database, demanding $15,100 in Solana to restore access.","A business owner filed a report stating that an extortion group encrypted their client database, demanding $15,100 in Solana to restore access.",ransomware_extortion,Ransomware Extortion
cyberguard_300851,cyberguard,2024-05-02,Police / CERT Incident Report,"A commercial logistics agency reported a malware attack that locked critical shipment dispatch schedules, leaving a ransom note demanding Monero.","A commercial logistics agency reported a malware attack that locked critical shipment dispatch schedules, leaving a ransom note demanding Monero.",ransomware_extortion,Ransomware Extortion
cyberguard_300852,cyberguard,2024-05-02,Police / CERT Incident Report,"Victim received an urgent smishing SMS claiming an undelivered parcel from postal services, providing a spoofed link that compromised their debit card details.","Victim received an urgent smishing SMS claiming an undelivered parcel from postal services, providing a spoofed link that compromised their debit card details.",phishing_social_engineering,Phishing Social Engineering
cyberguard_300853,cyberguard,2024-05-02,Police / CERT Incident Report,"Complainant reported identity theft. Fraudsters acquired the victim's social security number and driver's license from an online leak and fraudulently claimed $57,193 in benefits.","Complainant reported identity theft. Fraudsters acquired the victim's social security number and driver's license from an online leak and fraudulently claimed $57,193 in benefits.",identity_theft_impersonation,Identity Theft Impersonation
cyberguard_300854,cyberguard,2024-05-02,Police / CERT Incident Report,"Victim received an urgent smishing SMS claiming an undelivered parcel from postal services, providing a spoofed link that compromised their debit card details.","Victim received an urgent smishing SMS claiming an undelivered parcel from postal services, providing a spoofed link that compromised their debit card details.",phishing_social_engineering,Phishing Social Engineering
cyberguard_300855,cyberguard,2024-05-02,Police / CERT Incident Report,"A business owner filed a report stating that an extortion group encrypted their client database, demanding $64,254 in Tether (USDT) to restore access.","A business owner filed a report stating that an extortion group encrypted their client database, demanding $64,254 in Tether (USDT) to restore access.",ransomware_extortion,Ransomware Extortion
cyberguard_300856,cyberguard,2024-05-02,Police / CERT Incident Report,"Victim received an urgent smishing SMS claiming an undelivered parcel from postal services, providing a spoofed link that compromised their debit card details.","Victim received an urgent smishing SMS claiming an undelivered parcel from postal services, providing a spoofed link that compromised their debit card details.",phishing_social_engineering,Phishing Social Engineering
cyberguard_300857,cyberguard,2024-05-02,Police / CERT Incident Report,"Complainant reported digital extortion where an attacker threatened to release private personal photographs unless $24,369 in Monero was paid within 24 hours.","Complainant reported digital extortion where an attacker threatened to release private personal photographs unless $24,369 in Monero was paid within 24 hours.",ransomware_extortion,Ransomware Extortion
cyberguard_300858,cyberguard,2024-05-02,Police / CERT Incident Report,"Victim received an urgent smishing SMS claiming an undelivered parcel from postal services, providing a spoofed link that compromised their debit card details.","Victim received an urgent smishing SMS claiming an undelivered parcel from postal services, providing a spoofed link that compromised their debit card details.",phishing_social_engineering,Phishing Social Engineering
cyberguard_300859,cyberguard,2024-05-02,Police / CERT Incident Report,"Complainant reported that an unknown perpetrator impersonated them using their personal credentials to lease equipment and open utility accounts totaling $49,336.","Complainant reported that an unknown perpetrator impersonated them using their personal credentials to lease equipment and open utility accounts totaling $49,336.",identity_theft_impersonation,Identity Theft Impersonation
cyberguard_300860,cyberguard,2024-05-02,Police / CERT Incident Report,"An impersonation call from someone claiming to be technical support at Venmo directed the victim to install remote access tools, compromising $3,873.","An impersonation call from someone claiming to be technical support at Venmo directed the victim to install remote access tools, compromising $3,873.",phishing_social_engineering,Phishing Social Engineering
cyberguard_300861,cyberguard,2024-05-02,Police / CERT Incident Report,"Complainant reported that an unknown perpetrator impersonated them using their personal credentials to lease equipment and open utility accounts totaling $27,396.","Complainant reported that an unknown perpetrator impersonated them using their personal credentials to lease equipment and open utility accounts totaling $27,396.",identity_theft_impersonation,Identity Theft Impersonation
cyberguard_300862,cyberguard,2024-05-02,Police / CERT Incident Report,"Citizen reported an online crypto investment fraud. An unknown party contacted them via Facebook Marketplace promoting a trading platform. Victim transferred $83,200 in Bitcoin before being locked out.","Citizen reported an online crypto investment fraud. An unknown party contacted them via Facebook Marketplace promoting a trading platform. Victim transferred $83,200 in Bitcoin before being locked out.",financial_cyber_fraud,Financial Cyber Fraud
cyberguard_300863,cyberguard,2024-05-02,Police / CERT Incident Report,"Complainant was deceived in an online transaction. They transferred $19,691 via Revolut for an item listed on WhatsApp, after which the seller deleted their profile.","Complainant was deceived in an online transaction. They transferred $19,691 via Revolut for an item listed on WhatsApp, after which the seller deleted their profile.",financial_cyber_fraud,Financial Cyber Fraud
cyberguard_300864,cyberguard,2024-05-02,Police / CERT Incident Report,"Complainant reported that an unknown perpetrator impersonated them using their personal credentials to lease equipment and open utility accounts totaling $81,832.","Complainant reported that an unknown perpetrator impersonated them using their personal credentials to lease equipment and open utility accounts totaling $81,832.",identity_theft_impersonation,Identity Theft Impersonation
cyberguard_300865,cyberguard,2024-05-02,Police / CERT Incident Report,"An impersonation call from someone claiming to be technical support at Revolut directed the victim to install remote access tools, compromising $61,716.","An impersonation call from someone claiming to be technical support at Revolut directed the victim to install remote access tools, compromising $61,716.",phishing_social_engineering,Phishing Social Engineering
cyberguard_300866,cyberguard,2024-05-02,Police / CERT Incident Report,"An impersonation call from someone claiming to be technical support at Wells Fargo directed the victim to install remote access tools, compromising $39,747.","An impersonation call from someone claiming to be technical support at Wells Fargo directed the victim to install remote access tools, compromising $39,747.",phishing_social_engineering,Phishing Social Engineering
cyberguard_300867,cyberguard,2024-05-02,Police / CERT Incident Report,"Victim was targeted with an email purporting to be from Instagram demanding password verification, resulting in account takeover.","Victim was targeted with an email purporting to be from Instagram demanding password verification, resulting in account takeover.",phishing_social_engineering,Phishing Social Engineering
cyberguard_300868,cyberguard,2024-05-02,Police / CERT Incident Report,"Complainant reported identity theft. Fraudsters acquired the victim's social security number and driver's license from an online leak and fraudulently claimed $60,691 in benefits.","Complainant reported identity theft. Fraudsters acquired the victim's social security number and driver's license from an online leak and fraudulently claimed $60,691 in benefits.",identity_theft_impersonation,Identity Theft Impersonation
cyberguard_300869,cyberguard,2024-05-02,Police / CERT Incident Report,"Citizen reported an online crypto investment fraud. An unknown party contacted them via Tinder promoting a trading platform. Victim transferred $81,848 in Bitcoin before being locked out.","Citizen reported an online crypto investment fraud. An unknown party contacted them via Tinder promoting a trading platform. Victim transferred $81,848 in Bitcoin before being locked out.",financial_cyber_fraud,Financial Cyber Fraud
cyberguard_300870,cyberguard,2024-05-02,Police / CERT Incident Report,"Complainant reported that an unknown perpetrator impersonated them using their personal credentials to lease equipment and open utility accounts totaling $17,600.","Complainant reported that an unknown perpetrator impersonated them using their personal credentials to lease equipment and open utility accounts totaling $17,600.",identity_theft_impersonation,Identity Theft Impersonation
cyberguard_300871,cyberguard,2024-05-02,Police / CERT Incident Report,"A commercial logistics agency reported a malware attack that locked critical shipment dispatch schedules, leaving a ransom note demanding Solana.","A commercial logistics agency reported a malware attack that locked critical shipment dispatch schedules, leaving a ransom note demanding Solana.",ransomware_extortion,Ransomware Extortion
cyberguard_300872,cyberguard,2024-05-02,Police / CERT Incident Report,"A victim discovered that their identity was forged to register unauthorized accounts with Venmo and obtain online loans amounting to $68,462 without consent.","A victim discovered that their identity was forged to register unauthorized accounts with Venmo and obtain online loans amounting to $68,462 without consent.",identity_theft_impersonation,Identity Theft Impersonation
cyberguard_300873,cyberguard,2024-05-02,Police / CERT Incident Report,"Complainant reported identity theft. Fraudsters acquired the victim's social security number and driver's license from an online leak and fraudulently claimed $15,358 in benefits.","Complainant reported identity theft. Fraudsters acquired the victim's social security number and driver's license from an online leak and fraudulently claimed $15,358 in benefits.",identity_theft_impersonation,Identity Theft Impersonation
cyberguard_300874,cyberguard,2024-05-02,Police / CERT Incident Report,"An impersonation call from someone claiming to be technical support at Cash App directed the victim to install remote access tools, compromising $31,501.","An impersonation call from someone claiming to be technical support at Cash App directed the victim to install remote access tools, compromising $31,501.",phishing_social_engineering,Phishing Social Engineering
cyberguard_300875,cyberguard,2024-05-02,Police / CERT Incident Report,"A business owner filed a report stating that an extortion group encrypted their client database, demanding $45,358 in Bitcoin to restore access.","A business owner filed a report stating that an extortion group encrypted their client database, demanding $45,358 in Bitcoin to restore access.",ransomware_extortion,Ransomware Extortion
cyberguard_300876,cyberguard,2024-05-02,Police / CERT Incident Report,"A victim discovered that their identity was forged to register unauthorized accounts with Chime and obtain online loans amounting to $53,921 without consent.","A victim discovered that their identity was forged to register unauthorized accounts with Chime and obtain online loans amounting to $53,921 without consent.",identity_theft_impersonation,Identity Theft Impersonation
cyberguard_300877,cyberguard,2024-05-02,Police / CERT Incident Report,"Complainant reported identity theft. Fraudsters acquired the victim's social security number and driver's license from an online leak and fraudulently claimed $76,616 in benefits.","Complainant reported identity theft. Fraudsters acquired the victim's social security number and driver's license from an online leak and fraudulently claimed $76,616 in benefits.",identity_theft_impersonation,Identity Theft Impersonation
cyberguard_300878,cyberguard,2024-05-02,Police / CERT Incident Report,"Complainant reported that an unknown perpetrator impersonated them using their personal credentials to lease equipment and open utility accounts totaling $24,669.","Complainant reported that an unknown perpetrator impersonated them using their personal credentials to lease equipment and open utility accounts totaling $24,669.",identity_theft_impersonation,Identity Theft Impersonation
cyberguard_300879,cyberguard,2024-05-02,Police / CERT Incident Report,"Complainant was deceived in an online transaction. They transferred $81,130 via Cash App for an item listed on Instagram, after which the seller deleted their profile.","Complainant was deceived in an online transaction. They transferred $81,130 via Cash App for an item listed on Instagram, after which the seller deleted their profile.",financial_cyber_fraud,Financial Cyber Fraud
cyberguard_300880,cyberguard,2024-05-02,Police / CERT Incident Report,"Complainant reported digital extortion where an attacker threatened to release private personal photographs unless $22,436 in Bitcoin was paid within 24 hours.","Complainant reported digital extortion where an attacker threatened to release private personal photographs unless $22,436 in Bitcoin was paid within 24 hours.",ransomware_extortion,Ransomware Extortion
cyberguard_300881,cyberguard,2024-05-02,Police / CERT Incident Report,"A victim discovered that their identity was forged to register unauthorized accounts with Revolut and obtain online loans amounting to $8,729 without consent.","A victim discovered that their identity was forged to register unauthorized accounts with Revolut and obtain online loans amounting to $8,729 without consent.",identity_theft_impersonation,Identity Theft Impersonation
cyberguard_300882,cyberguard,2024-05-02,Police / CERT Incident Report,"Complainant reported digital extortion where an attacker threatened to release private personal photographs unless $34,867 in Monero was paid within 24 hours.","Complainant reported digital extortion where an attacker threatened to release private personal photographs unless $34,867 in Monero was paid within 24 hours.",ransomware_extortion,Ransomware Extortion
cyberguard_300883,cyberguard,2024-05-02,Police / CERT Incident Report,"Victim received an urgent smishing SMS claiming an undelivered parcel from postal services, providing a spoofed link that compromised their debit card details.","Victim received an urgent smishing SMS claiming an undelivered parcel from postal services, providing a spoofed link that compromised their debit card details.",phishing_social_engineering,Phishing Social Engineering
cyberguard_300884,cyberguard,2024-05-02,Police / CERT Incident Report,"Complainant reported identity theft. Fraudsters acquired the victim's social security number and driver's license from an online leak and fraudulently claimed $64,293 in benefits.","Complainant reported identity theft. Fraudsters acquired the victim's social security number and driver's license from an online leak and fraudulently claimed $64,293 in benefits.",identity_theft_impersonation,Identity Theft Impersonation
cyberguard_300885,cyberguard,2024-05-02,Police / CERT Incident Report,"A business owner filed a report stating that an extortion group encrypted their client database, demanding $64,231 in Bitcoin to restore access.","A business owner filed a report stating that an extortion group encrypted their client database, demanding $64,231 in Bitcoin to restore access.",ransomware_extortion,Ransomware Extortion
cyberguard_300886,cyberguard,2024-05-02,Police / CERT Incident Report,"Complainant was deceived in an online transaction. They transferred $4,172 via Venmo for an item listed on Instagram, after which the seller deleted their profile.","Complainant was deceived in an online transaction. They transferred $4,172 via Venmo for an item listed on Instagram, after which the seller deleted their profile.",financial_cyber_fraud,Financial Cyber Fraud
cyberguard_300887,cyberguard,2024-05-02,Police / CERT Incident Report,"Complainant reported identity theft. Fraudsters acquired the victim's social security number and driver's license from an online leak and fraudulently claimed $33,066 in benefits.","Complainant reported identity theft. Fraudsters acquired the victim's social security number and driver's license from an online leak and fraudulently claimed $33,066 in benefits.",identity_theft_impersonation,Identity Theft Impersonation
cyberguard_300888,cyberguard,2024-05-02,Police / CERT Incident Report,"Citizen reported an online crypto investment fraud. An unknown party contacted them via Tinder promoting a trading platform. Victim transferred $37,529 in Ethereum before being locked out.","Citizen reported an online crypto investment fraud. An unknown party contacted them via Tinder promoting a trading platform. Victim transferred $37,529 in Ethereum before being locked out.",financial_cyber_fraud,Financial Cyber Fraud
cyberguard_300889,cyberguard,2024-05-02,Police / CERT Incident Report,"Victim received an urgent smishing SMS claiming an undelivered parcel from postal services, providing a spoofed link that compromised their debit card details.","Victim received an urgent smishing SMS claiming an undelivered parcel from postal services, providing a spoofed link that compromised their debit card details.",phishing_social_engineering,Phishing Social Engineering
cyberguard_300890,cyberguard,2024-05-02,Police / CERT Incident Report,"An impersonation call from someone claiming to be technical support at Cash App directed the victim to install remote access tools, compromising $14,203.","An impersonation call from someone claiming to be technical support at Cash App directed the victim to install remote access tools, compromising $14,203.",phishing_social_engineering,Phishing Social Engineering
cyberguard_300891,cyberguard,2024-05-02,Police / CERT Incident Report,"Complainant was deceived in an online transaction. They transferred $44,564 via Chime for an item listed on Instagram, after which the seller deleted their profile.","Complainant was deceived in an online transaction. They transferred $44,564 via Chime for an item listed on Instagram, after which the seller deleted their profile.",financial_cyber_fraud,Financial Cyber Fraud
cyberguard_300892,cyberguard,2024-05-02,Police / CERT Incident Report,"Complainant reported that an unknown perpetrator impersonated them using their personal credentials to lease equipment and open utility accounts totaling $4,734.","Complainant reported that an unknown perpetrator impersonated them using their personal credentials to lease equipment and open utility accounts totaling $4,734.",identity_theft_impersonation,Identity Theft Impersonation
cyberguard_300893,cyberguard,2024-05-02,Police / CERT Incident Report,"Victim was targeted with an email purporting to be from WhatsApp demanding password verification, resulting in account takeover.","Victim was targeted with an email purporting to be from WhatsApp demanding password verification, resulting in account takeover.",phishing_social_engineering,Phishing Social Engineering
cyberguard_300894,cyberguard,2024-05-02,Police / CERT Incident Report,"Victim experienced unauthorized card-not-present fraud where $72,199 was deducted through international online payment processors.","Victim experienced unauthorized card-not-present fraud where $72,199 was deducted through international online payment processors.",financial_cyber_fraud,Financial Cyber Fraud
cyberguard_300895,cyberguard,2024-05-02,Police / CERT Incident Report,"Complainant reported identity theft. Fraudsters acquired the victim's social security number and driver's license from an online leak and fraudulently claimed $59,827 in benefits.","Complainant reported identity theft. Fraudsters acquired the victim's social security number and driver's license from an online leak and fraudulently claimed $59,827 in benefits.",identity_theft_impersonation,Identity Theft Impersonation
cyberguard_300896,cyberguard,2024-05-02,Police / CERT Incident Report,"Complainant reported digital extortion where an attacker threatened to release private personal photographs unless $45,823 in Ethereum was paid within 24 hours.","Complainant reported digital extortion where an attacker threatened to release private personal photographs unless $45,823 in Ethereum was paid within 24 hours.",ransomware_extortion,Ransomware Extortion
cyberguard_300897,cyberguard,2024-05-02,Police / CERT Incident Report,"A business owner filed a report stating that an extortion group encrypted their client database, demanding $67,632 in Ethereum to restore access.","A business owner filed a report stating that an extortion group encrypted their client database, demanding $67,632 in Ethereum to restore access.",ransomware_extortion,Ransomware Extortion
cyberguard_300898,cyberguard,2024-05-02,Police / CERT Incident Report,"Complainant reported identity theft. Fraudsters acquired the victim's social security number and driver's license from an online leak and fraudulently claimed $35,506 in benefits.","Complainant reported identity theft. Fraudsters acquired the victim's social security number and driver's license from an online leak and fraudulently claimed $35,506 in benefits.",identity_theft_impersonation,Identity Theft Impersonation
cyberguard_300899,cyberguard,2024-05-02,Police / CERT Incident Report,"A victim discovered that their identity was forged to register unauthorized accounts with Revolut and obtain online loans amounting to $23,370 without consent.","A victim discovered that their identity was forged to register unauthorized accounts with Revolut and obtain online loans amounting to $23,370 without consent.",identity_theft_impersonation,Identity Theft Impersonation
cyberguard_300900,cyberguard,2024-05-02,Police / CERT Incident Report,"Victim was targeted with an email purporting to be from Tinder demanding password verification, resulting in account takeover.","Victim was targeted with an email purporting to be from Tinder demanding password verification, resulting in account takeover.",phishing_social_engineering,Phishing Social Engineering
cyberguard_300901,cyberguard,2024-05-02,Police / CERT Incident Report,"An impersonation call from someone claiming to be technical support at Cash App directed the victim to install remote access tools, compromising $30,820.","An impersonation call from someone claiming to be technical support at Cash App directed the victim to install remote access tools, compromising $30,820.",phishing_social_engineering,Phishing Social Engineering
cyberguard_300902,cyberguard,2024-05-02,Police / CERT Incident Report,"A business owner filed a report stating that an extortion group encrypted their client database, demanding $34,287 in Monero to restore access.","A business owner filed a report stating that an extortion group encrypted their client database, demanding $34,287 in Monero to restore access.",ransomware_extortion,Ransomware Extortion
cyberguard_300903,cyberguard,2024-05-02,Police / CERT Incident Report,"Victim experienced unauthorized card-not-present fraud where $45,340 was deducted through international online payment processors.","Victim experienced unauthorized card-not-present fraud where $45,340 was deducted through international online payment processors.",financial_cyber_fraud,Financial Cyber Fraud
cyberguard_300904,cyberguard,2024-05-02,Police / CERT Incident Report,"Complainant reported digital extortion where an attacker threatened to release private personal photographs unless $1,908 in Ethereum was paid within 24 hours.","Complainant reported digital extortion where an attacker threatened to release private personal photographs unless $1,908 in Ethereum was paid within 24 hours.",ransomware_extortion,Ransomware Extortion
cyberguard_300905,cyberguard,2024-05-02,Police / CERT Incident Report,"Complainant was deceived in an online transaction. They transferred $77,163 via Chime for an item listed on Tinder, after which the seller deleted their profile.","Complainant was deceived in an online transaction. They transferred $77,163 via Chime for an item listed on Tinder, after which the seller deleted their profile.",financial_cyber_fraud,Financial Cyber Fraud
cyberguard_300906,cyberguard,2024-05-02,Police / CERT Incident Report,"A business owner filed a report stating that an extortion group encrypted their client database, demanding $18,800 in Solana to restore access.","A business owner filed a report stating that an extortion group encrypted their client database, demanding $18,800 in Solana to restore access.",ransomware_extortion,Ransomware Extortion
cyberguard_300907,cyberguard,2024-05-02,Police / CERT Incident Report,"Complainant reported that an unknown perpetrator impersonated them using their personal credentials to lease equipment and open utility accounts totaling $51,078.","Complainant reported that an unknown perpetrator impersonated them using their personal credentials to lease equipment and open utility accounts totaling $51,078.",identity_theft_impersonation,Identity Theft Impersonation
cyberguard_300908,cyberguard,2024-05-02,Police / CERT Incident Report,"A business owner filed a report stating that an extortion group encrypted their client database, demanding $55,228 in Tether (USDT) to restore access.","A business owner filed a report stating that an extortion group encrypted their client database, demanding $55,228 in Tether (USDT) to restore access.",ransomware_extortion,Ransomware Extortion
cyberguard_300909,cyberguard,2024-05-02,Police / CERT Incident Report,"A commercial logistics agency reported a malware attack that locked critical shipment dispatch schedules, leaving a ransom note demanding Monero.","A commercial logistics agency reported a malware attack that locked critical shipment dispatch schedules, leaving a ransom note demanding Monero.",ransomware_extortion,Ransomware Extortion
cyberguard_300910,cyberguard,2024-05-02,Police / CERT Incident Report,"A victim discovered that their identity was forged to register unauthorized accounts with JPMorgan Chase and obtain online loans amounting to $79,947 without consent.","A victim discovered that their identity was forged to register unauthorized accounts with JPMorgan Chase and obtain online loans amounting to $79,947 without consent.",identity_theft_impersonation,Identity Theft Impersonation
cyberguard_300911,cyberguard,2024-05-02,Police / CERT Incident Report,"Victim received an urgent smishing SMS claiming an undelivered parcel from postal services, providing a spoofed link that compromised their debit card details.","Victim received an urgent smishing SMS claiming an undelivered parcel from postal services, providing a spoofed link that compromised their debit card details.",phishing_social_engineering,Phishing Social Engineering
cyberguard_300912,cyberguard,2024-05-02,Police / CERT Incident Report,"Victim was targeted with an email purporting to be from Instagram demanding password verification, resulting in account takeover.","Victim was targeted with an email purporting to be from Instagram demanding password verification, resulting in account takeover.",phishing_social_engineering,Phishing Social Engineering
cyberguard_300913,cyberguard,2024-05-02,Police / CERT Incident Report,"Citizen reported an online crypto investment fraud. An unknown party contacted them via Telegram promoting a trading platform. Victim transferred $14,031 in Bitcoin before being locked out.","Citizen reported an online crypto investment fraud. An unknown party contacted them via Telegram promoting a trading platform. Victim transferred $14,031 in Bitcoin before being locked out.",financial_cyber_fraud,Financial Cyber Fraud
cyberguard_300914,cyberguard,2024-05-02,Police / CERT Incident Report,"Victim experienced unauthorized card-not-present fraud where $17,494 was deducted through international online payment processors.","Victim experienced unauthorized card-not-present fraud where $17,494 was deducted through international online payment processors.",financial_cyber_fraud,Financial Cyber Fraud
cyberguard_300915,cyberguard,2024-05-02,Police / CERT Incident Report,"Complainant reported that an unknown perpetrator impersonated them using their personal credentials to lease equipment and open utility accounts totaling $73,338.","Complainant reported that an unknown perpetrator impersonated them using their personal credentials to lease equipment and open utility accounts totaling $73,338.",identity_theft_impersonation,Identity Theft Impersonation
cyberguard_300916,cyberguard,2024-05-02,Police / CERT Incident Report,"Victim received an urgent smishing SMS claiming an undelivered parcel from postal services, providing a spoofed link that compromised their debit card details.","Victim received an urgent smishing SMS claiming an undelivered parcel from postal services, providing a spoofed link that compromised their debit card details.",phishing_social_engineering,Phishing Social Engineering
cyberguard_300917,cyberguard,2024-05-02,Police / CERT Incident Report,"Citizen reported an online crypto investment fraud. An unknown party contacted them via Telegram promoting a trading platform. Victim transferred $78,883 in Solana before being locked out.","Citizen reported an online crypto investment fraud. An unknown party contacted them via Telegram promoting a trading platform. Victim transferred $78,883 in Solana before being locked out.",financial_cyber_fraud,Financial Cyber Fraud
cyberguard_300918,cyberguard,2024-05-02,Police / CERT Incident Report,"Complainant reported that an unknown perpetrator impersonated them using their personal credentials to lease equipment and open utility accounts totaling $19,565.","Complainant reported that an unknown perpetrator impersonated them using their personal credentials to lease equipment and open utility accounts totaling $19,565.",identity_theft_impersonation,Identity Theft Impersonation
cyberguard_300919,cyberguard,2024-05-02,Police / CERT Incident Report,"A victim discovered that their identity was forged to register unauthorized accounts with Wells Fargo and obtain online loans amounting to $10,590 without consent.","A victim discovered that their identity was forged to register unauthorized accounts with Wells Fargo and obtain online loans amounting to $10,590 without consent.",identity_theft_impersonation,Identity Theft Impersonation
cyberguard_300920,cyberguard,2024-05-02,Police / CERT Incident Report,"Complainant was deceived in an online transaction. They transferred $7,187 via Cash App for an item listed on Instagram, after which the seller deleted their profile.","Complainant was deceived in an online transaction. They transferred $7,187 via Cash App for an item listed on Instagram, after which the seller deleted their profile.",financial_cyber_fraud,Financial Cyber Fraud
cyberguard_300921,cyberguard,2024-05-02,Police / CERT Incident Report,"Complainant reported digital extortion where an attacker threatened to release private personal photographs unless $80,413 in Tether (USDT) was paid within 24 hours.","Complainant reported digital extortion where an attacker threatened to release private personal photographs unless $80,413 in Tether (USDT) was paid within 24 hours.",ransomware_extortion,Ransomware Extortion
cyberguard_300922,cyberguard,2024-05-02,Police / CERT Incident Report,"Victim was targeted with an email purporting to be from Tinder demanding password verification, resulting in account takeover.","Victim was targeted with an email purporting to be from Tinder demanding password verification, resulting in account takeover.",phishing_social_engineering,Phishing Social Engineering
cyberguard_300923,cyberguard,2024-05-02,Police / CERT Incident Report,"A commercial logistics agency reported a malware attack that locked critical shipment dispatch schedules, leaving a ransom note demanding Tether (USDT).","A commercial logistics agency reported a malware attack that locked critical shipment dispatch schedules, leaving a ransom note demanding Tether (USDT).",ransomware_extortion,Ransomware Extortion
cyberguard_300924,cyberguard,2024-05-02,Police / CERT Incident Report,"An impersonation call from someone claiming to be technical support at Zelle directed the victim to install remote access tools, compromising $65,033.","An impersonation call from someone claiming to be technical support at Zelle directed the victim to install remote access tools, compromising $65,033.",phishing_social_engineering,Phishing Social Engineering
cyberguard_300925,cyberguard,2024-05-02,Police / CERT Incident Report,"A commercial logistics agency reported a malware attack that locked critical shipment dispatch schedules, leaving a ransom note demanding Monero.","A commercial logistics agency reported a malware attack that locked critical shipment dispatch schedules, leaving a ransom note demanding Monero.",ransomware_extortion,Ransomware Extortion
cyberguard_300926,cyberguard,2024-05-02,Police / CERT Incident Report,"A victim discovered that their identity was forged to register unauthorized accounts with Chime and obtain online loans amounting to $76,510 without consent.","A victim discovered that their identity was forged to register unauthorized accounts with Chime and obtain online loans amounting to $76,510 without consent.",identity_theft_impersonation,Identity Theft Impersonation
cyberguard_300927,cyberguard,2024-05-02,Police / CERT Incident Report,"Citizen reported an online crypto investment fraud. An unknown party contacted them via WhatsApp promoting a trading platform. Victim transferred $60,524 in Bitcoin before being locked out.","Citizen reported an online crypto investment fraud. An unknown party contacted them via WhatsApp promoting a trading platform. Victim transferred $60,524 in Bitcoin before being locked out.",financial_cyber_fraud,Financial Cyber Fraud
cyberguard_300928,cyberguard,2024-05-02,Police / CERT Incident Report,"A commercial logistics agency reported a malware attack that locked critical shipment dispatch schedules, leaving a ransom note demanding Bitcoin.","A commercial logistics agency reported a malware attack that locked critical shipment dispatch schedules, leaving a ransom note demanding Bitcoin.",ransomware_extortion,Ransomware Extortion
cyberguard_300929,cyberguard,2024-05-02,Police / CERT Incident Report,"An impersonation call from someone claiming to be technical support at Revolut directed the victim to install remote access tools, compromising $25,196.","An impersonation call from someone claiming to be technical support at Revolut directed the victim to install remote access tools, compromising $25,196.",phishing_social_engineering,Phishing Social Engineering
cyberguard_300930,cyberguard,2024-05-02,Police / CERT Incident Report,"Complainant reported identity theft. Fraudsters acquired the victim's social security number and driver's license from an online leak and fraudulently claimed $26,834 in benefits.","Complainant reported identity theft. Fraudsters acquired the victim's social security number and driver's license from an online leak and fraudulently claimed $26,834 in benefits.",identity_theft_impersonation,Identity Theft Impersonation
cyberguard_300931,cyberguard,2024-05-02,Police / CERT Incident Report,"Complainant was deceived in an online transaction. They transferred $53,195 via Venmo for an item listed on Tinder, after which the seller deleted their profile.","Complainant was deceived in an online transaction. They transferred $53,195 via Venmo for an item listed on Tinder, after which the seller deleted their profile.",financial_cyber_fraud,Financial Cyber Fraud
cyberguard_300932,cyberguard,2024-05-02,Police / CERT Incident Report,"Complainant reported digital extortion where an attacker threatened to release private personal photographs unless $13,843 in Tether (USDT) was paid within 24 hours.","Complainant reported digital extortion where an attacker threatened to release private personal photographs unless $13,843 in Tether (USDT) was paid within 24 hours.",ransomware_extortion,Ransomware Extortion
cyberguard_300933,cyberguard,2024-05-02,Police / CERT Incident Report,"A victim discovered that their identity was forged to register unauthorized accounts with Cash App and obtain online loans amounting to $24,339 without consent.","A victim discovered that their identity was forged to register unauthorized accounts with Cash App and obtain online loans amounting to $24,339 without consent.",identity_theft_impersonation,Identity Theft Impersonation
cyberguard_300934,cyberguard,2024-05-02,Police / CERT Incident Report,"An impersonation call from someone claiming to be technical support at Cash App directed the victim to install remote access tools, compromising $6,544.","An impersonation call from someone claiming to be technical support at Cash App directed the victim to install remote access tools, compromising $6,544.",phishing_social_engineering,Phishing Social Engineering
cyberguard_300935,cyberguard,2024-05-02,Police / CERT Incident Report,"An impersonation call from someone claiming to be technical support at Venmo directed the victim to install remote access tools, compromising $44,528.","An impersonation call from someone claiming to be technical support at Venmo directed the victim to install remote access tools, compromising $44,528.",phishing_social_engineering,Phishing Social Engineering
cyberguard_300936,cyberguard,2024-05-02,Police / CERT Incident Report,"Victim received an urgent smishing SMS claiming an undelivered parcel from postal services, providing a spoofed link that compromised their debit card details.","Victim received an urgent smishing SMS claiming an undelivered parcel from postal services, providing a spoofed link that compromised their debit card details.",phishing_social_engineering,Phishing Social Engineering
cyberguard_300937,cyberguard,2024-05-02,Police / CERT Incident Report,"Complainant reported that an unknown perpetrator impersonated them using their personal credentials to lease equipment and open utility accounts totaling $57,674.","Complainant reported that an unknown perpetrator impersonated them using their personal credentials to lease equipment and open utility accounts totaling $57,674.",identity_theft_impersonation,Identity Theft Impersonation
cyberguard_300938,cyberguard,2024-05-02,Police / CERT Incident Report,"A business owner filed a report stating that an extortion group encrypted their client database, demanding $64,481 in Monero to restore access.","A business owner filed a report stating that an extortion group encrypted their client database, demanding $64,481 in Monero to restore access.",ransomware_extortion,Ransomware Extortion
cyberguard_300939,cyberguard,2024-05-02,Police / CERT Incident Report,"Victim received an urgent smishing SMS claiming an undelivered parcel from postal services, providing a spoofed link that compromised their debit card details.","Victim received an urgent smishing SMS claiming an undelivered parcel from postal services, providing a spoofed link that compromised their debit card details.",phishing_social_engineering,Phishing Social Engineering
cyberguard_300940,cyberguard,2024-05-02,Police / CERT Incident Report,"Victim experienced unauthorized card-not-present fraud where $63,959 was deducted through international online payment processors.","Victim experienced unauthorized card-not-present fraud where $63,959 was deducted through international online payment processors.",financial_cyber_fraud,Financial Cyber Fraud
cyberguard_300941,cyberguard,2024-05-02,Police / CERT Incident Report,"Complainant reported identity theft. Fraudsters acquired the victim's social security number and driver's license from an online leak and fraudulently claimed $68,359 in benefits.","Complainant reported identity theft. Fraudsters acquired the victim's social security number and driver's license from an online leak and fraudulently claimed $68,359 in benefits.",identity_theft_impersonation,Identity Theft Impersonation
cyberguard_300942,cyberguard,2024-05-02,Police / CERT Incident Report,"An impersonation call from someone claiming to be technical support at Zelle directed the victim to install remote access tools, compromising $79,213.","An impersonation call from someone claiming to be technical support at Zelle directed the victim to install remote access tools, compromising $79,213.",phishing_social_engineering,Phishing Social Engineering
cyberguard_300943,cyberguard,2024-05-02,Police / CERT Incident Report,"Victim was targeted with an email purporting to be from LinkedIn demanding password verification, resulting in account takeover.","Victim was targeted with an email purporting to be from LinkedIn demanding password verification, resulting in account takeover.",phishing_social_engineering,Phishing Social Engineering
cyberguard_300944,cyberguard,2024-05-02,Police / CERT Incident Report,"Victim experienced unauthorized card-not-present fraud where $43,439 was deducted through international online payment processors.","Victim experienced unauthorized card-not-present fraud where $43,439 was deducted through international online payment processors.",financial_cyber_fraud,Financial Cyber Fraud
cyberguard_300945,cyberguard,2024-05-02,Police / CERT Incident Report,"A commercial logistics agency reported a malware attack that locked critical shipment dispatch schedules, leaving a ransom note demanding Ethereum.","A commercial logistics agency reported a malware attack that locked critical shipment dispatch schedules, leaving a ransom note demanding Ethereum.",ransomware_extortion,Ransomware Extortion
cyberguard_300946,cyberguard,2024-05-02,Police / CERT Incident Report,"Victim received an urgent smishing SMS claiming an undelivered parcel from postal services, providing a spoofed link that compromised their debit card details.","Victim received an urgent smishing SMS claiming an undelivered parcel from postal services, providing a spoofed link that compromised their debit card details.",phishing_social_engineering,Phishing Social Engineering
cyberguard_300947,cyberguard,2024-05-02,Police / CERT Incident Report,"Victim experienced unauthorized card-not-present fraud where $34,605 was deducted through international online payment processors.","Victim experienced unauthorized card-not-present fraud where $34,605 was deducted through international online payment processors.",financial_cyber_fraud,Financial Cyber Fraud
cyberguard_300948,cyberguard,2024-05-02,Police / CERT Incident Report,"Complainant reported that an unknown perpetrator impersonated them using their personal credentials to lease equipment and open utility accounts totaling $24,690.","Complainant reported that an unknown perpetrator impersonated them using their personal credentials to lease equipment and open utility accounts totaling $24,690.",identity_theft_impersonation,Identity Theft Impersonation
cyberguard_300949,cyberguard,2024-05-02,Police / CERT Incident Report,"An impersonation call from someone claiming to be technical support at Wells Fargo directed the victim to install remote access tools, compromising $73,131.","An impersonation call from someone claiming to be technical support at Wells Fargo directed the victim to install remote access tools, compromising $73,131.",phishing_social_engineering,Phishing Social Engineering
cyberguard_300950,cyberguard,2024-05-02,Police / CERT Incident Report,"Complainant was deceived in an online transaction. They transferred $1,776 via Cash App for an item listed on Tinder, after which the seller deleted their profile.","Complainant was deceived in an online transaction. They transferred $1,776 via Cash App for an item listed on Tinder, after which the seller deleted their profile.",financial_cyber_fraud,Financial Cyber Fraud
cyberguard_300951,cyberguard,2024-05-02,Police / CERT Incident Report,"Victim was targeted with an email purporting to be from Facebook Marketplace demanding password verification, resulting in account takeover.","Victim was targeted with an email purporting to be from Facebook Marketplace demanding password verification, resulting in account takeover.",phishing_social_engineering,Phishing Social Engineering
cyberguard_300952,cyberguard,2024-05-02,Police / CERT Incident Report,"Victim received an urgent smishing SMS claiming an undelivered parcel from postal services, providing a spoofed link that compromised their debit card details.","Victim received an urgent smishing SMS claiming an undelivered parcel from postal services, providing a spoofed link that compromised their debit card details.",phishing_social_engineering,Phishing Social Engineering
cyberguard_300953,cyberguard,2024-05-02,Police / CERT Incident Report,"Victim was targeted with an email purporting to be from Telegram demanding password verification, resulting in account takeover.","Victim was targeted with an email purporting to be from Telegram demanding password verification, resulting in account takeover.",phishing_social_engineering,Phishing Social Engineering
cyberguard_300954,cyberguard,2024-05-02,Police / CERT Incident Report,"A business owner filed a report stating that an extortion group encrypted their client database, demanding $32,275 in Bitcoin to restore access.","A business owner filed a report stating that an extortion group encrypted their client database, demanding $32,275 in Bitcoin to restore access.",ransomware_extortion,Ransomware Extortion
cyberguard_300955,cyberguard,2024-05-02,Police / CERT Incident Report,"Victim received an urgent smishing SMS claiming an undelivered parcel from postal services, providing a spoofed link that compromised their debit card details.","Victim received an urgent smishing SMS claiming an undelivered parcel from postal services, providing a spoofed link that compromised their debit card details.",phishing_social_engineering,Phishing Social Engineering
cyberguard_300956,cyberguard,2024-05-02,Police / CERT Incident Report,"Victim experienced unauthorized card-not-present fraud where $3,727 was deducted through international online payment processors.","Victim experienced unauthorized card-not-present fraud where $3,727 was deducted through international online payment processors.",financial_cyber_fraud,Financial Cyber Fraud
cyberguard_300957,cyberguard,2024-05-02,Police / CERT Incident Report,"A commercial logistics agency reported a malware attack that locked critical shipment dispatch schedules, leaving a ransom note demanding Solana.","A commercial logistics agency reported a malware attack that locked critical shipment dispatch schedules, leaving a ransom note demanding Solana.",ransomware_extortion,Ransomware Extortion
cyberguard_300958,cyberguard,2024-05-02,Police / CERT Incident Report,"Complainant reported that an unknown perpetrator impersonated them using their personal credentials to lease equipment and open utility accounts totaling $80,545.","Complainant reported that an unknown perpetrator impersonated them using their personal credentials to lease equipment and open utility accounts totaling $80,545.",identity_theft_impersonation,Identity Theft Impersonation
cyberguard_300959,cyberguard,2024-05-02,Police / CERT Incident Report,"Victim was targeted with an email purporting to be from Instagram demanding password verification, resulting in account takeover.","Victim was targeted with an email purporting to be from Instagram demanding password verification, resulting in account takeover.",phishing_social_engineering,Phishing Social Engineering
cyberguard_300960,cyberguard,2024-05-02,Police / CERT Incident Report,"Complainant was deceived in an online transaction. They transferred $61,983 via Revolut for an item listed on WhatsApp, after which the seller deleted their profile.","Complainant was deceived in an online transaction. They transferred $61,983 via Revolut for an item listed on WhatsApp, after which the seller deleted their profile.",financial_cyber_fraud,Financial Cyber Fraud
cyberguard_300961,cyberguard,2024-05-02,Police / CERT Incident Report,"A victim discovered that their identity was forged to register unauthorized accounts with JPMorgan Chase and obtain online loans amounting to $55,844 without consent.","A victim discovered that their identity was forged to register unauthorized accounts with JPMorgan Chase and obtain online loans amounting to $55,844 without consent.",identity_theft_impersonation,Identity Theft Impersonation
cyberguard_300962,cyberguard,2024-05-02,Police / CERT Incident Report,"A commercial logistics agency reported a malware attack that locked critical shipment dispatch schedules, leaving a ransom note demanding Tether (USDT).","A commercial logistics agency reported a malware attack that locked critical shipment dispatch schedules, leaving a ransom note demanding Tether (USDT).",ransomware_extortion,Ransomware Extortion
cyberguard_300963,cyberguard,2024-05-02,Police / CERT Incident Report,"Complainant reported identity theft. Fraudsters acquired the victim's social security number and driver's license from an online leak and fraudulently claimed $41,730 in benefits.","Complainant reported identity theft. Fraudsters acquired the victim's social security number and driver's license from an online leak and fraudulently claimed $41,730 in benefits.",identity_theft_impersonation,Identity Theft Impersonation
cyberguard_300964,cyberguard,2024-05-02,Police / CERT Incident Report,"Victim received an urgent smishing SMS claiming an undelivered parcel from postal services, providing a spoofed link that compromised their debit card details.","Victim received an urgent smishing SMS claiming an undelivered parcel from postal services, providing a spoofed link that compromised their debit card details.",phishing_social_engineering,Phishing Social Engineering
cyberguard_300965,cyberguard,2024-05-02,Police / CERT Incident Report,"Complainant reported digital extortion where an attacker threatened to release private personal photographs unless $55,499 in Tether (USDT) was paid within 24 hours.","Complainant reported digital extortion where an attacker threatened to release private personal photographs unless $55,499 in Tether (USDT) was paid within 24 hours.",ransomware_extortion,Ransomware Extortion
cyberguard_300966,cyberguard,2024-05-02,Police / CERT Incident Report,"Complainant reported digital extortion where an attacker threatened to release private personal photographs unless $14,067 in Tether (USDT) was paid within 24 hours.","Complainant reported digital extortion where an attacker threatened to release private personal photographs unless $14,067 in Tether (USDT) was paid within 24 hours.",ransomware_extortion,Ransomware Extortion
cyberguard_300967,cyberguard,2024-05-02,Police / CERT Incident Report,"A commercial logistics agency reported a malware attack that locked critical shipment dispatch schedules, leaving a ransom note demanding Ethereum.","A commercial logistics agency reported a malware attack that locked critical shipment dispatch schedules, leaving a ransom note demanding Ethereum.",ransomware_extortion,Ransomware Extortion
cyberguard_300968,cyberguard,2024-05-02,Police / CERT Incident Report,"Citizen reported an online crypto investment fraud. An unknown party contacted them via Tinder promoting a trading platform. Victim transferred $49,419 in Monero before being locked out.","Citizen reported an online crypto investment fraud. An unknown party contacted them via Tinder promoting a trading platform. Victim transferred $49,419 in Monero before being locked out.",financial_cyber_fraud,Financial Cyber Fraud
cyberguard_300969,cyberguard,2024-05-02,Police / CERT Incident Report,"Victim received an urgent smishing SMS claiming an undelivered parcel from postal services, providing a spoofed link that compromised their debit card details.","Victim received an urgent smishing SMS claiming an undelivered parcel from postal services, providing a spoofed link that compromised their debit card details.",phishing_social_engineering,Phishing Social Engineering
cyberguard_300970,cyberguard,2024-05-02,Police / CERT Incident Report,"Victim received an urgent smishing SMS claiming an undelivered parcel from postal services, providing a spoofed link that compromised their debit card details.","Victim received an urgent smishing SMS claiming an undelivered parcel from postal services, providing a spoofed link that compromised their debit card details.",phishing_social_engineering,Phishing Social Engineering
cyberguard_300971,cyberguard,2024-05-02,Police / CERT Incident Report,"A commercial logistics agency reported a malware attack that locked critical shipment dispatch schedules, leaving a ransom note demanding Ethereum.","A commercial logistics agency reported a malware attack that locked critical shipment dispatch schedules, leaving a ransom note demanding Ethereum.",ransomware_extortion,Ransomware Extortion
cyberguard_300972,cyberguard,2024-05-02,Police / CERT Incident Report,"A commercial logistics agency reported a malware attack that locked critical shipment dispatch schedules, leaving a ransom note demanding Solana.","A commercial logistics agency reported a malware attack that locked critical shipment dispatch schedules, leaving a ransom note demanding Solana.",ransomware_extortion,Ransomware Extortion
cyberguard_300973,cyberguard,2024-05-02,Police / CERT Incident Report,"Victim received an urgent smishing SMS claiming an undelivered parcel from postal services, providing a spoofed link that compromised their debit card details.","Victim received an urgent smishing SMS claiming an undelivered parcel from postal services, providing a spoofed link that compromised their debit card details.",phishing_social_engineering,Phishing Social Engineering
cyberguard_300974,cyberguard,2024-05-02,Police / CERT Incident Report,"Victim experienced unauthorized card-not-present fraud where $52,178 was deducted through international online payment processors.","Victim experienced unauthorized card-not-present fraud where $52,178 was deducted through international online payment processors.",financial_cyber_fraud,Financial Cyber Fraud
cyberguard_300975,cyberguard,2024-05-02,Police / CERT Incident Report,"Victim received an urgent smishing SMS claiming an undelivered parcel from postal services, providing a spoofed link that compromised their debit card details.","Victim received an urgent smishing SMS claiming an undelivered parcel from postal services, providing a spoofed link that compromised their debit card details.",phishing_social_engineering,Phishing Social Engineering
cyberguard_300976,cyberguard,2024-05-02,Police / CERT Incident Report,"A commercial logistics agency reported a malware attack that locked critical shipment dispatch schedules, leaving a ransom note demanding Bitcoin.","A commercial logistics agency reported a malware attack that locked critical shipment dispatch schedules, leaving a ransom note demanding Bitcoin.",ransomware_extortion,Ransomware Extortion
cyberguard_300977,cyberguard,2024-05-02,Police / CERT Incident Report,"Victim was targeted with an email purporting to be from Facebook Marketplace demanding password verification, resulting in account takeover.","Victim was targeted with an email purporting to be from Facebook Marketplace demanding password verification, resulting in account takeover.",phishing_social_engineering,Phishing Social Engineering
cyberguard_300978,cyberguard,2024-05-02,Police / CERT Incident Report,"Victim received an urgent smishing SMS claiming an undelivered parcel from postal services, providing a spoofed link that compromised their debit card details.","Victim received an urgent smishing SMS claiming an undelivered parcel from postal services, providing a spoofed link that compromised their debit card details.",phishing_social_engineering,Phishing Social Engineering
cyberguard_300979,cyberguard,2024-05-02,Police / CERT Incident Report,"Complainant was deceived in an online transaction. They transferred $73,440 via Venmo for an item listed on Facebook Marketplace, after which the seller deleted their profile.","Complainant was deceived in an online transaction. They transferred $73,440 via Venmo for an item listed on Facebook Marketplace, after which the seller deleted their profile.",financial_cyber_fraud,Financial Cyber Fraud
cyberguard_300980,cyberguard,2024-05-02,Police / CERT Incident Report,"Complainant reported that an unknown perpetrator impersonated them using their personal credentials to lease equipment and open utility accounts totaling $47,715.","Complainant reported that an unknown perpetrator impersonated them using their personal credentials to lease equipment and open utility accounts totaling $47,715.",identity_theft_impersonation,Identity Theft Impersonation
cyberguard_300981,cyberguard,2024-05-02,Police / CERT Incident Report,"Complainant reported that an unknown perpetrator impersonated them using their personal credentials to lease equipment and open utility accounts totaling $29,673.","Complainant reported that an unknown perpetrator impersonated them using their personal credentials to lease equipment and open utility accounts totaling $29,673.",identity_theft_impersonation,Identity Theft Impersonation
cyberguard_300982,cyberguard,2024-05-02,Police / CERT Incident Report,"Victim experienced unauthorized card-not-present fraud where $53,398 was deducted through international online payment processors.","Victim experienced unauthorized card-not-present fraud where $53,398 was deducted through international online payment processors.",financial_cyber_fraud,Financial Cyber Fraud
cyberguard_300983,cyberguard,2024-05-02,Police / CERT Incident Report,"Victim was targeted with an email purporting to be from LinkedIn demanding password verification, resulting in account takeover.","Victim was targeted with an email purporting to be from LinkedIn demanding password verification, resulting in account takeover.",phishing_social_engineering,Phishing Social Engineering
cyberguard_300984,cyberguard,2024-05-02,Police / CERT Incident Report,"Complainant reported that an unknown perpetrator impersonated them using their personal credentials to lease equipment and open utility accounts totaling $62,981.","Complainant reported that an unknown perpetrator impersonated them using their personal credentials to lease equipment and open utility accounts totaling $62,981.",identity_theft_impersonation,Identity Theft Impersonation
cyberguard_300985,cyberguard,2024-05-02,Police / CERT Incident Report,"Victim was targeted with an email purporting to be from Telegram demanding password verification, resulting in account takeover.","Victim was targeted with an email purporting to be from Telegram demanding password verification, resulting in account takeover.",phishing_social_engineering,Phishing Social Engineering
cyberguard_300986,cyberguard,2024-05-02,Police / CERT Incident Report,"Complainant was deceived in an online transaction. They transferred $81,143 via Wells Fargo for an item listed on LinkedIn, after which the seller deleted their profile.","Complainant was deceived in an online transaction. They transferred $81,143 via Wells Fargo for an item listed on LinkedIn, after which the seller deleted their profile.",financial_cyber_fraud,Financial Cyber Fraud
cyberguard_300987,cyberguard,2024-05-02,Police / CERT Incident Report,"Complainant reported digital extortion where an attacker threatened to release private personal photographs unless $20,139 in Bitcoin was paid within 24 hours.","Complainant reported digital extortion where an attacker threatened to release private personal photographs unless $20,139 in Bitcoin was paid within 24 hours.",ransomware_extortion,Ransomware Extortion
cyberguard_300988,cyberguard,2024-05-02,Police / CERT Incident Report,"Complainant reported identity theft. Fraudsters acquired the victim's social security number and driver's license from an online leak and fraudulently claimed $45,722 in benefits.","Complainant reported identity theft. Fraudsters acquired the victim's social security number and driver's license from an online leak and fraudulently claimed $45,722 in benefits.",identity_theft_impersonation,Identity Theft Impersonation
cyberguard_300989,cyberguard,2024-05-02,Police / CERT Incident Report,"Victim was targeted with an email purporting to be from LinkedIn demanding password verification, resulting in account takeover.","Victim was targeted with an email purporting to be from LinkedIn demanding password verification, resulting in account takeover.",phishing_social_engineering,Phishing Social Engineering
cyberguard_300990,cyberguard,2024-05-02,Police / CERT Incident Report,"Complainant reported digital extortion where an attacker threatened to release private personal photographs unless $12,899 in Solana was paid within 24 hours.","Complainant reported digital extortion where an attacker threatened to release private personal photographs unless $12,899 in Solana was paid within 24 hours.",ransomware_extortion,Ransomware Extortion
cyberguard_300991,cyberguard,2024-05-02,Police / CERT Incident Report,"Victim experienced unauthorized card-not-present fraud where $55,041 was deducted through international online payment processors.","Victim experienced unauthorized card-not-present fraud where $55,041 was deducted through international online payment processors.",financial_cyber_fraud,Financial Cyber Fraud
cyberguard_300992,cyberguard,2024-05-02,Police / CERT Incident Report,"Complainant was deceived in an online transaction. They transferred $2,898 via Wells Fargo for an item listed on Telegram, after which the seller deleted their profile.","Complainant was deceived in an online transaction. They transferred $2,898 via Wells Fargo for an item listed on Telegram, after which the seller deleted their profile.",financial_cyber_fraud,Financial Cyber Fraud
cyberguard_300993,cyberguard,2024-05-02,Police / CERT Incident Report,"A business owner filed a report stating that an extortion group encrypted their client database, demanding $51,910 in Solana to restore access.","A business owner filed a report stating that an extortion group encrypted their client database, demanding $51,910 in Solana to restore access.",ransomware_extortion,Ransomware Extortion
cyberguard_300994,cyberguard,2024-05-02,Police / CERT Incident Report,"Complainant reported digital extortion where an attacker threatened to release private personal photographs unless $20,886 in Solana was paid within 24 hours.","Complainant reported digital extortion where an attacker threatened to release private personal photographs unless $20,886 in Solana was paid within 24 hours.",ransomware_extortion,Ransomware Extortion
cyberguard_300995,cyberguard,2024-05-02,Police / CERT Incident Report,"Citizen reported an online crypto investment fraud. An unknown party contacted them via Instagram promoting a trading platform. Victim transferred $59,349 in Monero before being locked out.","Citizen reported an online crypto investment fraud. An unknown party contacted them via Instagram promoting a trading platform. Victim transferred $59,349 in Monero before being locked out.",financial_cyber_fraud,Financial Cyber Fraud
cyberguard_300996,cyberguard,2024-05-02,Police / CERT Incident Report,"Complainant reported that an unknown perpetrator impersonated them using their personal credentials to lease equipment and open utility accounts totaling $39,809.","Complainant reported that an unknown perpetrator impersonated them using their personal credentials to lease equipment and open utility accounts totaling $39,809.",identity_theft_impersonation,Identity Theft Impersonation
cyberguard_300997,cyberguard,2024-05-02,Police / CERT Incident Report,"A victim discovered that their identity was forged to register unauthorized accounts with Cash App and obtain online loans amounting to $70,721 without consent.","A victim discovered that their identity was forged to register unauthorized accounts with Cash App and obtain online loans amounting to $70,721 without consent.",identity_theft_impersonation,Identity Theft Impersonation
cyberguard_300998,cyberguard,2024-05-02,Police / CERT Incident Report,"Complainant was deceived in an online transaction. They transferred $36,565 via Zelle for an item listed on LinkedIn, after which the seller deleted their profile.","Complainant was deceived in an online transaction. They transferred $36,565 via Zelle for an item listed on LinkedIn, after which the seller deleted their profile.",financial_cyber_fraud,Financial Cyber Fraud
cyberguard_300999,cyberguard,2024-05-02,Police / CERT Incident Report,"Victim was targeted with an email purporting to be from WhatsApp demanding password verification, resulting in account takeover.","Victim was targeted with an email purporting to be from WhatsApp demanding password verification, resulting in account takeover.",phishing_social_engineering,Phishing Social Engineering
cyberguard_301000,cyberguard,2024-05-02,Police / CERT Incident Report,"A victim discovered that their identity was forged to register unauthorized accounts with Wells Fargo and obtain online loans amounting to $2,976 without consent.","A victim discovered that their identity was forged to register unauthorized accounts with Wells Fargo and obtain online loans amounting to $2,976 without consent.",identity_theft_impersonation,Identity Theft Impersonation
cyberguard_301001,cyberguard,2024-05-02,Police / CERT Incident Report,"Complainant reported that an unknown perpetrator impersonated them using their personal credentials to lease equipment and open utility accounts totaling $79,644.","Complainant reported that an unknown perpetrator impersonated them using their personal credentials to lease equipment and open utility accounts totaling $79,644.",identity_theft_impersonation,Identity Theft Impersonation
cyberguard_301002,cyberguard,2024-05-02,Police / CERT Incident Report,"Victim received an urgent smishing SMS claiming an undelivered parcel from postal services, providing a spoofed link that compromised their debit card details.","Victim received an urgent smishing SMS claiming an undelivered parcel from postal services, providing a spoofed link that compromised their debit card details.",phishing_social_engineering,Phishing Social Engineering
cyberguard_301003,cyberguard,2024-05-02,Police / CERT Incident Report,"An impersonation call from someone claiming to be technical support at Revolut directed the victim to install remote access tools, compromising $56,047.","An impersonation call from someone claiming to be technical support at Revolut directed the victim to install remote access tools, compromising $56,047.",phishing_social_engineering,Phishing Social Engineering
cyberguard_301004,cyberguard,2024-05-02,Police / CERT Incident Report,"Complainant was deceived in an online transaction. They transferred $23,037 via Cash App for an item listed on Tinder, after which the seller deleted their profile.","Complainant was deceived in an online transaction. They transferred $23,037 via Cash App for an item listed on Tinder, after which the seller deleted their profile.",financial_cyber_fraud,Financial Cyber Fraud
cyberguard_301005,cyberguard,2024-05-02,Police / CERT Incident Report,"An impersonation call from someone claiming to be technical support at Zelle directed the victim to install remote access tools, compromising $31,624.","An impersonation call from someone claiming to be technical support at Zelle directed the victim to install remote access tools, compromising $31,624.",phishing_social_engineering,Phishing Social Engineering
cyberguard_301006,cyberguard,2024-05-02,Police / CERT Incident Report,"Victim was targeted with an email purporting to be from Tinder demanding password verification, resulting in account takeover.","Victim was targeted with an email purporting to be from Tinder demanding password verification, resulting in account takeover.",phishing_social_engineering,Phishing Social Engineering
cyberguard_301007,cyberguard,2024-05-02,Police / CERT Incident Report,"Citizen reported an online crypto investment fraud. An unknown party contacted them via LinkedIn promoting a trading platform. Victim transferred $44,934 in Solana before being locked out.","Citizen reported an online crypto investment fraud. An unknown party contacted them via LinkedIn promoting a trading platform. Victim transferred $44,934 in Solana before being locked out.",financial_cyber_fraud,Financial Cyber Fraud
cyberguard_301008,cyberguard,2024-05-02,Police / CERT Incident Report,"Victim experienced unauthorized card-not-present fraud where $75,603 was deducted through international online payment processors.","Victim experienced unauthorized card-not-present fraud where $75,603 was deducted through international online payment processors.",financial_cyber_fraud,Financial Cyber Fraud
cyberguard_301009,cyberguard,2024-05-02,Police / CERT Incident Report,"An impersonation call from someone claiming to be technical support at Wells Fargo directed the victim to install remote access tools, compromising $62,209.","An impersonation call from someone claiming to be technical support at Wells Fargo directed the victim to install remote access tools, compromising $62,209.",phishing_social_engineering,Phishing Social Engineering
cyberguard_301010,cyberguard,2024-05-02,Police / CERT Incident Report,"Victim received an urgent smishing SMS claiming an undelivered parcel from postal services, providing a spoofed link that compromised their debit card details.","Victim received an urgent smishing SMS claiming an undelivered parcel from postal services, providing a spoofed link that compromised their debit card details.",phishing_social_engineering,Phishing Social Engineering
cyberguard_301011,cyberguard,2024-05-02,Police / CERT Incident Report,"Victim experienced unauthorized card-not-present fraud where $3,906 was deducted through international online payment processors.","Victim experienced unauthorized card-not-present fraud where $3,906 was deducted through international online payment processors.",financial_cyber_fraud,Financial Cyber Fraud
cyberguard_301012,cyberguard,2024-05-02,Police / CERT Incident Report,"Citizen reported an online crypto investment fraud. An unknown party contacted them via Instagram promoting a trading platform. Victim transferred $83,792 in Bitcoin before being locked out.","Citizen reported an online crypto investment fraud. An unknown party contacted them via Instagram promoting a trading platform. Victim transferred $83,792 in Bitcoin before being locked out.",financial_cyber_fraud,Financial Cyber Fraud
cyberguard_301013,cyberguard,2024-05-02,Police / CERT Incident Report,"A business owner filed a report stating that an extortion group encrypted their client database, demanding $23,411 in Monero to restore access.","A business owner filed a report stating that an extortion group encrypted their client database, demanding $23,411 in Monero to restore access.",ransomware_extortion,Ransomware Extortion
cyberguard_301014,cyberguard,2024-05-02,Police / CERT Incident Report,"Victim received an urgent smishing SMS claiming an undelivered parcel from postal services, providing a spoofed link that compromised their debit card details.","Victim received an urgent smishing SMS claiming an undelivered parcel from postal services, providing a spoofed link that compromised their debit card details.",phishing_social_engineering,Phishing Social Engineering
cyberguard_301015,cyberguard,2024-05-02,Police / CERT Incident Report,"Complainant was deceived in an online transaction. They transferred $34,404 via Revolut for an item listed on Facebook Marketplace, after which the seller deleted their profile.","Complainant was deceived in an online transaction. They transferred $34,404 via Revolut for an item listed on Facebook Marketplace, after which the seller deleted their profile.",financial_cyber_fraud,Financial Cyber Fraud
cyberguard_301016,cyberguard,2024-05-02,Police / CERT Incident Report,"Complainant was deceived in an online transaction. They transferred $72,378 via Zelle for an item listed on Telegram, after which the seller deleted their profile.","Complainant was deceived in an online transaction. They transferred $72,378 via Zelle for an item listed on Telegram, after which the seller deleted their profile.",financial_cyber_fraud,Financial Cyber Fraud
cyberguard_301017,cyberguard,2024-05-02,Police / CERT Incident Report,"A victim discovered that their identity was forged to register unauthorized accounts with Revolut and obtain online loans amounting to $8,206 without consent.","A victim discovered that their identity was forged to register unauthorized accounts with Revolut and obtain online loans amounting to $8,206 without consent.",identity_theft_impersonation,Identity Theft Impersonation
cyberguard_301018,cyberguard,2024-05-02,Police / CERT Incident Report,"Complainant was deceived in an online transaction. They transferred $41,753 via JPMorgan Chase for an item listed on WhatsApp, after which the seller deleted their profile.","Complainant was deceived in an online transaction. They transferred $41,753 via JPMorgan Chase for an item listed on WhatsApp, after which the seller deleted their profile.",financial_cyber_fraud,Financial Cyber Fraud
cyberguard_301019,cyberguard,2024-05-02,Police / CERT Incident Report,"A commercial logistics agency reported a malware attack that locked critical shipment dispatch schedules, leaving a ransom note demanding Ethereum.","A commercial logistics agency reported a malware attack that locked critical shipment dispatch schedules, leaving a ransom note demanding Ethereum.",ransomware_extortion,Ransomware Extortion
cyberguard_301020,cyberguard,2024-05-02,Police / CERT Incident Report,"A victim discovered that their identity was forged to register unauthorized accounts with Zelle and obtain online loans amounting to $40,802 without consent.","A victim discovered that their identity was forged to register unauthorized accounts with Zelle and obtain online loans amounting to $40,802 without consent.",identity_theft_impersonation,Identity Theft Impersonation
cyberguard_301021,cyberguard,2024-05-02,Police / CERT Incident Report,"A victim discovered that their identity was forged to register unauthorized accounts with Chime and obtain online loans amounting to $56,538 without consent.","A victim discovered that their identity was forged to register unauthorized accounts with Chime and obtain online loans amounting to $56,538 without consent.",identity_theft_impersonation,Identity Theft Impersonation
cyberguard_301022,cyberguard,2024-05-02,Police / CERT Incident Report,"Complainant reported digital extortion where an attacker threatened to release private personal photographs unless $57,673 in Monero was paid within 24 hours.","Complainant reported digital extortion where an attacker threatened to release private personal photographs unless $57,673 in Monero was paid within 24 hours.",ransomware_extortion,Ransomware Extortion
cyberguard_301023,cyberguard,2024-05-02,Police / CERT Incident Report,"A business owner filed a report stating that an extortion group encrypted their client database, demanding $9,563 in Monero to restore access.","A business owner filed a report stating that an extortion group encrypted their client database, demanding $9,563 in Monero to restore access.",ransomware_extortion,Ransomware Extortion
cyberguard_301024,cyberguard,2024-05-02,Police / CERT Incident Report,"Complainant reported digital extortion where an attacker threatened to release private personal photographs unless $66,297 in Bitcoin was paid within 24 hours.","Complainant reported digital extortion where an attacker threatened to release private personal photographs unless $66,297 in Bitcoin was paid within 24 hours.",ransomware_extortion,Ransomware Extortion
cyberguard_301025,cyberguard,2024-05-02,Police / CERT Incident Report,"Complainant was deceived in an online transaction. They transferred $74,991 via Zelle for an item listed on Facebook Marketplace, after which the seller deleted their profile.","Complainant was deceived in an online transaction. They transferred $74,991 via Zelle for an item listed on Facebook Marketplace, after which the seller deleted their profile.",financial_cyber_fraud,Financial Cyber Fraud
cyberguard_301026,cyberguard,2024-05-02,Police / CERT Incident Report,"Victim experienced unauthorized card-not-present fraud where $3,955 was deducted through international online payment processors.","Victim experienced unauthorized card-not-present fraud where $3,955 was deducted through international online payment processors.",financial_cyber_fraud,Financial Cyber Fraud
cyberguard_301027,cyberguard,2024-05-02,Police / CERT Incident Report,"Victim was targeted with an email purporting to be from Tinder demanding password verification, resulting in account takeover.","Victim was targeted with an email purporting to be from Tinder demanding password verification, resulting in account takeover.",phishing_social_engineering,Phishing Social Engineering
cyberguard_301028,cyberguard,2024-05-02,Police / CERT Incident Report,"Victim experienced unauthorized card-not-present fraud where $62,474 was deducted through international online payment processors.","Victim experienced unauthorized card-not-present fraud where $62,474 was deducted through international online payment processors.",financial_cyber_fraud,Financial Cyber Fraud
cyberguard_301029,cyberguard,2024-05-02,Police / CERT Incident Report,"A victim discovered that their identity was forged to register unauthorized accounts with Chime and obtain online loans amounting to $45,175 without consent.","A victim discovered that their identity was forged to register unauthorized accounts with Chime and obtain online loans amounting to $45,175 without consent.",identity_theft_impersonation,Identity Theft Impersonation
cyberguard_301030,cyberguard,2024-05-02,Police / CERT Incident Report,"Victim received an urgent smishing SMS claiming an undelivered parcel from postal services, providing a spoofed link that compromised their debit card details.","Victim received an urgent smishing SMS claiming an undelivered parcel from postal services, providing a spoofed link that compromised their debit card details.",phishing_social_engineering,Phishing Social Engineering
cyberguard_301031,cyberguard,2024-05-02,Police / CERT Incident Report,"Complainant reported that an unknown perpetrator impersonated them using their personal credentials to lease equipment and open utility accounts totaling $9,487.","Complainant reported that an unknown perpetrator impersonated them using their personal credentials to lease equipment and open utility accounts totaling $9,487.",identity_theft_impersonation,Identity Theft Impersonation
cyberguard_301032,cyberguard,2024-05-02,Police / CERT Incident Report,"Victim received an urgent smishing SMS claiming an undelivered parcel from postal services, providing a spoofed link that compromised their debit card details.","Victim received an urgent smishing SMS claiming an undelivered parcel from postal services, providing a spoofed link that compromised their debit card details.",phishing_social_engineering,Phishing Social Engineering
cyberguard_301033,cyberguard,2024-05-02,Police / CERT Incident Report,"Complainant reported that an unknown perpetrator impersonated them using their personal credentials to lease equipment and open utility accounts totaling $42,240.","Complainant reported that an unknown perpetrator impersonated them using their personal credentials to lease equipment and open utility accounts totaling $42,240.",identity_theft_impersonation,Identity Theft Impersonation
cyberguard_301034,cyberguard,2024-05-02,Police / CERT Incident Report,"Citizen reported an online crypto investment fraud. An unknown party contacted them via LinkedIn promoting a trading platform. Victim transferred $45,263 in Bitcoin before being locked out.","Citizen reported an online crypto investment fraud. An unknown party contacted them via LinkedIn promoting a trading platform. Victim transferred $45,263 in Bitcoin before being locked out.",financial_cyber_fraud,Financial Cyber Fraud
cyberguard_301035,cyberguard,2024-05-02,Police / CERT Incident Report,"Citizen reported an online crypto investment fraud. An unknown party contacted them via Tinder promoting a trading platform. Victim transferred $62,853 in Monero before being locked out.","Citizen reported an online crypto investment fraud. An unknown party contacted them via Tinder promoting a trading platform. Victim transferred $62,853 in Monero before being locked out.",financial_cyber_fraud,Financial Cyber Fraud
cyberguard_301036,cyberguard,2024-05-02,Police / CERT Incident Report,"Complainant reported digital extortion where an attacker threatened to release private personal photographs unless $13,312 in Bitcoin was paid within 24 hours.","Complainant reported digital extortion where an attacker threatened to release private personal photographs unless $13,312 in Bitcoin was paid within 24 hours.",ransomware_extortion,Ransomware Extortion
cyberguard_301037,cyberguard,2024-05-02,Police / CERT Incident Report,"Complainant was deceived in an online transaction. They transferred $10,343 via JPMorgan Chase for an item listed on Instagram, after which the seller deleted their profile.","Complainant was deceived in an online transaction. They transferred $10,343 via JPMorgan Chase for an item listed on Instagram, after which the seller deleted their profile.",financial_cyber_fraud,Financial Cyber Fraud
cyberguard_301038,cyberguard,2024-05-02,Police / CERT Incident Report,"Complainant was deceived in an online transaction. They transferred $42,350 via Chime for an item listed on Instagram, after which the seller deleted their profile.","Complainant was deceived in an online transaction. They transferred $42,350 via Chime for an item listed on Instagram, after which the seller deleted their profile.",financial_cyber_fraud,Financial Cyber Fraud
cyberguard_301039,cyberguard,2024-05-02,Police / CERT Incident Report,"A business owner filed a report stating that an extortion group encrypted their client database, demanding $67,693 in Monero to restore access.","A business owner filed a report stating that an extortion group encrypted their client database, demanding $67,693 in Monero to restore access.",ransomware_extortion,Ransomware Extortion
cyberguard_301040,cyberguard,2024-05-02,Police / CERT Incident Report,"Complainant reported identity theft. Fraudsters acquired the victim's social security number and driver's license from an online leak and fraudulently claimed $74,610 in benefits.","Complainant reported identity theft. Fraudsters acquired the victim's social security number and driver's license from an online leak and fraudulently claimed $74,610 in benefits.",identity_theft_impersonation,Identity Theft Impersonation
cyberguard_301041,cyberguard,2024-05-02,Police / CERT Incident Report,"A commercial logistics agency reported a malware attack that locked critical shipment dispatch schedules, leaving a ransom note demanding Monero.","A commercial logistics agency reported a malware attack that locked critical shipment dispatch schedules, leaving a ransom note demanding Monero.",ransomware_extortion,Ransomware Extortion
cyberguard_301042,cyberguard,2024-05-02,Police / CERT Incident Report,"Complainant reported identity theft. Fraudsters acquired the victim's social security number and driver's license from an online leak and fraudulently claimed $62,320 in benefits.","Complainant reported identity theft. Fraudsters acquired the victim's social security number and driver's license from an online leak and fraudulently claimed $62,320 in benefits.",identity_theft_impersonation,Identity Theft Impersonation
cyberguard_301043,cyberguard,2024-05-02,Police / CERT Incident Report,"Complainant was deceived in an online transaction. They transferred $19,376 via Revolut for an item listed on Telegram, after which the seller deleted their profile.","Complainant was deceived in an online transaction. They transferred $19,376 via Revolut for an item listed on Telegram, after which the seller deleted their profile.",financial_cyber_fraud,Financial Cyber Fraud
cyberguard_301044,cyberguard,2024-05-02,Police / CERT Incident Report,"Complainant was deceived in an online transaction. They transferred $80,635 via Wells Fargo for an item listed on WhatsApp, after which the seller deleted their profile.","Complainant was deceived in an online transaction. They transferred $80,635 via Wells Fargo for an item listed on WhatsApp, after which the seller deleted their profile.",financial_cyber_fraud,Financial Cyber Fraud
cyberguard_301045,cyberguard,2024-05-02,Police / CERT Incident Report,"An impersonation call from someone claiming to be technical support at Zelle directed the victim to install remote access tools, compromising $57,054.","An impersonation call from someone claiming to be technical support at Zelle directed the victim to install remote access tools, compromising $57,054.",phishing_social_engineering,Phishing Social Engineering
cyberguard_301046,cyberguard,2024-05-02,Police / CERT Incident Report,"A commercial logistics agency reported a malware attack that locked critical shipment dispatch schedules, leaving a ransom note demanding Ethereum.","A commercial logistics agency reported a malware attack that locked critical shipment dispatch schedules, leaving a ransom note demanding Ethereum.",ransomware_extortion,Ransomware Extortion
cyberguard_301047,cyberguard,2024-05-02,Police / CERT Incident Report,"Victim experienced unauthorized card-not-present fraud where $31,372 was deducted through international online payment processors.","Victim experienced unauthorized card-not-present fraud where $31,372 was deducted through international online payment processors.",financial_cyber_fraud,Financial Cyber Fraud
cyberguard_301048,cyberguard,2024-05-02,Police / CERT Incident Report,"Complainant reported digital extortion where an attacker threatened to release private personal photographs unless $63,135 in Tether (USDT) was paid within 24 hours.","Complainant reported digital extortion where an attacker threatened to release private personal photographs unless $63,135 in Tether (USDT) was paid within 24 hours.",ransomware_extortion,Ransomware Extortion
cyberguard_301049,cyberguard,2024-05-02,Police / CERT Incident Report,"Victim received an urgent smishing SMS claiming an undelivered parcel from postal services, providing a spoofed link that compromised their debit card details.","Victim received an urgent smishing SMS claiming an undelivered parcel from postal services, providing a spoofed link that compromised their debit card details.",phishing_social_engineering,Phishing Social Engineering
cyberguard_301050,cyberguard,2024-05-02,Police / CERT Incident Report,"A commercial logistics agency reported a malware attack that locked critical shipment dispatch schedules, leaving a ransom note demanding Solana.","A commercial logistics agency reported a malware attack that locked critical shipment dispatch schedules, leaving a ransom note demanding Solana.",ransomware_extortion,Ransomware Extortion
cyberguard_301051,cyberguard,2024-05-02,Police / CERT Incident Report,"Complainant reported identity theft. Fraudsters acquired the victim's social security number and driver's license from an online leak and fraudulently claimed $24,701 in benefits.","Complainant reported identity theft. Fraudsters acquired the victim's social security number and driver's license from an online leak and fraudulently claimed $24,701 in benefits.",identity_theft_impersonation,Identity Theft Impersonation
cyberguard_301052,cyberguard,2024-05-02,Police / CERT Incident Report,"Complainant reported digital extortion where an attacker threatened to release private personal photographs unless $3,133 in Solana was paid within 24 hours.","Complainant reported digital extortion where an attacker threatened to release private personal photographs unless $3,133 in Solana was paid within 24 hours.",ransomware_extortion,Ransomware Extortion
cyberguard_301053,cyberguard,2024-05-02,Police / CERT Incident Report,"Victim was targeted with an email purporting to be from Telegram demanding password verification, resulting in account takeover.","Victim was targeted with an email purporting to be from Telegram demanding password verification, resulting in account takeover.",phishing_social_engineering,Phishing Social Engineering
cyberguard_301054,cyberguard,2024-05-02,Police / CERT Incident Report,"A victim discovered that their identity was forged to register unauthorized accounts with Chime and obtain online loans amounting to $48,262 without consent.","A victim discovered that their identity was forged to register unauthorized accounts with Chime and obtain online loans amounting to $48,262 without consent.",identity_theft_impersonation,Identity Theft Impersonation
cyberguard_301055,cyberguard,2024-05-02,Police / CERT Incident Report,"Complainant reported identity theft. Fraudsters acquired the victim's social security number and driver's license from an online leak and fraudulently claimed $49,186 in benefits.","Complainant reported identity theft. Fraudsters acquired the victim's social security number and driver's license from an online leak and fraudulently claimed $49,186 in benefits.",identity_theft_impersonation,Identity Theft Impersonation
cyberguard_301056,cyberguard,2024-05-02,Police / CERT Incident Report,"Victim experienced unauthorized card-not-present fraud where $64,881 was deducted through international online payment processors.","Victim experienced unauthorized card-not-present fraud where $64,881 was deducted through international online payment processors.",financial_cyber_fraud,Financial Cyber Fraud
cyberguard_301057,cyberguard,2024-05-02,Police / CERT Incident Report,"Victim received an urgent smishing SMS claiming an undelivered parcel from postal services, providing a spoofed link that compromised their debit card details.","Victim received an urgent smishing SMS claiming an undelivered parcel from postal services, providing a spoofed link that compromised their debit card details.",phishing_social_engineering,Phishing Social Engineering
cyberguard_301058,cyberguard,2024-05-02,Police / CERT Incident Report,"A business owner filed a report stating that an extortion group encrypted their client database, demanding $81,551 in Tether (USDT) to restore access.","A business owner filed a report stating that an extortion group encrypted their client database, demanding $81,551 in Tether (USDT) to restore access.",ransomware_extortion,Ransomware Extortion
cyberguard_301059,cyberguard,2024-05-02,Police / CERT Incident Report,"A victim discovered that their identity was forged to register unauthorized accounts with Zelle and obtain online loans amounting to $70,918 without consent.","A victim discovered that their identity was forged to register unauthorized accounts with Zelle and obtain online loans amounting to $70,918 without consent.",identity_theft_impersonation,Identity Theft Impersonation
cyberguard_301060,cyberguard,2024-05-02,Police / CERT Incident Report,"Victim received an urgent smishing SMS claiming an undelivered parcel from postal services, providing a spoofed link that compromised their debit card details.","Victim received an urgent smishing SMS claiming an undelivered parcel from postal services, providing a spoofed link that compromised their debit card details.",phishing_social_engineering,Phishing Social Engineering
cyberguard_301061,cyberguard,2024-05-02,Police / CERT Incident Report,"Citizen reported an online crypto investment fraud. An unknown party contacted them via WhatsApp promoting a trading platform. Victim transferred $10,941 in Solana before being locked out.","Citizen reported an online crypto investment fraud. An unknown party contacted them via WhatsApp promoting a trading platform. Victim transferred $10,941 in Solana before being locked out.",financial_cyber_fraud,Financial Cyber Fraud
cyberguard_301062,cyberguard,2024-05-02,Police / CERT Incident Report,"A business owner filed a report stating that an extortion group encrypted their client database, demanding $47,153 in Bitcoin to restore access.","A business owner filed a report stating that an extortion group encrypted their client database, demanding $47,153 in Bitcoin to restore access.",ransomware_extortion,Ransomware Extortion
cyberguard_301063,cyberguard,2024-05-02,Police / CERT Incident Report,"A business owner filed a report stating that an extortion group encrypted their client database, demanding $38,844 in Solana to restore access.","A business owner filed a report stating that an extortion group encrypted their client database, demanding $38,844 in Solana to restore access.",ransomware_extortion,Ransomware Extortion
cyberguard_301064,cyberguard,2024-05-02,Police / CERT Incident Report,"Victim was targeted with an email purporting to be from Telegram demanding password verification, resulting in account takeover.","Victim was targeted with an email purporting to be from Telegram demanding password verification, resulting in account takeover.",phishing_social_engineering,Phishing Social Engineering
cyberguard_301065,cyberguard,2024-05-02,Police / CERT Incident Report,"A commercial logistics agency reported a malware attack that locked critical shipment dispatch schedules, leaving a ransom note demanding Solana.","A commercial logistics agency reported a malware attack that locked critical shipment dispatch schedules, leaving a ransom note demanding Solana.",ransomware_extortion,Ransomware Extortion
cyberguard_301066,cyberguard,2024-05-02,Police / CERT Incident Report,"A victim discovered that their identity was forged to register unauthorized accounts with Wells Fargo and obtain online loans amounting to $39,848 without consent.","A victim discovered that their identity was forged to register unauthorized accounts with Wells Fargo and obtain online loans amounting to $39,848 without consent.",identity_theft_impersonation,Identity Theft Impersonation
cyberguard_301067,cyberguard,2024-05-02,Police / CERT Incident Report,"Citizen reported an online crypto investment fraud. An unknown party contacted them via Telegram promoting a trading platform. Victim transferred $73,044 in Ethereum before being locked out.","Citizen reported an online crypto investment fraud. An unknown party contacted them via Telegram promoting a trading platform. Victim transferred $73,044 in Ethereum before being locked out.",financial_cyber_fraud,Financial Cyber Fraud
cyberguard_301068,cyberguard,2024-05-02,Police / CERT Incident Report,"A business owner filed a report stating that an extortion group encrypted their client database, demanding $49,476 in Monero to restore access.","A business owner filed a report stating that an extortion group encrypted their client database, demanding $49,476 in Monero to restore access.",ransomware_extortion,Ransomware Extortion
cyberguard_301069,cyberguard,2024-05-02,Police / CERT Incident Report,"A business owner filed a report stating that an extortion group encrypted their client database, demanding $78,316 in Ethereum to restore access.","A business owner filed a report stating that an extortion group encrypted their client database, demanding $78,316 in Ethereum to restore access.",ransomware_extortion,Ransomware Extortion
cyberguard_301070,cyberguard,2024-05-02,Police / CERT Incident Report,"Victim experienced unauthorized card-not-present fraud where $67,975 was deducted through international online payment processors.","Victim experienced unauthorized card-not-present fraud where $67,975 was deducted through international online payment processors.",financial_cyber_fraud,Financial Cyber Fraud
cyberguard_301071,cyberguard,2024-05-02,Police / CERT Incident Report,"Complainant reported digital extortion where an attacker threatened to release private personal photographs unless $57,644 in Monero was paid within 24 hours.","Complainant reported digital extortion where an attacker threatened to release private personal photographs unless $57,644 in Monero was paid within 24 hours.",ransomware_extortion,Ransomware Extortion
cyberguard_301072,cyberguard,2024-05-02,Police / CERT Incident Report,"Complainant reported digital extortion where an attacker threatened to release private personal photographs unless $67,112 in Tether (USDT) was paid within 24 hours.","Complainant reported digital extortion where an attacker threatened to release private personal photographs unless $67,112 in Tether (USDT) was paid within 24 hours.",ransomware_extortion,Ransomware Extortion
cyberguard_301073,cyberguard,2024-05-02,Police / CERT Incident Report,"Victim experienced unauthorized card-not-present fraud where $15,922 was deducted through international online payment processors.","Victim experienced unauthorized card-not-present fraud where $15,922 was deducted through international online payment processors.",financial_cyber_fraud,Financial Cyber Fraud
cyberguard_301074,cyberguard,2024-05-02,Police / CERT Incident Report,"Complainant reported identity theft. Fraudsters acquired the victim's social security number and driver's license from an online leak and fraudulently claimed $71,525 in benefits.","Complainant reported identity theft. Fraudsters acquired the victim's social security number and driver's license from an online leak and fraudulently claimed $71,525 in benefits.",identity_theft_impersonation,Identity Theft Impersonation
cyberguard_301075,cyberguard,2024-05-02,Police / CERT Incident Report,"Complainant reported identity theft. Fraudsters acquired the victim's social security number and driver's license from an online leak and fraudulently claimed $27,904 in benefits.","Complainant reported identity theft. Fraudsters acquired the victim's social security number and driver's license from an online leak and fraudulently claimed $27,904 in benefits.",identity_theft_impersonation,Identity Theft Impersonation
cyberguard_301076,cyberguard,2024-05-02,Police / CERT Incident Report,"Complainant was deceived in an online transaction. They transferred $58,480 via Revolut for an item listed on Tinder, after which the seller deleted their profile.","Complainant was deceived in an online transaction. They transferred $58,480 via Revolut for an item listed on Tinder, after which the seller deleted their profile.",financial_cyber_fraud,Financial Cyber Fraud
cyberguard_301077,cyberguard,2024-05-02,Police / CERT Incident Report,"Complainant reported that an unknown perpetrator impersonated them using their personal credentials to lease equipment and open utility accounts totaling $64,516.","Complainant reported that an unknown perpetrator impersonated them using their personal credentials to lease equipment and open utility accounts totaling $64,516.",identity_theft_impersonation,Identity Theft Impersonation
cyberguard_301078,cyberguard,2024-05-02,Police / CERT Incident Report,"Complainant reported digital extortion where an attacker threatened to release private personal photographs unless $78,188 in Solana was paid within 24 hours.","Complainant reported digital extortion where an attacker threatened to release private personal photographs unless $78,188 in Solana was paid within 24 hours.",ransomware_extortion,Ransomware Extortion
cyberguard_301079,cyberguard,2024-05-02,Police / CERT Incident Report,"Complainant reported digital extortion where an attacker threatened to release private personal photographs unless $52,838 in Tether (USDT) was paid within 24 hours.","Complainant reported digital extortion where an attacker threatened to release private personal photographs unless $52,838 in Tether (USDT) was paid within 24 hours.",ransomware_extortion,Ransomware Extortion
cyberguard_301080,cyberguard,2024-05-02,Police / CERT Incident Report,"Complainant reported digital extortion where an attacker threatened to release private personal photographs unless $24,128 in Tether (USDT) was paid within 24 hours.","Complainant reported digital extortion where an attacker threatened to release private personal photographs unless $24,128 in Tether (USDT) was paid within 24 hours.",ransomware_extortion,Ransomware Extortion
cyberguard_301081,cyberguard,2024-05-02,Police / CERT Incident Report,"A commercial logistics agency reported a malware attack that locked critical shipment dispatch schedules, leaving a ransom note demanding Solana.","A commercial logistics agency reported a malware attack that locked critical shipment dispatch schedules, leaving a ransom note demanding Solana.",ransomware_extortion,Ransomware Extortion
cyberguard_301082,cyberguard,2024-05-02,Police / CERT Incident Report,"Citizen reported an online crypto investment fraud. An unknown party contacted them via LinkedIn promoting a trading platform. Victim transferred $49,534 in Solana before being locked out.","Citizen reported an online crypto investment fraud. An unknown party contacted them via LinkedIn promoting a trading platform. Victim transferred $49,534 in Solana before being locked out.",financial_cyber_fraud,Financial Cyber Fraud
cyberguard_301083,cyberguard,2024-05-02,Police / CERT Incident Report,"Citizen reported an online crypto investment fraud. An unknown party contacted them via Facebook Marketplace promoting a trading platform. Victim transferred $83,863 in Tether (USDT) before being locked out.","Citizen reported an online crypto investment fraud. An unknown party contacted them via Facebook Marketplace promoting a trading platform. Victim transferred $83,863 in Tether (USDT) before being locked out.",financial_cyber_fraud,Financial Cyber Fraud
cyberguard_301084,cyberguard,2024-05-02,Police / CERT Incident Report,"Complainant reported digital extortion where an attacker threatened to release private personal photographs unless $19,956 in Solana was paid within 24 hours.","Complainant reported digital extortion where an attacker threatened to release private personal photographs unless $19,956 in Solana was paid within 24 hours.",ransomware_extortion,Ransomware Extortion
cyberguard_301085,cyberguard,2024-05-02,Police / CERT Incident Report,"Victim received an urgent smishing SMS claiming an undelivered parcel from postal services, providing a spoofed link that compromised their debit card details.","Victim received an urgent smishing SMS claiming an undelivered parcel from postal services, providing a spoofed link that compromised their debit card details.",phishing_social_engineering,Phishing Social Engineering
cyberguard_301086,cyberguard,2024-05-02,Police / CERT Incident Report,"Victim was targeted with an email purporting to be from WhatsApp demanding password verification, resulting in account takeover.","Victim was targeted with an email purporting to be from WhatsApp demanding password verification, resulting in account takeover.",phishing_social_engineering,Phishing Social Engineering
cyberguard_301087,cyberguard,2024-05-02,Police / CERT Incident Report,"Complainant reported digital extortion where an attacker threatened to release private personal photographs unless $23,233 in Tether (USDT) was paid within 24 hours.","Complainant reported digital extortion where an attacker threatened to release private personal photographs unless $23,233 in Tether (USDT) was paid within 24 hours.",ransomware_extortion,Ransomware Extortion
cyberguard_301088,cyberguard,2024-05-02,Police / CERT Incident Report,"Victim received an urgent smishing SMS claiming an undelivered parcel from postal services, providing a spoofed link that compromised their debit card details.","Victim received an urgent smishing SMS claiming an undelivered parcel from postal services, providing a spoofed link that compromised their debit card details.",phishing_social_engineering,Phishing Social Engineering
cyberguard_301089,cyberguard,2024-05-02,Police / CERT Incident Report,"A business owner filed a report stating that an extortion group encrypted their client database, demanding $73,570 in Tether (USDT) to restore access.","A business owner filed a report stating that an extortion group encrypted their client database, demanding $73,570 in Tether (USDT) to restore access.",ransomware_extortion,Ransomware Extortion
cyberguard_301090,cyberguard,2024-05-02,Police / CERT Incident Report,"Citizen reported an online crypto investment fraud. An unknown party contacted them via WhatsApp promoting a trading platform. Victim transferred $6,241 in Bitcoin before being locked out.","Citizen reported an online crypto investment fraud. An unknown party contacted them via WhatsApp promoting a trading platform. Victim transferred $6,241 in Bitcoin before being locked out.",financial_cyber_fraud,Financial Cyber Fraud
cyberguard_301091,cyberguard,2024-05-02,Police / CERT Incident Report,"Victim was targeted with an email purporting to be from WhatsApp demanding password verification, resulting in account takeover.","Victim was targeted with an email purporting to be from WhatsApp demanding password verification, resulting in account takeover.",phishing_social_engineering,Phishing Social Engineering
cyberguard_301092,cyberguard,2024-05-02,Police / CERT Incident Report,"A commercial logistics agency reported a malware attack that locked critical shipment dispatch schedules, leaving a ransom note demanding Ethereum.","A commercial logistics agency reported a malware attack that locked critical shipment dispatch schedules, leaving a ransom note demanding Ethereum.",ransomware_extortion,Ransomware Extortion
cyberguard_301093,cyberguard,2024-05-02,Police / CERT Incident Report,"A victim discovered that their identity was forged to register unauthorized accounts with Venmo and obtain online loans amounting to $9,025 without consent.","A victim discovered that their identity was forged to register unauthorized accounts with Venmo and obtain online loans amounting to $9,025 without consent.",identity_theft_impersonation,Identity Theft Impersonation
cyberguard_301094,cyberguard,2024-05-02,Police / CERT Incident Report,"An impersonation call from someone claiming to be technical support at JPMorgan Chase directed the victim to install remote access tools, compromising $9,022.","An impersonation call from someone claiming to be technical support at JPMorgan Chase directed the victim to install remote access tools, compromising $9,022.",phishing_social_engineering,Phishing Social Engineering
cyberguard_301095,cyberguard,2024-05-02,Police / CERT Incident Report,"Complainant reported that an unknown perpetrator impersonated them using their personal credentials to lease equipment and open utility accounts totaling $8,044.","Complainant reported that an unknown perpetrator impersonated them using their personal credentials to lease equipment and open utility accounts totaling $8,044.",identity_theft_impersonation,Identity Theft Impersonation
cyberguard_301096,cyberguard,2024-05-02,Police / CERT Incident Report,"Citizen reported an online crypto investment fraud. An unknown party contacted them via WhatsApp promoting a trading platform. Victim transferred $15,365 in Tether (USDT) before being locked out.","Citizen reported an online crypto investment fraud. An unknown party contacted them via WhatsApp promoting a trading platform. Victim transferred $15,365 in Tether (USDT) before being locked out.",financial_cyber_fraud,Financial Cyber Fraud
cyberguard_301097,cyberguard,2024-05-02,Police / CERT Incident Report,"Complainant reported identity theft. Fraudsters acquired the victim's social security number and driver's license from an online leak and fraudulently claimed $79,004 in benefits.","Complainant reported identity theft. Fraudsters acquired the victim's social security number and driver's license from an online leak and fraudulently claimed $79,004 in benefits.",identity_theft_impersonation,Identity Theft Impersonation
cyberguard_301098,cyberguard,2024-05-02,Police / CERT Incident Report,"A business owner filed a report stating that an extortion group encrypted their client database, demanding $14,542 in Solana to restore access.","A business owner filed a report stating that an extortion group encrypted their client database, demanding $14,542 in Solana to restore access.",ransomware_extortion,Ransomware Extortion
cyberguard_301099,cyberguard,2024-05-02,Police / CERT Incident Report,"Victim received an urgent smishing SMS claiming an undelivered parcel from postal services, providing a spoofed link that compromised their debit card details.","Victim received an urgent smishing SMS claiming an undelivered parcel from postal services, providing a spoofed link that compromised their debit card details.",phishing_social_engineering,Phishing Social Engineering
cyberguard_301100,cyberguard,2024-05-02,Police / CERT Incident Report,"Victim was targeted with an email purporting to be from WhatsApp demanding password verification, resulting in account takeover.","Victim was targeted with an email purporting to be from WhatsApp demanding password verification, resulting in account takeover.",phishing_social_engineering,Phishing Social Engineering
cyberguard_301101,cyberguard,2024-05-02,Police / CERT Incident Report,"An impersonation call from someone claiming to be technical support at Zelle directed the victim to install remote access tools, compromising $15,950.","An impersonation call from someone claiming to be technical support at Zelle directed the victim to install remote access tools, compromising $15,950.",phishing_social_engineering,Phishing Social Engineering
cyberguard_301102,cyberguard,2024-05-02,Police / CERT Incident Report,"Victim experienced unauthorized card-not-present fraud where $51,153 was deducted through international online payment processors.","Victim experienced unauthorized card-not-present fraud where $51,153 was deducted through international online payment processors.",financial_cyber_fraud,Financial Cyber Fraud
cyberguard_301103,cyberguard,2024-05-02,Police / CERT Incident Report,"Complainant reported digital extortion where an attacker threatened to release private personal photographs unless $55,944 in Solana was paid within 24 hours.","Complainant reported digital extortion where an attacker threatened to release private personal photographs unless $55,944 in Solana was paid within 24 hours.",ransomware_extortion,Ransomware Extortion
cyberguard_301104,cyberguard,2024-05-02,Police / CERT Incident Report,"Complainant reported identity theft. Fraudsters acquired the victim's social security number and driver's license from an online leak and fraudulently claimed $12,880 in benefits.","Complainant reported identity theft. Fraudsters acquired the victim's social security number and driver's license from an online leak and fraudulently claimed $12,880 in benefits.",identity_theft_impersonation,Identity Theft Impersonation
cyberguard_301105,cyberguard,2024-05-02,Police / CERT Incident Report,"Complainant reported digital extortion where an attacker threatened to release private personal photographs unless $39,266 in Ethereum was paid within 24 hours.","Complainant reported digital extortion where an attacker threatened to release private personal photographs unless $39,266 in Ethereum was paid within 24 hours.",ransomware_extortion,Ransomware Extortion
cyberguard_301106,cyberguard,2024-05-02,Police / CERT Incident Report,"A victim discovered that their identity was forged to register unauthorized accounts with Cash App and obtain online loans amounting to $57,729 without consent.","A victim discovered that their identity was forged to register unauthorized accounts with Cash App and obtain online loans amounting to $57,729 without consent.",identity_theft_impersonation,Identity Theft Impersonation
cyberguard_301107,cyberguard,2024-05-02,Police / CERT Incident Report,"Victim was targeted with an email purporting to be from Telegram demanding password verification, resulting in account takeover.","Victim was targeted with an email purporting to be from Telegram demanding password verification, resulting in account takeover.",phishing_social_engineering,Phishing Social Engineering
cyberguard_301108,cyberguard,2024-05-02,Police / CERT Incident Report,"A commercial logistics agency reported a malware attack that locked critical shipment dispatch schedules, leaving a ransom note demanding Tether (USDT).","A commercial logistics agency reported a malware attack that locked critical shipment dispatch schedules, leaving a ransom note demanding Tether (USDT).",ransomware_extortion,Ransomware Extortion
cyberguard_301109,cyberguard,2024-05-02,Police / CERT Incident Report,"An impersonation call from someone claiming to be technical support at Zelle directed the victim to install remote access tools, compromising $27,893.","An impersonation call from someone claiming to be technical support at Zelle directed the victim to install remote access tools, compromising $27,893.",phishing_social_engineering,Phishing Social Engineering
cyberguard_301110,cyberguard,2024-05-02,Police / CERT Incident Report,"A commercial logistics agency reported a malware attack that locked critical shipment dispatch schedules, leaving a ransom note demanding Ethereum.","A commercial logistics agency reported a malware attack that locked critical shipment dispatch schedules, leaving a ransom note demanding Ethereum.",ransomware_extortion,Ransomware Extortion
cyberguard_301111,cyberguard,2024-05-02,Police / CERT Incident Report,"Victim received an urgent smishing SMS claiming an undelivered parcel from postal services, providing a spoofed link that compromised their debit card details.","Victim received an urgent smishing SMS claiming an undelivered parcel from postal services, providing a spoofed link that compromised their debit card details.",phishing_social_engineering,Phishing Social Engineering
cyberguard_301112,cyberguard,2024-05-02,Police / CERT Incident Report,"Victim experienced unauthorized card-not-present fraud where $43,836 was deducted through international online payment processors.","Victim experienced unauthorized card-not-present fraud where $43,836 was deducted through international online payment processors.",financial_cyber_fraud,Financial Cyber Fraud
cyberguard_301113,cyberguard,2024-05-02,Police / CERT Incident Report,"Victim experienced unauthorized card-not-present fraud where $81,317 was deducted through international online payment processors.","Victim experienced unauthorized card-not-present fraud where $81,317 was deducted through international online payment processors.",financial_cyber_fraud,Financial Cyber Fraud
cyberguard_301114,cyberguard,2024-05-02,Police / CERT Incident Report,"Complainant reported that an unknown perpetrator impersonated them using their personal credentials to lease equipment and open utility accounts totaling $3,299.","Complainant reported that an unknown perpetrator impersonated them using their personal credentials to lease equipment and open utility accounts totaling $3,299.",identity_theft_impersonation,Identity Theft Impersonation
cyberguard_301115,cyberguard,2024-05-02,Police / CERT Incident Report,"Complainant reported identity theft. Fraudsters acquired the victim's social security number and driver's license from an online leak and fraudulently claimed $51,876 in benefits.","Complainant reported identity theft. Fraudsters acquired the victim's social security number and driver's license from an online leak and fraudulently claimed $51,876 in benefits.",identity_theft_impersonation,Identity Theft Impersonation
cyberguard_301116,cyberguard,2024-05-02,Police / CERT Incident Report,"Victim was targeted with an email purporting to be from Tinder demanding password verification, resulting in account takeover.","Victim was targeted with an email purporting to be from Tinder demanding password verification, resulting in account takeover.",phishing_social_engineering,Phishing Social Engineering
cyberguard_301117,cyberguard,2024-05-02,Police / CERT Incident Report,"A commercial logistics agency reported a malware attack that locked critical shipment dispatch schedules, leaving a ransom note demanding Ethereum.","A commercial logistics agency reported a malware attack that locked critical shipment dispatch schedules, leaving a ransom note demanding Ethereum.",ransomware_extortion,Ransomware Extortion
cyberguard_301118,cyberguard,2024-05-02,Police / CERT Incident Report,"A commercial logistics agency reported a malware attack that locked critical shipment dispatch schedules, leaving a ransom note demanding Monero.","A commercial logistics agency reported a malware attack that locked critical shipment dispatch schedules, leaving a ransom note demanding Monero.",ransomware_extortion,Ransomware Extortion
cyberguard_301119,cyberguard,2024-05-02,Police / CERT Incident Report,"A commercial logistics agency reported a malware attack that locked critical shipment dispatch schedules, leaving a ransom note demanding Bitcoin.","A commercial logistics agency reported a malware attack that locked critical shipment dispatch schedules, leaving a ransom note demanding Bitcoin.",ransomware_extortion,Ransomware Extortion
cyberguard_301120,cyberguard,2024-05-02,Police / CERT Incident Report,"Victim experienced unauthorized card-not-present fraud where $5,954 was deducted through international online payment processors.","Victim experienced unauthorized card-not-present fraud where $5,954 was deducted through international online payment processors.",financial_cyber_fraud,Financial Cyber Fraud
cyberguard_301121,cyberguard,2024-05-02,Police / CERT Incident Report,"Complainant was deceived in an online transaction. They transferred $40,510 via JPMorgan Chase for an item listed on WhatsApp, after which the seller deleted their profile.","Complainant was deceived in an online transaction. They transferred $40,510 via JPMorgan Chase for an item listed on WhatsApp, after which the seller deleted their profile.",financial_cyber_fraud,Financial Cyber Fraud
cyberguard_301122,cyberguard,2024-05-02,Police / CERT Incident Report,"A commercial logistics agency reported a malware attack that locked critical shipment dispatch schedules, leaving a ransom note demanding Bitcoin.","A commercial logistics agency reported a malware attack that locked critical shipment dispatch schedules, leaving a ransom note demanding Bitcoin.",ransomware_extortion,Ransomware Extortion
cyberguard_301123,cyberguard,2024-05-02,Police / CERT Incident Report,"Victim was targeted with an email purporting to be from LinkedIn demanding password verification, resulting in account takeover.","Victim was targeted with an email purporting to be from LinkedIn demanding password verification, resulting in account takeover.",phishing_social_engineering,Phishing Social Engineering
cyberguard_301124,cyberguard,2024-05-02,Police / CERT Incident Report,"Complainant reported digital extortion where an attacker threatened to release private personal photographs unless $40,661 in Monero was paid within 24 hours.","Complainant reported digital extortion where an attacker threatened to release private personal photographs unless $40,661 in Monero was paid within 24 hours.",ransomware_extortion,Ransomware Extortion
cyberguard_301125,cyberguard,2024-05-02,Police / CERT Incident Report,"Citizen reported an online crypto investment fraud. An unknown party contacted them via Tinder promoting a trading platform. Victim transferred $29,300 in Monero before being locked out.","Citizen reported an online crypto investment fraud. An unknown party contacted them via Tinder promoting a trading platform. Victim transferred $29,300 in Monero before being locked out.",financial_cyber_fraud,Financial Cyber Fraud
cyberguard_301126,cyberguard,2024-05-02,Police / CERT Incident Report,"Victim was targeted with an email purporting to be from Facebook Marketplace demanding password verification, resulting in account takeover.","Victim was targeted with an email purporting to be from Facebook Marketplace demanding password verification, resulting in account takeover.",phishing_social_engineering,Phishing Social Engineering
cyberguard_301127,cyberguard,2024-05-02,Police / CERT Incident Report,"A business owner filed a report stating that an extortion group encrypted their client database, demanding $32,579 in Monero to restore access.","A business owner filed a report stating that an extortion group encrypted their client database, demanding $32,579 in Monero to restore access.",ransomware_extortion,Ransomware Extortion
cyberguard_301128,cyberguard,2024-05-02,Police / CERT Incident Report,"Complainant was deceived in an online transaction. They transferred $27,209 via Revolut for an item listed on Tinder, after which the seller deleted their profile.","Complainant was deceived in an online transaction. They transferred $27,209 via Revolut for an item listed on Tinder, after which the seller deleted their profile.",financial_cyber_fraud,Financial Cyber Fraud
cyberguard_301129,cyberguard,2024-05-02,Police / CERT Incident Report,"Complainant reported identity theft. Fraudsters acquired the victim's social security number and driver's license from an online leak and fraudulently claimed $45,868 in benefits.","Complainant reported identity theft. Fraudsters acquired the victim's social security number and driver's license from an online leak and fraudulently claimed $45,868 in benefits.",identity_theft_impersonation,Identity Theft Impersonation
cyberguard_301130,cyberguard,2024-05-02,Police / CERT Incident Report,"An impersonation call from someone claiming to be technical support at JPMorgan Chase directed the victim to install remote access tools, compromising $22,611.","An impersonation call from someone claiming to be technical support at JPMorgan Chase directed the victim to install remote access tools, compromising $22,611.",phishing_social_engineering,Phishing Social Engineering
cyberguard_301131,cyberguard,2024-05-02,Police / CERT Incident Report,"Victim received an urgent smishing SMS claiming an undelivered parcel from postal services, providing a spoofed link that compromised their debit card details.","Victim received an urgent smishing SMS claiming an undelivered parcel from postal services, providing a spoofed link that compromised their debit card details.",phishing_social_engineering,Phishing Social Engineering
cyberguard_301132,cyberguard,2024-05-02,Police / CERT Incident Report,"Citizen reported an online crypto investment fraud. An unknown party contacted them via Facebook Marketplace promoting a trading platform. Victim transferred $53,914 in Tether (USDT) before being locked out.","Citizen reported an online crypto investment fraud. An unknown party contacted them via Facebook Marketplace promoting a trading platform. Victim transferred $53,914 in Tether (USDT) before being locked out.",financial_cyber_fraud,Financial Cyber Fraud
cyberguard_301133,cyberguard,2024-05-02,Police / CERT Incident Report,"Victim received an urgent smishing SMS claiming an undelivered parcel from postal services, providing a spoofed link that compromised their debit card details.","Victim received an urgent smishing SMS claiming an undelivered parcel from postal services, providing a spoofed link that compromised their debit card details.",phishing_social_engineering,Phishing Social Engineering
cyberguard_301134,cyberguard,2024-05-02,Police / CERT Incident Report,"Complainant was deceived in an online transaction. They transferred $20,686 via Wells Fargo for an item listed on Instagram, after which the seller deleted their profile.","Complainant was deceived in an online transaction. They transferred $20,686 via Wells Fargo for an item listed on Instagram, after which the seller deleted their profile.",financial_cyber_fraud,Financial Cyber Fraud
cyberguard_301135,cyberguard,2024-05-02,Police / CERT Incident Report,"A business owner filed a report stating that an extortion group encrypted their client database, demanding $84,308 in Tether (USDT) to restore access.","A business owner filed a report stating that an extortion group encrypted their client database, demanding $84,308 in Tether (USDT) to restore access.",ransomware_extortion,Ransomware Extortion
cyberguard_301136,cyberguard,2024-05-02,Police / CERT Incident Report,"A commercial logistics agency reported a malware attack that locked critical shipment dispatch schedules, leaving a ransom note demanding Solana.","A commercial logistics agency reported a malware attack that locked critical shipment dispatch schedules, leaving a ransom note demanding Solana.",ransomware_extortion,Ransomware Extortion
cyberguard_301137,cyberguard,2024-05-02,Police / CERT Incident Report,"A victim discovered that their identity was forged to register unauthorized accounts with Cash App and obtain online loans amounting to $84,247 without consent.","A victim discovered that their identity was forged to register unauthorized accounts with Cash App and obtain online loans amounting to $84,247 without consent.",identity_theft_impersonation,Identity Theft Impersonation
cyberguard_301138,cyberguard,2024-05-02,Police / CERT Incident Report,"Complainant reported that an unknown perpetrator impersonated them using their personal credentials to lease equipment and open utility accounts totaling $5,603.","Complainant reported that an unknown perpetrator impersonated them using their personal credentials to lease equipment and open utility accounts totaling $5,603.",identity_theft_impersonation,Identity Theft Impersonation
cyberguard_301139,cyberguard,2024-05-02,Police / CERT Incident Report,"An impersonation call from someone claiming to be technical support at Revolut directed the victim to install remote access tools, compromising $67,004.","An impersonation call from someone claiming to be technical support at Revolut directed the victim to install remote access tools, compromising $67,004.",phishing_social_engineering,Phishing Social Engineering
cyberguard_301140,cyberguard,2024-05-02,Police / CERT Incident Report,"An impersonation call from someone claiming to be technical support at Revolut directed the victim to install remote access tools, compromising $25,543.","An impersonation call from someone claiming to be technical support at Revolut directed the victim to install remote access tools, compromising $25,543.",phishing_social_engineering,Phishing Social Engineering
cyberguard_301141,cyberguard,2024-05-02,Police / CERT Incident Report,"An impersonation call from someone claiming to be technical support at Zelle directed the victim to install remote access tools, compromising $67,361.","An impersonation call from someone claiming to be technical support at Zelle directed the victim to install remote access tools, compromising $67,361.",phishing_social_engineering,Phishing Social Engineering
cyberguard_301142,cyberguard,2024-05-02,Police / CERT Incident Report,"A business owner filed a report stating that an extortion group encrypted their client database, demanding $29,633 in Monero to restore access.","A business owner filed a report stating that an extortion group encrypted their client database, demanding $29,633 in Monero to restore access.",ransomware_extortion,Ransomware Extortion
cyberguard_301143,cyberguard,2024-05-02,Police / CERT Incident Report,"A victim discovered that their identity was forged to register unauthorized accounts with Cash App and obtain online loans amounting to $35,848 without consent.","A victim discovered that their identity was forged to register unauthorized accounts with Cash App and obtain online loans amounting to $35,848 without consent.",identity_theft_impersonation,Identity Theft Impersonation
cyberguard_301144,cyberguard,2024-05-02,Police / CERT Incident Report,"Victim was targeted with an email purporting to be from Facebook Marketplace demanding password verification, resulting in account takeover.","Victim was targeted with an email purporting to be from Facebook Marketplace demanding password verification, resulting in account takeover.",phishing_social_engineering,Phishing Social Engineering
cyberguard_301145,cyberguard,2024-05-02,Police / CERT Incident Report,"Complainant was deceived in an online transaction. They transferred $52,381 via Cash App for an item listed on WhatsApp, after which the seller deleted their profile.","Complainant was deceived in an online transaction. They transferred $52,381 via Cash App for an item listed on WhatsApp, after which the seller deleted their profile.",financial_cyber_fraud,Financial Cyber Fraud
cyberguard_301146,cyberguard,2024-05-02,Police / CERT Incident Report,"Victim was targeted with an email purporting to be from WhatsApp demanding password verification, resulting in account takeover.","Victim was targeted with an email purporting to be from WhatsApp demanding password verification, resulting in account takeover.",phishing_social_engineering,Phishing Social Engineering
cyberguard_301147,cyberguard,2024-05-02,Police / CERT Incident Report,"A business owner filed a report stating that an extortion group encrypted their client database, demanding $60,381 in Bitcoin to restore access.","A business owner filed a report stating that an extortion group encrypted their client database, demanding $60,381 in Bitcoin to restore access.",ransomware_extortion,Ransomware Extortion
cyberguard_301148,cyberguard,2024-05-02,Police / CERT Incident Report,"Victim received an urgent smishing SMS claiming an undelivered parcel from postal services, providing a spoofed link that compromised their debit card details.","Victim received an urgent smishing SMS claiming an undelivered parcel from postal services, providing a spoofed link that compromised their debit card details.",phishing_social_engineering,Phishing Social Engineering
cyberguard_301149,cyberguard,2024-05-02,Police / CERT Incident Report,"Victim was targeted with an email purporting to be from Telegram demanding password verification, resulting in account takeover.","Victim was targeted with an email purporting to be from Telegram demanding password verification, resulting in account takeover.",phishing_social_engineering,Phishing Social Engineering
cyberguard_301150,cyberguard,2024-05-02,Police / CERT Incident Report,"A commercial logistics agency reported a malware attack that locked critical shipment dispatch schedules, leaving a ransom note demanding Monero.","A commercial logistics agency reported a malware attack that locked critical shipment dispatch schedules, leaving a ransom note demanding Monero.",ransomware_extortion,Ransomware Extortion
cyberguard_301151,cyberguard,2024-05-02,Police / CERT Incident Report,"Complainant was deceived in an online transaction. They transferred $49,943 via Chime for an item listed on LinkedIn, after which the seller deleted their profile.","Complainant was deceived in an online transaction. They transferred $49,943 via Chime for an item listed on LinkedIn, after which the seller deleted their profile.",financial_cyber_fraud,Financial Cyber Fraud
cyberguard_301152,cyberguard,2024-05-02,Police / CERT Incident Report,"An impersonation call from someone claiming to be technical support at Venmo directed the victim to install remote access tools, compromising $66,786.","An impersonation call from someone claiming to be technical support at Venmo directed the victim to install remote access tools, compromising $66,786.",phishing_social_engineering,Phishing Social Engineering
cyberguard_301153,cyberguard,2024-05-02,Police / CERT Incident Report,"An impersonation call from someone claiming to be technical support at Zelle directed the victim to install remote access tools, compromising $6,742.","An impersonation call from someone claiming to be technical support at Zelle directed the victim to install remote access tools, compromising $6,742.",phishing_social_engineering,Phishing Social Engineering
cyberguard_301154,cyberguard,2024-05-02,Police / CERT Incident Report,"A victim discovered that their identity was forged to register unauthorized accounts with Wells Fargo and obtain online loans amounting to $7,429 without consent.","A victim discovered that their identity was forged to register unauthorized accounts with Wells Fargo and obtain online loans amounting to $7,429 without consent.",identity_theft_impersonation,Identity Theft Impersonation
cyberguard_301155,cyberguard,2024-05-02,Police / CERT Incident Report,"Victim was targeted with an email purporting to be from WhatsApp demanding password verification, resulting in account takeover.","Victim was targeted with an email purporting to be from WhatsApp demanding password verification, resulting in account takeover.",phishing_social_engineering,Phishing Social Engineering
cyberguard_301156,cyberguard,2024-05-02,Police / CERT Incident Report,"Citizen reported an online crypto investment fraud. An unknown party contacted them via Telegram promoting a trading platform. Victim transferred $20,454 in Solana before being locked out.","Citizen reported an online crypto investment fraud. An unknown party contacted them via Telegram promoting a trading platform. Victim transferred $20,454 in Solana before being locked out.",financial_cyber_fraud,Financial Cyber Fraud
cyberguard_301157,cyberguard,2024-05-02,Police / CERT Incident Report,"Victim was targeted with an email purporting to be from Tinder demanding password verification, resulting in account takeover.","Victim was targeted with an email purporting to be from Tinder demanding password verification, resulting in account takeover.",phishing_social_engineering,Phishing Social Engineering
cyberguard_301158,cyberguard,2024-05-02,Police / CERT Incident Report,"Complainant reported digital extortion where an attacker threatened to release private personal photographs unless $16,409 in Tether (USDT) was paid within 24 hours.","Complainant reported digital extortion where an attacker threatened to release private personal photographs unless $16,409 in Tether (USDT) was paid within 24 hours.",ransomware_extortion,Ransomware Extortion
cyberguard_301159,cyberguard,2024-05-02,Police / CERT Incident Report,"Complainant reported that an unknown perpetrator impersonated them using their personal credentials to lease equipment and open utility accounts totaling $41,462.","Complainant reported that an unknown perpetrator impersonated them using their personal credentials to lease equipment and open utility accounts totaling $41,462.",identity_theft_impersonation,Identity Theft Impersonation
cyberguard_301160,cyberguard,2024-05-02,Police / CERT Incident Report,"An impersonation call from someone claiming to be technical support at Wells Fargo directed the victim to install remote access tools, compromising $68,389.","An impersonation call from someone claiming to be technical support at Wells Fargo directed the victim to install remote access tools, compromising $68,389.",phishing_social_engineering,Phishing Social Engineering
cyberguard_301161,cyberguard,2024-05-02,Police / CERT Incident Report,"Victim experienced unauthorized card-not-present fraud where $25,973 was deducted through international online payment processors.","Victim experienced unauthorized card-not-present fraud where $25,973 was deducted through international online payment processors.",financial_cyber_fraud,Financial Cyber Fraud
cyberguard_301162,cyberguard,2024-05-02,Police / CERT Incident Report,"Victim experienced unauthorized card-not-present fraud where $59,037 was deducted through international online payment processors.","Victim experienced unauthorized card-not-present fraud where $59,037 was deducted through international online payment processors.",financial_cyber_fraud,Financial Cyber Fraud
cyberguard_301163,cyberguard,2024-05-02,Police / CERT Incident Report,"Victim was targeted with an email purporting to be from Facebook Marketplace demanding password verification, resulting in account takeover.","Victim was targeted with an email purporting to be from Facebook Marketplace demanding password verification, resulting in account takeover.",phishing_social_engineering,Phishing Social Engineering
cyberguard_301164,cyberguard,2024-05-02,Police / CERT Incident Report,"Victim experienced unauthorized card-not-present fraud where $64,592 was deducted through international online payment processors.","Victim experienced unauthorized card-not-present fraud where $64,592 was deducted through international online payment processors.",financial_cyber_fraud,Financial Cyber Fraud
cyberguard_301165,cyberguard,2024-05-02,Police / CERT Incident Report,"Citizen reported an online crypto investment fraud. An unknown party contacted them via LinkedIn promoting a trading platform. Victim transferred $47,262 in Bitcoin before being locked out.","Citizen reported an online crypto investment fraud. An unknown party contacted them via LinkedIn promoting a trading platform. Victim transferred $47,262 in Bitcoin before being locked out.",financial_cyber_fraud,Financial Cyber Fraud
cyberguard_301166,cyberguard,2024-05-02,Police / CERT Incident Report,"A commercial logistics agency reported a malware attack that locked critical shipment dispatch schedules, leaving a ransom note demanding Monero.","A commercial logistics agency reported a malware attack that locked critical shipment dispatch schedules, leaving a ransom note demanding Monero.",ransomware_extortion,Ransomware Extortion
cyberguard_301167,cyberguard,2024-05-02,Police / CERT Incident Report,"Victim received an urgent smishing SMS claiming an undelivered parcel from postal services, providing a spoofed link that compromised their debit card details.","Victim received an urgent smishing SMS claiming an undelivered parcel from postal services, providing a spoofed link that compromised their debit card details.",phishing_social_engineering,Phishing Social Engineering
cyberguard_301168,cyberguard,2024-05-02,Police / CERT Incident Report,"Complainant reported identity theft. Fraudsters acquired the victim's social security number and driver's license from an online leak and fraudulently claimed $60,415 in benefits.","Complainant reported identity theft. Fraudsters acquired the victim's social security number and driver's license from an online leak and fraudulently claimed $60,415 in benefits.",identity_theft_impersonation,Identity Theft Impersonation
cyberguard_301169,cyberguard,2024-05-02,Police / CERT Incident Report,"Victim was targeted with an email purporting to be from Instagram demanding password verification, resulting in account takeover.","Victim was targeted with an email purporting to be from Instagram demanding password verification, resulting in account takeover.",phishing_social_engineering,Phishing Social Engineering
cyberguard_301170,cyberguard,2024-05-02,Police / CERT Incident Report,"An impersonation call from someone claiming to be technical support at Venmo directed the victim to install remote access tools, compromising $10,036.","An impersonation call from someone claiming to be technical support at Venmo directed the victim to install remote access tools, compromising $10,036.",phishing_social_engineering,Phishing Social Engineering
cyberguard_301171,cyberguard,2024-05-02,Police / CERT Incident Report,"Citizen reported an online crypto investment fraud. An unknown party contacted them via LinkedIn promoting a trading platform. Victim transferred $2,063 in Solana before being locked out.","Citizen reported an online crypto investment fraud. An unknown party contacted them via LinkedIn promoting a trading platform. Victim transferred $2,063 in Solana before being locked out.",financial_cyber_fraud,Financial Cyber Fraud
cyberguard_301172,cyberguard,2024-05-02,Police / CERT Incident Report,"Complainant reported identity theft. Fraudsters acquired the victim's social security number and driver's license from an online leak and fraudulently claimed $67,896 in benefits.","Complainant reported identity theft. Fraudsters acquired the victim's social security number and driver's license from an online leak and fraudulently claimed $67,896 in benefits.",identity_theft_impersonation,Identity Theft Impersonation
cyberguard_301173,cyberguard,2024-05-02,Police / CERT Incident Report,"Victim was targeted with an email purporting to be from Facebook Marketplace demanding password verification, resulting in account takeover.","Victim was targeted with an email purporting to be from Facebook Marketplace demanding password verification, resulting in account takeover.",phishing_social_engineering,Phishing Social Engineering
cyberguard_301174,cyberguard,2024-05-02,Police / CERT Incident Report,"Victim was targeted with an email purporting to be from Tinder demanding password verification, resulting in account takeover.","Victim was targeted with an email purporting to be from Tinder demanding password verification, resulting in account takeover.",phishing_social_engineering,Phishing Social Engineering
cyberguard_301175,cyberguard,2024-05-02,Police / CERT Incident Report,"A business owner filed a report stating that an extortion group encrypted their client database, demanding $71,376 in Solana to restore access.","A business owner filed a report stating that an extortion group encrypted their client database, demanding $71,376 in Solana to restore access.",ransomware_extortion,Ransomware Extortion
cyberguard_301176,cyberguard,2024-05-02,Police / CERT Incident Report,"Complainant reported that an unknown perpetrator impersonated them using their personal credentials to lease equipment and open utility accounts totaling $67,008.","Complainant reported that an unknown perpetrator impersonated them using their personal credentials to lease equipment and open utility accounts totaling $67,008.",identity_theft_impersonation,Identity Theft Impersonation
cyberguard_301177,cyberguard,2024-05-02,Police / CERT Incident Report,"An impersonation call from someone claiming to be technical support at JPMorgan Chase directed the victim to install remote access tools, compromising $47,240.","An impersonation call from someone claiming to be technical support at JPMorgan Chase directed the victim to install remote access tools, compromising $47,240.",phishing_social_engineering,Phishing Social Engineering
cyberguard_301178,cyberguard,2024-05-02,Police / CERT Incident Report,"Victim was targeted with an email purporting to be from Instagram demanding password verification, resulting in account takeover.","Victim was targeted with an email purporting to be from Instagram demanding password verification, resulting in account takeover.",phishing_social_engineering,Phishing Social Engineering
cyberguard_301179,cyberguard,2024-05-02,Police / CERT Incident Report,"An impersonation call from someone claiming to be technical support at Cash App directed the victim to install remote access tools, compromising $56,623.","An impersonation call from someone claiming to be technical support at Cash App directed the victim to install remote access tools, compromising $56,623.",phishing_social_engineering,Phishing Social Engineering
cyberguard_301180,cyberguard,2024-05-02,Police / CERT Incident Report,"Complainant reported identity theft. Fraudsters acquired the victim's social security number and driver's license from an online leak and fraudulently claimed $54,527 in benefits.","Complainant reported identity theft. Fraudsters acquired the victim's social security number and driver's license from an online leak and fraudulently claimed $54,527 in benefits.",identity_theft_impersonation,Identity Theft Impersonation
cyberguard_301181,cyberguard,2024-05-02,Police / CERT Incident Report,"A commercial logistics agency reported a malware attack that locked critical shipment dispatch schedules, leaving a ransom note demanding Bitcoin.","A commercial logistics agency reported a malware attack that locked critical shipment dispatch schedules, leaving a ransom note demanding Bitcoin.",ransomware_extortion,Ransomware Extortion
cyberguard_301182,cyberguard,2024-05-02,Police / CERT Incident Report,"Victim was targeted with an email purporting to be from LinkedIn demanding password verification, resulting in account takeover.","Victim was targeted with an email purporting to be from LinkedIn demanding password verification, resulting in account takeover.",phishing_social_engineering,Phishing Social Engineering
cyberguard_301183,cyberguard,2024-05-02,Police / CERT Incident Report,"Complainant reported identity theft. Fraudsters acquired the victim's social security number and driver's license from an online leak and fraudulently claimed $18,497 in benefits.","Complainant reported identity theft. Fraudsters acquired the victim's social security number and driver's license from an online leak and fraudulently claimed $18,497 in benefits.",identity_theft_impersonation,Identity Theft Impersonation
cyberguard_301184,cyberguard,2024-05-02,Police / CERT Incident Report,"Citizen reported an online crypto investment fraud. An unknown party contacted them via LinkedIn promoting a trading platform. Victim transferred $71,491 in Monero before being locked out.","Citizen reported an online crypto investment fraud. An unknown party contacted them via LinkedIn promoting a trading platform. Victim transferred $71,491 in Monero before being locked out.",financial_cyber_fraud,Financial Cyber Fraud
cyberguard_301185,cyberguard,2024-05-02,Police / CERT Incident Report,"Complainant reported identity theft. Fraudsters acquired the victim's social security number and driver's license from an online leak and fraudulently claimed $78,657 in benefits.","Complainant reported identity theft. Fraudsters acquired the victim's social security number and driver's license from an online leak and fraudulently claimed $78,657 in benefits.",identity_theft_impersonation,Identity Theft Impersonation
cyberguard_301186,cyberguard,2024-05-02,Police / CERT Incident Report,"Complainant reported digital extortion where an attacker threatened to release private personal photographs unless $40,349 in Solana was paid within 24 hours.","Complainant reported digital extortion where an attacker threatened to release private personal photographs unless $40,349 in Solana was paid within 24 hours.",ransomware_extortion,Ransomware Extortion
cyberguard_301187,cyberguard,2024-05-02,Police / CERT Incident Report,"Victim received an urgent smishing SMS claiming an undelivered parcel from postal services, providing a spoofed link that compromised their debit card details.","Victim received an urgent smishing SMS claiming an undelivered parcel from postal services, providing a spoofed link that compromised their debit card details.",phishing_social_engineering,Phishing Social Engineering
cyberguard_301188,cyberguard,2024-05-02,Police / CERT Incident Report,"Complainant reported that an unknown perpetrator impersonated them using their personal credentials to lease equipment and open utility accounts totaling $74,342.","Complainant reported that an unknown perpetrator impersonated them using their personal credentials to lease equipment and open utility accounts totaling $74,342.",identity_theft_impersonation,Identity Theft Impersonation
cyberguard_301189,cyberguard,2024-05-02,Police / CERT Incident Report,"Citizen reported an online crypto investment fraud. An unknown party contacted them via LinkedIn promoting a trading platform. Victim transferred $26,058 in Monero before being locked out.","Citizen reported an online crypto investment fraud. An unknown party contacted them via LinkedIn promoting a trading platform. Victim transferred $26,058 in Monero before being locked out.",financial_cyber_fraud,Financial Cyber Fraud
cyberguard_301190,cyberguard,2024-05-02,Police / CERT Incident Report,"Complainant reported digital extortion where an attacker threatened to release private personal photographs unless $10,820 in Tether (USDT) was paid within 24 hours.","Complainant reported digital extortion where an attacker threatened to release private personal photographs unless $10,820 in Tether (USDT) was paid within 24 hours.",ransomware_extortion,Ransomware Extortion
cyberguard_301191,cyberguard,2024-05-02,Police / CERT Incident Report,"Complainant reported digital extortion where an attacker threatened to release private personal photographs unless $5,971 in Bitcoin was paid within 24 hours.","Complainant reported digital extortion where an attacker threatened to release private personal photographs unless $5,971 in Bitcoin was paid within 24 hours.",ransomware_extortion,Ransomware Extortion
cyberguard_301192,cyberguard,2024-05-02,Police / CERT Incident Report,"Complainant reported digital extortion where an attacker threatened to release private personal photographs unless $4,656 in Bitcoin was paid within 24 hours.","Complainant reported digital extortion where an attacker threatened to release private personal photographs unless $4,656 in Bitcoin was paid within 24 hours.",ransomware_extortion,Ransomware Extortion
cyberguard_301193,cyberguard,2024-05-02,Police / CERT Incident Report,"Complainant reported digital extortion where an attacker threatened to release private personal photographs unless $9,057 in Ethereum was paid within 24 hours.","Complainant reported digital extortion where an attacker threatened to release private personal photographs unless $9,057 in Ethereum was paid within 24 hours.",ransomware_extortion,Ransomware Extortion
cyberguard_301194,cyberguard,2024-05-02,Police / CERT Incident Report,"A commercial logistics agency reported a malware attack that locked critical shipment dispatch schedules, leaving a ransom note demanding Tether (USDT).","A commercial logistics agency reported a malware attack that locked critical shipment dispatch schedules, leaving a ransom note demanding Tether (USDT).",ransomware_extortion,Ransomware Extortion
cyberguard_301195,cyberguard,2024-05-02,Police / CERT Incident Report,"A business owner filed a report stating that an extortion group encrypted their client database, demanding $23,462 in Bitcoin to restore access.","A business owner filed a report stating that an extortion group encrypted their client database, demanding $23,462 in Bitcoin to restore access.",ransomware_extortion,Ransomware Extortion
cyberguard_301196,cyberguard,2024-05-02,Police / CERT Incident Report,"Victim experienced unauthorized card-not-present fraud where $69,382 was deducted through international online payment processors.","Victim experienced unauthorized card-not-present fraud where $69,382 was deducted through international online payment processors.",financial_cyber_fraud,Financial Cyber Fraud
cyberguard_301197,cyberguard,2024-05-02,Police / CERT Incident Report,"Citizen reported an online crypto investment fraud. An unknown party contacted them via Facebook Marketplace promoting a trading platform. Victim transferred $3,484 in Tether (USDT) before being locked out.","Citizen reported an online crypto investment fraud. An unknown party contacted them via Facebook Marketplace promoting a trading platform. Victim transferred $3,484 in Tether (USDT) before being locked out.",financial_cyber_fraud,Financial Cyber Fraud
cyberguard_301198,cyberguard,2024-05-02,Police / CERT Incident Report,"Complainant was deceived in an online transaction. They transferred $79,436 via Chime for an item listed on Instagram, after which the seller deleted their profile.","Complainant was deceived in an online transaction. They transferred $79,436 via Chime for an item listed on Instagram, after which the seller deleted their profile.",financial_cyber_fraud,Financial Cyber Fraud
cyberguard_301199,cyberguard,2024-05-02,Police / CERT Incident Report,"Complainant reported that an unknown perpetrator impersonated them using their personal credentials to lease equipment and open utility accounts totaling $20,654.","Complainant reported that an unknown perpetrator impersonated them using their personal credentials to lease equipment and open utility accounts totaling $20,654.",identity_theft_impersonation,Identity Theft Impersonation
cyberguard_301200,cyberguard,2024-05-02,Police / CERT Incident Report,"Complainant reported identity theft. Fraudsters acquired the victim's social security number and driver's license from an online leak and fraudulently claimed $79,442 in benefits.","Complainant reported identity theft. Fraudsters acquired the victim's social security number and driver's license from an online leak and fraudulently claimed $79,442 in benefits.",identity_theft_impersonation,Identity Theft Impersonation
cyberguard_301201,cyberguard,2024-05-02,Police / CERT Incident Report,"An impersonation call from someone claiming to be technical support at Cash App directed the victim to install remote access tools, compromising $49,530.","An impersonation call from someone claiming to be technical support at Cash App directed the victim to install remote access tools, compromising $49,530.",phishing_social_engineering,Phishing Social Engineering
cyberguard_301202,cyberguard,2024-05-02,Police / CERT Incident Report,"Complainant reported identity theft. Fraudsters acquired the victim's social security number and driver's license from an online leak and fraudulently claimed $25,946 in benefits.","Complainant reported identity theft. Fraudsters acquired the victim's social security number and driver's license from an online leak and fraudulently claimed $25,946 in benefits.",identity_theft_impersonation,Identity Theft Impersonation
cyberguard_301203,cyberguard,2024-05-02,Police / CERT Incident Report,"Citizen reported an online crypto investment fraud. An unknown party contacted them via Tinder promoting a trading platform. Victim transferred $67,381 in Bitcoin before being locked out.","Citizen reported an online crypto investment fraud. An unknown party contacted them via Tinder promoting a trading platform. Victim transferred $67,381 in Bitcoin before being locked out.",financial_cyber_fraud,Financial Cyber Fraud
cyberguard_301204,cyberguard,2024-05-02,Police / CERT Incident Report,"Victim experienced unauthorized card-not-present fraud where $83,369 was deducted through international online payment processors.","Victim experienced unauthorized card-not-present fraud where $83,369 was deducted through international online payment processors.",financial_cyber_fraud,Financial Cyber Fraud
cyberguard_301205,cyberguard,2024-05-02,Police / CERT Incident Report,"A commercial logistics agency reported a malware attack that locked critical shipment dispatch schedules, leaving a ransom note demanding Ethereum.","A commercial logistics agency reported a malware attack that locked critical shipment dispatch schedules, leaving a ransom note demanding Ethereum.",ransomware_extortion,Ransomware Extortion
cyberguard_301206,cyberguard,2024-05-02,Police / CERT Incident Report,"Complainant reported that an unknown perpetrator impersonated them using their personal credentials to lease equipment and open utility accounts totaling $4,998.","Complainant reported that an unknown perpetrator impersonated them using their personal credentials to lease equipment and open utility accounts totaling $4,998.",identity_theft_impersonation,Identity Theft Impersonation
cyberguard_301207,cyberguard,2024-05-02,Police / CERT Incident Report,"Complainant reported identity theft. Fraudsters acquired the victim's social security number and driver's license from an online leak and fraudulently claimed $7,797 in benefits.","Complainant reported identity theft. Fraudsters acquired the victim's social security number and driver's license from an online leak and fraudulently claimed $7,797 in benefits.",identity_theft_impersonation,Identity Theft Impersonation
cyberguard_301208,cyberguard,2024-05-02,Police / CERT Incident Report,"Complainant reported that an unknown perpetrator impersonated them using their personal credentials to lease equipment and open utility accounts totaling $66,995.","Complainant reported that an unknown perpetrator impersonated them using their personal credentials to lease equipment and open utility accounts totaling $66,995.",identity_theft_impersonation,Identity Theft Impersonation
cyberguard_301209,cyberguard,2024-05-02,Police / CERT Incident Report,"A commercial logistics agency reported a malware attack that locked critical shipment dispatch schedules, leaving a ransom note demanding Monero.","A commercial logistics agency reported a malware attack that locked critical shipment dispatch schedules, leaving a ransom note demanding Monero.",ransomware_extortion,Ransomware Extortion
cyberguard_301210,cyberguard,2024-05-02,Police / CERT Incident Report,"Complainant reported identity theft. Fraudsters acquired the victim's social security number and driver's license from an online leak and fraudulently claimed $38,093 in benefits.","Complainant reported identity theft. Fraudsters acquired the victim's social security number and driver's license from an online leak and fraudulently claimed $38,093 in benefits.",identity_theft_impersonation,Identity Theft Impersonation
cyberguard_301211,cyberguard,2024-05-02,Police / CERT Incident Report,"Victim experienced unauthorized card-not-present fraud where $12,282 was deducted through international online payment processors.","Victim experienced unauthorized card-not-present fraud where $12,282 was deducted through international online payment processors.",financial_cyber_fraud,Financial Cyber Fraud
cyberguard_301212,cyberguard,2024-05-02,Police / CERT Incident Report,"Victim received an urgent smishing SMS claiming an undelivered parcel from postal services, providing a spoofed link that compromised their debit card details.","Victim received an urgent smishing SMS claiming an undelivered parcel from postal services, providing a spoofed link that compromised their debit card details.",phishing_social_engineering,Phishing Social Engineering
cyberguard_301213,cyberguard,2024-05-02,Police / CERT Incident Report,"An impersonation call from someone claiming to be technical support at Venmo directed the victim to install remote access tools, compromising $76,894.","An impersonation call from someone claiming to be technical support at Venmo directed the victim to install remote access tools, compromising $76,894.",phishing_social_engineering,Phishing Social Engineering
cyberguard_301214,cyberguard,2024-05-02,Police / CERT Incident Report,"A victim discovered that their identity was forged to register unauthorized accounts with JPMorgan Chase and obtain online loans amounting to $4,481 without consent.","A victim discovered that their identity was forged to register unauthorized accounts with JPMorgan Chase and obtain online loans amounting to $4,481 without consent.",identity_theft_impersonation,Identity Theft Impersonation
cyberguard_301215,cyberguard,2024-05-02,Police / CERT Incident Report,"Complainant was deceived in an online transaction. They transferred $70,846 via Zelle for an item listed on Telegram, after which the seller deleted their profile.","Complainant was deceived in an online transaction. They transferred $70,846 via Zelle for an item listed on Telegram, after which the seller deleted their profile.",financial_cyber_fraud,Financial Cyber Fraud
cyberguard_301216,cyberguard,2024-05-02,Police / CERT Incident Report,"A victim discovered that their identity was forged to register unauthorized accounts with JPMorgan Chase and obtain online loans amounting to $79,450 without consent.","A victim discovered that their identity was forged to register unauthorized accounts with JPMorgan Chase and obtain online loans amounting to $79,450 without consent.",identity_theft_impersonation,Identity Theft Impersonation
cyberguard_301217,cyberguard,2024-05-02,Police / CERT Incident Report,"Complainant reported identity theft. Fraudsters acquired the victim's social security number and driver's license from an online leak and fraudulently claimed $2,202 in benefits.","Complainant reported identity theft. Fraudsters acquired the victim's social security number and driver's license from an online leak and fraudulently claimed $2,202 in benefits.",identity_theft_impersonation,Identity Theft Impersonation
cyberguard_301218,cyberguard,2024-05-02,Police / CERT Incident Report,"Victim was targeted with an email purporting to be from Instagram demanding password verification, resulting in account takeover.","Victim was targeted with an email purporting to be from Instagram demanding password verification, resulting in account takeover.",phishing_social_engineering,Phishing Social Engineering
cyberguard_301219,cyberguard,2024-05-02,Police / CERT Incident Report,"Complainant was deceived in an online transaction. They transferred $17,512 via Zelle for an item listed on WhatsApp, after which the seller deleted their profile.","Complainant was deceived in an online transaction. They transferred $17,512 via Zelle for an item listed on WhatsApp, after which the seller deleted their profile.",financial_cyber_fraud,Financial Cyber Fraud
cyberguard_301220,cyberguard,2024-05-02,Police / CERT Incident Report,"A business owner filed a report stating that an extortion group encrypted their client database, demanding $69,734 in Monero to restore access.","A business owner filed a report stating that an extortion group encrypted their client database, demanding $69,734 in Monero to restore access.",ransomware_extortion,Ransomware Extortion
cyberguard_301221,cyberguard,2024-05-02,Police / CERT Incident Report,"A victim discovered that their identity was forged to register unauthorized accounts with Zelle and obtain online loans amounting to $40,826 without consent.","A victim discovered that their identity was forged to register unauthorized accounts with Zelle and obtain online loans amounting to $40,826 without consent.",identity_theft_impersonation,Identity Theft Impersonation
cyberguard_301222,cyberguard,2024-05-02,Police / CERT Incident Report,"Victim experienced unauthorized card-not-present fraud where $74,368 was deducted through international online payment processors.","Victim experienced unauthorized card-not-present fraud where $74,368 was deducted through international online payment processors.",financial_cyber_fraud,Financial Cyber Fraud
cyberguard_301223,cyberguard,2024-05-02,Police / CERT Incident Report,"Complainant reported that an unknown perpetrator impersonated them using their personal credentials to lease equipment and open utility accounts totaling $65,292.","Complainant reported that an unknown perpetrator impersonated them using their personal credentials to lease equipment and open utility accounts totaling $65,292.",identity_theft_impersonation,Identity Theft Impersonation
cyberguard_301224,cyberguard,2024-05-02,Police / CERT Incident Report,"Victim was targeted with an email purporting to be from Instagram demanding password verification, resulting in account takeover.","Victim was targeted with an email purporting to be from Instagram demanding password verification, resulting in account takeover.",phishing_social_engineering,Phishing Social Engineering
cyberguard_301225,cyberguard,2024-05-02,Police / CERT Incident Report,"An impersonation call from someone claiming to be technical support at Revolut directed the victim to install remote access tools, compromising $75,866.","An impersonation call from someone claiming to be technical support at Revolut directed the victim to install remote access tools, compromising $75,866.",phishing_social_engineering,Phishing Social Engineering
cyberguard_301226,cyberguard,2024-05-02,Police / CERT Incident Report,"A commercial logistics agency reported a malware attack that locked critical shipment dispatch schedules, leaving a ransom note demanding Monero.","A commercial logistics agency reported a malware attack that locked critical shipment dispatch schedules, leaving a ransom note demanding Monero.",ransomware_extortion,Ransomware Extortion
cyberguard_301227,cyberguard,2024-05-02,Police / CERT Incident Report,"A commercial logistics agency reported a malware attack that locked critical shipment dispatch schedules, leaving a ransom note demanding Bitcoin.","A commercial logistics agency reported a malware attack that locked critical shipment dispatch schedules, leaving a ransom note demanding Bitcoin.",ransomware_extortion,Ransomware Extortion
cyberguard_301228,cyberguard,2024-05-02,Police / CERT Incident Report,"Complainant reported that an unknown perpetrator impersonated them using their personal credentials to lease equipment and open utility accounts totaling $41,728.","Complainant reported that an unknown perpetrator impersonated them using their personal credentials to lease equipment and open utility accounts totaling $41,728.",identity_theft_impersonation,Identity Theft Impersonation
cyberguard_301229,cyberguard,2024-05-02,Police / CERT Incident Report,"Citizen reported an online crypto investment fraud. An unknown party contacted them via LinkedIn promoting a trading platform. Victim transferred $26,600 in Solana before being locked out.","Citizen reported an online crypto investment fraud. An unknown party contacted them via LinkedIn promoting a trading platform. Victim transferred $26,600 in Solana before being locked out.",financial_cyber_fraud,Financial Cyber Fraud
cyberguard_301230,cyberguard,2024-05-02,Police / CERT Incident Report,"Victim received an urgent smishing SMS claiming an undelivered parcel from postal services, providing a spoofed link that compromised their debit card details.","Victim received an urgent smishing SMS claiming an undelivered parcel from postal services, providing a spoofed link that compromised their debit card details.",phishing_social_engineering,Phishing Social Engineering
cyberguard_301231,cyberguard,2024-05-02,Police / CERT Incident Report,"An impersonation call from someone claiming to be technical support at Zelle directed the victim to install remote access tools, compromising $66,996.","An impersonation call from someone claiming to be technical support at Zelle directed the victim to install remote access tools, compromising $66,996.",phishing_social_engineering,Phishing Social Engineering
cyberguard_301232,cyberguard,2024-05-02,Police / CERT Incident Report,"A commercial logistics agency reported a malware attack that locked critical shipment dispatch schedules, leaving a ransom note demanding Monero.","A commercial logistics agency reported a malware attack that locked critical shipment dispatch schedules, leaving a ransom note demanding Monero.",ransomware_extortion,Ransomware Extortion
cyberguard_301233,cyberguard,2024-05-02,Police / CERT Incident Report,"Complainant was deceived in an online transaction. They transferred $60,410 via Chime for an item listed on LinkedIn, after which the seller deleted their profile.","Complainant was deceived in an online transaction. They transferred $60,410 via Chime for an item listed on LinkedIn, after which the seller deleted their profile.",financial_cyber_fraud,Financial Cyber Fraud
cyberguard_301234,cyberguard,2024-05-02,Police / CERT Incident Report,"Citizen reported an online crypto investment fraud. An unknown party contacted them via WhatsApp promoting a trading platform. Victim transferred $62,937 in Tether (USDT) before being locked out.","Citizen reported an online crypto investment fraud. An unknown party contacted them via WhatsApp promoting a trading platform. Victim transferred $62,937 in Tether (USDT) before being locked out.",financial_cyber_fraud,Financial Cyber Fraud
cyberguard_301235,cyberguard,2024-05-02,Police / CERT Incident Report,"A commercial logistics agency reported a malware attack that locked critical shipment dispatch schedules, leaving a ransom note demanding Solana.","A commercial logistics agency reported a malware attack that locked critical shipment dispatch schedules, leaving a ransom note demanding Solana.",ransomware_extortion,Ransomware Extortion
cyberguard_301236,cyberguard,2024-05-02,Police / CERT Incident Report,"Complainant reported that an unknown perpetrator impersonated them using their personal credentials to lease equipment and open utility accounts totaling $53,386.","Complainant reported that an unknown perpetrator impersonated them using their personal credentials to lease equipment and open utility accounts totaling $53,386.",identity_theft_impersonation,Identity Theft Impersonation
cyberguard_301237,cyberguard,2024-05-02,Police / CERT Incident Report,"A business owner filed a report stating that an extortion group encrypted their client database, demanding $10,439 in Tether (USDT) to restore access.","A business owner filed a report stating that an extortion group encrypted their client database, demanding $10,439 in Tether (USDT) to restore access.",ransomware_extortion,Ransomware Extortion
cyberguard_301238,cyberguard,2024-05-02,Police / CERT Incident Report,"A victim discovered that their identity was forged to register unauthorized accounts with Venmo and obtain online loans amounting to $68,556 without consent.","A victim discovered that their identity was forged to register unauthorized accounts with Venmo and obtain online loans amounting to $68,556 without consent.",identity_theft_impersonation,Identity Theft Impersonation
cyberguard_301239,cyberguard,2024-05-02,Police / CERT Incident Report,"Complainant reported that an unknown perpetrator impersonated them using their personal credentials to lease equipment and open utility accounts totaling $74,540.","Complainant reported that an unknown perpetrator impersonated them using their personal credentials to lease equipment and open utility accounts totaling $74,540.",identity_theft_impersonation,Identity Theft Impersonation
cyberguard_301240,cyberguard,2024-05-02,Police / CERT Incident Report,"A commercial logistics agency reported a malware attack that locked critical shipment dispatch schedules, leaving a ransom note demanding Bitcoin.","A commercial logistics agency reported a malware attack that locked critical shipment dispatch schedules, leaving a ransom note demanding Bitcoin.",ransomware_extortion,Ransomware Extortion
cyberguard_301241,cyberguard,2024-05-02,Police / CERT Incident Report,"An impersonation call from someone claiming to be technical support at Zelle directed the victim to install remote access tools, compromising $45,035.","An impersonation call from someone claiming to be technical support at Zelle directed the victim to install remote access tools, compromising $45,035.",phishing_social_engineering,Phishing Social Engineering
cyberguard_301242,cyberguard,2024-05-02,Police / CERT Incident Report,"Complainant reported identity theft. Fraudsters acquired the victim's social security number and driver's license from an online leak and fraudulently claimed $65,463 in benefits.","Complainant reported identity theft. Fraudsters acquired the victim's social security number and driver's license from an online leak and fraudulently claimed $65,463 in benefits.",identity_theft_impersonation,Identity Theft Impersonation
cyberguard_301243,cyberguard,2024-05-02,Police / CERT Incident Report,"Complainant was deceived in an online transaction. They transferred $69,889 via Revolut for an item listed on WhatsApp, after which the seller deleted their profile.","Complainant was deceived in an online transaction. They transferred $69,889 via Revolut for an item listed on WhatsApp, after which the seller deleted their profile.",financial_cyber_fraud,Financial Cyber Fraud
cyberguard_301244,cyberguard,2024-05-02,Police / CERT Incident Report,"Victim received an urgent smishing SMS claiming an undelivered parcel from postal services, providing a spoofed link that compromised their debit card details.","Victim received an urgent smishing SMS claiming an undelivered parcel from postal services, providing a spoofed link that compromised their debit card details.",phishing_social_engineering,Phishing Social Engineering
cyberguard_301245,cyberguard,2024-05-02,Police / CERT Incident Report,"Victim was targeted with an email purporting to be from Telegram demanding password verification, resulting in account takeover.","Victim was targeted with an email purporting to be from Telegram demanding password verification, resulting in account takeover.",phishing_social_engineering,Phishing Social Engineering
cyberguard_301246,cyberguard,2024-05-02,Police / CERT Incident Report,"A victim discovered that their identity was forged to register unauthorized accounts with Cash App and obtain online loans amounting to $7,649 without consent.","A victim discovered that their identity was forged to register unauthorized accounts with Cash App and obtain online loans amounting to $7,649 without consent.",identity_theft_impersonation,Identity Theft Impersonation
cyberguard_301247,cyberguard,2024-05-02,Police / CERT Incident Report,"Victim was targeted with an email purporting to be from WhatsApp demanding password verification, resulting in account takeover.","Victim was targeted with an email purporting to be from WhatsApp demanding password verification, resulting in account takeover.",phishing_social_engineering,Phishing Social Engineering
cyberguard_301248,cyberguard,2024-05-02,Police / CERT Incident Report,"A commercial logistics agency reported a malware attack that locked critical shipment dispatch schedules, leaving a ransom note demanding Bitcoin.","A commercial logistics agency reported a malware attack that locked critical shipment dispatch schedules, leaving a ransom note demanding Bitcoin.",ransomware_extortion,Ransomware Extortion
cyberguard_301249,cyberguard,2024-05-02,Police / CERT Incident Report,"Complainant reported digital extortion where an attacker threatened to release private personal photographs unless $72,442 in Monero was paid within 24 hours.","Complainant reported digital extortion where an attacker threatened to release private personal photographs unless $72,442 in Monero was paid within 24 hours.",ransomware_extortion,Ransomware Extortion
cyberguard_301250,cyberguard,2024-05-02,Police / CERT Incident Report,"Victim experienced unauthorized card-not-present fraud where $80,485 was deducted through international online payment processors.","Victim experienced unauthorized card-not-present fraud where $80,485 was deducted through international online payment processors.",financial_cyber_fraud,Financial Cyber Fraud
cyberguard_301251,cyberguard,2024-05-02,Police / CERT Incident Report,"Complainant reported identity theft. Fraudsters acquired the victim's social security number and driver's license from an online leak and fraudulently claimed $59,541 in benefits.","Complainant reported identity theft. Fraudsters acquired the victim's social security number and driver's license from an online leak and fraudulently claimed $59,541 in benefits.",identity_theft_impersonation,Identity Theft Impersonation
cyberguard_301252,cyberguard,2024-05-02,Police / CERT Incident Report,"Victim experienced unauthorized card-not-present fraud where $25,932 was deducted through international online payment processors.","Victim experienced unauthorized card-not-present fraud where $25,932 was deducted through international online payment processors.",financial_cyber_fraud,Financial Cyber Fraud
cyberguard_301253,cyberguard,2024-05-02,Police / CERT Incident Report,"A business owner filed a report stating that an extortion group encrypted their client database, demanding $65,197 in Monero to restore access.","A business owner filed a report stating that an extortion group encrypted their client database, demanding $65,197 in Monero to restore access.",ransomware_extortion,Ransomware Extortion
cyberguard_301254,cyberguard,2024-05-02,Police / CERT Incident Report,"Victim experienced unauthorized card-not-present fraud where $56,460 was deducted through international online payment processors.","Victim experienced unauthorized card-not-present fraud where $56,460 was deducted through international online payment processors.",financial_cyber_fraud,Financial Cyber Fraud
cyberguard_301255,cyberguard,2024-05-02,Police / CERT Incident Report,"Victim received an urgent smishing SMS claiming an undelivered parcel from postal services, providing a spoofed link that compromised their debit card details.","Victim received an urgent smishing SMS claiming an undelivered parcel from postal services, providing a spoofed link that compromised their debit card details.",phishing_social_engineering,Phishing Social Engineering
cyberguard_301256,cyberguard,2024-05-02,Police / CERT Incident Report,"Complainant reported that an unknown perpetrator impersonated them using their personal credentials to lease equipment and open utility accounts totaling $10,281.","Complainant reported that an unknown perpetrator impersonated them using their personal credentials to lease equipment and open utility accounts totaling $10,281.",identity_theft_impersonation,Identity Theft Impersonation
cyberguard_301257,cyberguard,2024-05-02,Police / CERT Incident Report,"Victim received an urgent smishing SMS claiming an undelivered parcel from postal services, providing a spoofed link that compromised their debit card details.","Victim received an urgent smishing SMS claiming an undelivered parcel from postal services, providing a spoofed link that compromised their debit card details.",phishing_social_engineering,Phishing Social Engineering
cyberguard_301258,cyberguard,2024-05-02,Police / CERT Incident Report,"Citizen reported an online crypto investment fraud. An unknown party contacted them via Telegram promoting a trading platform. Victim transferred $29,546 in Solana before being locked out.","Citizen reported an online crypto investment fraud. An unknown party contacted them via Telegram promoting a trading platform. Victim transferred $29,546 in Solana before being locked out.",financial_cyber_fraud,Financial Cyber Fraud
cyberguard_301259,cyberguard,2024-05-02,Police / CERT Incident Report,"Complainant reported digital extortion where an attacker threatened to release private personal photographs unless $8,578 in Tether (USDT) was paid within 24 hours.","Complainant reported digital extortion where an attacker threatened to release private personal photographs unless $8,578 in Tether (USDT) was paid within 24 hours.",ransomware_extortion,Ransomware Extortion
cyberguard_301260,cyberguard,2024-05-02,Police / CERT Incident Report,"Complainant reported digital extortion where an attacker threatened to release private personal photographs unless $64,029 in Tether (USDT) was paid within 24 hours.","Complainant reported digital extortion where an attacker threatened to release private personal photographs unless $64,029 in Tether (USDT) was paid within 24 hours.",ransomware_extortion,Ransomware Extortion
cyberguard_301261,cyberguard,2024-05-02,Police / CERT Incident Report,"Complainant reported digital extortion where an attacker threatened to release private personal photographs unless $16,418 in Solana was paid within 24 hours.","Complainant reported digital extortion where an attacker threatened to release private personal photographs unless $16,418 in Solana was paid within 24 hours.",ransomware_extortion,Ransomware Extortion
cyberguard_301262,cyberguard,2024-05-02,Police / CERT Incident Report,"Complainant reported that an unknown perpetrator impersonated them using their personal credentials to lease equipment and open utility accounts totaling $28,633.","Complainant reported that an unknown perpetrator impersonated them using their personal credentials to lease equipment and open utility accounts totaling $28,633.",identity_theft_impersonation,Identity Theft Impersonation
cyberguard_301263,cyberguard,2024-05-02,Police / CERT Incident Report,"Citizen reported an online crypto investment fraud. An unknown party contacted them via WhatsApp promoting a trading platform. Victim transferred $42,041 in Tether (USDT) before being locked out.","Citizen reported an online crypto investment fraud. An unknown party contacted them via WhatsApp promoting a trading platform. Victim transferred $42,041 in Tether (USDT) before being locked out.",financial_cyber_fraud,Financial Cyber Fraud
cyberguard_301264,cyberguard,2024-05-02,Police / CERT Incident Report,"Complainant was deceived in an online transaction. They transferred $58,948 via Revolut for an item listed on LinkedIn, after which the seller deleted their profile.","Complainant was deceived in an online transaction. They transferred $58,948 via Revolut for an item listed on LinkedIn, after which the seller deleted their profile.",financial_cyber_fraud,Financial Cyber Fraud
cyberguard_301265,cyberguard,2024-05-02,Police / CERT Incident Report,"A business owner filed a report stating that an extortion group encrypted their client database, demanding $77,497 in Monero to restore access.","A business owner filed a report stating that an extortion group encrypted their client database, demanding $77,497 in Monero to restore access.",ransomware_extortion,Ransomware Extortion
cyberguard_301266,cyberguard,2024-05-02,Police / CERT Incident Report,"A commercial logistics agency reported a malware attack that locked critical shipment dispatch schedules, leaving a ransom note demanding Bitcoin.","A commercial logistics agency reported a malware attack that locked critical shipment dispatch schedules, leaving a ransom note demanding Bitcoin.",ransomware_extortion,Ransomware Extortion
cyberguard_301267,cyberguard,2024-05-02,Police / CERT Incident Report,"Complainant reported digital extortion where an attacker threatened to release private personal photographs unless $81,041 in Tether (USDT) was paid within 24 hours.","Complainant reported digital extortion where an attacker threatened to release private personal photographs unless $81,041 in Tether (USDT) was paid within 24 hours.",ransomware_extortion,Ransomware Extortion
cyberguard_301268,cyberguard,2024-05-02,Police / CERT Incident Report,"Complainant reported identity theft. Fraudsters acquired the victim's social security number and driver's license from an online leak and fraudulently claimed $48,692 in benefits.","Complainant reported identity theft. Fraudsters acquired the victim's social security number and driver's license from an online leak and fraudulently claimed $48,692 in benefits.",identity_theft_impersonation,Identity Theft Impersonation
cyberguard_301269,cyberguard,2024-05-02,Police / CERT Incident Report,"Victim received an urgent smishing SMS claiming an undelivered parcel from postal services, providing a spoofed link that compromised their debit card details.","Victim received an urgent smishing SMS claiming an undelivered parcel from postal services, providing a spoofed link that compromised their debit card details.",phishing_social_engineering,Phishing Social Engineering
cyberguard_301270,cyberguard,2024-05-02,Police / CERT Incident Report,"Citizen reported an online crypto investment fraud. An unknown party contacted them via WhatsApp promoting a trading platform. Victim transferred $38,877 in Ethereum before being locked out.","Citizen reported an online crypto investment fraud. An unknown party contacted them via WhatsApp promoting a trading platform. Victim transferred $38,877 in Ethereum before being locked out.",financial_cyber_fraud,Financial Cyber Fraud
cyberguard_301271,cyberguard,2024-05-02,Police / CERT Incident Report,"Citizen reported an online crypto investment fraud. An unknown party contacted them via Instagram promoting a trading platform. Victim transferred $22,745 in Solana before being locked out.","Citizen reported an online crypto investment fraud. An unknown party contacted them via Instagram promoting a trading platform. Victim transferred $22,745 in Solana before being locked out.",financial_cyber_fraud,Financial Cyber Fraud
cyberguard_301272,cyberguard,2024-05-02,Police / CERT Incident Report,"An impersonation call from someone claiming to be technical support at Revolut directed the victim to install remote access tools, compromising $35,847.","An impersonation call from someone claiming to be technical support at Revolut directed the victim to install remote access tools, compromising $35,847.",phishing_social_engineering,Phishing Social Engineering
cyberguard_301273,cyberguard,2024-05-02,Police / CERT Incident Report,"Victim received an urgent smishing SMS claiming an undelivered parcel from postal services, providing a spoofed link that compromised their debit card details.","Victim received an urgent smishing SMS claiming an undelivered parcel from postal services, providing a spoofed link that compromised their debit card details.",phishing_social_engineering,Phishing Social Engineering
cyberguard_301274,cyberguard,2024-05-02,Police / CERT Incident Report,"Citizen reported an online crypto investment fraud. An unknown party contacted them via Instagram promoting a trading platform. Victim transferred $37,367 in Monero before being locked out.","Citizen reported an online crypto investment fraud. An unknown party contacted them via Instagram promoting a trading platform. Victim transferred $37,367 in Monero before being locked out.",financial_cyber_fraud,Financial Cyber Fraud
cyberguard_301275,cyberguard,2024-05-02,Police / CERT Incident Report,"Complainant reported digital extortion where an attacker threatened to release private personal photographs unless $57,232 in Ethereum was paid within 24 hours.","Complainant reported digital extortion where an attacker threatened to release private personal photographs unless $57,232 in Ethereum was paid within 24 hours.",ransomware_extortion,Ransomware Extortion
cyberguard_301276,cyberguard,2024-05-02,Police / CERT Incident Report,"Victim received an urgent smishing SMS claiming an undelivered parcel from postal services, providing a spoofed link that compromised their debit card details.","Victim received an urgent smishing SMS claiming an undelivered parcel from postal services, providing a spoofed link that compromised their debit card details.",phishing_social_engineering,Phishing Social Engineering
cyberguard_301277,cyberguard,2024-05-02,Police / CERT Incident Report,"Citizen reported an online crypto investment fraud. An unknown party contacted them via WhatsApp promoting a trading platform. Victim transferred $72,980 in Solana before being locked out.","Citizen reported an online crypto investment fraud. An unknown party contacted them via WhatsApp promoting a trading platform. Victim transferred $72,980 in Solana before being locked out.",financial_cyber_fraud,Financial Cyber Fraud
cyberguard_301278,cyberguard,2024-05-02,Police / CERT Incident Report,"Complainant reported identity theft. Fraudsters acquired the victim's social security number and driver's license from an online leak and fraudulently claimed $55,039 in benefits.","Complainant reported identity theft. Fraudsters acquired the victim's social security number and driver's license from an online leak and fraudulently claimed $55,039 in benefits.",identity_theft_impersonation,Identity Theft Impersonation
cyberguard_301279,cyberguard,2024-05-02,Police / CERT Incident Report,"Citizen reported an online crypto investment fraud. An unknown party contacted them via Instagram promoting a trading platform. Victim transferred $38,301 in Ethereum before being locked out.","Citizen reported an online crypto investment fraud. An unknown party contacted them via Instagram promoting a trading platform. Victim transferred $38,301 in Ethereum before being locked out.",financial_cyber_fraud,Financial Cyber Fraud
cyberguard_301280,cyberguard,2024-05-02,Police / CERT Incident Report,"Victim experienced unauthorized card-not-present fraud where $18,800 was deducted through international online payment processors.","Victim experienced unauthorized card-not-present fraud where $18,800 was deducted through international online payment processors.",financial_cyber_fraud,Financial Cyber Fraud
cyberguard_301281,cyberguard,2024-05-02,Police / CERT Incident Report,"Complainant reported identity theft. Fraudsters acquired the victim's social security number and driver's license from an online leak and fraudulently claimed $31,773 in benefits.","Complainant reported identity theft. Fraudsters acquired the victim's social security number and driver's license from an online leak and fraudulently claimed $31,773 in benefits.",identity_theft_impersonation,Identity Theft Impersonation
cyberguard_301282,cyberguard,2024-05-02,Police / CERT Incident Report,"Complainant reported identity theft. Fraudsters acquired the victim's social security number and driver's license from an online leak and fraudulently claimed $55,570 in benefits.","Complainant reported identity theft. Fraudsters acquired the victim's social security number and driver's license from an online leak and fraudulently claimed $55,570 in benefits.",identity_theft_impersonation,Identity Theft Impersonation
cyberguard_301283,cyberguard,2024-05-02,Police / CERT Incident Report,"An impersonation call from someone claiming to be technical support at Venmo directed the victim to install remote access tools, compromising $45,379.","An impersonation call from someone claiming to be technical support at Venmo directed the victim to install remote access tools, compromising $45,379.",phishing_social_engineering,Phishing Social Engineering
cyberguard_301284,cyberguard,2024-05-02,Police / CERT Incident Report,"Citizen reported an online crypto investment fraud. An unknown party contacted them via Telegram promoting a trading platform. Victim transferred $47,604 in Solana before being locked out.","Citizen reported an online crypto investment fraud. An unknown party contacted them via Telegram promoting a trading platform. Victim transferred $47,604 in Solana before being locked out.",financial_cyber_fraud,Financial Cyber Fraud
cyberguard_301285,cyberguard,2024-05-02,Police / CERT Incident Report,"Victim received an urgent smishing SMS claiming an undelivered parcel from postal services, providing a spoofed link that compromised their debit card details.","Victim received an urgent smishing SMS claiming an undelivered parcel from postal services, providing a spoofed link that compromised their debit card details.",phishing_social_engineering,Phishing Social Engineering
cyberguard_301286,cyberguard,2024-05-02,Police / CERT Incident Report,"Complainant reported digital extortion where an attacker threatened to release private personal photographs unless $18,642 in Monero was paid within 24 hours.","Complainant reported digital extortion where an attacker threatened to release private personal photographs unless $18,642 in Monero was paid within 24 hours.",ransomware_extortion,Ransomware Extortion
cyberguard_301287,cyberguard,2024-05-02,Police / CERT Incident Report,"Complainant was deceived in an online transaction. They transferred $26,288 via JPMorgan Chase for an item listed on WhatsApp, after which the seller deleted their profile.","Complainant was deceived in an online transaction. They transferred $26,288 via JPMorgan Chase for an item listed on WhatsApp, after which the seller deleted their profile.",financial_cyber_fraud,Financial Cyber Fraud
cyberguard_301288,cyberguard,2024-05-02,Police / CERT Incident Report,"Victim received an urgent smishing SMS claiming an undelivered parcel from postal services, providing a spoofed link that compromised their debit card details.","Victim received an urgent smishing SMS claiming an undelivered parcel from postal services, providing a spoofed link that compromised their debit card details.",phishing_social_engineering,Phishing Social Engineering
cyberguard_301289,cyberguard,2024-05-02,Police / CERT Incident Report,"Citizen reported an online crypto investment fraud. An unknown party contacted them via Instagram promoting a trading platform. Victim transferred $83,046 in Bitcoin before being locked out.","Citizen reported an online crypto investment fraud. An unknown party contacted them via Instagram promoting a trading platform. Victim transferred $83,046 in Bitcoin before being locked out.",financial_cyber_fraud,Financial Cyber Fraud
cyberguard_301290,cyberguard,2024-05-02,Police / CERT Incident Report,"Complainant reported identity theft. Fraudsters acquired the victim's social security number and driver's license from an online leak and fraudulently claimed $61,897 in benefits.","Complainant reported identity theft. Fraudsters acquired the victim's social security number and driver's license from an online leak and fraudulently claimed $61,897 in benefits.",identity_theft_impersonation,Identity Theft Impersonation
cyberguard_301291,cyberguard,2024-05-02,Police / CERT Incident Report,"A business owner filed a report stating that an extortion group encrypted their client database, demanding $10,317 in Monero to restore access.","A business owner filed a report stating that an extortion group encrypted their client database, demanding $10,317 in Monero to restore access.",ransomware_extortion,Ransomware Extortion
cyberguard_301292,cyberguard,2024-05-02,Police / CERT Incident Report,"A victim discovered that their identity was forged to register unauthorized accounts with Zelle and obtain online loans amounting to $41,413 without consent.","A victim discovered that their identity was forged to register unauthorized accounts with Zelle and obtain online loans amounting to $41,413 without consent.",identity_theft_impersonation,Identity Theft Impersonation
cyberguard_301293,cyberguard,2024-05-02,Police / CERT Incident Report,"Complainant reported identity theft. Fraudsters acquired the victim's social security number and driver's license from an online leak and fraudulently claimed $10,107 in benefits.","Complainant reported identity theft. Fraudsters acquired the victim's social security number and driver's license from an online leak and fraudulently claimed $10,107 in benefits.",identity_theft_impersonation,Identity Theft Impersonation
cyberguard_301294,cyberguard,2024-05-02,Police / CERT Incident Report,"Complainant reported that an unknown perpetrator impersonated them using their personal credentials to lease equipment and open utility accounts totaling $8,498.","Complainant reported that an unknown perpetrator impersonated them using their personal credentials to lease equipment and open utility accounts totaling $8,498.",identity_theft_impersonation,Identity Theft Impersonation
cyberguard_301295,cyberguard,2024-05-02,Police / CERT Incident Report,"Complainant reported identity theft. Fraudsters acquired the victim's social security number and driver's license from an online leak and fraudulently claimed $12,652 in benefits.","Complainant reported identity theft. Fraudsters acquired the victim's social security number and driver's license from an online leak and fraudulently claimed $12,652 in benefits.",identity_theft_impersonation,Identity Theft Impersonation
cyberguard_301296,cyberguard,2024-05-02,Police / CERT Incident Report,"A business owner filed a report stating that an extortion group encrypted their client database, demanding $27,452 in Monero to restore access.","A business owner filed a report stating that an extortion group encrypted their client database, demanding $27,452 in Monero to restore access.",ransomware_extortion,Ransomware Extortion
cyberguard_301297,cyberguard,2024-05-02,Police / CERT Incident Report,"Complainant reported that an unknown perpetrator impersonated them using their personal credentials to lease equipment and open utility accounts totaling $5,410.","Complainant reported that an unknown perpetrator impersonated them using their personal credentials to lease equipment and open utility accounts totaling $5,410.",identity_theft_impersonation,Identity Theft Impersonation
cyberguard_301298,cyberguard,2024-05-02,Police / CERT Incident Report,"Victim received an urgent smishing SMS claiming an undelivered parcel from postal services, providing a spoofed link that compromised their debit card details.","Victim received an urgent smishing SMS claiming an undelivered parcel from postal services, providing a spoofed link that compromised their debit card details.",phishing_social_engineering,Phishing Social Engineering
cyberguard_301299,cyberguard,2024-05-02,Police / CERT Incident Report,"Citizen reported an online crypto investment fraud. An unknown party contacted them via Telegram promoting a trading platform. Victim transferred $39,121 in Ethereum before being locked out.","Citizen reported an online crypto investment fraud. An unknown party contacted them via Telegram promoting a trading platform. Victim transferred $39,121 in Ethereum before being locked out.",financial_cyber_fraud,Financial Cyber Fraud
cyberguard_301300,cyberguard,2024-05-02,Police / CERT Incident Report,"Complainant reported identity theft. Fraudsters acquired the victim's social security number and driver's license from an online leak and fraudulently claimed $62,696 in benefits.","Complainant reported identity theft. Fraudsters acquired the victim's social security number and driver's license from an online leak and fraudulently claimed $62,696 in benefits.",identity_theft_impersonation,Identity Theft Impersonation
cyberguard_301301,cyberguard,2024-05-02,Police / CERT Incident Report,"Citizen reported an online crypto investment fraud. An unknown party contacted them via WhatsApp promoting a trading platform. Victim transferred $34,959 in Monero before being locked out.","Citizen reported an online crypto investment fraud. An unknown party contacted them via WhatsApp promoting a trading platform. Victim transferred $34,959 in Monero before being locked out.",financial_cyber_fraud,Financial Cyber Fraud
cyberguard_301302,cyberguard,2024-05-02,Police / CERT Incident Report,"An impersonation call from someone claiming to be technical support at Wells Fargo directed the victim to install remote access tools, compromising $7,278.","An impersonation call from someone claiming to be technical support at Wells Fargo directed the victim to install remote access tools, compromising $7,278.",phishing_social_engineering,Phishing Social Engineering
cyberguard_301303,cyberguard,2024-05-02,Police / CERT Incident Report,"Victim was targeted with an email purporting to be from Instagram demanding password verification, resulting in account takeover.","Victim was targeted with an email purporting to be from Instagram demanding password verification, resulting in account takeover.",phishing_social_engineering,Phishing Social Engineering
cyberguard_301304,cyberguard,2024-05-02,Police / CERT Incident Report,"Victim was targeted with an email purporting to be from Instagram demanding password verification, resulting in account takeover.","Victim was targeted with an email purporting to be from Instagram demanding password verification, resulting in account takeover.",phishing_social_engineering,Phishing Social Engineering
cyberguard_301305,cyberguard,2024-05-02,Police / CERT Incident Report,"Complainant reported identity theft. Fraudsters acquired the victim's social security number and driver's license from an online leak and fraudulently claimed $2,883 in benefits.","Complainant reported identity theft. Fraudsters acquired the victim's social security number and driver's license from an online leak and fraudulently claimed $2,883 in benefits.",identity_theft_impersonation,Identity Theft Impersonation
cyberguard_301306,cyberguard,2024-05-02,Police / CERT Incident Report,"An impersonation call from someone claiming to be technical support at Venmo directed the victim to install remote access tools, compromising $31,123.","An impersonation call from someone claiming to be technical support at Venmo directed the victim to install remote access tools, compromising $31,123.",phishing_social_engineering,Phishing Social Engineering
cyberguard_301307,cyberguard,2024-05-02,Police / CERT Incident Report,"A commercial logistics agency reported a malware attack that locked critical shipment dispatch schedules, leaving a ransom note demanding Bitcoin.","A commercial logistics agency reported a malware attack that locked critical shipment dispatch schedules, leaving a ransom note demanding Bitcoin.",ransomware_extortion,Ransomware Extortion
cyberguard_301308,cyberguard,2024-05-02,Police / CERT Incident Report,"A commercial logistics agency reported a malware attack that locked critical shipment dispatch schedules, leaving a ransom note demanding Solana.","A commercial logistics agency reported a malware attack that locked critical shipment dispatch schedules, leaving a ransom note demanding Solana.",ransomware_extortion,Ransomware Extortion
cyberguard_301309,cyberguard,2024-05-02,Police / CERT Incident Report,"An impersonation call from someone claiming to be technical support at Revolut directed the victim to install remote access tools, compromising $24,516.","An impersonation call from someone claiming to be technical support at Revolut directed the victim to install remote access tools, compromising $24,516.",phishing_social_engineering,Phishing Social Engineering
cyberguard_301310,cyberguard,2024-05-02,Police / CERT Incident Report,"Victim experienced unauthorized card-not-present fraud where $18,825 was deducted through international online payment processors.","Victim experienced unauthorized card-not-present fraud where $18,825 was deducted through international online payment processors.",financial_cyber_fraud,Financial Cyber Fraud
cyberguard_301311,cyberguard,2024-05-02,Police / CERT Incident Report,"A victim discovered that their identity was forged to register unauthorized accounts with Chime and obtain online loans amounting to $52,527 without consent.","A victim discovered that their identity was forged to register unauthorized accounts with Chime and obtain online loans amounting to $52,527 without consent.",identity_theft_impersonation,Identity Theft Impersonation
cyberguard_301312,cyberguard,2024-05-02,Police / CERT Incident Report,"An impersonation call from someone claiming to be technical support at Zelle directed the victim to install remote access tools, compromising $52,612.","An impersonation call from someone claiming to be technical support at Zelle directed the victim to install remote access tools, compromising $52,612.",phishing_social_engineering,Phishing Social Engineering
cyberguard_301313,cyberguard,2024-05-02,Police / CERT Incident Report,"Complainant reported identity theft. Fraudsters acquired the victim's social security number and driver's license from an online leak and fraudulently claimed $45,281 in benefits.","Complainant reported identity theft. Fraudsters acquired the victim's social security number and driver's license from an online leak and fraudulently claimed $45,281 in benefits.",identity_theft_impersonation,Identity Theft Impersonation
cyberguard_301314,cyberguard,2024-05-02,Police / CERT Incident Report,"An impersonation call from someone claiming to be technical support at Cash App directed the victim to install remote access tools, compromising $60,745.","An impersonation call from someone claiming to be technical support at Cash App directed the victim to install remote access tools, compromising $60,745.",phishing_social_engineering,Phishing Social Engineering
cyberguard_301315,cyberguard,2024-05-02,Police / CERT Incident Report,"A business owner filed a report stating that an extortion group encrypted their client database, demanding $31,768 in Ethereum to restore access.","A business owner filed a report stating that an extortion group encrypted their client database, demanding $31,768 in Ethereum to restore access.",ransomware_extortion,Ransomware Extortion
cyberguard_301316,cyberguard,2024-05-02,Police / CERT Incident Report,"A business owner filed a report stating that an extortion group encrypted their client database, demanding $28,466 in Solana to restore access.","A business owner filed a report stating that an extortion group encrypted their client database, demanding $28,466 in Solana to restore access.",ransomware_extortion,Ransomware Extortion
cyberguard_301317,cyberguard,2024-05-02,Police / CERT Incident Report,"Citizen reported an online crypto investment fraud. An unknown party contacted them via Instagram promoting a trading platform. Victim transferred $1,075 in Monero before being locked out.","Citizen reported an online crypto investment fraud. An unknown party contacted them via Instagram promoting a trading platform. Victim transferred $1,075 in Monero before being locked out.",financial_cyber_fraud,Financial Cyber Fraud
cyberguard_301318,cyberguard,2024-05-02,Police / CERT Incident Report,"Victim experienced unauthorized card-not-present fraud where $76,076 was deducted through international online payment processors.","Victim experienced unauthorized card-not-present fraud where $76,076 was deducted through international online payment processors.",financial_cyber_fraud,Financial Cyber Fraud
cyberguard_301319,cyberguard,2024-05-02,Police / CERT Incident Report,"Complainant was deceived in an online transaction. They transferred $33,807 via Revolut for an item listed on Instagram, after which the seller deleted their profile.","Complainant was deceived in an online transaction. They transferred $33,807 via Revolut for an item listed on Instagram, after which the seller deleted their profile.",financial_cyber_fraud,Financial Cyber Fraud
cyberguard_301320,cyberguard,2024-05-02,Police / CERT Incident Report,"Complainant reported digital extortion where an attacker threatened to release private personal photographs unless $5,825 in Ethereum was paid within 24 hours.","Complainant reported digital extortion where an attacker threatened to release private personal photographs unless $5,825 in Ethereum was paid within 24 hours.",ransomware_extortion,Ransomware Extortion
cyberguard_301321,cyberguard,2024-05-02,Police / CERT Incident Report,"An impersonation call from someone claiming to be technical support at Cash App directed the victim to install remote access tools, compromising $36,633.","An impersonation call from someone claiming to be technical support at Cash App directed the victim to install remote access tools, compromising $36,633.",phishing_social_engineering,Phishing Social Engineering
cyberguard_301322,cyberguard,2024-05-02,Police / CERT Incident Report,"Victim was targeted with an email purporting to be from Telegram demanding password verification, resulting in account takeover.","Victim was targeted with an email purporting to be from Telegram demanding password verification, resulting in account takeover.",phishing_social_engineering,Phishing Social Engineering
cyberguard_301323,cyberguard,2024-05-02,Police / CERT Incident Report,"Victim experienced unauthorized card-not-present fraud where $37,437 was deducted through international online payment processors.","Victim experienced unauthorized card-not-present fraud where $37,437 was deducted through international online payment processors.",financial_cyber_fraud,Financial Cyber Fraud
cyberguard_301324,cyberguard,2024-05-02,Police / CERT Incident Report,"Victim was targeted with an email purporting to be from Telegram demanding password verification, resulting in account takeover.","Victim was targeted with an email purporting to be from Telegram demanding password verification, resulting in account takeover.",phishing_social_engineering,Phishing Social Engineering
cyberguard_301325,cyberguard,2024-05-02,Police / CERT Incident Report,"Complainant reported identity theft. Fraudsters acquired the victim's social security number and driver's license from an online leak and fraudulently claimed $59,046 in benefits.","Complainant reported identity theft. Fraudsters acquired the victim's social security number and driver's license from an online leak and fraudulently claimed $59,046 in benefits.",identity_theft_impersonation,Identity Theft Impersonation
cyberguard_301326,cyberguard,2024-05-02,Police / CERT Incident Report,"A business owner filed a report stating that an extortion group encrypted their client database, demanding $2,365 in Solana to restore access.","A business owner filed a report stating that an extortion group encrypted their client database, demanding $2,365 in Solana to restore access.",ransomware_extortion,Ransomware Extortion
cyberguard_301327,cyberguard,2024-05-02,Police / CERT Incident Report,"An impersonation call from someone claiming to be technical support at Venmo directed the victim to install remote access tools, compromising $40,718.","An impersonation call from someone claiming to be technical support at Venmo directed the victim to install remote access tools, compromising $40,718.",phishing_social_engineering,Phishing Social Engineering
cyberguard_301328,cyberguard,2024-05-02,Police / CERT Incident Report,"A commercial logistics agency reported a malware attack that locked critical shipment dispatch schedules, leaving a ransom note demanding Tether (USDT).","A commercial logistics agency reported a malware attack that locked critical shipment dispatch schedules, leaving a ransom note demanding Tether (USDT).",ransomware_extortion,Ransomware Extortion
cyberguard_301329,cyberguard,2024-05-02,Police / CERT Incident Report,"Victim received an urgent smishing SMS claiming an undelivered parcel from postal services, providing a spoofed link that compromised their debit card details.","Victim received an urgent smishing SMS claiming an undelivered parcel from postal services, providing a spoofed link that compromised their debit card details.",phishing_social_engineering,Phishing Social Engineering
cyberguard_301330,cyberguard,2024-05-02,Police / CERT Incident Report,"Complainant was deceived in an online transaction. They transferred $69,235 via Zelle for an item listed on WhatsApp, after which the seller deleted their profile.","Complainant was deceived in an online transaction. They transferred $69,235 via Zelle for an item listed on WhatsApp, after which the seller deleted their profile.",financial_cyber_fraud,Financial Cyber Fraud
cyberguard_301331,cyberguard,2024-05-02,Police / CERT Incident Report,"Victim experienced unauthorized card-not-present fraud where $18,357 was deducted through international online payment processors.","Victim experienced unauthorized card-not-present fraud where $18,357 was deducted through international online payment processors.",financial_cyber_fraud,Financial Cyber Fraud
cyberguard_301332,cyberguard,2024-05-02,Police / CERT Incident Report,"A business owner filed a report stating that an extortion group encrypted their client database, demanding $39,800 in Ethereum to restore access.","A business owner filed a report stating that an extortion group encrypted their client database, demanding $39,800 in Ethereum to restore access.",ransomware_extortion,Ransomware Extortion
cyberguard_301333,cyberguard,2024-05-02,Police / CERT Incident Report,"Complainant was deceived in an online transaction. They transferred $42,741 via Cash App for an item listed on WhatsApp, after which the seller deleted their profile.","Complainant was deceived in an online transaction. They transferred $42,741 via Cash App for an item listed on WhatsApp, after which the seller deleted their profile.",financial_cyber_fraud,Financial Cyber Fraud
cyberguard_301334,cyberguard,2024-05-02,Police / CERT Incident Report,"Complainant reported digital extortion where an attacker threatened to release private personal photographs unless $40,736 in Bitcoin was paid within 24 hours.","Complainant reported digital extortion where an attacker threatened to release private personal photographs unless $40,736 in Bitcoin was paid within 24 hours.",ransomware_extortion,Ransomware Extortion
cyberguard_301335,cyberguard,2024-05-02,Police / CERT Incident Report,"Victim experienced unauthorized card-not-present fraud where $66,966 was deducted through international online payment processors.","Victim experienced unauthorized card-not-present fraud where $66,966 was deducted through international online payment processors.",financial_cyber_fraud,Financial Cyber Fraud
cyberguard_301336,cyberguard,2024-05-02,Police / CERT Incident Report,"Victim was targeted with an email purporting to be from Tinder demanding password verification, resulting in account takeover.","Victim was targeted with an email purporting to be from Tinder demanding password verification, resulting in account takeover.",phishing_social_engineering,Phishing Social Engineering
cyberguard_301337,cyberguard,2024-05-02,Police / CERT Incident Report,"Victim was targeted with an email purporting to be from Tinder demanding password verification, resulting in account takeover.","Victim was targeted with an email purporting to be from Tinder demanding password verification, resulting in account takeover.",phishing_social_engineering,Phishing Social Engineering
cyberguard_301338,cyberguard,2024-05-02,Police / CERT Incident Report,"An impersonation call from someone claiming to be technical support at Revolut directed the victim to install remote access tools, compromising $49,733.","An impersonation call from someone claiming to be technical support at Revolut directed the victim to install remote access tools, compromising $49,733.",phishing_social_engineering,Phishing Social Engineering
cyberguard_301339,cyberguard,2024-05-02,Police / CERT Incident Report,"An impersonation call from someone claiming to be technical support at Cash App directed the victim to install remote access tools, compromising $81,749.","An impersonation call from someone claiming to be technical support at Cash App directed the victim to install remote access tools, compromising $81,749.",phishing_social_engineering,Phishing Social Engineering
cyberguard_301340,cyberguard,2024-05-02,Police / CERT Incident Report,"Complainant reported digital extortion where an attacker threatened to release private personal photographs unless $7,913 in Ethereum was paid within 24 hours.","Complainant reported digital extortion where an attacker threatened to release private personal photographs unless $7,913 in Ethereum was paid within 24 hours.",ransomware_extortion,Ransomware Extortion
cyberguard_301341,cyberguard,2024-05-02,Police / CERT Incident Report,"An impersonation call from someone claiming to be technical support at Cash App directed the victim to install remote access tools, compromising $67,862.","An impersonation call from someone claiming to be technical support at Cash App directed the victim to install remote access tools, compromising $67,862.",phishing_social_engineering,Phishing Social Engineering
cyberguard_301342,cyberguard,2024-05-02,Police / CERT Incident Report,"Complainant reported identity theft. Fraudsters acquired the victim's social security number and driver's license from an online leak and fraudulently claimed $76,642 in benefits.","Complainant reported identity theft. Fraudsters acquired the victim's social security number and driver's license from an online leak and fraudulently claimed $76,642 in benefits.",identity_theft_impersonation,Identity Theft Impersonation
cyberguard_301343,cyberguard,2024-05-02,Police / CERT Incident Report,"A business owner filed a report stating that an extortion group encrypted their client database, demanding $45,193 in Monero to restore access.","A business owner filed a report stating that an extortion group encrypted their client database, demanding $45,193 in Monero to restore access.",ransomware_extortion,Ransomware Extortion
cyberguard_301344,cyberguard,2024-05-02,Police / CERT Incident Report,"Complainant reported that an unknown perpetrator impersonated them using their personal credentials to lease equipment and open utility accounts totaling $31,045.","Complainant reported that an unknown perpetrator impersonated them using their personal credentials to lease equipment and open utility accounts totaling $31,045.",identity_theft_impersonation,Identity Theft Impersonation
cyberguard_301345,cyberguard,2024-05-02,Police / CERT Incident Report,"Victim experienced unauthorized card-not-present fraud where $1,200 was deducted through international online payment processors.","Victim experienced unauthorized card-not-present fraud where $1,200 was deducted through international online payment processors.",financial_cyber_fraud,Financial Cyber Fraud
cyberguard_301346,cyberguard,2024-05-02,Police / CERT Incident Report,"A business owner filed a report stating that an extortion group encrypted their client database, demanding $73,845 in Monero to restore access.","A business owner filed a report stating that an extortion group encrypted their client database, demanding $73,845 in Monero to restore access.",ransomware_extortion,Ransomware Extortion
cyberguard_301347,cyberguard,2024-05-02,Police / CERT Incident Report,"A victim discovered that their identity was forged to register unauthorized accounts with Venmo and obtain online loans amounting to $44,353 without consent.","A victim discovered that their identity was forged to register unauthorized accounts with Venmo and obtain online loans amounting to $44,353 without consent.",identity_theft_impersonation,Identity Theft Impersonation
cyberguard_301348,cyberguard,2024-05-02,Police / CERT Incident Report,"Complainant reported identity theft. Fraudsters acquired the victim's social security number and driver's license from an online leak and fraudulently claimed $83,236 in benefits.","Complainant reported identity theft. Fraudsters acquired the victim's social security number and driver's license from an online leak and fraudulently claimed $83,236 in benefits.",identity_theft_impersonation,Identity Theft Impersonation
cyberguard_301349,cyberguard,2024-05-02,Police / CERT Incident Report,"A commercial logistics agency reported a malware attack that locked critical shipment dispatch schedules, leaving a ransom note demanding Solana.","A commercial logistics agency reported a malware attack that locked critical shipment dispatch schedules, leaving a ransom note demanding Solana.",ransomware_extortion,Ransomware Extortion
cyberguard_301350,cyberguard,2024-05-02,Police / CERT Incident Report,"Victim was targeted with an email purporting to be from LinkedIn demanding password verification, resulting in account takeover.","Victim was targeted with an email purporting to be from LinkedIn demanding password verification, resulting in account takeover.",phishing_social_engineering,Phishing Social Engineering
cyberguard_301351,cyberguard,2024-05-02,Police / CERT Incident Report,"Victim was targeted with an email purporting to be from LinkedIn demanding password verification, resulting in account takeover.","Victim was targeted with an email purporting to be from LinkedIn demanding password verification, resulting in account takeover.",phishing_social_engineering,Phishing Social Engineering
cyberguard_301352,cyberguard,2024-05-02,Police / CERT Incident Report,"A business owner filed a report stating that an extortion group encrypted their client database, demanding $54,524 in Solana to restore access.","A business owner filed a report stating that an extortion group encrypted their client database, demanding $54,524 in Solana to restore access.",ransomware_extortion,Ransomware Extortion
cyberguard_301353,cyberguard,2024-05-02,Police / CERT Incident Report,"Complainant reported that an unknown perpetrator impersonated them using their personal credentials to lease equipment and open utility accounts totaling $55,102.","Complainant reported that an unknown perpetrator impersonated them using their personal credentials to lease equipment and open utility accounts totaling $55,102.",identity_theft_impersonation,Identity Theft Impersonation
cyberguard_301354,cyberguard,2024-05-02,Police / CERT Incident Report,"Victim experienced unauthorized card-not-present fraud where $10,177 was deducted through international online payment processors.","Victim experienced unauthorized card-not-present fraud where $10,177 was deducted through international online payment processors.",financial_cyber_fraud,Financial Cyber Fraud
cyberguard_301355,cyberguard,2024-05-02,Police / CERT Incident Report,"Victim was targeted with an email purporting to be from Instagram demanding password verification, resulting in account takeover.","Victim was targeted with an email purporting to be from Instagram demanding password verification, resulting in account takeover.",phishing_social_engineering,Phishing Social Engineering
cyberguard_301356,cyberguard,2024-05-02,Police / CERT Incident Report,"An impersonation call from someone claiming to be technical support at Wells Fargo directed the victim to install remote access tools, compromising $44,668.","An impersonation call from someone claiming to be technical support at Wells Fargo directed the victim to install remote access tools, compromising $44,668.",phishing_social_engineering,Phishing Social Engineering
cyberguard_301357,cyberguard,2024-05-02,Police / CERT Incident Report,"An impersonation call from someone claiming to be technical support at Venmo directed the victim to install remote access tools, compromising $24,194.","An impersonation call from someone claiming to be technical support at Venmo directed the victim to install remote access tools, compromising $24,194.",phishing_social_engineering,Phishing Social Engineering
cyberguard_301358,cyberguard,2024-05-02,Police / CERT Incident Report,"Complainant reported that an unknown perpetrator impersonated them using their personal credentials to lease equipment and open utility accounts totaling $79,489.","Complainant reported that an unknown perpetrator impersonated them using their personal credentials to lease equipment and open utility accounts totaling $79,489.",identity_theft_impersonation,Identity Theft Impersonation
cyberguard_301359,cyberguard,2024-05-02,Police / CERT Incident Report,"A commercial logistics agency reported a malware attack that locked critical shipment dispatch schedules, leaving a ransom note demanding Ethereum.","A commercial logistics agency reported a malware attack that locked critical shipment dispatch schedules, leaving a ransom note demanding Ethereum.",ransomware_extortion,Ransomware Extortion
cyberguard_301360,cyberguard,2024-05-02,Police / CERT Incident Report,"Victim was targeted with an email purporting to be from Instagram demanding password verification, resulting in account takeover.","Victim was targeted with an email purporting to be from Instagram demanding password verification, resulting in account takeover.",phishing_social_engineering,Phishing Social Engineering
cyberguard_301361,cyberguard,2024-05-02,Police / CERT Incident Report,"An impersonation call from someone claiming to be technical support at Revolut directed the victim to install remote access tools, compromising $40,352.","An impersonation call from someone claiming to be technical support at Revolut directed the victim to install remote access tools, compromising $40,352.",phishing_social_engineering,Phishing Social Engineering
cyberguard_301362,cyberguard,2024-05-02,Police / CERT Incident Report,"Complainant reported identity theft. Fraudsters acquired the victim's social security number and driver's license from an online leak and fraudulently claimed $28,414 in benefits.","Complainant reported identity theft. Fraudsters acquired the victim's social security number and driver's license from an online leak and fraudulently claimed $28,414 in benefits.",identity_theft_impersonation,Identity Theft Impersonation
cyberguard_301363,cyberguard,2024-05-02,Police / CERT Incident Report,"A victim discovered that their identity was forged to register unauthorized accounts with Zelle and obtain online loans amounting to $55,637 without consent.","A victim discovered that their identity was forged to register unauthorized accounts with Zelle and obtain online loans amounting to $55,637 without consent.",identity_theft_impersonation,Identity Theft Impersonation
cyberguard_301364,cyberguard,2024-05-02,Police / CERT Incident Report,"Victim experienced unauthorized card-not-present fraud where $31,285 was deducted through international online payment processors.","Victim experienced unauthorized card-not-present fraud where $31,285 was deducted through international online payment processors.",financial_cyber_fraud,Financial Cyber Fraud
cyberguard_301365,cyberguard,2024-05-02,Police / CERT Incident Report,"A business owner filed a report stating that an extortion group encrypted their client database, demanding $66,441 in Solana to restore access.","A business owner filed a report stating that an extortion group encrypted their client database, demanding $66,441 in Solana to restore access.",ransomware_extortion,Ransomware Extortion
cyberguard_301366,cyberguard,2024-05-02,Police / CERT Incident Report,"A commercial logistics agency reported a malware attack that locked critical shipment dispatch schedules, leaving a ransom note demanding Tether (USDT).","A commercial logistics agency reported a malware attack that locked critical shipment dispatch schedules, leaving a ransom note demanding Tether (USDT).",ransomware_extortion,Ransomware Extortion
cyberguard_301367,cyberguard,2024-05-02,Police / CERT Incident Report,"Citizen reported an online crypto investment fraud. An unknown party contacted them via Instagram promoting a trading platform. Victim transferred $83,312 in Ethereum before being locked out.","Citizen reported an online crypto investment fraud. An unknown party contacted them via Instagram promoting a trading platform. Victim transferred $83,312 in Ethereum before being locked out.",financial_cyber_fraud,Financial Cyber Fraud
cyberguard_301368,cyberguard,2024-05-02,Police / CERT Incident Report,"Victim received an urgent smishing SMS claiming an undelivered parcel from postal services, providing a spoofed link that compromised their debit card details.","Victim received an urgent smishing SMS claiming an undelivered parcel from postal services, providing a spoofed link that compromised their debit card details.",phishing_social_engineering,Phishing Social Engineering
cyberguard_301369,cyberguard,2024-05-02,Police / CERT Incident Report,"A commercial logistics agency reported a malware attack that locked critical shipment dispatch schedules, leaving a ransom note demanding Ethereum.","A commercial logistics agency reported a malware attack that locked critical shipment dispatch schedules, leaving a ransom note demanding Ethereum.",ransomware_extortion,Ransomware Extortion
cyberguard_301370,cyberguard,2024-05-02,Police / CERT Incident Report,"Victim was targeted with an email purporting to be from Facebook Marketplace demanding password verification, resulting in account takeover.","Victim was targeted with an email purporting to be from Facebook Marketplace demanding password verification, resulting in account takeover.",phishing_social_engineering,Phishing Social Engineering
cyberguard_301371,cyberguard,2024-05-02,Police / CERT Incident Report,"Complainant reported digital extortion where an attacker threatened to release private personal photographs unless $33,238 in Bitcoin was paid within 24 hours.","Complainant reported digital extortion where an attacker threatened to release private personal photographs unless $33,238 in Bitcoin was paid within 24 hours.",ransomware_extortion,Ransomware Extortion
cyberguard_301372,cyberguard,2024-05-02,Police / CERT Incident Report,"A business owner filed a report stating that an extortion group encrypted their client database, demanding $36,313 in Ethereum to restore access.","A business owner filed a report stating that an extortion group encrypted their client database, demanding $36,313 in Ethereum to restore access.",ransomware_extortion,Ransomware Extortion
cyberguard_301373,cyberguard,2024-05-02,Police / CERT Incident Report,"Complainant reported identity theft. Fraudsters acquired the victim's social security number and driver's license from an online leak and fraudulently claimed $66,594 in benefits.","Complainant reported identity theft. Fraudsters acquired the victim's social security number and driver's license from an online leak and fraudulently claimed $66,594 in benefits.",identity_theft_impersonation,Identity Theft Impersonation
cyberguard_301374,cyberguard,2024-05-02,Police / CERT Incident Report,"Complainant reported identity theft. Fraudsters acquired the victim's social security number and driver's license from an online leak and fraudulently claimed $83,390 in benefits.","Complainant reported identity theft. Fraudsters acquired the victim's social security number and driver's license from an online leak and fraudulently claimed $83,390 in benefits.",identity_theft_impersonation,Identity Theft Impersonation
cyberguard_301375,cyberguard,2024-05-02,Police / CERT Incident Report,"Complainant reported identity theft. Fraudsters acquired the victim's social security number and driver's license from an online leak and fraudulently claimed $46,882 in benefits.","Complainant reported identity theft. Fraudsters acquired the victim's social security number and driver's license from an online leak and fraudulently claimed $46,882 in benefits.",identity_theft_impersonation,Identity Theft Impersonation
cyberguard_301376,cyberguard,2024-05-02,Police / CERT Incident Report,"Complainant reported identity theft. Fraudsters acquired the victim's social security number and driver's license from an online leak and fraudulently claimed $65,423 in benefits.","Complainant reported identity theft. Fraudsters acquired the victim's social security number and driver's license from an online leak and fraudulently claimed $65,423 in benefits.",identity_theft_impersonation,Identity Theft Impersonation
cyberguard_301377,cyberguard,2024-05-02,Police / CERT Incident Report,"Complainant reported digital extortion where an attacker threatened to release private personal photographs unless $48,041 in Bitcoin was paid within 24 hours.","Complainant reported digital extortion where an attacker threatened to release private personal photographs unless $48,041 in Bitcoin was paid within 24 hours.",ransomware_extortion,Ransomware Extortion
cyberguard_301378,cyberguard,2024-05-02,Police / CERT Incident Report,"A business owner filed a report stating that an extortion group encrypted their client database, demanding $7,176 in Bitcoin to restore access.","A business owner filed a report stating that an extortion group encrypted their client database, demanding $7,176 in Bitcoin to restore access.",ransomware_extortion,Ransomware Extortion
cyberguard_301379,cyberguard,2024-05-02,Police / CERT Incident Report,"Complainant was deceived in an online transaction. They transferred $26,213 via Zelle for an item listed on Tinder, after which the seller deleted their profile.","Complainant was deceived in an online transaction. They transferred $26,213 via Zelle for an item listed on Tinder, after which the seller deleted their profile.",financial_cyber_fraud,Financial Cyber Fraud
cyberguard_301380,cyberguard,2024-05-02,Police / CERT Incident Report,"Complainant reported digital extortion where an attacker threatened to release private personal photographs unless $70,071 in Solana was paid within 24 hours.","Complainant reported digital extortion where an attacker threatened to release private personal photographs unless $70,071 in Solana was paid within 24 hours.",ransomware_extortion,Ransomware Extortion
cyberguard_301381,cyberguard,2024-05-02,Police / CERT Incident Report,"Complainant reported digital extortion where an attacker threatened to release private personal photographs unless $64,236 in Tether (USDT) was paid within 24 hours.","Complainant reported digital extortion where an attacker threatened to release private personal photographs unless $64,236 in Tether (USDT) was paid within 24 hours.",ransomware_extortion,Ransomware Extortion
cyberguard_301382,cyberguard,2024-05-02,Police / CERT Incident Report,"Complainant reported digital extortion where an attacker threatened to release private personal photographs unless $67,344 in Solana was paid within 24 hours.","Complainant reported digital extortion where an attacker threatened to release private personal photographs unless $67,344 in Solana was paid within 24 hours.",ransomware_extortion,Ransomware Extortion
cyberguard_301383,cyberguard,2024-05-02,Police / CERT Incident Report,"An impersonation call from someone claiming to be technical support at Zelle directed the victim to install remote access tools, compromising $66,067.","An impersonation call from someone claiming to be technical support at Zelle directed the victim to install remote access tools, compromising $66,067.",phishing_social_engineering,Phishing Social Engineering
cyberguard_301384,cyberguard,2024-05-02,Police / CERT Incident Report,"Victim was targeted with an email purporting to be from Instagram demanding password verification, resulting in account takeover.","Victim was targeted with an email purporting to be from Instagram demanding password verification, resulting in account takeover.",phishing_social_engineering,Phishing Social Engineering
cyberguard_301385,cyberguard,2024-05-02,Police / CERT Incident Report,"Citizen reported an online crypto investment fraud. An unknown party contacted them via Facebook Marketplace promoting a trading platform. Victim transferred $38,185 in Bitcoin before being locked out.","Citizen reported an online crypto investment fraud. An unknown party contacted them via Facebook Marketplace promoting a trading platform. Victim transferred $38,185 in Bitcoin before being locked out.",financial_cyber_fraud,Financial Cyber Fraud
cyberguard_301386,cyberguard,2024-05-02,Police / CERT Incident Report,"An impersonation call from someone claiming to be technical support at Chime directed the victim to install remote access tools, compromising $51,232.","An impersonation call from someone claiming to be technical support at Chime directed the victim to install remote access tools, compromising $51,232.",phishing_social_engineering,Phishing Social Engineering
cyberguard_301387,cyberguard,2024-05-02,Police / CERT Incident Report,"Victim was targeted with an email purporting to be from Instagram demanding password verification, resulting in account takeover.","Victim was targeted with an email purporting to be from Instagram demanding password verification, resulting in account takeover.",phishing_social_engineering,Phishing Social Engineering
cyberguard_301388,cyberguard,2024-05-02,Police / CERT Incident Report,"A victim discovered that their identity was forged to register unauthorized accounts with Wells Fargo and obtain online loans amounting to $72,993 without consent.","A victim discovered that their identity was forged to register unauthorized accounts with Wells Fargo and obtain online loans amounting to $72,993 without consent.",identity_theft_impersonation,Identity Theft Impersonation
cyberguard_301389,cyberguard,2024-05-02,Police / CERT Incident Report,"Complainant reported digital extortion where an attacker threatened to release private personal photographs unless $1,091 in Solana was paid within 24 hours.","Complainant reported digital extortion where an attacker threatened to release private personal photographs unless $1,091 in Solana was paid within 24 hours.",ransomware_extortion,Ransomware Extortion
cyberguard_301390,cyberguard,2024-05-02,Police / CERT Incident Report,"A commercial logistics agency reported a malware attack that locked critical shipment dispatch schedules, leaving a ransom note demanding Ethereum.","A commercial logistics agency reported a malware attack that locked critical shipment dispatch schedules, leaving a ransom note demanding Ethereum.",ransomware_extortion,Ransomware Extortion
cyberguard_301391,cyberguard,2024-05-02,Police / CERT Incident Report,"Complainant reported digital extortion where an attacker threatened to release private personal photographs unless $3,062 in Ethereum was paid within 24 hours.","Complainant reported digital extortion where an attacker threatened to release private personal photographs unless $3,062 in Ethereum was paid within 24 hours.",ransomware_extortion,Ransomware Extortion
cyberguard_301392,cyberguard,2024-05-02,Police / CERT Incident Report,"Victim experienced unauthorized card-not-present fraud where $66,309 was deducted through international online payment processors.","Victim experienced unauthorized card-not-present fraud where $66,309 was deducted through international online payment processors.",financial_cyber_fraud,Financial Cyber Fraud
cyberguard_301393,cyberguard,2024-05-02,Police / CERT Incident Report,"Complainant reported that an unknown perpetrator impersonated them using their personal credentials to lease equipment and open utility accounts totaling $38,096.","Complainant reported that an unknown perpetrator impersonated them using their personal credentials to lease equipment and open utility accounts totaling $38,096.",identity_theft_impersonation,Identity Theft Impersonation
cyberguard_301394,cyberguard,2024-05-02,Police / CERT Incident Report,"Victim was targeted with an email purporting to be from Telegram demanding password verification, resulting in account takeover.","Victim was targeted with an email purporting to be from Telegram demanding password verification, resulting in account takeover.",phishing_social_engineering,Phishing Social Engineering
cyberguard_301395,cyberguard,2024-05-02,Police / CERT Incident Report,"A victim discovered that their identity was forged to register unauthorized accounts with Cash App and obtain online loans amounting to $12,339 without consent.","A victim discovered that their identity was forged to register unauthorized accounts with Cash App and obtain online loans amounting to $12,339 without consent.",identity_theft_impersonation,Identity Theft Impersonation
cyberguard_301396,cyberguard,2024-05-02,Police / CERT Incident Report,"A victim discovered that their identity was forged to register unauthorized accounts with Revolut and obtain online loans amounting to $83,843 without consent.","A victim discovered that their identity was forged to register unauthorized accounts with Revolut and obtain online loans amounting to $83,843 without consent.",identity_theft_impersonation,Identity Theft Impersonation
cyberguard_301397,cyberguard,2024-05-02,Police / CERT Incident Report,"Complainant was deceived in an online transaction. They transferred $22,484 via Chime for an item listed on Facebook Marketplace, after which the seller deleted their profile.","Complainant was deceived in an online transaction. They transferred $22,484 via Chime for an item listed on Facebook Marketplace, after which the seller deleted their profile.",financial_cyber_fraud,Financial Cyber Fraud
cyberguard_301398,cyberguard,2024-05-02,Police / CERT Incident Report,"A business owner filed a report stating that an extortion group encrypted their client database, demanding $51,155 in Tether (USDT) to restore access.","A business owner filed a report stating that an extortion group encrypted their client database, demanding $51,155 in Tether (USDT) to restore access.",ransomware_extortion,Ransomware Extortion
cyberguard_301399,cyberguard,2024-05-02,Police / CERT Incident Report,"A business owner filed a report stating that an extortion group encrypted their client database, demanding $23,488 in Solana to restore access.","A business owner filed a report stating that an extortion group encrypted their client database, demanding $23,488 in Solana to restore access.",ransomware_extortion,Ransomware Extortion
cyberguard_301400,cyberguard,2024-05-02,Police / CERT Incident Report,"A business owner filed a report stating that an extortion group encrypted their client database, demanding $47,554 in Ethereum to restore access.","A business owner filed a report stating that an extortion group encrypted their client database, demanding $47,554 in Ethereum to restore access.",ransomware_extortion,Ransomware Extortion
cyberguard_301401,cyberguard,2024-05-02,Police / CERT Incident Report,"Complainant was deceived in an online transaction. They transferred $45,129 via Revolut for an item listed on Instagram, after which the seller deleted their profile.","Complainant was deceived in an online transaction. They transferred $45,129 via Revolut for an item listed on Instagram, after which the seller deleted their profile.",financial_cyber_fraud,Financial Cyber Fraud
cyberguard_301402,cyberguard,2024-05-02,Police / CERT Incident Report,"Victim was targeted with an email purporting to be from Telegram demanding password verification, resulting in account takeover.","Victim was targeted with an email purporting to be from Telegram demanding password verification, resulting in account takeover.",phishing_social_engineering,Phishing Social Engineering
cyberguard_301403,cyberguard,2024-05-02,Police / CERT Incident Report,"Complainant reported that an unknown perpetrator impersonated them using their personal credentials to lease equipment and open utility accounts totaling $75,007.","Complainant reported that an unknown perpetrator impersonated them using their personal credentials to lease equipment and open utility accounts totaling $75,007.",identity_theft_impersonation,Identity Theft Impersonation
cyberguard_301404,cyberguard,2024-05-02,Police / CERT Incident Report,"Victim experienced unauthorized card-not-present fraud where $54,311 was deducted through international online payment processors.","Victim experienced unauthorized card-not-present fraud where $54,311 was deducted through international online payment processors.",financial_cyber_fraud,Financial Cyber Fraud
cyberguard_301405,cyberguard,2024-05-02,Police / CERT Incident Report,"Complainant was deceived in an online transaction. They transferred $61,213 via Revolut for an item listed on WhatsApp, after which the seller deleted their profile.","Complainant was deceived in an online transaction. They transferred $61,213 via Revolut for an item listed on WhatsApp, after which the seller deleted their profile.",financial_cyber_fraud,Financial Cyber Fraud
cyberguard_301406,cyberguard,2024-05-02,Police / CERT Incident Report,"Complainant was deceived in an online transaction. They transferred $9,707 via Venmo for an item listed on WhatsApp, after which the seller deleted their profile.","Complainant was deceived in an online transaction. They transferred $9,707 via Venmo for an item listed on WhatsApp, after which the seller deleted their profile.",financial_cyber_fraud,Financial Cyber Fraud
cyberguard_301407,cyberguard,2024-05-02,Police / CERT Incident Report,"Victim was targeted with an email purporting to be from Facebook Marketplace demanding password verification, resulting in account takeover.","Victim was targeted with an email purporting to be from Facebook Marketplace demanding password verification, resulting in account takeover.",phishing_social_engineering,Phishing Social Engineering
cyberguard_301408,cyberguard,2024-05-02,Police / CERT Incident Report,"An impersonation call from someone claiming to be technical support at Revolut directed the victim to install remote access tools, compromising $61,976.","An impersonation call from someone claiming to be technical support at Revolut directed the victim to install remote access tools, compromising $61,976.",phishing_social_engineering,Phishing Social Engineering
cyberguard_301409,cyberguard,2024-05-02,Police / CERT Incident Report,"An impersonation call from someone claiming to be technical support at Venmo directed the victim to install remote access tools, compromising $55,201.","An impersonation call from someone claiming to be technical support at Venmo directed the victim to install remote access tools, compromising $55,201.",phishing_social_engineering,Phishing Social Engineering
cyberguard_301410,cyberguard,2024-05-02,Police / CERT Incident Report,"Complainant was deceived in an online transaction. They transferred $5,354 via JPMorgan Chase for an item listed on LinkedIn, after which the seller deleted their profile.","Complainant was deceived in an online transaction. They transferred $5,354 via JPMorgan Chase for an item listed on LinkedIn, after which the seller deleted their profile.",financial_cyber_fraud,Financial Cyber Fraud
cyberguard_301411,cyberguard,2024-05-02,Police / CERT Incident Report,"Complainant reported identity theft. Fraudsters acquired the victim's social security number and driver's license from an online leak and fraudulently claimed $63,743 in benefits.","Complainant reported identity theft. Fraudsters acquired the victim's social security number and driver's license from an online leak and fraudulently claimed $63,743 in benefits.",identity_theft_impersonation,Identity Theft Impersonation
cyberguard_301412,cyberguard,2024-05-02,Police / CERT Incident Report,"Complainant reported digital extortion where an attacker threatened to release private personal photographs unless $17,702 in Bitcoin was paid within 24 hours.","Complainant reported digital extortion where an attacker threatened to release private personal photographs unless $17,702 in Bitcoin was paid within 24 hours.",ransomware_extortion,Ransomware Extortion
cyberguard_301413,cyberguard,2024-05-02,Police / CERT Incident Report,"Victim was targeted with an email purporting to be from Facebook Marketplace demanding password verification, resulting in account takeover.","Victim was targeted with an email purporting to be from Facebook Marketplace demanding password verification, resulting in account takeover.",phishing_social_engineering,Phishing Social Engineering
cyberguard_301414,cyberguard,2024-05-02,Police / CERT Incident Report,"Victim experienced unauthorized card-not-present fraud where $8,422 was deducted through international online payment processors.","Victim experienced unauthorized card-not-present fraud where $8,422 was deducted through international online payment processors.",financial_cyber_fraud,Financial Cyber Fraud
cyberguard_301415,cyberguard,2024-05-02,Police / CERT Incident Report,"Complainant reported that an unknown perpetrator impersonated them using their personal credentials to lease equipment and open utility accounts totaling $83,064.","Complainant reported that an unknown perpetrator impersonated them using their personal credentials to lease equipment and open utility accounts totaling $83,064.",identity_theft_impersonation,Identity Theft Impersonation
cyberguard_301416,cyberguard,2024-05-02,Police / CERT Incident Report,"Complainant reported identity theft. Fraudsters acquired the victim's social security number and driver's license from an online leak and fraudulently claimed $8,272 in benefits.","Complainant reported identity theft. Fraudsters acquired the victim's social security number and driver's license from an online leak and fraudulently claimed $8,272 in benefits.",identity_theft_impersonation,Identity Theft Impersonation
cyberguard_301417,cyberguard,2024-05-02,Police / CERT Incident Report,"Complainant reported identity theft. Fraudsters acquired the victim's social security number and driver's license from an online leak and fraudulently claimed $25,489 in benefits.","Complainant reported identity theft. Fraudsters acquired the victim's social security number and driver's license from an online leak and fraudulently claimed $25,489 in benefits.",identity_theft_impersonation,Identity Theft Impersonation
cyberguard_301418,cyberguard,2024-05-02,Police / CERT Incident Report,"Victim experienced unauthorized card-not-present fraud where $74,581 was deducted through international online payment processors.","Victim experienced unauthorized card-not-present fraud where $74,581 was deducted through international online payment processors.",financial_cyber_fraud,Financial Cyber Fraud
cyberguard_301419,cyberguard,2024-05-02,Police / CERT Incident Report,"Victim was targeted with an email purporting to be from Tinder demanding password verification, resulting in account takeover.","Victim was targeted with an email purporting to be from Tinder demanding password verification, resulting in account takeover.",phishing_social_engineering,Phishing Social Engineering
cyberguard_301420,cyberguard,2024-05-02,Police / CERT Incident Report,"A commercial logistics agency reported a malware attack that locked critical shipment dispatch schedules, leaving a ransom note demanding Bitcoin.","A commercial logistics agency reported a malware attack that locked critical shipment dispatch schedules, leaving a ransom note demanding Bitcoin.",ransomware_extortion,Ransomware Extortion
cyberguard_301421,cyberguard,2024-05-02,Police / CERT Incident Report,"Victim was targeted with an email purporting to be from LinkedIn demanding password verification, resulting in account takeover.","Victim was targeted with an email purporting to be from LinkedIn demanding password verification, resulting in account takeover.",phishing_social_engineering,Phishing Social Engineering
cyberguard_301422,cyberguard,2024-05-02,Police / CERT Incident Report,"Complainant was deceived in an online transaction. They transferred $42,449 via Zelle for an item listed on LinkedIn, after which the seller deleted their profile.","Complainant was deceived in an online transaction. They transferred $42,449 via Zelle for an item listed on LinkedIn, after which the seller deleted their profile.",financial_cyber_fraud,Financial Cyber Fraud
cyberguard_301423,cyberguard,2024-05-02,Police / CERT Incident Report,"Complainant reported digital extortion where an attacker threatened to release private personal photographs unless $61,814 in Monero was paid within 24 hours.","Complainant reported digital extortion where an attacker threatened to release private personal photographs unless $61,814 in Monero was paid within 24 hours.",ransomware_extortion,Ransomware Extortion
cyberguard_301424,cyberguard,2024-05-02,Police / CERT Incident Report,"Complainant reported digital extortion where an attacker threatened to release private personal photographs unless $35,971 in Solana was paid within 24 hours.","Complainant reported digital extortion where an attacker threatened to release private personal photographs unless $35,971 in Solana was paid within 24 hours.",ransomware_extortion,Ransomware Extortion
cyberguard_301425,cyberguard,2024-05-02,Police / CERT Incident Report,"An impersonation call from someone claiming to be technical support at JPMorgan Chase directed the victim to install remote access tools, compromising $54,660.","An impersonation call from someone claiming to be technical support at JPMorgan Chase directed the victim to install remote access tools, compromising $54,660.",phishing_social_engineering,Phishing Social Engineering
cyberguard_301426,cyberguard,2024-05-02,Police / CERT Incident Report,"Complainant was deceived in an online transaction. They transferred $45,794 via Venmo for an item listed on WhatsApp, after which the seller deleted their profile.","Complainant was deceived in an online transaction. They transferred $45,794 via Venmo for an item listed on WhatsApp, after which the seller deleted their profile.",financial_cyber_fraud,Financial Cyber Fraud
cyberguard_301427,cyberguard,2024-05-02,Police / CERT Incident Report,"A commercial logistics agency reported a malware attack that locked critical shipment dispatch schedules, leaving a ransom note demanding Solana.","A commercial logistics agency reported a malware attack that locked critical shipment dispatch schedules, leaving a ransom note demanding Solana.",ransomware_extortion,Ransomware Extortion
cyberguard_301428,cyberguard,2024-05-02,Police / CERT Incident Report,"A business owner filed a report stating that an extortion group encrypted their client database, demanding $66,279 in Monero to restore access.","A business owner filed a report stating that an extortion group encrypted their client database, demanding $66,279 in Monero to restore access.",ransomware_extortion,Ransomware Extortion
cyberguard_301429,cyberguard,2024-05-02,Police / CERT Incident Report,"Complainant was deceived in an online transaction. They transferred $36,325 via Zelle for an item listed on Instagram, after which the seller deleted their profile.","Complainant was deceived in an online transaction. They transferred $36,325 via Zelle for an item listed on Instagram, after which the seller deleted their profile.",financial_cyber_fraud,Financial Cyber Fraud
cyberguard_301430,cyberguard,2024-05-02,Police / CERT Incident Report,"Complainant was deceived in an online transaction. They transferred $28,535 via Chime for an item listed on Facebook Marketplace, after which the seller deleted their profile.","Complainant was deceived in an online transaction. They transferred $28,535 via Chime for an item listed on Facebook Marketplace, after which the seller deleted their profile.",financial_cyber_fraud,Financial Cyber Fraud
cyberguard_301431,cyberguard,2024-05-02,Police / CERT Incident Report,"Complainant reported that an unknown perpetrator impersonated them using their personal credentials to lease equipment and open utility accounts totaling $49,125.","Complainant reported that an unknown perpetrator impersonated them using their personal credentials to lease equipment and open utility accounts totaling $49,125.",identity_theft_impersonation,Identity Theft Impersonation
cyberguard_301432,cyberguard,2024-05-02,Police / CERT Incident Report,"Victim received an urgent smishing SMS claiming an undelivered parcel from postal services, providing a spoofed link that compromised their debit card details.","Victim received an urgent smishing SMS claiming an undelivered parcel from postal services, providing a spoofed link that compromised their debit card details.",phishing_social_engineering,Phishing Social Engineering
cyberguard_301433,cyberguard,2024-05-02,Police / CERT Incident Report,"Complainant reported that an unknown perpetrator impersonated them using their personal credentials to lease equipment and open utility accounts totaling $38,147.","Complainant reported that an unknown perpetrator impersonated them using their personal credentials to lease equipment and open utility accounts totaling $38,147.",identity_theft_impersonation,Identity Theft Impersonation
cyberguard_301434,cyberguard,2024-05-02,Police / CERT Incident Report,"Complainant reported digital extortion where an attacker threatened to release private personal photographs unless $52,240 in Solana was paid within 24 hours.","Complainant reported digital extortion where an attacker threatened to release private personal photographs unless $52,240 in Solana was paid within 24 hours.",ransomware_extortion,Ransomware Extortion
cyberguard_301435,cyberguard,2024-05-02,Police / CERT Incident Report,"Citizen reported an online crypto investment fraud. An unknown party contacted them via Instagram promoting a trading platform. Victim transferred $23,941 in Monero before being locked out.","Citizen reported an online crypto investment fraud. An unknown party contacted them via Instagram promoting a trading platform. Victim transferred $23,941 in Monero before being locked out.",financial_cyber_fraud,Financial Cyber Fraud
cyberguard_301436,cyberguard,2024-05-02,Police / CERT Incident Report,"A business owner filed a report stating that an extortion group encrypted their client database, demanding $38,990 in Bitcoin to restore access.","A business owner filed a report stating that an extortion group encrypted their client database, demanding $38,990 in Bitcoin to restore access.",ransomware_extortion,Ransomware Extortion
cyberguard_301437,cyberguard,2024-05-02,Police / CERT Incident Report,"A business owner filed a report stating that an extortion group encrypted their client database, demanding $42,434 in Ethereum to restore access.","A business owner filed a report stating that an extortion group encrypted their client database, demanding $42,434 in Ethereum to restore access.",ransomware_extortion,Ransomware Extortion
cyberguard_301438,cyberguard,2024-05-02,Police / CERT Incident Report,"Complainant was deceived in an online transaction. They transferred $55,596 via JPMorgan Chase for an item listed on Instagram, after which the seller deleted their profile.","Complainant was deceived in an online transaction. They transferred $55,596 via JPMorgan Chase for an item listed on Instagram, after which the seller deleted their profile.",financial_cyber_fraud,Financial Cyber Fraud
cyberguard_301439,cyberguard,2024-05-02,Police / CERT Incident Report,"A commercial logistics agency reported a malware attack that locked critical shipment dispatch schedules, leaving a ransom note demanding Bitcoin.","A commercial logistics agency reported a malware attack that locked critical shipment dispatch schedules, leaving a ransom note demanding Bitcoin.",ransomware_extortion,Ransomware Extortion
cyberguard_301440,cyberguard,2024-05-02,Police / CERT Incident Report,"An impersonation call from someone claiming to be technical support at JPMorgan Chase directed the victim to install remote access tools, compromising $1,671.","An impersonation call from someone claiming to be technical support at JPMorgan Chase directed the victim to install remote access tools, compromising $1,671.",phishing_social_engineering,Phishing Social Engineering
cyberguard_301441,cyberguard,2024-05-02,Police / CERT Incident Report,"A business owner filed a report stating that an extortion group encrypted their client database, demanding $40,819 in Solana to restore access.","A business owner filed a report stating that an extortion group encrypted their client database, demanding $40,819 in Solana to restore access.",ransomware_extortion,Ransomware Extortion
cyberguard_301442,cyberguard,2024-05-02,Police / CERT Incident Report,"A commercial logistics agency reported a malware attack that locked critical shipment dispatch schedules, leaving a ransom note demanding Ethereum.","A commercial logistics agency reported a malware attack that locked critical shipment dispatch schedules, leaving a ransom note demanding Ethereum.",ransomware_extortion,Ransomware Extortion
cyberguard_301443,cyberguard,2024-05-02,Police / CERT Incident Report,"Victim experienced unauthorized card-not-present fraud where $81,562 was deducted through international online payment processors.","Victim experienced unauthorized card-not-present fraud where $81,562 was deducted through international online payment processors.",financial_cyber_fraud,Financial Cyber Fraud
cyberguard_301444,cyberguard,2024-05-02,Police / CERT Incident Report,"A commercial logistics agency reported a malware attack that locked critical shipment dispatch schedules, leaving a ransom note demanding Solana.","A commercial logistics agency reported a malware attack that locked critical shipment dispatch schedules, leaving a ransom note demanding Solana.",ransomware_extortion,Ransomware Extortion
cyberguard_301445,cyberguard,2024-05-02,Police / CERT Incident Report,"Complainant reported digital extortion where an attacker threatened to release private personal photographs unless $67,582 in Solana was paid within 24 hours.","Complainant reported digital extortion where an attacker threatened to release private personal photographs unless $67,582 in Solana was paid within 24 hours.",ransomware_extortion,Ransomware Extortion
cyberguard_301446,cyberguard,2024-05-02,Police / CERT Incident Report,"Complainant reported identity theft. Fraudsters acquired the victim's social security number and driver's license from an online leak and fraudulently claimed $73,038 in benefits.","Complainant reported identity theft. Fraudsters acquired the victim's social security number and driver's license from an online leak and fraudulently claimed $73,038 in benefits.",identity_theft_impersonation,Identity Theft Impersonation
cyberguard_301447,cyberguard,2024-05-02,Police / CERT Incident Report,"A victim discovered that their identity was forged to register unauthorized accounts with Venmo and obtain online loans amounting to $62,788 without consent.","A victim discovered that their identity was forged to register unauthorized accounts with Venmo and obtain online loans amounting to $62,788 without consent.",identity_theft_impersonation,Identity Theft Impersonation
cyberguard_301448,cyberguard,2024-05-02,Police / CERT Incident Report,"Complainant was deceived in an online transaction. They transferred $1,335 via Revolut for an item listed on Facebook Marketplace, after which the seller deleted their profile.","Complainant was deceived in an online transaction. They transferred $1,335 via Revolut for an item listed on Facebook Marketplace, after which the seller deleted their profile.",financial_cyber_fraud,Financial Cyber Fraud
cyberguard_301449,cyberguard,2024-05-02,Police / CERT Incident Report,"A commercial logistics agency reported a malware attack that locked critical shipment dispatch schedules, leaving a ransom note demanding Bitcoin.","A commercial logistics agency reported a malware attack that locked critical shipment dispatch schedules, leaving a ransom note demanding Bitcoin.",ransomware_extortion,Ransomware Extortion
cyberguard_301450,cyberguard,2024-05-02,Police / CERT Incident Report,"Complainant was deceived in an online transaction. They transferred $27,008 via Chime for an item listed on WhatsApp, after which the seller deleted their profile.","Complainant was deceived in an online transaction. They transferred $27,008 via Chime for an item listed on WhatsApp, after which the seller deleted their profile.",financial_cyber_fraud,Financial Cyber Fraud
cyberguard_301451,cyberguard,2024-05-02,Police / CERT Incident Report,"Complainant reported digital extortion where an attacker threatened to release private personal photographs unless $69,722 in Tether (USDT) was paid within 24 hours.","Complainant reported digital extortion where an attacker threatened to release private personal photographs unless $69,722 in Tether (USDT) was paid within 24 hours.",ransomware_extortion,Ransomware Extortion
cyberguard_301452,cyberguard,2024-05-02,Police / CERT Incident Report,"Complainant reported digital extortion where an attacker threatened to release private personal photographs unless $24,385 in Bitcoin was paid within 24 hours.","Complainant reported digital extortion where an attacker threatened to release private personal photographs unless $24,385 in Bitcoin was paid within 24 hours.",ransomware_extortion,Ransomware Extortion
cyberguard_301453,cyberguard,2024-05-02,Police / CERT Incident Report,"Complainant reported that an unknown perpetrator impersonated them using their personal credentials to lease equipment and open utility accounts totaling $55,625.","Complainant reported that an unknown perpetrator impersonated them using their personal credentials to lease equipment and open utility accounts totaling $55,625.",identity_theft_impersonation,Identity Theft Impersonation
cyberguard_301454,cyberguard,2024-05-02,Police / CERT Incident Report,"Victim experienced unauthorized card-not-present fraud where $7,327 was deducted through international online payment processors.","Victim experienced unauthorized card-not-present fraud where $7,327 was deducted through international online payment processors.",financial_cyber_fraud,Financial Cyber Fraud
cyberguard_301455,cyberguard,2024-05-02,Police / CERT Incident Report,"Victim received an urgent smishing SMS claiming an undelivered parcel from postal services, providing a spoofed link that compromised their debit card details.","Victim received an urgent smishing SMS claiming an undelivered parcel from postal services, providing a spoofed link that compromised their debit card details.",phishing_social_engineering,Phishing Social Engineering
cyberguard_301456,cyberguard,2024-05-02,Police / CERT Incident Report,"Complainant reported that an unknown perpetrator impersonated them using their personal credentials to lease equipment and open utility accounts totaling $7,381.","Complainant reported that an unknown perpetrator impersonated them using their personal credentials to lease equipment and open utility accounts totaling $7,381.",identity_theft_impersonation,Identity Theft Impersonation
cyberguard_301457,cyberguard,2024-05-02,Police / CERT Incident Report,"A commercial logistics agency reported a malware attack that locked critical shipment dispatch schedules, leaving a ransom note demanding Bitcoin.","A commercial logistics agency reported a malware attack that locked critical shipment dispatch schedules, leaving a ransom note demanding Bitcoin.",ransomware_extortion,Ransomware Extortion
cyberguard_301458,cyberguard,2024-05-02,Police / CERT Incident Report,"Victim was targeted with an email purporting to be from Tinder demanding password verification, resulting in account takeover.","Victim was targeted with an email purporting to be from Tinder demanding password verification, resulting in account takeover.",phishing_social_engineering,Phishing Social Engineering
cyberguard_301459,cyberguard,2024-05-02,Police / CERT Incident Report,"Citizen reported an online crypto investment fraud. An unknown party contacted them via WhatsApp promoting a trading platform. Victim transferred $80,308 in Tether (USDT) before being locked out.","Citizen reported an online crypto investment fraud. An unknown party contacted them via WhatsApp promoting a trading platform. Victim transferred $80,308 in Tether (USDT) before being locked out.",financial_cyber_fraud,Financial Cyber Fraud
cyberguard_301460,cyberguard,2024-05-02,Police / CERT Incident Report,"Victim was targeted with an email purporting to be from Tinder demanding password verification, resulting in account takeover.","Victim was targeted with an email purporting to be from Tinder demanding password verification, resulting in account takeover.",phishing_social_engineering,Phishing Social Engineering
cyberguard_301461,cyberguard,2024-05-02,Police / CERT Incident Report,"A commercial logistics agency reported a malware attack that locked critical shipment dispatch schedules, leaving a ransom note demanding Monero.","A commercial logistics agency reported a malware attack that locked critical shipment dispatch schedules, leaving a ransom note demanding Monero.",ransomware_extortion,Ransomware Extortion
cyberguard_301462,cyberguard,2024-05-02,Police / CERT Incident Report,"Victim was targeted with an email purporting to be from Telegram demanding password verification, resulting in account takeover.","Victim was targeted with an email purporting to be from Telegram demanding password verification, resulting in account takeover.",phishing_social_engineering,Phishing Social Engineering
cyberguard_301463,cyberguard,2024-05-02,Police / CERT Incident Report,"An impersonation call from someone claiming to be technical support at Chime directed the victim to install remote access tools, compromising $79,897.","An impersonation call from someone claiming to be technical support at Chime directed the victim to install remote access tools, compromising $79,897.",phishing_social_engineering,Phishing Social Engineering
cyberguard_301464,cyberguard,2024-05-02,Police / CERT Incident Report,"Victim was targeted with an email purporting to be from Telegram demanding password verification, resulting in account takeover.","Victim was targeted with an email purporting to be from Telegram demanding password verification, resulting in account takeover.",phishing_social_engineering,Phishing Social Engineering
cyberguard_301465,cyberguard,2024-05-02,Police / CERT Incident Report,"Complainant reported digital extortion where an attacker threatened to release private personal photographs unless $54,492 in Monero was paid within 24 hours.","Complainant reported digital extortion where an attacker threatened to release private personal photographs unless $54,492 in Monero was paid within 24 hours.",ransomware_extortion,Ransomware Extortion
cyberguard_301466,cyberguard,2024-05-02,Police / CERT Incident Report,"Citizen reported an online crypto investment fraud. An unknown party contacted them via Facebook Marketplace promoting a trading platform. Victim transferred $20,006 in Bitcoin before being locked out.","Citizen reported an online crypto investment fraud. An unknown party contacted them via Facebook Marketplace promoting a trading platform. Victim transferred $20,006 in Bitcoin before being locked out.",financial_cyber_fraud,Financial Cyber Fraud
cyberguard_301467,cyberguard,2024-05-02,Police / CERT Incident Report,"Victim experienced unauthorized card-not-present fraud where $20,635 was deducted through international online payment processors.","Victim experienced unauthorized card-not-present fraud where $20,635 was deducted through international online payment processors.",financial_cyber_fraud,Financial Cyber Fraud
cyberguard_301468,cyberguard,2024-05-02,Police / CERT Incident Report,"A commercial logistics agency reported a malware attack that locked critical shipment dispatch schedules, leaving a ransom note demanding Ethereum.","A commercial logistics agency reported a malware attack that locked critical shipment dispatch schedules, leaving a ransom note demanding Ethereum.",ransomware_extortion,Ransomware Extortion
cyberguard_301469,cyberguard,2024-05-02,Police / CERT Incident Report,"Complainant was deceived in an online transaction. They transferred $16,038 via JPMorgan Chase for an item listed on LinkedIn, after which the seller deleted their profile.","Complainant was deceived in an online transaction. They transferred $16,038 via JPMorgan Chase for an item listed on LinkedIn, after which the seller deleted their profile.",financial_cyber_fraud,Financial Cyber Fraud
cyberguard_301470,cyberguard,2024-05-02,Police / CERT Incident Report,"Victim was targeted with an email purporting to be from LinkedIn demanding password verification, resulting in account takeover.","Victim was targeted with an email purporting to be from LinkedIn demanding password verification, resulting in account takeover.",phishing_social_engineering,Phishing Social Engineering
cyberguard_301471,cyberguard,2024-05-02,Police / CERT Incident Report,"Victim received an urgent smishing SMS claiming an undelivered parcel from postal services, providing a spoofed link that compromised their debit card details.","Victim received an urgent smishing SMS claiming an undelivered parcel from postal services, providing a spoofed link that compromised their debit card details.",phishing_social_engineering,Phishing Social Engineering
cyberguard_301472,cyberguard,2024-05-02,Police / CERT Incident Report,"Victim experienced unauthorized card-not-present fraud where $6,830 was deducted through international online payment processors.","Victim experienced unauthorized card-not-present fraud where $6,830 was deducted through international online payment processors.",financial_cyber_fraud,Financial Cyber Fraud
cyberguard_301473,cyberguard,2024-05-02,Police / CERT Incident Report,"An impersonation call from someone claiming to be technical support at Chime directed the victim to install remote access tools, compromising $73,680.","An impersonation call from someone claiming to be technical support at Chime directed the victim to install remote access tools, compromising $73,680.",phishing_social_engineering,Phishing Social Engineering
cyberguard_301474,cyberguard,2024-05-02,Police / CERT Incident Report,"Complainant reported that an unknown perpetrator impersonated them using their personal credentials to lease equipment and open utility accounts totaling $60,768.","Complainant reported that an unknown perpetrator impersonated them using their personal credentials to lease equipment and open utility accounts totaling $60,768.",identity_theft_impersonation,Identity Theft Impersonation
cyberguard_301475,cyberguard,2024-05-02,Police / CERT Incident Report,"Victim was targeted with an email purporting to be from Telegram demanding password verification, resulting in account takeover.","Victim was targeted with an email purporting to be from Telegram demanding password verification, resulting in account takeover.",phishing_social_engineering,Phishing Social Engineering
cyberguard_301476,cyberguard,2024-05-02,Police / CERT Incident Report,"Victim experienced unauthorized card-not-present fraud where $3,873 was deducted through international online payment processors.","Victim experienced unauthorized card-not-present fraud where $3,873 was deducted through international online payment processors.",financial_cyber_fraud,Financial Cyber Fraud
cyberguard_301477,cyberguard,2024-05-02,Police / CERT Incident Report,"A business owner filed a report stating that an extortion group encrypted their client database, demanding $40,423 in Ethereum to restore access.","A business owner filed a report stating that an extortion group encrypted their client database, demanding $40,423 in Ethereum to restore access.",ransomware_extortion,Ransomware Extortion
cyberguard_301478,cyberguard,2024-05-02,Police / CERT Incident Report,"Victim received an urgent smishing SMS claiming an undelivered parcel from postal services, providing a spoofed link that compromised their debit card details.","Victim received an urgent smishing SMS claiming an undelivered parcel from postal services, providing a spoofed link that compromised their debit card details.",phishing_social_engineering,Phishing Social Engineering
cyberguard_301479,cyberguard,2024-05-02,Police / CERT Incident Report,"A victim discovered that their identity was forged to register unauthorized accounts with Zelle and obtain online loans amounting to $61,587 without consent.","A victim discovered that their identity was forged to register unauthorized accounts with Zelle and obtain online loans amounting to $61,587 without consent.",identity_theft_impersonation,Identity Theft Impersonation
cyberguard_301480,cyberguard,2024-05-02,Police / CERT Incident Report,"Complainant reported digital extortion where an attacker threatened to release private personal photographs unless $2,469 in Monero was paid within 24 hours.","Complainant reported digital extortion where an attacker threatened to release private personal photographs unless $2,469 in Monero was paid within 24 hours.",ransomware_extortion,Ransomware Extortion
cyberguard_301481,cyberguard,2024-05-02,Police / CERT Incident Report,"Victim experienced unauthorized card-not-present fraud where $73,907 was deducted through international online payment processors.","Victim experienced unauthorized card-not-present fraud where $73,907 was deducted through international online payment processors.",financial_cyber_fraud,Financial Cyber Fraud
cyberguard_301482,cyberguard,2024-05-02,Police / CERT Incident Report,"Complainant reported that an unknown perpetrator impersonated them using their personal credentials to lease equipment and open utility accounts totaling $27,654.","Complainant reported that an unknown perpetrator impersonated them using their personal credentials to lease equipment and open utility accounts totaling $27,654.",identity_theft_impersonation,Identity Theft Impersonation
cyberguard_301483,cyberguard,2024-05-02,Police / CERT Incident Report,"An impersonation call from someone claiming to be technical support at Wells Fargo directed the victim to install remote access tools, compromising $24,570.","An impersonation call from someone claiming to be technical support at Wells Fargo directed the victim to install remote access tools, compromising $24,570.",phishing_social_engineering,Phishing Social Engineering
cyberguard_301484,cyberguard,2024-05-02,Police / CERT Incident Report,"Complainant was deceived in an online transaction. They transferred $57,795 via JPMorgan Chase for an item listed on Telegram, after which the seller deleted their profile.","Complainant was deceived in an online transaction. They transferred $57,795 via JPMorgan Chase for an item listed on Telegram, after which the seller deleted their profile.",financial_cyber_fraud,Financial Cyber Fraud
cyberguard_301485,cyberguard,2024-05-02,Police / CERT Incident Report,"A commercial logistics agency reported a malware attack that locked critical shipment dispatch schedules, leaving a ransom note demanding Solana.","A commercial logistics agency reported a malware attack that locked critical shipment dispatch schedules, leaving a ransom note demanding Solana.",ransomware_extortion,Ransomware Extortion
cyberguard_301486,cyberguard,2024-05-02,Police / CERT Incident Report,"A victim discovered that their identity was forged to register unauthorized accounts with Cash App and obtain online loans amounting to $58,008 without consent.","A victim discovered that their identity was forged to register unauthorized accounts with Cash App and obtain online loans amounting to $58,008 without consent.",identity_theft_impersonation,Identity Theft Impersonation
cyberguard_301487,cyberguard,2024-05-02,Police / CERT Incident Report,"Victim was targeted with an email purporting to be from Telegram demanding password verification, resulting in account takeover.","Victim was targeted with an email purporting to be from Telegram demanding password verification, resulting in account takeover.",phishing_social_engineering,Phishing Social Engineering
cyberguard_301488,cyberguard,2024-05-02,Police / CERT Incident Report,"Victim was targeted with an email purporting to be from Telegram demanding password verification, resulting in account takeover.","Victim was targeted with an email purporting to be from Telegram demanding password verification, resulting in account takeover.",phishing_social_engineering,Phishing Social Engineering
cyberguard_301489,cyberguard,2024-05-02,Police / CERT Incident Report,"Victim was targeted with an email purporting to be from Instagram demanding password verification, resulting in account takeover.","Victim was targeted with an email purporting to be from Instagram demanding password verification, resulting in account takeover.",phishing_social_engineering,Phishing Social Engineering
cyberguard_301490,cyberguard,2024-05-02,Police / CERT Incident Report,"Complainant reported that an unknown perpetrator impersonated them using their personal credentials to lease equipment and open utility accounts totaling $78,929.","Complainant reported that an unknown perpetrator impersonated them using their personal credentials to lease equipment and open utility accounts totaling $78,929.",identity_theft_impersonation,Identity Theft Impersonation
cyberguard_301491,cyberguard,2024-05-02,Police / CERT Incident Report,"Complainant reported that an unknown perpetrator impersonated them using their personal credentials to lease equipment and open utility accounts totaling $47,732.","Complainant reported that an unknown perpetrator impersonated them using their personal credentials to lease equipment and open utility accounts totaling $47,732.",identity_theft_impersonation,Identity Theft Impersonation
cyberguard_301492,cyberguard,2024-05-02,Police / CERT Incident Report,"Complainant reported digital extortion where an attacker threatened to release private personal photographs unless $48,886 in Monero was paid within 24 hours.","Complainant reported digital extortion where an attacker threatened to release private personal photographs unless $48,886 in Monero was paid within 24 hours.",ransomware_extortion,Ransomware Extortion
cyberguard_301493,cyberguard,2024-05-02,Police / CERT Incident Report,"A commercial logistics agency reported a malware attack that locked critical shipment dispatch schedules, leaving a ransom note demanding Tether (USDT).","A commercial logistics agency reported a malware attack that locked critical shipment dispatch schedules, leaving a ransom note demanding Tether (USDT).",ransomware_extortion,Ransomware Extortion
cyberguard_301494,cyberguard,2024-05-02,Police / CERT Incident Report,"Victim received an urgent smishing SMS claiming an undelivered parcel from postal services, providing a spoofed link that compromised their debit card details.","Victim received an urgent smishing SMS claiming an undelivered parcel from postal services, providing a spoofed link that compromised their debit card details.",phishing_social_engineering,Phishing Social Engineering
cyberguard_301495,cyberguard,2024-05-02,Police / CERT Incident Report,"Complainant reported that an unknown perpetrator impersonated them using their personal credentials to lease equipment and open utility accounts totaling $38,683.","Complainant reported that an unknown perpetrator impersonated them using their personal credentials to lease equipment and open utility accounts totaling $38,683.",identity_theft_impersonation,Identity Theft Impersonation
cyberguard_301496,cyberguard,2024-05-02,Police / CERT Incident Report,"Victim was targeted with an email purporting to be from Instagram demanding password verification, resulting in account takeover.","Victim was targeted with an email purporting to be from Instagram demanding password verification, resulting in account takeover.",phishing_social_engineering,Phishing Social Engineering
cyberguard_301497,cyberguard,2024-05-02,Police / CERT Incident Report,"Complainant reported digital extortion where an attacker threatened to release private personal photographs unless $58,524 in Solana was paid within 24 hours.","Complainant reported digital extortion where an attacker threatened to release private personal photographs unless $58,524 in Solana was paid within 24 hours.",ransomware_extortion,Ransomware Extortion
cyberguard_301498,cyberguard,2024-05-02,Police / CERT Incident Report,"Victim was targeted with an email purporting to be from WhatsApp demanding password verification, resulting in account takeover.","Victim was targeted with an email purporting to be from WhatsApp demanding password verification, resulting in account takeover.",phishing_social_engineering,Phishing Social Engineering
cyberguard_301499,cyberguard,2024-05-02,Police / CERT Incident Report,"Complainant reported digital extortion where an attacker threatened to release private personal photographs unless $65,916 in Tether (USDT) was paid within 24 hours.","Complainant reported digital extortion where an attacker threatened to release private personal photographs unless $65,916 in Tether (USDT) was paid within 24 hours.",ransomware_extortion,Ransomware Extortion
