complaint_id,source,date_received,product,raw_text,cleaned_text,primary_category,original_issue
eurepoc_200000,eurepoc,2024-04-10,Technical Cyber Threat Incident,A spear-phishing campaign attributed to LockBit 3.0 targeted executives at a commercial banking network. Weaponized PDF documents referencing fake regulatory audits delivered an infostealer payload harvesting domain credentials.,A spear-phishing campaign attributed to LockBit 3.0 targeted executives at a commercial banking network. Weaponized PDF documents referencing fake regulatory audits delivered an infostealer payload harvesting domain credentials.,phishing_social_engineering,Phishing Social Engineering
eurepoc_200001,eurepoc,2024-04-10,Technical Cyber Threat Incident,"A critical ransomware outbreak hit a public port logistics hub. Operators weaponized vulnerability CVE-2023-4966 in perimeter firewalls to establish persistent C2 access. File systems were encrypted and volume shadow copies destroyed. The extortion group demanded $4,725K for decryption tools.","A critical ransomware outbreak hit a public port logistics hub. Operators weaponized vulnerability CVE-2023-4966 in perimeter firewalls to establish persistent C2 access. File systems were encrypted and volume shadow copies destroyed. The extortion group demanded $4,725K for decryption tools.",ransomware_extortion,Ransomware Extortion
eurepoc_200002,eurepoc,2024-04-10,Technical Cyber Threat Incident,"A critical ransomware outbreak hit a pharmaceutical research lab. Operators weaponized vulnerability CVE-2023-2868 in perimeter firewalls to establish persistent C2 access. File systems were encrypted and volume shadow copies destroyed. The extortion group demanded $5,147K for decryption tools.","A critical ransomware outbreak hit a pharmaceutical research lab. Operators weaponized vulnerability CVE-2023-2868 in perimeter firewalls to establish persistent C2 access. File systems were encrypted and volume shadow copies destroyed. The extortion group demanded $5,147K for decryption tools.",ransomware_extortion,Ransomware Extortion
eurepoc_200003,eurepoc,2024-04-10,Technical Cyber Threat Incident,"Attackers distributed phishing lures disguised as urgent software patch advisories to personnel at a public port logistics hub, leading to payload execution and credential compromise.","Attackers distributed phishing lures disguised as urgent software patch advisories to personnel at a public port logistics hub, leading to payload execution and credential compromise.",phishing_social_engineering,Phishing Social Engineering
eurepoc_200004,eurepoc,2024-04-10,Technical Cyber Threat Incident,"Adversaries conducted destructive wiper malware and multi-vector Layer 7 DDoS attacks against a regional healthcare facility. Web applications crashed under 28 million requests per second, knocking public services offline.","Adversaries conducted destructive wiper malware and multi-vector Layer 7 DDoS attacks against a regional healthcare facility. Web applications crashed under 28 million requests per second, knocking public services offline.",denial_of_service_disruption,Denial Of Service Disruption
eurepoc_200005,eurepoc,2024-04-10,Technical Cyber Threat Incident,"Threat group Sandworm launched an extortion attack against a power grid distributor. All virtual hypervisors and backup domains were encrypted. Negotiations demanded $7,269K within 48 hours to halt the auction of exfiltrated administrative files.","Threat group Sandworm launched an extortion attack against a power grid distributor. All virtual hypervisors and backup domains were encrypted. Negotiations demanded $7,269K within 48 hours to halt the auction of exfiltrated administrative files.",ransomware_extortion,Ransomware Extortion
eurepoc_200006,eurepoc,2024-04-10,Technical Cyber Threat Incident,"Adversaries conducted destructive wiper malware and multi-vector Layer 7 DDoS attacks against a pharmaceutical research lab. Web applications crashed under 20 million requests per second, knocking public services offline.","Adversaries conducted destructive wiper malware and multi-vector Layer 7 DDoS attacks against a pharmaceutical research lab. Web applications crashed under 20 million requests per second, knocking public services offline.",denial_of_service_disruption,Denial Of Service Disruption
eurepoc_200007,eurepoc,2024-04-10,Technical Cyber Threat Incident,"A critical ransomware outbreak hit a government tax agency. Operators weaponized vulnerability CVE-2023-4966 in perimeter firewalls to establish persistent C2 access. File systems were encrypted and volume shadow copies destroyed. The extortion group demanded $6,551K for decryption tools.","A critical ransomware outbreak hit a government tax agency. Operators weaponized vulnerability CVE-2023-4966 in perimeter firewalls to establish persistent C2 access. File systems were encrypted and volume shadow copies destroyed. The extortion group demanded $6,551K for decryption tools.",ransomware_extortion,Ransomware Extortion
eurepoc_200008,eurepoc,2024-04-10,Technical Cyber Threat Incident,"A sophisticated double-extortion ransomware campaign orchestrated by Akira compromised the internal network of a commercial banking network via compromised credentials. The actors exfiltrated 654GB of proprietary databases before deploying ransomware binaries. A ransom demand of $6,717K in Bitcoin was posted, threatening public leak on darknet forums.","A sophisticated double-extortion ransomware campaign orchestrated by Akira compromised the internal network of a commercial banking network via compromised credentials. The actors exfiltrated 654GB of proprietary databases before deploying ransomware binaries. A ransom demand of $6,717K in Bitcoin was posted, threatening public leak on darknet forums.",ransomware_extortion,Ransomware Extortion
eurepoc_200009,eurepoc,2024-04-10,Technical Cyber Threat Incident,"A critical ransomware outbreak hit a government tax agency. Operators weaponized vulnerability CVE-2024-1709 in perimeter firewalls to establish persistent C2 access. File systems were encrypted and volume shadow copies destroyed. The extortion group demanded $4,082K for decryption tools.","A critical ransomware outbreak hit a government tax agency. Operators weaponized vulnerability CVE-2024-1709 in perimeter firewalls to establish persistent C2 access. File systems were encrypted and volume shadow copies destroyed. The extortion group demanded $4,082K for decryption tools.",ransomware_extortion,Ransomware Extortion
eurepoc_200010,eurepoc,2024-04-10,Technical Cyber Threat Incident,"A persistent flood of HTTP/2 Rapid Reset requests disrupted the border gateway and online authentication servers of a regional healthcare facility, causing complete denial of service for 67 hours.","A persistent flood of HTTP/2 Rapid Reset requests disrupted the border gateway and online authentication servers of a regional healthcare facility, causing complete denial of service for 67 hours.",denial_of_service_disruption,Denial Of Service Disruption
eurepoc_200011,eurepoc,2024-04-10,Technical Cyber Threat Incident,"A massive volumetric Distributed Denial of Service (DDoS) attack peaking at 3.17 Tbps targeted a public port logistics hub. The attack exploited an amplified DNS/UDP reflection vector through a global IoT botnet, resulting in 23 hours of total service outage.","A massive volumetric Distributed Denial of Service (DDoS) attack peaking at 3.17 Tbps targeted a public port logistics hub. The attack exploited an amplified DNS/UDP reflection vector through a global IoT botnet, resulting in 23 hours of total service outage.",denial_of_service_disruption,Denial Of Service Disruption
eurepoc_200012,eurepoc,2024-04-10,Technical Cyber Threat Incident,"A sophisticated double-extortion ransomware campaign orchestrated by APT28 (Fancy Bear) compromised the internal network of a public port logistics hub via compromised credentials. The actors exfiltrated 626GB of proprietary databases before deploying ransomware binaries. A ransom demand of $3,203K in Bitcoin was posted, threatening public leak on darknet forums.","A sophisticated double-extortion ransomware campaign orchestrated by APT28 (Fancy Bear) compromised the internal network of a public port logistics hub via compromised credentials. The actors exfiltrated 626GB of proprietary databases before deploying ransomware binaries. A ransom demand of $3,203K in Bitcoin was posted, threatening public leak on darknet forums.",ransomware_extortion,Ransomware Extortion
eurepoc_200013,eurepoc,2024-04-10,Technical Cyber Threat Incident,"A massive volumetric Distributed Denial of Service (DDoS) attack peaking at 2.47 Tbps targeted a commercial banking network. The attack exploited an amplified DNS/UDP reflection vector through a global IoT botnet, resulting in 9 hours of total service outage.","A massive volumetric Distributed Denial of Service (DDoS) attack peaking at 2.47 Tbps targeted a commercial banking network. The attack exploited an amplified DNS/UDP reflection vector through a global IoT botnet, resulting in 9 hours of total service outage.",denial_of_service_disruption,Denial Of Service Disruption
eurepoc_200014,eurepoc,2024-04-10,Technical Cyber Threat Incident,"State-aligned threat group APT28 (Fancy Bear) breached a regional healthcare facility using stolen session tokens. Lateral movement was detected across multiple subnets, resulting in unauthorized exfiltration of sensitive telemetry.","State-aligned threat group APT28 (Fancy Bear) breached a regional healthcare facility using stolen session tokens. Lateral movement was detected across multiple subnets, resulting in unauthorized exfiltration of sensitive telemetry.",unauthorized_access_hacking,Unauthorized Access Hacking
eurepoc_200015,eurepoc,2024-04-10,Technical Cyber Threat Incident,"A sophisticated double-extortion ransomware campaign orchestrated by APT28 (Fancy Bear) compromised the internal network of a commercial banking network via compromised credentials. The actors exfiltrated 874GB of proprietary databases before deploying ransomware binaries. A ransom demand of $6,127K in Bitcoin was posted, threatening public leak on darknet forums.","A sophisticated double-extortion ransomware campaign orchestrated by APT28 (Fancy Bear) compromised the internal network of a commercial banking network via compromised credentials. The actors exfiltrated 874GB of proprietary databases before deploying ransomware binaries. A ransom demand of $6,127K in Bitcoin was posted, threatening public leak on darknet forums.",ransomware_extortion,Ransomware Extortion
eurepoc_200016,eurepoc,2024-04-10,Technical Cyber Threat Incident,"A persistent flood of HTTP/2 Rapid Reset requests disrupted the border gateway and online authentication servers of a telecommunications provider, causing complete denial of service for 55 hours.","A persistent flood of HTTP/2 Rapid Reset requests disrupted the border gateway and online authentication servers of a telecommunications provider, causing complete denial of service for 55 hours.",denial_of_service_disruption,Denial Of Service Disruption
eurepoc_200017,eurepoc,2024-04-10,Technical Cyber Threat Incident,"Threat group LockBit 3.0 launched an extortion attack against a municipal water authority. All virtual hypervisors and backup domains were encrypted. Negotiations demanded $2,287K within 48 hours to halt the auction of exfiltrated administrative files.","Threat group LockBit 3.0 launched an extortion attack against a municipal water authority. All virtual hypervisors and backup domains were encrypted. Negotiations demanded $2,287K within 48 hours to halt the auction of exfiltrated administrative files.",ransomware_extortion,Ransomware Extortion
eurepoc_200018,eurepoc,2024-04-10,Technical Cyber Threat Incident,"A sophisticated double-extortion ransomware campaign orchestrated by Akira compromised the internal network of a pharmaceutical research lab via compromised credentials. The actors exfiltrated 667GB of proprietary databases before deploying ransomware binaries. A ransom demand of $4,162K in Bitcoin was posted, threatening public leak on darknet forums.","A sophisticated double-extortion ransomware campaign orchestrated by Akira compromised the internal network of a pharmaceutical research lab via compromised credentials. The actors exfiltrated 667GB of proprietary databases before deploying ransomware binaries. A ransom demand of $4,162K in Bitcoin was posted, threatening public leak on darknet forums.",ransomware_extortion,Ransomware Extortion
eurepoc_200019,eurepoc,2024-04-10,Technical Cyber Threat Incident,"State-aligned threat group LockBit 3.0 breached a national railway operator using stolen session tokens. Lateral movement was detected across multiple subnets, resulting in unauthorized exfiltration of sensitive telemetry.","State-aligned threat group LockBit 3.0 breached a national railway operator using stolen session tokens. Lateral movement was detected across multiple subnets, resulting in unauthorized exfiltration of sensitive telemetry.",unauthorized_access_hacking,Unauthorized Access Hacking
eurepoc_200020,eurepoc,2024-04-10,Technical Cyber Threat Incident,"A persistent flood of HTTP/2 Rapid Reset requests disrupted the border gateway and online authentication servers of a national railway operator, causing complete denial of service for 69 hours.","A persistent flood of HTTP/2 Rapid Reset requests disrupted the border gateway and online authentication servers of a national railway operator, causing complete denial of service for 69 hours.",denial_of_service_disruption,Denial Of Service Disruption
eurepoc_200021,eurepoc,2024-04-10,Technical Cyber Threat Incident,"Threat group LockBit 3.0 launched an extortion attack against a public port logistics hub. All virtual hypervisors and backup domains were encrypted. Negotiations demanded $1,151K within 48 hours to halt the auction of exfiltrated administrative files.","Threat group LockBit 3.0 launched an extortion attack against a public port logistics hub. All virtual hypervisors and backup domains were encrypted. Negotiations demanded $1,151K within 48 hours to halt the auction of exfiltrated administrative files.",ransomware_extortion,Ransomware Extortion
eurepoc_200022,eurepoc,2024-04-10,Technical Cyber Threat Incident,"A critical ransomware outbreak hit a public port logistics hub. Operators weaponized vulnerability CVE-2023-2868 in perimeter firewalls to establish persistent C2 access. File systems were encrypted and volume shadow copies destroyed. The extortion group demanded $2,872K for decryption tools.","A critical ransomware outbreak hit a public port logistics hub. Operators weaponized vulnerability CVE-2023-2868 in perimeter firewalls to establish persistent C2 access. File systems were encrypted and volume shadow copies destroyed. The extortion group demanded $2,872K for decryption tools.",ransomware_extortion,Ransomware Extortion
eurepoc_200023,eurepoc,2024-04-10,Technical Cyber Threat Incident,Threat group LockBit 3.0 launched an extortion attack against a government tax agency. All virtual hypervisors and backup domains were encrypted. Negotiations demanded $757K within 48 hours to halt the auction of exfiltrated administrative files.,Threat group LockBit 3.0 launched an extortion attack against a government tax agency. All virtual hypervisors and backup domains were encrypted. Negotiations demanded $757K within 48 hours to halt the auction of exfiltrated administrative files.,ransomware_extortion,Ransomware Extortion
eurepoc_200024,eurepoc,2024-04-10,Technical Cyber Threat Incident,Threat group Lazarus Group launched an extortion attack against a government tax agency. All virtual hypervisors and backup domains were encrypted. Negotiations demanded $768K within 48 hours to halt the auction of exfiltrated administrative files.,Threat group Lazarus Group launched an extortion attack against a government tax agency. All virtual hypervisors and backup domains were encrypted. Negotiations demanded $768K within 48 hours to halt the auction of exfiltrated administrative files.,ransomware_extortion,Ransomware Extortion
eurepoc_200025,eurepoc,2024-04-10,Technical Cyber Threat Incident,"A sophisticated double-extortion ransomware campaign orchestrated by APT28 (Fancy Bear) compromised the internal network of a power grid distributor via compromised credentials. The actors exfiltrated 374GB of proprietary databases before deploying ransomware binaries. A ransom demand of $2,939K in Bitcoin was posted, threatening public leak on darknet forums.","A sophisticated double-extortion ransomware campaign orchestrated by APT28 (Fancy Bear) compromised the internal network of a power grid distributor via compromised credentials. The actors exfiltrated 374GB of proprietary databases before deploying ransomware binaries. A ransom demand of $2,939K in Bitcoin was posted, threatening public leak on darknet forums.",ransomware_extortion,Ransomware Extortion
eurepoc_200026,eurepoc,2024-04-10,Technical Cyber Threat Incident,"Adversaries gained unauthorized system access to a public port logistics hub by exploiting CVE-2023-20198. The intrusion compromised 220,000 user credentials, establishing persistent reverse shells across the internal DMZ.","Adversaries gained unauthorized system access to a public port logistics hub by exploiting CVE-2023-20198. The intrusion compromised 220,000 user credentials, establishing persistent reverse shells across the internal DMZ.",unauthorized_access_hacking,Unauthorized Access Hacking
eurepoc_200027,eurepoc,2024-04-10,Technical Cyber Threat Incident,"An unauthenticated cloud storage bucket maintained by a government tax agency was compromised by unauthorized third parties. Attackers accessed 70,000 confidential records and backend system credentials.","An unauthenticated cloud storage bucket maintained by a government tax agency was compromised by unauthorized third parties. Attackers accessed 70,000 confidential records and backend system credentials.",unauthorized_access_hacking,Unauthorized Access Hacking
eurepoc_200028,eurepoc,2024-04-10,Technical Cyber Threat Incident,"Threat group Akira launched an extortion attack against a national railway operator. All virtual hypervisors and backup domains were encrypted. Negotiations demanded $8,157K within 48 hours to halt the auction of exfiltrated administrative files.","Threat group Akira launched an extortion attack against a national railway operator. All virtual hypervisors and backup domains were encrypted. Negotiations demanded $8,157K within 48 hours to halt the auction of exfiltrated administrative files.",ransomware_extortion,Ransomware Extortion
eurepoc_200029,eurepoc,2024-04-10,Technical Cyber Threat Incident,"A sophisticated double-extortion ransomware campaign orchestrated by APT28 (Fancy Bear) compromised the internal network of a public port logistics hub via compromised credentials. The actors exfiltrated 692GB of proprietary databases before deploying ransomware binaries. A ransom demand of $5,433K in Bitcoin was posted, threatening public leak on darknet forums.","A sophisticated double-extortion ransomware campaign orchestrated by APT28 (Fancy Bear) compromised the internal network of a public port logistics hub via compromised credentials. The actors exfiltrated 692GB of proprietary databases before deploying ransomware binaries. A ransom demand of $5,433K in Bitcoin was posted, threatening public leak on darknet forums.",ransomware_extortion,Ransomware Extortion
eurepoc_200030,eurepoc,2024-04-10,Technical Cyber Threat Incident,"State-aligned threat group Sandworm breached a power grid distributor using stolen session tokens. Lateral movement was detected across multiple subnets, resulting in unauthorized exfiltration of sensitive telemetry.","State-aligned threat group Sandworm breached a power grid distributor using stolen session tokens. Lateral movement was detected across multiple subnets, resulting in unauthorized exfiltration of sensitive telemetry.",unauthorized_access_hacking,Unauthorized Access Hacking
eurepoc_200031,eurepoc,2024-04-10,Technical Cyber Threat Incident,"A sophisticated double-extortion ransomware campaign orchestrated by Akira compromised the internal network of a aerospace defense contractor via compromised credentials. The actors exfiltrated 881GB of proprietary databases before deploying ransomware binaries. A ransom demand of $4,914K in Bitcoin was posted, threatening public leak on darknet forums.","A sophisticated double-extortion ransomware campaign orchestrated by Akira compromised the internal network of a aerospace defense contractor via compromised credentials. The actors exfiltrated 881GB of proprietary databases before deploying ransomware binaries. A ransom demand of $4,914K in Bitcoin was posted, threatening public leak on darknet forums.",ransomware_extortion,Ransomware Extortion
eurepoc_200032,eurepoc,2024-04-10,Technical Cyber Threat Incident,"Adversaries conducted destructive wiper malware and multi-vector Layer 7 DDoS attacks against a telecommunications provider. Web applications crashed under 46 million requests per second, knocking public services offline.","Adversaries conducted destructive wiper malware and multi-vector Layer 7 DDoS attacks against a telecommunications provider. Web applications crashed under 46 million requests per second, knocking public services offline.",denial_of_service_disruption,Denial Of Service Disruption
eurepoc_200033,eurepoc,2024-04-10,Technical Cyber Threat Incident,"A massive volumetric Distributed Denial of Service (DDoS) attack peaking at 3.47 Tbps targeted a regional healthcare facility. The attack exploited an amplified DNS/UDP reflection vector through a global IoT botnet, resulting in 4 hours of total service outage.","A massive volumetric Distributed Denial of Service (DDoS) attack peaking at 3.47 Tbps targeted a regional healthcare facility. The attack exploited an amplified DNS/UDP reflection vector through a global IoT botnet, resulting in 4 hours of total service outage.",denial_of_service_disruption,Denial Of Service Disruption
eurepoc_200034,eurepoc,2024-04-10,Technical Cyber Threat Incident,"State-aligned threat group Akira breached a public port logistics hub using stolen session tokens. Lateral movement was detected across multiple subnets, resulting in unauthorized exfiltration of sensitive telemetry.","State-aligned threat group Akira breached a public port logistics hub using stolen session tokens. Lateral movement was detected across multiple subnets, resulting in unauthorized exfiltration of sensitive telemetry.",unauthorized_access_hacking,Unauthorized Access Hacking
eurepoc_200035,eurepoc,2024-04-10,Technical Cyber Threat Incident,"A critical ransomware outbreak hit a commercial banking network. Operators weaponized vulnerability CVE-2023-34362 in perimeter firewalls to establish persistent C2 access. File systems were encrypted and volume shadow copies destroyed. The extortion group demanded $1,281K for decryption tools.","A critical ransomware outbreak hit a commercial banking network. Operators weaponized vulnerability CVE-2023-34362 in perimeter firewalls to establish persistent C2 access. File systems were encrypted and volume shadow copies destroyed. The extortion group demanded $1,281K for decryption tools.",ransomware_extortion,Ransomware Extortion
eurepoc_200036,eurepoc,2024-04-10,Technical Cyber Threat Incident,"Adversaries gained unauthorized system access to a public port logistics hub by exploiting CVE-2024-1709. The intrusion compromised 727,000 user credentials, establishing persistent reverse shells across the internal DMZ.","Adversaries gained unauthorized system access to a public port logistics hub by exploiting CVE-2024-1709. The intrusion compromised 727,000 user credentials, establishing persistent reverse shells across the internal DMZ.",unauthorized_access_hacking,Unauthorized Access Hacking
eurepoc_200037,eurepoc,2024-04-10,Technical Cyber Threat Incident,"State-aligned threat group Volt Typhoon breached a national railway operator using stolen session tokens. Lateral movement was detected across multiple subnets, resulting in unauthorized exfiltration of sensitive telemetry.","State-aligned threat group Volt Typhoon breached a national railway operator using stolen session tokens. Lateral movement was detected across multiple subnets, resulting in unauthorized exfiltration of sensitive telemetry.",unauthorized_access_hacking,Unauthorized Access Hacking
eurepoc_200038,eurepoc,2024-04-10,Technical Cyber Threat Incident,A spear-phishing campaign attributed to Volt Typhoon targeted executives at a aerospace defense contractor. Weaponized PDF documents referencing fake regulatory audits delivered an infostealer payload harvesting domain credentials.,A spear-phishing campaign attributed to Volt Typhoon targeted executives at a aerospace defense contractor. Weaponized PDF documents referencing fake regulatory audits delivered an infostealer payload harvesting domain credentials.,phishing_social_engineering,Phishing Social Engineering
eurepoc_200039,eurepoc,2024-04-10,Technical Cyber Threat Incident,"Adversaries conducted destructive wiper malware and multi-vector Layer 7 DDoS attacks against a municipal water authority. Web applications crashed under 84 million requests per second, knocking public services offline.","Adversaries conducted destructive wiper malware and multi-vector Layer 7 DDoS attacks against a municipal water authority. Web applications crashed under 84 million requests per second, knocking public services offline.",denial_of_service_disruption,Denial Of Service Disruption
eurepoc_200040,eurepoc,2024-04-10,Technical Cyber Threat Incident,"A massive volumetric Distributed Denial of Service (DDoS) attack peaking at 1.97 Tbps targeted a public port logistics hub. The attack exploited an amplified DNS/UDP reflection vector through a global IoT botnet, resulting in 67 hours of total service outage.","A massive volumetric Distributed Denial of Service (DDoS) attack peaking at 1.97 Tbps targeted a public port logistics hub. The attack exploited an amplified DNS/UDP reflection vector through a global IoT botnet, resulting in 67 hours of total service outage.",denial_of_service_disruption,Denial Of Service Disruption
eurepoc_200041,eurepoc,2024-04-10,Technical Cyber Threat Incident,"A sophisticated double-extortion ransomware campaign orchestrated by LockBit 3.0 compromised the internal network of a telecommunications provider via compromised credentials. The actors exfiltrated 124GB of proprietary databases before deploying ransomware binaries. A ransom demand of $4,731K in Bitcoin was posted, threatening public leak on darknet forums.","A sophisticated double-extortion ransomware campaign orchestrated by LockBit 3.0 compromised the internal network of a telecommunications provider via compromised credentials. The actors exfiltrated 124GB of proprietary databases before deploying ransomware binaries. A ransom demand of $4,731K in Bitcoin was posted, threatening public leak on darknet forums.",ransomware_extortion,Ransomware Extortion
eurepoc_200042,eurepoc,2024-04-10,Technical Cyber Threat Incident,Threat group APT28 (Fancy Bear) launched an extortion attack against a commercial banking network. All virtual hypervisors and backup domains were encrypted. Negotiations demanded $755K within 48 hours to halt the auction of exfiltrated administrative files.,Threat group APT28 (Fancy Bear) launched an extortion attack against a commercial banking network. All virtual hypervisors and backup domains were encrypted. Negotiations demanded $755K within 48 hours to halt the auction of exfiltrated administrative files.,ransomware_extortion,Ransomware Extortion
eurepoc_200043,eurepoc,2024-04-10,Technical Cyber Threat Incident,"Attackers distributed phishing lures disguised as urgent software patch advisories to personnel at a municipal water authority, leading to payload execution and credential compromise.","Attackers distributed phishing lures disguised as urgent software patch advisories to personnel at a municipal water authority, leading to payload execution and credential compromise.",phishing_social_engineering,Phishing Social Engineering
eurepoc_200044,eurepoc,2024-04-10,Technical Cyber Threat Incident,A spear-phishing campaign attributed to Lazarus Group targeted executives at a government tax agency. Weaponized PDF documents referencing fake regulatory audits delivered an infostealer payload harvesting domain credentials.,A spear-phishing campaign attributed to Lazarus Group targeted executives at a government tax agency. Weaponized PDF documents referencing fake regulatory audits delivered an infostealer payload harvesting domain credentials.,phishing_social_engineering,Phishing Social Engineering
eurepoc_200045,eurepoc,2024-04-10,Technical Cyber Threat Incident,"A sophisticated double-extortion ransomware campaign orchestrated by Lazarus Group compromised the internal network of a public port logistics hub via compromised credentials. The actors exfiltrated 344GB of proprietary databases before deploying ransomware binaries. A ransom demand of $8,071K in Bitcoin was posted, threatening public leak on darknet forums.","A sophisticated double-extortion ransomware campaign orchestrated by Lazarus Group compromised the internal network of a public port logistics hub via compromised credentials. The actors exfiltrated 344GB of proprietary databases before deploying ransomware binaries. A ransom demand of $8,071K in Bitcoin was posted, threatening public leak on darknet forums.",ransomware_extortion,Ransomware Extortion
eurepoc_200046,eurepoc,2024-04-10,Technical Cyber Threat Incident,"Threat group APT28 (Fancy Bear) launched an extortion attack against a power grid distributor. All virtual hypervisors and backup domains were encrypted. Negotiations demanded $8,720K within 48 hours to halt the auction of exfiltrated administrative files.","Threat group APT28 (Fancy Bear) launched an extortion attack against a power grid distributor. All virtual hypervisors and backup domains were encrypted. Negotiations demanded $8,720K within 48 hours to halt the auction of exfiltrated administrative files.",ransomware_extortion,Ransomware Extortion
eurepoc_200047,eurepoc,2024-04-10,Technical Cyber Threat Incident,"A critical ransomware outbreak hit a national railway operator. Operators weaponized vulnerability CVE-2023-4966 in perimeter firewalls to establish persistent C2 access. File systems were encrypted and volume shadow copies destroyed. The extortion group demanded $4,224K for decryption tools.","A critical ransomware outbreak hit a national railway operator. Operators weaponized vulnerability CVE-2023-4966 in perimeter firewalls to establish persistent C2 access. File systems were encrypted and volume shadow copies destroyed. The extortion group demanded $4,224K for decryption tools.",ransomware_extortion,Ransomware Extortion
eurepoc_200048,eurepoc,2024-04-10,Technical Cyber Threat Incident,"A persistent flood of HTTP/2 Rapid Reset requests disrupted the border gateway and online authentication servers of a pharmaceutical research lab, causing complete denial of service for 17 hours.","A persistent flood of HTTP/2 Rapid Reset requests disrupted the border gateway and online authentication servers of a pharmaceutical research lab, causing complete denial of service for 17 hours.",denial_of_service_disruption,Denial Of Service Disruption
eurepoc_200049,eurepoc,2024-04-10,Technical Cyber Threat Incident,"Adversaries gained unauthorized system access to a power grid distributor by exploiting CVE-2023-34362. The intrusion compromised 260,000 user credentials, establishing persistent reverse shells across the internal DMZ.","Adversaries gained unauthorized system access to a power grid distributor by exploiting CVE-2023-34362. The intrusion compromised 260,000 user credentials, establishing persistent reverse shells across the internal DMZ.",unauthorized_access_hacking,Unauthorized Access Hacking
eurepoc_200050,eurepoc,2024-04-10,Technical Cyber Threat Incident,"Attackers distributed phishing lures disguised as urgent software patch advisories to personnel at a municipal water authority, leading to payload execution and credential compromise.","Attackers distributed phishing lures disguised as urgent software patch advisories to personnel at a municipal water authority, leading to payload execution and credential compromise.",phishing_social_engineering,Phishing Social Engineering
eurepoc_200051,eurepoc,2024-04-10,Technical Cyber Threat Incident,"A critical ransomware outbreak hit a municipal water authority. Operators weaponized vulnerability CVE-2024-1709 in perimeter firewalls to establish persistent C2 access. File systems were encrypted and volume shadow copies destroyed. The extortion group demanded $8,850K for decryption tools.","A critical ransomware outbreak hit a municipal water authority. Operators weaponized vulnerability CVE-2024-1709 in perimeter firewalls to establish persistent C2 access. File systems were encrypted and volume shadow copies destroyed. The extortion group demanded $8,850K for decryption tools.",ransomware_extortion,Ransomware Extortion
eurepoc_200052,eurepoc,2024-04-10,Technical Cyber Threat Incident,"Employees at a pharmaceutical research lab received spoofed Microsoft 365 login requests. The Adversary-in-the-Middle (AiTM) proxy captured session cookies and bypassed MFA, facilitating unauthorized email forwarding rules.","Employees at a pharmaceutical research lab received spoofed Microsoft 365 login requests. The Adversary-in-the-Middle (AiTM) proxy captured session cookies and bypassed MFA, facilitating unauthorized email forwarding rules.",phishing_social_engineering,Phishing Social Engineering
eurepoc_200053,eurepoc,2024-04-10,Technical Cyber Threat Incident,"Adversaries conducted destructive wiper malware and multi-vector Layer 7 DDoS attacks against a government tax agency. Web applications crashed under 66 million requests per second, knocking public services offline.","Adversaries conducted destructive wiper malware and multi-vector Layer 7 DDoS attacks against a government tax agency. Web applications crashed under 66 million requests per second, knocking public services offline.",denial_of_service_disruption,Denial Of Service Disruption
eurepoc_200054,eurepoc,2024-04-10,Technical Cyber Threat Incident,"Employees at a power grid distributor received spoofed Microsoft 365 login requests. The Adversary-in-the-Middle (AiTM) proxy captured session cookies and bypassed MFA, facilitating unauthorized email forwarding rules.","Employees at a power grid distributor received spoofed Microsoft 365 login requests. The Adversary-in-the-Middle (AiTM) proxy captured session cookies and bypassed MFA, facilitating unauthorized email forwarding rules.",phishing_social_engineering,Phishing Social Engineering
eurepoc_200055,eurepoc,2024-04-10,Technical Cyber Threat Incident,"Adversaries gained unauthorized system access to a regional healthcare facility by exploiting CVE-2023-4966. The intrusion compromised 649,000 user credentials, establishing persistent reverse shells across the internal DMZ.","Adversaries gained unauthorized system access to a regional healthcare facility by exploiting CVE-2023-4966. The intrusion compromised 649,000 user credentials, establishing persistent reverse shells across the internal DMZ.",unauthorized_access_hacking,Unauthorized Access Hacking
eurepoc_200056,eurepoc,2024-04-10,Technical Cyber Threat Incident,"Threat group Lazarus Group launched an extortion attack against a national railway operator. All virtual hypervisors and backup domains were encrypted. Negotiations demanded $6,676K within 48 hours to halt the auction of exfiltrated administrative files.","Threat group Lazarus Group launched an extortion attack against a national railway operator. All virtual hypervisors and backup domains were encrypted. Negotiations demanded $6,676K within 48 hours to halt the auction of exfiltrated administrative files.",ransomware_extortion,Ransomware Extortion
eurepoc_200057,eurepoc,2024-04-10,Technical Cyber Threat Incident,"A sophisticated double-extortion ransomware campaign orchestrated by Cl0p compromised the internal network of a regional healthcare facility via compromised credentials. The actors exfiltrated 310GB of proprietary databases before deploying ransomware binaries. A ransom demand of $6,150K in Bitcoin was posted, threatening public leak on darknet forums.","A sophisticated double-extortion ransomware campaign orchestrated by Cl0p compromised the internal network of a regional healthcare facility via compromised credentials. The actors exfiltrated 310GB of proprietary databases before deploying ransomware binaries. A ransom demand of $6,150K in Bitcoin was posted, threatening public leak on darknet forums.",ransomware_extortion,Ransomware Extortion
eurepoc_200058,eurepoc,2024-04-10,Technical Cyber Threat Incident,"A sophisticated double-extortion ransomware campaign orchestrated by LockBit 3.0 compromised the internal network of a power grid distributor via compromised credentials. The actors exfiltrated 94GB of proprietary databases before deploying ransomware binaries. A ransom demand of $5,479K in Bitcoin was posted, threatening public leak on darknet forums.","A sophisticated double-extortion ransomware campaign orchestrated by LockBit 3.0 compromised the internal network of a power grid distributor via compromised credentials. The actors exfiltrated 94GB of proprietary databases before deploying ransomware binaries. A ransom demand of $5,479K in Bitcoin was posted, threatening public leak on darknet forums.",ransomware_extortion,Ransomware Extortion
eurepoc_200059,eurepoc,2024-04-10,Technical Cyber Threat Incident,"Employees at a power grid distributor received spoofed Microsoft 365 login requests. The Adversary-in-the-Middle (AiTM) proxy captured session cookies and bypassed MFA, facilitating unauthorized email forwarding rules.","Employees at a power grid distributor received spoofed Microsoft 365 login requests. The Adversary-in-the-Middle (AiTM) proxy captured session cookies and bypassed MFA, facilitating unauthorized email forwarding rules.",phishing_social_engineering,Phishing Social Engineering
eurepoc_200060,eurepoc,2024-04-10,Technical Cyber Threat Incident,"A massive volumetric Distributed Denial of Service (DDoS) attack peaking at 2.61 Tbps targeted a telecommunications provider. The attack exploited an amplified DNS/UDP reflection vector through a global IoT botnet, resulting in 7 hours of total service outage.","A massive volumetric Distributed Denial of Service (DDoS) attack peaking at 2.61 Tbps targeted a telecommunications provider. The attack exploited an amplified DNS/UDP reflection vector through a global IoT botnet, resulting in 7 hours of total service outage.",denial_of_service_disruption,Denial Of Service Disruption
eurepoc_200061,eurepoc,2024-04-10,Technical Cyber Threat Incident,"Adversaries conducted destructive wiper malware and multi-vector Layer 7 DDoS attacks against a telecommunications provider. Web applications crashed under 65 million requests per second, knocking public services offline.","Adversaries conducted destructive wiper malware and multi-vector Layer 7 DDoS attacks against a telecommunications provider. Web applications crashed under 65 million requests per second, knocking public services offline.",denial_of_service_disruption,Denial Of Service Disruption
eurepoc_200062,eurepoc,2024-04-10,Technical Cyber Threat Incident,"A sophisticated double-extortion ransomware campaign orchestrated by BlackCat (ALPHV) compromised the internal network of a commercial banking network via compromised credentials. The actors exfiltrated 428GB of proprietary databases before deploying ransomware binaries. A ransom demand of $6,040K in Bitcoin was posted, threatening public leak on darknet forums.","A sophisticated double-extortion ransomware campaign orchestrated by BlackCat (ALPHV) compromised the internal network of a commercial banking network via compromised credentials. The actors exfiltrated 428GB of proprietary databases before deploying ransomware binaries. A ransom demand of $6,040K in Bitcoin was posted, threatening public leak on darknet forums.",ransomware_extortion,Ransomware Extortion
eurepoc_200063,eurepoc,2024-04-10,Technical Cyber Threat Incident,"An unauthenticated cloud storage bucket maintained by a aerospace defense contractor was compromised by unauthorized third parties. Attackers accessed 148,000 confidential records and backend system credentials.","An unauthenticated cloud storage bucket maintained by a aerospace defense contractor was compromised by unauthorized third parties. Attackers accessed 148,000 confidential records and backend system credentials.",unauthorized_access_hacking,Unauthorized Access Hacking
eurepoc_200064,eurepoc,2024-04-10,Technical Cyber Threat Incident,"A sophisticated double-extortion ransomware campaign orchestrated by APT28 (Fancy Bear) compromised the internal network of a national railway operator via compromised credentials. The actors exfiltrated 253GB of proprietary databases before deploying ransomware binaries. A ransom demand of $4,213K in Bitcoin was posted, threatening public leak on darknet forums.","A sophisticated double-extortion ransomware campaign orchestrated by APT28 (Fancy Bear) compromised the internal network of a national railway operator via compromised credentials. The actors exfiltrated 253GB of proprietary databases before deploying ransomware binaries. A ransom demand of $4,213K in Bitcoin was posted, threatening public leak on darknet forums.",ransomware_extortion,Ransomware Extortion
eurepoc_200065,eurepoc,2024-04-10,Technical Cyber Threat Incident,"Adversaries gained unauthorized system access to a commercial banking network by exploiting CVE-2024-1709. The intrusion compromised 385,000 user credentials, establishing persistent reverse shells across the internal DMZ.","Adversaries gained unauthorized system access to a commercial banking network by exploiting CVE-2024-1709. The intrusion compromised 385,000 user credentials, establishing persistent reverse shells across the internal DMZ.",unauthorized_access_hacking,Unauthorized Access Hacking
eurepoc_200066,eurepoc,2024-04-10,Technical Cyber Threat Incident,"A persistent flood of HTTP/2 Rapid Reset requests disrupted the border gateway and online authentication servers of a telecommunications provider, causing complete denial of service for 36 hours.","A persistent flood of HTTP/2 Rapid Reset requests disrupted the border gateway and online authentication servers of a telecommunications provider, causing complete denial of service for 36 hours.",denial_of_service_disruption,Denial Of Service Disruption
eurepoc_200067,eurepoc,2024-04-10,Technical Cyber Threat Incident,"A critical ransomware outbreak hit a national railway operator. Operators weaponized vulnerability CVE-2024-1709 in perimeter firewalls to establish persistent C2 access. File systems were encrypted and volume shadow copies destroyed. The extortion group demanded $8,363K for decryption tools.","A critical ransomware outbreak hit a national railway operator. Operators weaponized vulnerability CVE-2024-1709 in perimeter firewalls to establish persistent C2 access. File systems were encrypted and volume shadow copies destroyed. The extortion group demanded $8,363K for decryption tools.",ransomware_extortion,Ransomware Extortion
eurepoc_200068,eurepoc,2024-04-10,Technical Cyber Threat Incident,"State-aligned threat group APT28 (Fancy Bear) breached a pharmaceutical research lab using stolen session tokens. Lateral movement was detected across multiple subnets, resulting in unauthorized exfiltration of sensitive telemetry.","State-aligned threat group APT28 (Fancy Bear) breached a pharmaceutical research lab using stolen session tokens. Lateral movement was detected across multiple subnets, resulting in unauthorized exfiltration of sensitive telemetry.",unauthorized_access_hacking,Unauthorized Access Hacking
eurepoc_200069,eurepoc,2024-04-10,Technical Cyber Threat Incident,"Threat group Cl0p launched an extortion attack against a public port logistics hub. All virtual hypervisors and backup domains were encrypted. Negotiations demanded $2,499K within 48 hours to halt the auction of exfiltrated administrative files.","Threat group Cl0p launched an extortion attack against a public port logistics hub. All virtual hypervisors and backup domains were encrypted. Negotiations demanded $2,499K within 48 hours to halt the auction of exfiltrated administrative files.",ransomware_extortion,Ransomware Extortion
eurepoc_200070,eurepoc,2024-04-10,Technical Cyber Threat Incident,"A critical ransomware outbreak hit a national railway operator. Operators weaponized vulnerability CVE-2024-1709 in perimeter firewalls to establish persistent C2 access. File systems were encrypted and volume shadow copies destroyed. The extortion group demanded $7,995K for decryption tools.","A critical ransomware outbreak hit a national railway operator. Operators weaponized vulnerability CVE-2024-1709 in perimeter firewalls to establish persistent C2 access. File systems were encrypted and volume shadow copies destroyed. The extortion group demanded $7,995K for decryption tools.",ransomware_extortion,Ransomware Extortion
eurepoc_200071,eurepoc,2024-04-10,Technical Cyber Threat Incident,"A persistent flood of HTTP/2 Rapid Reset requests disrupted the border gateway and online authentication servers of a national railway operator, causing complete denial of service for 50 hours.","A persistent flood of HTTP/2 Rapid Reset requests disrupted the border gateway and online authentication servers of a national railway operator, causing complete denial of service for 50 hours.",denial_of_service_disruption,Denial Of Service Disruption
eurepoc_200072,eurepoc,2024-04-10,Technical Cyber Threat Incident,"Attackers distributed phishing lures disguised as urgent software patch advisories to personnel at a public port logistics hub, leading to payload execution and credential compromise.","Attackers distributed phishing lures disguised as urgent software patch advisories to personnel at a public port logistics hub, leading to payload execution and credential compromise.",phishing_social_engineering,Phishing Social Engineering
eurepoc_200073,eurepoc,2024-04-10,Technical Cyber Threat Incident,"An unauthenticated cloud storage bucket maintained by a telecommunications provider was compromised by unauthorized third parties. Attackers accessed 63,000 confidential records and backend system credentials.","An unauthenticated cloud storage bucket maintained by a telecommunications provider was compromised by unauthorized third parties. Attackers accessed 63,000 confidential records and backend system credentials.",unauthorized_access_hacking,Unauthorized Access Hacking
eurepoc_200074,eurepoc,2024-04-10,Technical Cyber Threat Incident,"Threat group Akira launched an extortion attack against a power grid distributor. All virtual hypervisors and backup domains were encrypted. Negotiations demanded $3,052K within 48 hours to halt the auction of exfiltrated administrative files.","Threat group Akira launched an extortion attack against a power grid distributor. All virtual hypervisors and backup domains were encrypted. Negotiations demanded $3,052K within 48 hours to halt the auction of exfiltrated administrative files.",ransomware_extortion,Ransomware Extortion
eurepoc_200075,eurepoc,2024-04-10,Technical Cyber Threat Incident,"State-aligned threat group Lazarus Group breached a national railway operator using stolen session tokens. Lateral movement was detected across multiple subnets, resulting in unauthorized exfiltration of sensitive telemetry.","State-aligned threat group Lazarus Group breached a national railway operator using stolen session tokens. Lateral movement was detected across multiple subnets, resulting in unauthorized exfiltration of sensitive telemetry.",unauthorized_access_hacking,Unauthorized Access Hacking
eurepoc_200076,eurepoc,2024-04-10,Technical Cyber Threat Incident,"Threat group BlackCat (ALPHV) launched an extortion attack against a municipal water authority. All virtual hypervisors and backup domains were encrypted. Negotiations demanded $6,809K within 48 hours to halt the auction of exfiltrated administrative files.","Threat group BlackCat (ALPHV) launched an extortion attack against a municipal water authority. All virtual hypervisors and backup domains were encrypted. Negotiations demanded $6,809K within 48 hours to halt the auction of exfiltrated administrative files.",ransomware_extortion,Ransomware Extortion
eurepoc_200077,eurepoc,2024-04-10,Technical Cyber Threat Incident,"A persistent flood of HTTP/2 Rapid Reset requests disrupted the border gateway and online authentication servers of a commercial banking network, causing complete denial of service for 57 hours.","A persistent flood of HTTP/2 Rapid Reset requests disrupted the border gateway and online authentication servers of a commercial banking network, causing complete denial of service for 57 hours.",denial_of_service_disruption,Denial Of Service Disruption
eurepoc_200078,eurepoc,2024-04-10,Technical Cyber Threat Incident,"An unauthenticated cloud storage bucket maintained by a national railway operator was compromised by unauthorized third parties. Attackers accessed 152,000 confidential records and backend system credentials.","An unauthenticated cloud storage bucket maintained by a national railway operator was compromised by unauthorized third parties. Attackers accessed 152,000 confidential records and backend system credentials.",unauthorized_access_hacking,Unauthorized Access Hacking
eurepoc_200079,eurepoc,2024-04-10,Technical Cyber Threat Incident,"Employees at a commercial banking network received spoofed Microsoft 365 login requests. The Adversary-in-the-Middle (AiTM) proxy captured session cookies and bypassed MFA, facilitating unauthorized email forwarding rules.","Employees at a commercial banking network received spoofed Microsoft 365 login requests. The Adversary-in-the-Middle (AiTM) proxy captured session cookies and bypassed MFA, facilitating unauthorized email forwarding rules.",phishing_social_engineering,Phishing Social Engineering
eurepoc_200080,eurepoc,2024-04-10,Technical Cyber Threat Incident,"A sophisticated double-extortion ransomware campaign orchestrated by APT28 (Fancy Bear) compromised the internal network of a national railway operator via compromised credentials. The actors exfiltrated 237GB of proprietary databases before deploying ransomware binaries. A ransom demand of $7,637K in Bitcoin was posted, threatening public leak on darknet forums.","A sophisticated double-extortion ransomware campaign orchestrated by APT28 (Fancy Bear) compromised the internal network of a national railway operator via compromised credentials. The actors exfiltrated 237GB of proprietary databases before deploying ransomware binaries. A ransom demand of $7,637K in Bitcoin was posted, threatening public leak on darknet forums.",ransomware_extortion,Ransomware Extortion
eurepoc_200081,eurepoc,2024-04-10,Technical Cyber Threat Incident,"A critical ransomware outbreak hit a pharmaceutical research lab. Operators weaponized vulnerability CVE-2023-20198 in perimeter firewalls to establish persistent C2 access. File systems were encrypted and volume shadow copies destroyed. The extortion group demanded $2,547K for decryption tools.","A critical ransomware outbreak hit a pharmaceutical research lab. Operators weaponized vulnerability CVE-2023-20198 in perimeter firewalls to establish persistent C2 access. File systems were encrypted and volume shadow copies destroyed. The extortion group demanded $2,547K for decryption tools.",ransomware_extortion,Ransomware Extortion
eurepoc_200082,eurepoc,2024-04-10,Technical Cyber Threat Incident,A spear-phishing campaign attributed to LockBit 3.0 targeted executives at a commercial banking network. Weaponized PDF documents referencing fake regulatory audits delivered an infostealer payload harvesting domain credentials.,A spear-phishing campaign attributed to LockBit 3.0 targeted executives at a commercial banking network. Weaponized PDF documents referencing fake regulatory audits delivered an infostealer payload harvesting domain credentials.,phishing_social_engineering,Phishing Social Engineering
eurepoc_200083,eurepoc,2024-04-10,Technical Cyber Threat Incident,"Attackers distributed phishing lures disguised as urgent software patch advisories to personnel at a regional healthcare facility, leading to payload execution and credential compromise.","Attackers distributed phishing lures disguised as urgent software patch advisories to personnel at a regional healthcare facility, leading to payload execution and credential compromise.",phishing_social_engineering,Phishing Social Engineering
eurepoc_200084,eurepoc,2024-04-10,Technical Cyber Threat Incident,"A persistent flood of HTTP/2 Rapid Reset requests disrupted the border gateway and online authentication servers of a pharmaceutical research lab, causing complete denial of service for 21 hours.","A persistent flood of HTTP/2 Rapid Reset requests disrupted the border gateway and online authentication servers of a pharmaceutical research lab, causing complete denial of service for 21 hours.",denial_of_service_disruption,Denial Of Service Disruption
eurepoc_200085,eurepoc,2024-04-10,Technical Cyber Threat Incident,"Adversaries conducted destructive wiper malware and multi-vector Layer 7 DDoS attacks against a pharmaceutical research lab. Web applications crashed under 28 million requests per second, knocking public services offline.","Adversaries conducted destructive wiper malware and multi-vector Layer 7 DDoS attacks against a pharmaceutical research lab. Web applications crashed under 28 million requests per second, knocking public services offline.",denial_of_service_disruption,Denial Of Service Disruption
eurepoc_200086,eurepoc,2024-04-10,Technical Cyber Threat Incident,"A critical ransomware outbreak hit a public port logistics hub. Operators weaponized vulnerability CVE-2023-4966 in perimeter firewalls to establish persistent C2 access. File systems were encrypted and volume shadow copies destroyed. The extortion group demanded $3,003K for decryption tools.","A critical ransomware outbreak hit a public port logistics hub. Operators weaponized vulnerability CVE-2023-4966 in perimeter firewalls to establish persistent C2 access. File systems were encrypted and volume shadow copies destroyed. The extortion group demanded $3,003K for decryption tools.",ransomware_extortion,Ransomware Extortion
eurepoc_200087,eurepoc,2024-04-10,Technical Cyber Threat Incident,"Adversaries conducted destructive wiper malware and multi-vector Layer 7 DDoS attacks against a telecommunications provider. Web applications crashed under 61 million requests per second, knocking public services offline.","Adversaries conducted destructive wiper malware and multi-vector Layer 7 DDoS attacks against a telecommunications provider. Web applications crashed under 61 million requests per second, knocking public services offline.",denial_of_service_disruption,Denial Of Service Disruption
eurepoc_200088,eurepoc,2024-04-10,Technical Cyber Threat Incident,A spear-phishing campaign attributed to Lazarus Group targeted executives at a commercial banking network. Weaponized PDF documents referencing fake regulatory audits delivered an infostealer payload harvesting domain credentials.,A spear-phishing campaign attributed to Lazarus Group targeted executives at a commercial banking network. Weaponized PDF documents referencing fake regulatory audits delivered an infostealer payload harvesting domain credentials.,phishing_social_engineering,Phishing Social Engineering
eurepoc_200089,eurepoc,2024-04-10,Technical Cyber Threat Incident,"Adversaries conducted destructive wiper malware and multi-vector Layer 7 DDoS attacks against a commercial banking network. Web applications crashed under 74 million requests per second, knocking public services offline.","Adversaries conducted destructive wiper malware and multi-vector Layer 7 DDoS attacks against a commercial banking network. Web applications crashed under 74 million requests per second, knocking public services offline.",denial_of_service_disruption,Denial Of Service Disruption
eurepoc_200090,eurepoc,2024-04-10,Technical Cyber Threat Incident,"A sophisticated double-extortion ransomware campaign orchestrated by Sandworm compromised the internal network of a national railway operator via compromised credentials. The actors exfiltrated 345GB of proprietary databases before deploying ransomware binaries. A ransom demand of $3,784K in Bitcoin was posted, threatening public leak on darknet forums.","A sophisticated double-extortion ransomware campaign orchestrated by Sandworm compromised the internal network of a national railway operator via compromised credentials. The actors exfiltrated 345GB of proprietary databases before deploying ransomware binaries. A ransom demand of $3,784K in Bitcoin was posted, threatening public leak on darknet forums.",ransomware_extortion,Ransomware Extortion
eurepoc_200091,eurepoc,2024-04-10,Technical Cyber Threat Incident,"A massive volumetric Distributed Denial of Service (DDoS) attack peaking at 1.16 Tbps targeted a pharmaceutical research lab. The attack exploited an amplified DNS/UDP reflection vector through a global IoT botnet, resulting in 59 hours of total service outage.","A massive volumetric Distributed Denial of Service (DDoS) attack peaking at 1.16 Tbps targeted a pharmaceutical research lab. The attack exploited an amplified DNS/UDP reflection vector through a global IoT botnet, resulting in 59 hours of total service outage.",denial_of_service_disruption,Denial Of Service Disruption
eurepoc_200092,eurepoc,2024-04-10,Technical Cyber Threat Incident,"State-aligned threat group Sandworm breached a regional healthcare facility using stolen session tokens. Lateral movement was detected across multiple subnets, resulting in unauthorized exfiltration of sensitive telemetry.","State-aligned threat group Sandworm breached a regional healthcare facility using stolen session tokens. Lateral movement was detected across multiple subnets, resulting in unauthorized exfiltration of sensitive telemetry.",unauthorized_access_hacking,Unauthorized Access Hacking
eurepoc_200093,eurepoc,2024-04-10,Technical Cyber Threat Incident,"Attackers distributed phishing lures disguised as urgent software patch advisories to personnel at a telecommunications provider, leading to payload execution and credential compromise.","Attackers distributed phishing lures disguised as urgent software patch advisories to personnel at a telecommunications provider, leading to payload execution and credential compromise.",phishing_social_engineering,Phishing Social Engineering
eurepoc_200094,eurepoc,2024-04-10,Technical Cyber Threat Incident,"Adversaries gained unauthorized system access to a municipal water authority by exploiting CVE-2023-2868. The intrusion compromised 473,000 user credentials, establishing persistent reverse shells across the internal DMZ.","Adversaries gained unauthorized system access to a municipal water authority by exploiting CVE-2023-2868. The intrusion compromised 473,000 user credentials, establishing persistent reverse shells across the internal DMZ.",unauthorized_access_hacking,Unauthorized Access Hacking
eurepoc_200095,eurepoc,2024-04-10,Technical Cyber Threat Incident,"A critical ransomware outbreak hit a public port logistics hub. Operators weaponized vulnerability CVE-2023-4966 in perimeter firewalls to establish persistent C2 access. File systems were encrypted and volume shadow copies destroyed. The extortion group demanded $3,696K for decryption tools.","A critical ransomware outbreak hit a public port logistics hub. Operators weaponized vulnerability CVE-2023-4966 in perimeter firewalls to establish persistent C2 access. File systems were encrypted and volume shadow copies destroyed. The extortion group demanded $3,696K for decryption tools.",ransomware_extortion,Ransomware Extortion
eurepoc_200096,eurepoc,2024-04-10,Technical Cyber Threat Incident,"A massive volumetric Distributed Denial of Service (DDoS) attack peaking at 1.45 Tbps targeted a national railway operator. The attack exploited an amplified DNS/UDP reflection vector through a global IoT botnet, resulting in 70 hours of total service outage.","A massive volumetric Distributed Denial of Service (DDoS) attack peaking at 1.45 Tbps targeted a national railway operator. The attack exploited an amplified DNS/UDP reflection vector through a global IoT botnet, resulting in 70 hours of total service outage.",denial_of_service_disruption,Denial Of Service Disruption
eurepoc_200097,eurepoc,2024-04-10,Technical Cyber Threat Incident,"A persistent flood of HTTP/2 Rapid Reset requests disrupted the border gateway and online authentication servers of a national railway operator, causing complete denial of service for 48 hours.","A persistent flood of HTTP/2 Rapid Reset requests disrupted the border gateway and online authentication servers of a national railway operator, causing complete denial of service for 48 hours.",denial_of_service_disruption,Denial Of Service Disruption
eurepoc_200098,eurepoc,2024-04-10,Technical Cyber Threat Incident,"A sophisticated double-extortion ransomware campaign orchestrated by BlackCat (ALPHV) compromised the internal network of a power grid distributor via compromised credentials. The actors exfiltrated 311GB of proprietary databases before deploying ransomware binaries. A ransom demand of $6,666K in Bitcoin was posted, threatening public leak on darknet forums.","A sophisticated double-extortion ransomware campaign orchestrated by BlackCat (ALPHV) compromised the internal network of a power grid distributor via compromised credentials. The actors exfiltrated 311GB of proprietary databases before deploying ransomware binaries. A ransom demand of $6,666K in Bitcoin was posted, threatening public leak on darknet forums.",ransomware_extortion,Ransomware Extortion
eurepoc_200099,eurepoc,2024-04-10,Technical Cyber Threat Incident,"A critical ransomware outbreak hit a power grid distributor. Operators weaponized vulnerability CVE-2023-2868 in perimeter firewalls to establish persistent C2 access. File systems were encrypted and volume shadow copies destroyed. The extortion group demanded $5,863K for decryption tools.","A critical ransomware outbreak hit a power grid distributor. Operators weaponized vulnerability CVE-2023-2868 in perimeter firewalls to establish persistent C2 access. File systems were encrypted and volume shadow copies destroyed. The extortion group demanded $5,863K for decryption tools.",ransomware_extortion,Ransomware Extortion
eurepoc_200100,eurepoc,2024-04-10,Technical Cyber Threat Incident,"A critical ransomware outbreak hit a regional healthcare facility. Operators weaponized vulnerability CVE-2023-2868 in perimeter firewalls to establish persistent C2 access. File systems were encrypted and volume shadow copies destroyed. The extortion group demanded $2,228K for decryption tools.","A critical ransomware outbreak hit a regional healthcare facility. Operators weaponized vulnerability CVE-2023-2868 in perimeter firewalls to establish persistent C2 access. File systems were encrypted and volume shadow copies destroyed. The extortion group demanded $2,228K for decryption tools.",ransomware_extortion,Ransomware Extortion
eurepoc_200101,eurepoc,2024-04-10,Technical Cyber Threat Incident,"Adversaries conducted destructive wiper malware and multi-vector Layer 7 DDoS attacks against a government tax agency. Web applications crashed under 19 million requests per second, knocking public services offline.","Adversaries conducted destructive wiper malware and multi-vector Layer 7 DDoS attacks against a government tax agency. Web applications crashed under 19 million requests per second, knocking public services offline.",denial_of_service_disruption,Denial Of Service Disruption
eurepoc_200102,eurepoc,2024-04-10,Technical Cyber Threat Incident,"A persistent flood of HTTP/2 Rapid Reset requests disrupted the border gateway and online authentication servers of a national railway operator, causing complete denial of service for 14 hours.","A persistent flood of HTTP/2 Rapid Reset requests disrupted the border gateway and online authentication servers of a national railway operator, causing complete denial of service for 14 hours.",denial_of_service_disruption,Denial Of Service Disruption
eurepoc_200103,eurepoc,2024-04-10,Technical Cyber Threat Incident,"Adversaries gained unauthorized system access to a regional healthcare facility by exploiting CVE-2023-4966. The intrusion compromised 340,000 user credentials, establishing persistent reverse shells across the internal DMZ.","Adversaries gained unauthorized system access to a regional healthcare facility by exploiting CVE-2023-4966. The intrusion compromised 340,000 user credentials, establishing persistent reverse shells across the internal DMZ.",unauthorized_access_hacking,Unauthorized Access Hacking
eurepoc_200104,eurepoc,2024-04-10,Technical Cyber Threat Incident,"State-aligned threat group BlackCat (ALPHV) breached a power grid distributor using stolen session tokens. Lateral movement was detected across multiple subnets, resulting in unauthorized exfiltration of sensitive telemetry.","State-aligned threat group BlackCat (ALPHV) breached a power grid distributor using stolen session tokens. Lateral movement was detected across multiple subnets, resulting in unauthorized exfiltration of sensitive telemetry.",unauthorized_access_hacking,Unauthorized Access Hacking
eurepoc_200105,eurepoc,2024-04-10,Technical Cyber Threat Incident,"A persistent flood of HTTP/2 Rapid Reset requests disrupted the border gateway and online authentication servers of a public port logistics hub, causing complete denial of service for 63 hours.","A persistent flood of HTTP/2 Rapid Reset requests disrupted the border gateway and online authentication servers of a public port logistics hub, causing complete denial of service for 63 hours.",denial_of_service_disruption,Denial Of Service Disruption
eurepoc_200106,eurepoc,2024-04-10,Technical Cyber Threat Incident,"Threat group LockBit 3.0 launched an extortion attack against a pharmaceutical research lab. All virtual hypervisors and backup domains were encrypted. Negotiations demanded $8,953K within 48 hours to halt the auction of exfiltrated administrative files.","Threat group LockBit 3.0 launched an extortion attack against a pharmaceutical research lab. All virtual hypervisors and backup domains were encrypted. Negotiations demanded $8,953K within 48 hours to halt the auction of exfiltrated administrative files.",ransomware_extortion,Ransomware Extortion
eurepoc_200107,eurepoc,2024-04-10,Technical Cyber Threat Incident,"Adversaries gained unauthorized system access to a telecommunications provider by exploiting CVE-2023-34362. The intrusion compromised 766,000 user credentials, establishing persistent reverse shells across the internal DMZ.","Adversaries gained unauthorized system access to a telecommunications provider by exploiting CVE-2023-34362. The intrusion compromised 766,000 user credentials, establishing persistent reverse shells across the internal DMZ.",unauthorized_access_hacking,Unauthorized Access Hacking
eurepoc_200108,eurepoc,2024-04-10,Technical Cyber Threat Incident,"Adversaries gained unauthorized system access to a regional healthcare facility by exploiting CVE-2023-4966. The intrusion compromised 85,000 user credentials, establishing persistent reverse shells across the internal DMZ.","Adversaries gained unauthorized system access to a regional healthcare facility by exploiting CVE-2023-4966. The intrusion compromised 85,000 user credentials, establishing persistent reverse shells across the internal DMZ.",unauthorized_access_hacking,Unauthorized Access Hacking
eurepoc_200109,eurepoc,2024-04-10,Technical Cyber Threat Incident,"A massive volumetric Distributed Denial of Service (DDoS) attack peaking at 2.99 Tbps targeted a pharmaceutical research lab. The attack exploited an amplified DNS/UDP reflection vector through a global IoT botnet, resulting in 43 hours of total service outage.","A massive volumetric Distributed Denial of Service (DDoS) attack peaking at 2.99 Tbps targeted a pharmaceutical research lab. The attack exploited an amplified DNS/UDP reflection vector through a global IoT botnet, resulting in 43 hours of total service outage.",denial_of_service_disruption,Denial Of Service Disruption
eurepoc_200110,eurepoc,2024-04-10,Technical Cyber Threat Incident,"An unauthenticated cloud storage bucket maintained by a public port logistics hub was compromised by unauthorized third parties. Attackers accessed 747,000 confidential records and backend system credentials.","An unauthenticated cloud storage bucket maintained by a public port logistics hub was compromised by unauthorized third parties. Attackers accessed 747,000 confidential records and backend system credentials.",unauthorized_access_hacking,Unauthorized Access Hacking
eurepoc_200111,eurepoc,2024-04-10,Technical Cyber Threat Incident,"A persistent flood of HTTP/2 Rapid Reset requests disrupted the border gateway and online authentication servers of a public port logistics hub, causing complete denial of service for 54 hours.","A persistent flood of HTTP/2 Rapid Reset requests disrupted the border gateway and online authentication servers of a public port logistics hub, causing complete denial of service for 54 hours.",denial_of_service_disruption,Denial Of Service Disruption
eurepoc_200112,eurepoc,2024-04-10,Technical Cyber Threat Incident,"State-aligned threat group Cl0p breached a telecommunications provider using stolen session tokens. Lateral movement was detected across multiple subnets, resulting in unauthorized exfiltration of sensitive telemetry.","State-aligned threat group Cl0p breached a telecommunications provider using stolen session tokens. Lateral movement was detected across multiple subnets, resulting in unauthorized exfiltration of sensitive telemetry.",unauthorized_access_hacking,Unauthorized Access Hacking
eurepoc_200113,eurepoc,2024-04-10,Technical Cyber Threat Incident,"State-aligned threat group LockBit 3.0 breached a commercial banking network using stolen session tokens. Lateral movement was detected across multiple subnets, resulting in unauthorized exfiltration of sensitive telemetry.","State-aligned threat group LockBit 3.0 breached a commercial banking network using stolen session tokens. Lateral movement was detected across multiple subnets, resulting in unauthorized exfiltration of sensitive telemetry.",unauthorized_access_hacking,Unauthorized Access Hacking
eurepoc_200114,eurepoc,2024-04-10,Technical Cyber Threat Incident,"A critical ransomware outbreak hit a municipal water authority. Operators weaponized vulnerability CVE-2023-2868 in perimeter firewalls to establish persistent C2 access. File systems were encrypted and volume shadow copies destroyed. The extortion group demanded $4,358K for decryption tools.","A critical ransomware outbreak hit a municipal water authority. Operators weaponized vulnerability CVE-2023-2868 in perimeter firewalls to establish persistent C2 access. File systems were encrypted and volume shadow copies destroyed. The extortion group demanded $4,358K for decryption tools.",ransomware_extortion,Ransomware Extortion
eurepoc_200115,eurepoc,2024-04-10,Technical Cyber Threat Incident,"A massive volumetric Distributed Denial of Service (DDoS) attack peaking at 2.65 Tbps targeted a commercial banking network. The attack exploited an amplified DNS/UDP reflection vector through a global IoT botnet, resulting in 62 hours of total service outage.","A massive volumetric Distributed Denial of Service (DDoS) attack peaking at 2.65 Tbps targeted a commercial banking network. The attack exploited an amplified DNS/UDP reflection vector through a global IoT botnet, resulting in 62 hours of total service outage.",denial_of_service_disruption,Denial Of Service Disruption
eurepoc_200116,eurepoc,2024-04-10,Technical Cyber Threat Incident,"Adversaries conducted destructive wiper malware and multi-vector Layer 7 DDoS attacks against a national railway operator. Web applications crashed under 34 million requests per second, knocking public services offline.","Adversaries conducted destructive wiper malware and multi-vector Layer 7 DDoS attacks against a national railway operator. Web applications crashed under 34 million requests per second, knocking public services offline.",denial_of_service_disruption,Denial Of Service Disruption
eurepoc_200117,eurepoc,2024-04-10,Technical Cyber Threat Incident,"State-aligned threat group Lazarus Group breached a telecommunications provider using stolen session tokens. Lateral movement was detected across multiple subnets, resulting in unauthorized exfiltration of sensitive telemetry.","State-aligned threat group Lazarus Group breached a telecommunications provider using stolen session tokens. Lateral movement was detected across multiple subnets, resulting in unauthorized exfiltration of sensitive telemetry.",unauthorized_access_hacking,Unauthorized Access Hacking
eurepoc_200118,eurepoc,2024-04-10,Technical Cyber Threat Incident,"Employees at a national railway operator received spoofed Microsoft 365 login requests. The Adversary-in-the-Middle (AiTM) proxy captured session cookies and bypassed MFA, facilitating unauthorized email forwarding rules.","Employees at a national railway operator received spoofed Microsoft 365 login requests. The Adversary-in-the-Middle (AiTM) proxy captured session cookies and bypassed MFA, facilitating unauthorized email forwarding rules.",phishing_social_engineering,Phishing Social Engineering
eurepoc_200119,eurepoc,2024-04-10,Technical Cyber Threat Incident,"A persistent flood of HTTP/2 Rapid Reset requests disrupted the border gateway and online authentication servers of a power grid distributor, causing complete denial of service for 71 hours.","A persistent flood of HTTP/2 Rapid Reset requests disrupted the border gateway and online authentication servers of a power grid distributor, causing complete denial of service for 71 hours.",denial_of_service_disruption,Denial Of Service Disruption
eurepoc_200120,eurepoc,2024-04-10,Technical Cyber Threat Incident,"Threat group Volt Typhoon launched an extortion attack against a national railway operator. All virtual hypervisors and backup domains were encrypted. Negotiations demanded $7,389K within 48 hours to halt the auction of exfiltrated administrative files.","Threat group Volt Typhoon launched an extortion attack against a national railway operator. All virtual hypervisors and backup domains were encrypted. Negotiations demanded $7,389K within 48 hours to halt the auction of exfiltrated administrative files.",ransomware_extortion,Ransomware Extortion
eurepoc_200121,eurepoc,2024-04-10,Technical Cyber Threat Incident,"A persistent flood of HTTP/2 Rapid Reset requests disrupted the border gateway and online authentication servers of a public port logistics hub, causing complete denial of service for 71 hours.","A persistent flood of HTTP/2 Rapid Reset requests disrupted the border gateway and online authentication servers of a public port logistics hub, causing complete denial of service for 71 hours.",denial_of_service_disruption,Denial Of Service Disruption
eurepoc_200122,eurepoc,2024-04-10,Technical Cyber Threat Incident,"A sophisticated double-extortion ransomware campaign orchestrated by Sandworm compromised the internal network of a national railway operator via compromised credentials. The actors exfiltrated 634GB of proprietary databases before deploying ransomware binaries. A ransom demand of $4,040K in Bitcoin was posted, threatening public leak on darknet forums.","A sophisticated double-extortion ransomware campaign orchestrated by Sandworm compromised the internal network of a national railway operator via compromised credentials. The actors exfiltrated 634GB of proprietary databases before deploying ransomware binaries. A ransom demand of $4,040K in Bitcoin was posted, threatening public leak on darknet forums.",ransomware_extortion,Ransomware Extortion
eurepoc_200123,eurepoc,2024-04-10,Technical Cyber Threat Incident,"A massive volumetric Distributed Denial of Service (DDoS) attack peaking at 1.28 Tbps targeted a commercial banking network. The attack exploited an amplified DNS/UDP reflection vector through a global IoT botnet, resulting in 12 hours of total service outage.","A massive volumetric Distributed Denial of Service (DDoS) attack peaking at 1.28 Tbps targeted a commercial banking network. The attack exploited an amplified DNS/UDP reflection vector through a global IoT botnet, resulting in 12 hours of total service outage.",denial_of_service_disruption,Denial Of Service Disruption
eurepoc_200124,eurepoc,2024-04-10,Technical Cyber Threat Incident,"A sophisticated double-extortion ransomware campaign orchestrated by Volt Typhoon compromised the internal network of a national railway operator via compromised credentials. The actors exfiltrated 883GB of proprietary databases before deploying ransomware binaries. A ransom demand of $6,082K in Bitcoin was posted, threatening public leak on darknet forums.","A sophisticated double-extortion ransomware campaign orchestrated by Volt Typhoon compromised the internal network of a national railway operator via compromised credentials. The actors exfiltrated 883GB of proprietary databases before deploying ransomware binaries. A ransom demand of $6,082K in Bitcoin was posted, threatening public leak on darknet forums.",ransomware_extortion,Ransomware Extortion
eurepoc_200125,eurepoc,2024-04-10,Technical Cyber Threat Incident,"Threat group APT28 (Fancy Bear) launched an extortion attack against a aerospace defense contractor. All virtual hypervisors and backup domains were encrypted. Negotiations demanded $3,237K within 48 hours to halt the auction of exfiltrated administrative files.","Threat group APT28 (Fancy Bear) launched an extortion attack against a aerospace defense contractor. All virtual hypervisors and backup domains were encrypted. Negotiations demanded $3,237K within 48 hours to halt the auction of exfiltrated administrative files.",ransomware_extortion,Ransomware Extortion
eurepoc_200126,eurepoc,2024-04-10,Technical Cyber Threat Incident,"A sophisticated double-extortion ransomware campaign orchestrated by Lazarus Group compromised the internal network of a telecommunications provider via compromised credentials. The actors exfiltrated 888GB of proprietary databases before deploying ransomware binaries. A ransom demand of $640K in Bitcoin was posted, threatening public leak on darknet forums.","A sophisticated double-extortion ransomware campaign orchestrated by Lazarus Group compromised the internal network of a telecommunications provider via compromised credentials. The actors exfiltrated 888GB of proprietary databases before deploying ransomware binaries. A ransom demand of $640K in Bitcoin was posted, threatening public leak on darknet forums.",ransomware_extortion,Ransomware Extortion
eurepoc_200127,eurepoc,2024-04-10,Technical Cyber Threat Incident,"Adversaries gained unauthorized system access to a pharmaceutical research lab by exploiting CVE-2023-34362. The intrusion compromised 255,000 user credentials, establishing persistent reverse shells across the internal DMZ.","Adversaries gained unauthorized system access to a pharmaceutical research lab by exploiting CVE-2023-34362. The intrusion compromised 255,000 user credentials, establishing persistent reverse shells across the internal DMZ.",unauthorized_access_hacking,Unauthorized Access Hacking
eurepoc_200128,eurepoc,2024-04-10,Technical Cyber Threat Incident,"A persistent flood of HTTP/2 Rapid Reset requests disrupted the border gateway and online authentication servers of a power grid distributor, causing complete denial of service for 65 hours.","A persistent flood of HTTP/2 Rapid Reset requests disrupted the border gateway and online authentication servers of a power grid distributor, causing complete denial of service for 65 hours.",denial_of_service_disruption,Denial Of Service Disruption
eurepoc_200129,eurepoc,2024-04-10,Technical Cyber Threat Incident,"A persistent flood of HTTP/2 Rapid Reset requests disrupted the border gateway and online authentication servers of a pharmaceutical research lab, causing complete denial of service for 52 hours.","A persistent flood of HTTP/2 Rapid Reset requests disrupted the border gateway and online authentication servers of a pharmaceutical research lab, causing complete denial of service for 52 hours.",denial_of_service_disruption,Denial Of Service Disruption
eurepoc_200130,eurepoc,2024-04-10,Technical Cyber Threat Incident,"Employees at a public port logistics hub received spoofed Microsoft 365 login requests. The Adversary-in-the-Middle (AiTM) proxy captured session cookies and bypassed MFA, facilitating unauthorized email forwarding rules.","Employees at a public port logistics hub received spoofed Microsoft 365 login requests. The Adversary-in-the-Middle (AiTM) proxy captured session cookies and bypassed MFA, facilitating unauthorized email forwarding rules.",phishing_social_engineering,Phishing Social Engineering
eurepoc_200131,eurepoc,2024-04-10,Technical Cyber Threat Incident,"Adversaries conducted destructive wiper malware and multi-vector Layer 7 DDoS attacks against a aerospace defense contractor. Web applications crashed under 55 million requests per second, knocking public services offline.","Adversaries conducted destructive wiper malware and multi-vector Layer 7 DDoS attacks against a aerospace defense contractor. Web applications crashed under 55 million requests per second, knocking public services offline.",denial_of_service_disruption,Denial Of Service Disruption
eurepoc_200132,eurepoc,2024-04-10,Technical Cyber Threat Incident,"Employees at a government tax agency received spoofed Microsoft 365 login requests. The Adversary-in-the-Middle (AiTM) proxy captured session cookies and bypassed MFA, facilitating unauthorized email forwarding rules.","Employees at a government tax agency received spoofed Microsoft 365 login requests. The Adversary-in-the-Middle (AiTM) proxy captured session cookies and bypassed MFA, facilitating unauthorized email forwarding rules.",phishing_social_engineering,Phishing Social Engineering
eurepoc_200133,eurepoc,2024-04-10,Technical Cyber Threat Incident,"A massive volumetric Distributed Denial of Service (DDoS) attack peaking at 1.66 Tbps targeted a aerospace defense contractor. The attack exploited an amplified DNS/UDP reflection vector through a global IoT botnet, resulting in 10 hours of total service outage.","A massive volumetric Distributed Denial of Service (DDoS) attack peaking at 1.66 Tbps targeted a aerospace defense contractor. The attack exploited an amplified DNS/UDP reflection vector through a global IoT botnet, resulting in 10 hours of total service outage.",denial_of_service_disruption,Denial Of Service Disruption
eurepoc_200134,eurepoc,2024-04-10,Technical Cyber Threat Incident,"A massive volumetric Distributed Denial of Service (DDoS) attack peaking at 2.86 Tbps targeted a pharmaceutical research lab. The attack exploited an amplified DNS/UDP reflection vector through a global IoT botnet, resulting in 48 hours of total service outage.","A massive volumetric Distributed Denial of Service (DDoS) attack peaking at 2.86 Tbps targeted a pharmaceutical research lab. The attack exploited an amplified DNS/UDP reflection vector through a global IoT botnet, resulting in 48 hours of total service outage.",denial_of_service_disruption,Denial Of Service Disruption
eurepoc_200135,eurepoc,2024-04-10,Technical Cyber Threat Incident,"A sophisticated double-extortion ransomware campaign orchestrated by LockBit 3.0 compromised the internal network of a commercial banking network via compromised credentials. The actors exfiltrated 440GB of proprietary databases before deploying ransomware binaries. A ransom demand of $1,723K in Bitcoin was posted, threatening public leak on darknet forums.","A sophisticated double-extortion ransomware campaign orchestrated by LockBit 3.0 compromised the internal network of a commercial banking network via compromised credentials. The actors exfiltrated 440GB of proprietary databases before deploying ransomware binaries. A ransom demand of $1,723K in Bitcoin was posted, threatening public leak on darknet forums.",ransomware_extortion,Ransomware Extortion
eurepoc_200136,eurepoc,2024-04-10,Technical Cyber Threat Incident,A spear-phishing campaign attributed to Akira targeted executives at a telecommunications provider. Weaponized PDF documents referencing fake regulatory audits delivered an infostealer payload harvesting domain credentials.,A spear-phishing campaign attributed to Akira targeted executives at a telecommunications provider. Weaponized PDF documents referencing fake regulatory audits delivered an infostealer payload harvesting domain credentials.,phishing_social_engineering,Phishing Social Engineering
eurepoc_200137,eurepoc,2024-04-10,Technical Cyber Threat Incident,A spear-phishing campaign attributed to LockBit 3.0 targeted executives at a commercial banking network. Weaponized PDF documents referencing fake regulatory audits delivered an infostealer payload harvesting domain credentials.,A spear-phishing campaign attributed to LockBit 3.0 targeted executives at a commercial banking network. Weaponized PDF documents referencing fake regulatory audits delivered an infostealer payload harvesting domain credentials.,phishing_social_engineering,Phishing Social Engineering
eurepoc_200138,eurepoc,2024-04-10,Technical Cyber Threat Incident,"Threat group Sandworm launched an extortion attack against a regional healthcare facility. All virtual hypervisors and backup domains were encrypted. Negotiations demanded $2,199K within 48 hours to halt the auction of exfiltrated administrative files.","Threat group Sandworm launched an extortion attack against a regional healthcare facility. All virtual hypervisors and backup domains were encrypted. Negotiations demanded $2,199K within 48 hours to halt the auction of exfiltrated administrative files.",ransomware_extortion,Ransomware Extortion
eurepoc_200139,eurepoc,2024-04-10,Technical Cyber Threat Incident,"Threat group Sandworm launched an extortion attack against a regional healthcare facility. All virtual hypervisors and backup domains were encrypted. Negotiations demanded $6,521K within 48 hours to halt the auction of exfiltrated administrative files.","Threat group Sandworm launched an extortion attack against a regional healthcare facility. All virtual hypervisors and backup domains were encrypted. Negotiations demanded $6,521K within 48 hours to halt the auction of exfiltrated administrative files.",ransomware_extortion,Ransomware Extortion
eurepoc_200140,eurepoc,2024-04-10,Technical Cyber Threat Incident,"A massive volumetric Distributed Denial of Service (DDoS) attack peaking at 2.57 Tbps targeted a power grid distributor. The attack exploited an amplified DNS/UDP reflection vector through a global IoT botnet, resulting in 28 hours of total service outage.","A massive volumetric Distributed Denial of Service (DDoS) attack peaking at 2.57 Tbps targeted a power grid distributor. The attack exploited an amplified DNS/UDP reflection vector through a global IoT botnet, resulting in 28 hours of total service outage.",denial_of_service_disruption,Denial Of Service Disruption
eurepoc_200141,eurepoc,2024-04-10,Technical Cyber Threat Incident,"Adversaries gained unauthorized system access to a regional healthcare facility by exploiting CVE-2023-20198. The intrusion compromised 350,000 user credentials, establishing persistent reverse shells across the internal DMZ.","Adversaries gained unauthorized system access to a regional healthcare facility by exploiting CVE-2023-20198. The intrusion compromised 350,000 user credentials, establishing persistent reverse shells across the internal DMZ.",unauthorized_access_hacking,Unauthorized Access Hacking
eurepoc_200142,eurepoc,2024-04-10,Technical Cyber Threat Incident,"A persistent flood of HTTP/2 Rapid Reset requests disrupted the border gateway and online authentication servers of a commercial banking network, causing complete denial of service for 66 hours.","A persistent flood of HTTP/2 Rapid Reset requests disrupted the border gateway and online authentication servers of a commercial banking network, causing complete denial of service for 66 hours.",denial_of_service_disruption,Denial Of Service Disruption
eurepoc_200143,eurepoc,2024-04-10,Technical Cyber Threat Incident,"An unauthenticated cloud storage bucket maintained by a aerospace defense contractor was compromised by unauthorized third parties. Attackers accessed 636,000 confidential records and backend system credentials.","An unauthenticated cloud storage bucket maintained by a aerospace defense contractor was compromised by unauthorized third parties. Attackers accessed 636,000 confidential records and backend system credentials.",unauthorized_access_hacking,Unauthorized Access Hacking
eurepoc_200144,eurepoc,2024-04-10,Technical Cyber Threat Incident,"An unauthenticated cloud storage bucket maintained by a pharmaceutical research lab was compromised by unauthorized third parties. Attackers accessed 799,000 confidential records and backend system credentials.","An unauthenticated cloud storage bucket maintained by a pharmaceutical research lab was compromised by unauthorized third parties. Attackers accessed 799,000 confidential records and backend system credentials.",unauthorized_access_hacking,Unauthorized Access Hacking
eurepoc_200145,eurepoc,2024-04-10,Technical Cyber Threat Incident,"A sophisticated double-extortion ransomware campaign orchestrated by APT28 (Fancy Bear) compromised the internal network of a power grid distributor via compromised credentials. The actors exfiltrated 455GB of proprietary databases before deploying ransomware binaries. A ransom demand of $3,897K in Bitcoin was posted, threatening public leak on darknet forums.","A sophisticated double-extortion ransomware campaign orchestrated by APT28 (Fancy Bear) compromised the internal network of a power grid distributor via compromised credentials. The actors exfiltrated 455GB of proprietary databases before deploying ransomware binaries. A ransom demand of $3,897K in Bitcoin was posted, threatening public leak on darknet forums.",ransomware_extortion,Ransomware Extortion
eurepoc_200146,eurepoc,2024-04-10,Technical Cyber Threat Incident,"A sophisticated double-extortion ransomware campaign orchestrated by BlackCat (ALPHV) compromised the internal network of a commercial banking network via compromised credentials. The actors exfiltrated 843GB of proprietary databases before deploying ransomware binaries. A ransom demand of $4,480K in Bitcoin was posted, threatening public leak on darknet forums.","A sophisticated double-extortion ransomware campaign orchestrated by BlackCat (ALPHV) compromised the internal network of a commercial banking network via compromised credentials. The actors exfiltrated 843GB of proprietary databases before deploying ransomware binaries. A ransom demand of $4,480K in Bitcoin was posted, threatening public leak on darknet forums.",ransomware_extortion,Ransomware Extortion
eurepoc_200147,eurepoc,2024-04-10,Technical Cyber Threat Incident,"A massive volumetric Distributed Denial of Service (DDoS) attack peaking at 1.95 Tbps targeted a municipal water authority. The attack exploited an amplified DNS/UDP reflection vector through a global IoT botnet, resulting in 35 hours of total service outage.","A massive volumetric Distributed Denial of Service (DDoS) attack peaking at 1.95 Tbps targeted a municipal water authority. The attack exploited an amplified DNS/UDP reflection vector through a global IoT botnet, resulting in 35 hours of total service outage.",denial_of_service_disruption,Denial Of Service Disruption
eurepoc_200148,eurepoc,2024-04-10,Technical Cyber Threat Incident,"A persistent flood of HTTP/2 Rapid Reset requests disrupted the border gateway and online authentication servers of a aerospace defense contractor, causing complete denial of service for 65 hours.","A persistent flood of HTTP/2 Rapid Reset requests disrupted the border gateway and online authentication servers of a aerospace defense contractor, causing complete denial of service for 65 hours.",denial_of_service_disruption,Denial Of Service Disruption
eurepoc_200149,eurepoc,2024-04-10,Technical Cyber Threat Incident,"A sophisticated double-extortion ransomware campaign orchestrated by Lazarus Group compromised the internal network of a commercial banking network via compromised credentials. The actors exfiltrated 394GB of proprietary databases before deploying ransomware binaries. A ransom demand of $1,067K in Bitcoin was posted, threatening public leak on darknet forums.","A sophisticated double-extortion ransomware campaign orchestrated by Lazarus Group compromised the internal network of a commercial banking network via compromised credentials. The actors exfiltrated 394GB of proprietary databases before deploying ransomware binaries. A ransom demand of $1,067K in Bitcoin was posted, threatening public leak on darknet forums.",ransomware_extortion,Ransomware Extortion
eurepoc_200150,eurepoc,2024-04-10,Technical Cyber Threat Incident,"A persistent flood of HTTP/2 Rapid Reset requests disrupted the border gateway and online authentication servers of a national railway operator, causing complete denial of service for 57 hours.","A persistent flood of HTTP/2 Rapid Reset requests disrupted the border gateway and online authentication servers of a national railway operator, causing complete denial of service for 57 hours.",denial_of_service_disruption,Denial Of Service Disruption
eurepoc_200151,eurepoc,2024-04-10,Technical Cyber Threat Incident,"A massive volumetric Distributed Denial of Service (DDoS) attack peaking at 1.68 Tbps targeted a regional healthcare facility. The attack exploited an amplified DNS/UDP reflection vector through a global IoT botnet, resulting in 5 hours of total service outage.","A massive volumetric Distributed Denial of Service (DDoS) attack peaking at 1.68 Tbps targeted a regional healthcare facility. The attack exploited an amplified DNS/UDP reflection vector through a global IoT botnet, resulting in 5 hours of total service outage.",denial_of_service_disruption,Denial Of Service Disruption
eurepoc_200152,eurepoc,2024-04-10,Technical Cyber Threat Incident,"A massive volumetric Distributed Denial of Service (DDoS) attack peaking at 1.09 Tbps targeted a power grid distributor. The attack exploited an amplified DNS/UDP reflection vector through a global IoT botnet, resulting in 65 hours of total service outage.","A massive volumetric Distributed Denial of Service (DDoS) attack peaking at 1.09 Tbps targeted a power grid distributor. The attack exploited an amplified DNS/UDP reflection vector through a global IoT botnet, resulting in 65 hours of total service outage.",denial_of_service_disruption,Denial Of Service Disruption
eurepoc_200153,eurepoc,2024-04-10,Technical Cyber Threat Incident,"Threat group BlackCat (ALPHV) launched an extortion attack against a telecommunications provider. All virtual hypervisors and backup domains were encrypted. Negotiations demanded $5,810K within 48 hours to halt the auction of exfiltrated administrative files.","Threat group BlackCat (ALPHV) launched an extortion attack against a telecommunications provider. All virtual hypervisors and backup domains were encrypted. Negotiations demanded $5,810K within 48 hours to halt the auction of exfiltrated administrative files.",ransomware_extortion,Ransomware Extortion
eurepoc_200154,eurepoc,2024-04-10,Technical Cyber Threat Incident,"A massive volumetric Distributed Denial of Service (DDoS) attack peaking at 2.39 Tbps targeted a aerospace defense contractor. The attack exploited an amplified DNS/UDP reflection vector through a global IoT botnet, resulting in 5 hours of total service outage.","A massive volumetric Distributed Denial of Service (DDoS) attack peaking at 2.39 Tbps targeted a aerospace defense contractor. The attack exploited an amplified DNS/UDP reflection vector through a global IoT botnet, resulting in 5 hours of total service outage.",denial_of_service_disruption,Denial Of Service Disruption
eurepoc_200155,eurepoc,2024-04-10,Technical Cyber Threat Incident,"An unauthenticated cloud storage bucket maintained by a municipal water authority was compromised by unauthorized third parties. Attackers accessed 238,000 confidential records and backend system credentials.","An unauthenticated cloud storage bucket maintained by a municipal water authority was compromised by unauthorized third parties. Attackers accessed 238,000 confidential records and backend system credentials.",unauthorized_access_hacking,Unauthorized Access Hacking
eurepoc_200156,eurepoc,2024-04-10,Technical Cyber Threat Incident,"A persistent flood of HTTP/2 Rapid Reset requests disrupted the border gateway and online authentication servers of a power grid distributor, causing complete denial of service for 34 hours.","A persistent flood of HTTP/2 Rapid Reset requests disrupted the border gateway and online authentication servers of a power grid distributor, causing complete denial of service for 34 hours.",denial_of_service_disruption,Denial Of Service Disruption
eurepoc_200157,eurepoc,2024-04-10,Technical Cyber Threat Incident,"Adversaries conducted destructive wiper malware and multi-vector Layer 7 DDoS attacks against a regional healthcare facility. Web applications crashed under 78 million requests per second, knocking public services offline.","Adversaries conducted destructive wiper malware and multi-vector Layer 7 DDoS attacks against a regional healthcare facility. Web applications crashed under 78 million requests per second, knocking public services offline.",denial_of_service_disruption,Denial Of Service Disruption
eurepoc_200158,eurepoc,2024-04-10,Technical Cyber Threat Incident,"Adversaries gained unauthorized system access to a municipal water authority by exploiting CVE-2024-1709. The intrusion compromised 603,000 user credentials, establishing persistent reverse shells across the internal DMZ.","Adversaries gained unauthorized system access to a municipal water authority by exploiting CVE-2024-1709. The intrusion compromised 603,000 user credentials, establishing persistent reverse shells across the internal DMZ.",unauthorized_access_hacking,Unauthorized Access Hacking
eurepoc_200159,eurepoc,2024-04-10,Technical Cyber Threat Incident,"Adversaries gained unauthorized system access to a pharmaceutical research lab by exploiting CVE-2023-4966. The intrusion compromised 55,000 user credentials, establishing persistent reverse shells across the internal DMZ.","Adversaries gained unauthorized system access to a pharmaceutical research lab by exploiting CVE-2023-4966. The intrusion compromised 55,000 user credentials, establishing persistent reverse shells across the internal DMZ.",unauthorized_access_hacking,Unauthorized Access Hacking
eurepoc_200160,eurepoc,2024-04-10,Technical Cyber Threat Incident,"A critical ransomware outbreak hit a regional healthcare facility. Operators weaponized vulnerability CVE-2023-4966 in perimeter firewalls to establish persistent C2 access. File systems were encrypted and volume shadow copies destroyed. The extortion group demanded $4,286K for decryption tools.","A critical ransomware outbreak hit a regional healthcare facility. Operators weaponized vulnerability CVE-2023-4966 in perimeter firewalls to establish persistent C2 access. File systems were encrypted and volume shadow copies destroyed. The extortion group demanded $4,286K for decryption tools.",ransomware_extortion,Ransomware Extortion
eurepoc_200161,eurepoc,2024-04-10,Technical Cyber Threat Incident,"A persistent flood of HTTP/2 Rapid Reset requests disrupted the border gateway and online authentication servers of a pharmaceutical research lab, causing complete denial of service for 5 hours.","A persistent flood of HTTP/2 Rapid Reset requests disrupted the border gateway and online authentication servers of a pharmaceutical research lab, causing complete denial of service for 5 hours.",denial_of_service_disruption,Denial Of Service Disruption
eurepoc_200162,eurepoc,2024-04-10,Technical Cyber Threat Incident,"Employees at a national railway operator received spoofed Microsoft 365 login requests. The Adversary-in-the-Middle (AiTM) proxy captured session cookies and bypassed MFA, facilitating unauthorized email forwarding rules.","Employees at a national railway operator received spoofed Microsoft 365 login requests. The Adversary-in-the-Middle (AiTM) proxy captured session cookies and bypassed MFA, facilitating unauthorized email forwarding rules.",phishing_social_engineering,Phishing Social Engineering
eurepoc_200163,eurepoc,2024-04-10,Technical Cyber Threat Incident,"A persistent flood of HTTP/2 Rapid Reset requests disrupted the border gateway and online authentication servers of a municipal water authority, causing complete denial of service for 11 hours.","A persistent flood of HTTP/2 Rapid Reset requests disrupted the border gateway and online authentication servers of a municipal water authority, causing complete denial of service for 11 hours.",denial_of_service_disruption,Denial Of Service Disruption
eurepoc_200164,eurepoc,2024-04-10,Technical Cyber Threat Incident,"Attackers distributed phishing lures disguised as urgent software patch advisories to personnel at a pharmaceutical research lab, leading to payload execution and credential compromise.","Attackers distributed phishing lures disguised as urgent software patch advisories to personnel at a pharmaceutical research lab, leading to payload execution and credential compromise.",phishing_social_engineering,Phishing Social Engineering
eurepoc_200165,eurepoc,2024-04-10,Technical Cyber Threat Incident,"A sophisticated double-extortion ransomware campaign orchestrated by Volt Typhoon compromised the internal network of a commercial banking network via compromised credentials. The actors exfiltrated 458GB of proprietary databases before deploying ransomware binaries. A ransom demand of $4,889K in Bitcoin was posted, threatening public leak on darknet forums.","A sophisticated double-extortion ransomware campaign orchestrated by Volt Typhoon compromised the internal network of a commercial banking network via compromised credentials. The actors exfiltrated 458GB of proprietary databases before deploying ransomware binaries. A ransom demand of $4,889K in Bitcoin was posted, threatening public leak on darknet forums.",ransomware_extortion,Ransomware Extortion
eurepoc_200166,eurepoc,2024-04-10,Technical Cyber Threat Incident,"Adversaries gained unauthorized system access to a public port logistics hub by exploiting CVE-2024-1709. The intrusion compromised 407,000 user credentials, establishing persistent reverse shells across the internal DMZ.","Adversaries gained unauthorized system access to a public port logistics hub by exploiting CVE-2024-1709. The intrusion compromised 407,000 user credentials, establishing persistent reverse shells across the internal DMZ.",unauthorized_access_hacking,Unauthorized Access Hacking
eurepoc_200167,eurepoc,2024-04-10,Technical Cyber Threat Incident,"Threat group Sandworm launched an extortion attack against a commercial banking network. All virtual hypervisors and backup domains were encrypted. Negotiations demanded $1,286K within 48 hours to halt the auction of exfiltrated administrative files.","Threat group Sandworm launched an extortion attack against a commercial banking network. All virtual hypervisors and backup domains were encrypted. Negotiations demanded $1,286K within 48 hours to halt the auction of exfiltrated administrative files.",ransomware_extortion,Ransomware Extortion
eurepoc_200168,eurepoc,2024-04-10,Technical Cyber Threat Incident,"Threat group APT28 (Fancy Bear) launched an extortion attack against a government tax agency. All virtual hypervisors and backup domains were encrypted. Negotiations demanded $4,446K within 48 hours to halt the auction of exfiltrated administrative files.","Threat group APT28 (Fancy Bear) launched an extortion attack against a government tax agency. All virtual hypervisors and backup domains were encrypted. Negotiations demanded $4,446K within 48 hours to halt the auction of exfiltrated administrative files.",ransomware_extortion,Ransomware Extortion
eurepoc_200169,eurepoc,2024-04-10,Technical Cyber Threat Incident,A spear-phishing campaign attributed to APT28 (Fancy Bear) targeted executives at a municipal water authority. Weaponized PDF documents referencing fake regulatory audits delivered an infostealer payload harvesting domain credentials.,A spear-phishing campaign attributed to APT28 (Fancy Bear) targeted executives at a municipal water authority. Weaponized PDF documents referencing fake regulatory audits delivered an infostealer payload harvesting domain credentials.,phishing_social_engineering,Phishing Social Engineering
eurepoc_200170,eurepoc,2024-04-10,Technical Cyber Threat Incident,A spear-phishing campaign attributed to APT28 (Fancy Bear) targeted executives at a pharmaceutical research lab. Weaponized PDF documents referencing fake regulatory audits delivered an infostealer payload harvesting domain credentials.,A spear-phishing campaign attributed to APT28 (Fancy Bear) targeted executives at a pharmaceutical research lab. Weaponized PDF documents referencing fake regulatory audits delivered an infostealer payload harvesting domain credentials.,phishing_social_engineering,Phishing Social Engineering
eurepoc_200171,eurepoc,2024-04-10,Technical Cyber Threat Incident,"Adversaries conducted destructive wiper malware and multi-vector Layer 7 DDoS attacks against a public port logistics hub. Web applications crashed under 89 million requests per second, knocking public services offline.","Adversaries conducted destructive wiper malware and multi-vector Layer 7 DDoS attacks against a public port logistics hub. Web applications crashed under 89 million requests per second, knocking public services offline.",denial_of_service_disruption,Denial Of Service Disruption
eurepoc_200172,eurepoc,2024-04-10,Technical Cyber Threat Incident,"A sophisticated double-extortion ransomware campaign orchestrated by Volt Typhoon compromised the internal network of a pharmaceutical research lab via compromised credentials. The actors exfiltrated 577GB of proprietary databases before deploying ransomware binaries. A ransom demand of $6,721K in Bitcoin was posted, threatening public leak on darknet forums.","A sophisticated double-extortion ransomware campaign orchestrated by Volt Typhoon compromised the internal network of a pharmaceutical research lab via compromised credentials. The actors exfiltrated 577GB of proprietary databases before deploying ransomware binaries. A ransom demand of $6,721K in Bitcoin was posted, threatening public leak on darknet forums.",ransomware_extortion,Ransomware Extortion
eurepoc_200173,eurepoc,2024-04-10,Technical Cyber Threat Incident,"State-aligned threat group Volt Typhoon breached a commercial banking network using stolen session tokens. Lateral movement was detected across multiple subnets, resulting in unauthorized exfiltration of sensitive telemetry.","State-aligned threat group Volt Typhoon breached a commercial banking network using stolen session tokens. Lateral movement was detected across multiple subnets, resulting in unauthorized exfiltration of sensitive telemetry.",unauthorized_access_hacking,Unauthorized Access Hacking
eurepoc_200174,eurepoc,2024-04-10,Technical Cyber Threat Incident,"Attackers distributed phishing lures disguised as urgent software patch advisories to personnel at a government tax agency, leading to payload execution and credential compromise.","Attackers distributed phishing lures disguised as urgent software patch advisories to personnel at a government tax agency, leading to payload execution and credential compromise.",phishing_social_engineering,Phishing Social Engineering
eurepoc_200175,eurepoc,2024-04-10,Technical Cyber Threat Incident,"Adversaries conducted destructive wiper malware and multi-vector Layer 7 DDoS attacks against a regional healthcare facility. Web applications crashed under 53 million requests per second, knocking public services offline.","Adversaries conducted destructive wiper malware and multi-vector Layer 7 DDoS attacks against a regional healthcare facility. Web applications crashed under 53 million requests per second, knocking public services offline.",denial_of_service_disruption,Denial Of Service Disruption
eurepoc_200176,eurepoc,2024-04-10,Technical Cyber Threat Incident,A spear-phishing campaign attributed to Volt Typhoon targeted executives at a national railway operator. Weaponized PDF documents referencing fake regulatory audits delivered an infostealer payload harvesting domain credentials.,A spear-phishing campaign attributed to Volt Typhoon targeted executives at a national railway operator. Weaponized PDF documents referencing fake regulatory audits delivered an infostealer payload harvesting domain credentials.,phishing_social_engineering,Phishing Social Engineering
eurepoc_200177,eurepoc,2024-04-10,Technical Cyber Threat Incident,"A massive volumetric Distributed Denial of Service (DDoS) attack peaking at 2.4 Tbps targeted a municipal water authority. The attack exploited an amplified DNS/UDP reflection vector through a global IoT botnet, resulting in 20 hours of total service outage.","A massive volumetric Distributed Denial of Service (DDoS) attack peaking at 2.4 Tbps targeted a municipal water authority. The attack exploited an amplified DNS/UDP reflection vector through a global IoT botnet, resulting in 20 hours of total service outage.",denial_of_service_disruption,Denial Of Service Disruption
eurepoc_200178,eurepoc,2024-04-10,Technical Cyber Threat Incident,"A persistent flood of HTTP/2 Rapid Reset requests disrupted the border gateway and online authentication servers of a public port logistics hub, causing complete denial of service for 41 hours.","A persistent flood of HTTP/2 Rapid Reset requests disrupted the border gateway and online authentication servers of a public port logistics hub, causing complete denial of service for 41 hours.",denial_of_service_disruption,Denial Of Service Disruption
eurepoc_200179,eurepoc,2024-04-10,Technical Cyber Threat Incident,"Adversaries conducted destructive wiper malware and multi-vector Layer 7 DDoS attacks against a pharmaceutical research lab. Web applications crashed under 53 million requests per second, knocking public services offline.","Adversaries conducted destructive wiper malware and multi-vector Layer 7 DDoS attacks against a pharmaceutical research lab. Web applications crashed under 53 million requests per second, knocking public services offline.",denial_of_service_disruption,Denial Of Service Disruption
eurepoc_200180,eurepoc,2024-04-10,Technical Cyber Threat Incident,"A critical ransomware outbreak hit a pharmaceutical research lab. Operators weaponized vulnerability CVE-2023-20198 in perimeter firewalls to establish persistent C2 access. File systems were encrypted and volume shadow copies destroyed. The extortion group demanded $1,639K for decryption tools.","A critical ransomware outbreak hit a pharmaceutical research lab. Operators weaponized vulnerability CVE-2023-20198 in perimeter firewalls to establish persistent C2 access. File systems were encrypted and volume shadow copies destroyed. The extortion group demanded $1,639K for decryption tools.",ransomware_extortion,Ransomware Extortion
eurepoc_200181,eurepoc,2024-04-10,Technical Cyber Threat Incident,"Threat group BlackCat (ALPHV) launched an extortion attack against a power grid distributor. All virtual hypervisors and backup domains were encrypted. Negotiations demanded $4,094K within 48 hours to halt the auction of exfiltrated administrative files.","Threat group BlackCat (ALPHV) launched an extortion attack against a power grid distributor. All virtual hypervisors and backup domains were encrypted. Negotiations demanded $4,094K within 48 hours to halt the auction of exfiltrated administrative files.",ransomware_extortion,Ransomware Extortion
eurepoc_200182,eurepoc,2024-04-10,Technical Cyber Threat Incident,"An unauthenticated cloud storage bucket maintained by a municipal water authority was compromised by unauthorized third parties. Attackers accessed 334,000 confidential records and backend system credentials.","An unauthenticated cloud storage bucket maintained by a municipal water authority was compromised by unauthorized third parties. Attackers accessed 334,000 confidential records and backend system credentials.",unauthorized_access_hacking,Unauthorized Access Hacking
eurepoc_200183,eurepoc,2024-04-10,Technical Cyber Threat Incident,"A sophisticated double-extortion ransomware campaign orchestrated by APT28 (Fancy Bear) compromised the internal network of a telecommunications provider via compromised credentials. The actors exfiltrated 99GB of proprietary databases before deploying ransomware binaries. A ransom demand of $1,260K in Bitcoin was posted, threatening public leak on darknet forums.","A sophisticated double-extortion ransomware campaign orchestrated by APT28 (Fancy Bear) compromised the internal network of a telecommunications provider via compromised credentials. The actors exfiltrated 99GB of proprietary databases before deploying ransomware binaries. A ransom demand of $1,260K in Bitcoin was posted, threatening public leak on darknet forums.",ransomware_extortion,Ransomware Extortion
eurepoc_200184,eurepoc,2024-04-10,Technical Cyber Threat Incident,A spear-phishing campaign attributed to LockBit 3.0 targeted executives at a aerospace defense contractor. Weaponized PDF documents referencing fake regulatory audits delivered an infostealer payload harvesting domain credentials.,A spear-phishing campaign attributed to LockBit 3.0 targeted executives at a aerospace defense contractor. Weaponized PDF documents referencing fake regulatory audits delivered an infostealer payload harvesting domain credentials.,phishing_social_engineering,Phishing Social Engineering
eurepoc_200185,eurepoc,2024-04-10,Technical Cyber Threat Incident,"A sophisticated double-extortion ransomware campaign orchestrated by Cl0p compromised the internal network of a telecommunications provider via compromised credentials. The actors exfiltrated 492GB of proprietary databases before deploying ransomware binaries. A ransom demand of $3,035K in Bitcoin was posted, threatening public leak on darknet forums.","A sophisticated double-extortion ransomware campaign orchestrated by Cl0p compromised the internal network of a telecommunications provider via compromised credentials. The actors exfiltrated 492GB of proprietary databases before deploying ransomware binaries. A ransom demand of $3,035K in Bitcoin was posted, threatening public leak on darknet forums.",ransomware_extortion,Ransomware Extortion
eurepoc_200186,eurepoc,2024-04-10,Technical Cyber Threat Incident,"Adversaries conducted destructive wiper malware and multi-vector Layer 7 DDoS attacks against a government tax agency. Web applications crashed under 47 million requests per second, knocking public services offline.","Adversaries conducted destructive wiper malware and multi-vector Layer 7 DDoS attacks against a government tax agency. Web applications crashed under 47 million requests per second, knocking public services offline.",denial_of_service_disruption,Denial Of Service Disruption
eurepoc_200187,eurepoc,2024-04-10,Technical Cyber Threat Incident,"Threat group Volt Typhoon launched an extortion attack against a government tax agency. All virtual hypervisors and backup domains were encrypted. Negotiations demanded $4,697K within 48 hours to halt the auction of exfiltrated administrative files.","Threat group Volt Typhoon launched an extortion attack against a government tax agency. All virtual hypervisors and backup domains were encrypted. Negotiations demanded $4,697K within 48 hours to halt the auction of exfiltrated administrative files.",ransomware_extortion,Ransomware Extortion
eurepoc_200188,eurepoc,2024-04-10,Technical Cyber Threat Incident,"A sophisticated double-extortion ransomware campaign orchestrated by Lazarus Group compromised the internal network of a municipal water authority via compromised credentials. The actors exfiltrated 465GB of proprietary databases before deploying ransomware binaries. A ransom demand of $941K in Bitcoin was posted, threatening public leak on darknet forums.","A sophisticated double-extortion ransomware campaign orchestrated by Lazarus Group compromised the internal network of a municipal water authority via compromised credentials. The actors exfiltrated 465GB of proprietary databases before deploying ransomware binaries. A ransom demand of $941K in Bitcoin was posted, threatening public leak on darknet forums.",ransomware_extortion,Ransomware Extortion
eurepoc_200189,eurepoc,2024-04-10,Technical Cyber Threat Incident,"A sophisticated double-extortion ransomware campaign orchestrated by BlackCat (ALPHV) compromised the internal network of a government tax agency via compromised credentials. The actors exfiltrated 426GB of proprietary databases before deploying ransomware binaries. A ransom demand of $7,969K in Bitcoin was posted, threatening public leak on darknet forums.","A sophisticated double-extortion ransomware campaign orchestrated by BlackCat (ALPHV) compromised the internal network of a government tax agency via compromised credentials. The actors exfiltrated 426GB of proprietary databases before deploying ransomware binaries. A ransom demand of $7,969K in Bitcoin was posted, threatening public leak on darknet forums.",ransomware_extortion,Ransomware Extortion
eurepoc_200190,eurepoc,2024-04-10,Technical Cyber Threat Incident,"Threat group APT28 (Fancy Bear) launched an extortion attack against a aerospace defense contractor. All virtual hypervisors and backup domains were encrypted. Negotiations demanded $8,378K within 48 hours to halt the auction of exfiltrated administrative files.","Threat group APT28 (Fancy Bear) launched an extortion attack against a aerospace defense contractor. All virtual hypervisors and backup domains were encrypted. Negotiations demanded $8,378K within 48 hours to halt the auction of exfiltrated administrative files.",ransomware_extortion,Ransomware Extortion
eurepoc_200191,eurepoc,2024-04-10,Technical Cyber Threat Incident,"An unauthenticated cloud storage bucket maintained by a public port logistics hub was compromised by unauthorized third parties. Attackers accessed 205,000 confidential records and backend system credentials.","An unauthenticated cloud storage bucket maintained by a public port logistics hub was compromised by unauthorized third parties. Attackers accessed 205,000 confidential records and backend system credentials.",unauthorized_access_hacking,Unauthorized Access Hacking
eurepoc_200192,eurepoc,2024-04-10,Technical Cyber Threat Incident,"A critical ransomware outbreak hit a commercial banking network. Operators weaponized vulnerability CVE-2024-1709 in perimeter firewalls to establish persistent C2 access. File systems were encrypted and volume shadow copies destroyed. The extortion group demanded $8,044K for decryption tools.","A critical ransomware outbreak hit a commercial banking network. Operators weaponized vulnerability CVE-2024-1709 in perimeter firewalls to establish persistent C2 access. File systems were encrypted and volume shadow copies destroyed. The extortion group demanded $8,044K for decryption tools.",ransomware_extortion,Ransomware Extortion
eurepoc_200193,eurepoc,2024-04-10,Technical Cyber Threat Incident,"A massive volumetric Distributed Denial of Service (DDoS) attack peaking at 3.42 Tbps targeted a telecommunications provider. The attack exploited an amplified DNS/UDP reflection vector through a global IoT botnet, resulting in 29 hours of total service outage.","A massive volumetric Distributed Denial of Service (DDoS) attack peaking at 3.42 Tbps targeted a telecommunications provider. The attack exploited an amplified DNS/UDP reflection vector through a global IoT botnet, resulting in 29 hours of total service outage.",denial_of_service_disruption,Denial Of Service Disruption
eurepoc_200194,eurepoc,2024-04-10,Technical Cyber Threat Incident,"A persistent flood of HTTP/2 Rapid Reset requests disrupted the border gateway and online authentication servers of a regional healthcare facility, causing complete denial of service for 37 hours.","A persistent flood of HTTP/2 Rapid Reset requests disrupted the border gateway and online authentication servers of a regional healthcare facility, causing complete denial of service for 37 hours.",denial_of_service_disruption,Denial Of Service Disruption
eurepoc_200195,eurepoc,2024-04-10,Technical Cyber Threat Incident,"A critical ransomware outbreak hit a telecommunications provider. Operators weaponized vulnerability CVE-2023-34362 in perimeter firewalls to establish persistent C2 access. File systems were encrypted and volume shadow copies destroyed. The extortion group demanded $3,302K for decryption tools.","A critical ransomware outbreak hit a telecommunications provider. Operators weaponized vulnerability CVE-2023-34362 in perimeter firewalls to establish persistent C2 access. File systems were encrypted and volume shadow copies destroyed. The extortion group demanded $3,302K for decryption tools.",ransomware_extortion,Ransomware Extortion
eurepoc_200196,eurepoc,2024-04-10,Technical Cyber Threat Incident,"Threat group LockBit 3.0 launched an extortion attack against a regional healthcare facility. All virtual hypervisors and backup domains were encrypted. Negotiations demanded $7,528K within 48 hours to halt the auction of exfiltrated administrative files.","Threat group LockBit 3.0 launched an extortion attack against a regional healthcare facility. All virtual hypervisors and backup domains were encrypted. Negotiations demanded $7,528K within 48 hours to halt the auction of exfiltrated administrative files.",ransomware_extortion,Ransomware Extortion
eurepoc_200197,eurepoc,2024-04-10,Technical Cyber Threat Incident,"Adversaries conducted destructive wiper malware and multi-vector Layer 7 DDoS attacks against a regional healthcare facility. Web applications crashed under 74 million requests per second, knocking public services offline.","Adversaries conducted destructive wiper malware and multi-vector Layer 7 DDoS attacks against a regional healthcare facility. Web applications crashed under 74 million requests per second, knocking public services offline.",denial_of_service_disruption,Denial Of Service Disruption
eurepoc_200198,eurepoc,2024-04-10,Technical Cyber Threat Incident,"Threat group LockBit 3.0 launched an extortion attack against a aerospace defense contractor. All virtual hypervisors and backup domains were encrypted. Negotiations demanded $8,589K within 48 hours to halt the auction of exfiltrated administrative files.","Threat group LockBit 3.0 launched an extortion attack against a aerospace defense contractor. All virtual hypervisors and backup domains were encrypted. Negotiations demanded $8,589K within 48 hours to halt the auction of exfiltrated administrative files.",ransomware_extortion,Ransomware Extortion
eurepoc_200199,eurepoc,2024-04-10,Technical Cyber Threat Incident,"A critical ransomware outbreak hit a government tax agency. Operators weaponized vulnerability CVE-2023-34362 in perimeter firewalls to establish persistent C2 access. File systems were encrypted and volume shadow copies destroyed. The extortion group demanded $3,722K for decryption tools.","A critical ransomware outbreak hit a government tax agency. Operators weaponized vulnerability CVE-2023-34362 in perimeter firewalls to establish persistent C2 access. File systems were encrypted and volume shadow copies destroyed. The extortion group demanded $3,722K for decryption tools.",ransomware_extortion,Ransomware Extortion
eurepoc_200200,eurepoc,2024-04-10,Technical Cyber Threat Incident,"A persistent flood of HTTP/2 Rapid Reset requests disrupted the border gateway and online authentication servers of a government tax agency, causing complete denial of service for 66 hours.","A persistent flood of HTTP/2 Rapid Reset requests disrupted the border gateway and online authentication servers of a government tax agency, causing complete denial of service for 66 hours.",denial_of_service_disruption,Denial Of Service Disruption
eurepoc_200201,eurepoc,2024-04-10,Technical Cyber Threat Incident,"A critical ransomware outbreak hit a aerospace defense contractor. Operators weaponized vulnerability CVE-2023-4966 in perimeter firewalls to establish persistent C2 access. File systems were encrypted and volume shadow copies destroyed. The extortion group demanded $8,425K for decryption tools.","A critical ransomware outbreak hit a aerospace defense contractor. Operators weaponized vulnerability CVE-2023-4966 in perimeter firewalls to establish persistent C2 access. File systems were encrypted and volume shadow copies destroyed. The extortion group demanded $8,425K for decryption tools.",ransomware_extortion,Ransomware Extortion
eurepoc_200202,eurepoc,2024-04-10,Technical Cyber Threat Incident,"A massive volumetric Distributed Denial of Service (DDoS) attack peaking at 1.58 Tbps targeted a telecommunications provider. The attack exploited an amplified DNS/UDP reflection vector through a global IoT botnet, resulting in 28 hours of total service outage.","A massive volumetric Distributed Denial of Service (DDoS) attack peaking at 1.58 Tbps targeted a telecommunications provider. The attack exploited an amplified DNS/UDP reflection vector through a global IoT botnet, resulting in 28 hours of total service outage.",denial_of_service_disruption,Denial Of Service Disruption
eurepoc_200203,eurepoc,2024-04-10,Technical Cyber Threat Incident,"Adversaries gained unauthorized system access to a telecommunications provider by exploiting CVE-2023-2868. The intrusion compromised 66,000 user credentials, establishing persistent reverse shells across the internal DMZ.","Adversaries gained unauthorized system access to a telecommunications provider by exploiting CVE-2023-2868. The intrusion compromised 66,000 user credentials, establishing persistent reverse shells across the internal DMZ.",unauthorized_access_hacking,Unauthorized Access Hacking
eurepoc_200204,eurepoc,2024-04-10,Technical Cyber Threat Incident,"Adversaries gained unauthorized system access to a national railway operator by exploiting CVE-2023-20198. The intrusion compromised 202,000 user credentials, establishing persistent reverse shells across the internal DMZ.","Adversaries gained unauthorized system access to a national railway operator by exploiting CVE-2023-20198. The intrusion compromised 202,000 user credentials, establishing persistent reverse shells across the internal DMZ.",unauthorized_access_hacking,Unauthorized Access Hacking
eurepoc_200205,eurepoc,2024-04-10,Technical Cyber Threat Incident,"A massive volumetric Distributed Denial of Service (DDoS) attack peaking at 2.28 Tbps targeted a commercial banking network. The attack exploited an amplified DNS/UDP reflection vector through a global IoT botnet, resulting in 21 hours of total service outage.","A massive volumetric Distributed Denial of Service (DDoS) attack peaking at 2.28 Tbps targeted a commercial banking network. The attack exploited an amplified DNS/UDP reflection vector through a global IoT botnet, resulting in 21 hours of total service outage.",denial_of_service_disruption,Denial Of Service Disruption
eurepoc_200206,eurepoc,2024-04-10,Technical Cyber Threat Incident,"A persistent flood of HTTP/2 Rapid Reset requests disrupted the border gateway and online authentication servers of a municipal water authority, causing complete denial of service for 70 hours.","A persistent flood of HTTP/2 Rapid Reset requests disrupted the border gateway and online authentication servers of a municipal water authority, causing complete denial of service for 70 hours.",denial_of_service_disruption,Denial Of Service Disruption
eurepoc_200207,eurepoc,2024-04-10,Technical Cyber Threat Incident,"Attackers distributed phishing lures disguised as urgent software patch advisories to personnel at a public port logistics hub, leading to payload execution and credential compromise.","Attackers distributed phishing lures disguised as urgent software patch advisories to personnel at a public port logistics hub, leading to payload execution and credential compromise.",phishing_social_engineering,Phishing Social Engineering
eurepoc_200208,eurepoc,2024-04-10,Technical Cyber Threat Incident,"An unauthenticated cloud storage bucket maintained by a aerospace defense contractor was compromised by unauthorized third parties. Attackers accessed 130,000 confidential records and backend system credentials.","An unauthenticated cloud storage bucket maintained by a aerospace defense contractor was compromised by unauthorized third parties. Attackers accessed 130,000 confidential records and backend system credentials.",unauthorized_access_hacking,Unauthorized Access Hacking
eurepoc_200209,eurepoc,2024-04-10,Technical Cyber Threat Incident,"Employees at a regional healthcare facility received spoofed Microsoft 365 login requests. The Adversary-in-the-Middle (AiTM) proxy captured session cookies and bypassed MFA, facilitating unauthorized email forwarding rules.","Employees at a regional healthcare facility received spoofed Microsoft 365 login requests. The Adversary-in-the-Middle (AiTM) proxy captured session cookies and bypassed MFA, facilitating unauthorized email forwarding rules.",phishing_social_engineering,Phishing Social Engineering
eurepoc_200210,eurepoc,2024-04-10,Technical Cyber Threat Incident,"Employees at a national railway operator received spoofed Microsoft 365 login requests. The Adversary-in-the-Middle (AiTM) proxy captured session cookies and bypassed MFA, facilitating unauthorized email forwarding rules.","Employees at a national railway operator received spoofed Microsoft 365 login requests. The Adversary-in-the-Middle (AiTM) proxy captured session cookies and bypassed MFA, facilitating unauthorized email forwarding rules.",phishing_social_engineering,Phishing Social Engineering
eurepoc_200211,eurepoc,2024-04-10,Technical Cyber Threat Incident,"A critical ransomware outbreak hit a aerospace defense contractor. Operators weaponized vulnerability CVE-2023-4966 in perimeter firewalls to establish persistent C2 access. File systems were encrypted and volume shadow copies destroyed. The extortion group demanded $2,056K for decryption tools.","A critical ransomware outbreak hit a aerospace defense contractor. Operators weaponized vulnerability CVE-2023-4966 in perimeter firewalls to establish persistent C2 access. File systems were encrypted and volume shadow copies destroyed. The extortion group demanded $2,056K for decryption tools.",ransomware_extortion,Ransomware Extortion
eurepoc_200212,eurepoc,2024-04-10,Technical Cyber Threat Incident,"Adversaries gained unauthorized system access to a public port logistics hub by exploiting CVE-2023-2868. The intrusion compromised 70,000 user credentials, establishing persistent reverse shells across the internal DMZ.","Adversaries gained unauthorized system access to a public port logistics hub by exploiting CVE-2023-2868. The intrusion compromised 70,000 user credentials, establishing persistent reverse shells across the internal DMZ.",unauthorized_access_hacking,Unauthorized Access Hacking
eurepoc_200213,eurepoc,2024-04-10,Technical Cyber Threat Incident,A spear-phishing campaign attributed to BlackCat (ALPHV) targeted executives at a telecommunications provider. Weaponized PDF documents referencing fake regulatory audits delivered an infostealer payload harvesting domain credentials.,A spear-phishing campaign attributed to BlackCat (ALPHV) targeted executives at a telecommunications provider. Weaponized PDF documents referencing fake regulatory audits delivered an infostealer payload harvesting domain credentials.,phishing_social_engineering,Phishing Social Engineering
eurepoc_200214,eurepoc,2024-04-10,Technical Cyber Threat Incident,"Threat group Sandworm launched an extortion attack against a government tax agency. All virtual hypervisors and backup domains were encrypted. Negotiations demanded $3,868K within 48 hours to halt the auction of exfiltrated administrative files.","Threat group Sandworm launched an extortion attack against a government tax agency. All virtual hypervisors and backup domains were encrypted. Negotiations demanded $3,868K within 48 hours to halt the auction of exfiltrated administrative files.",ransomware_extortion,Ransomware Extortion
eurepoc_200215,eurepoc,2024-04-10,Technical Cyber Threat Incident,"A persistent flood of HTTP/2 Rapid Reset requests disrupted the border gateway and online authentication servers of a national railway operator, causing complete denial of service for 44 hours.","A persistent flood of HTTP/2 Rapid Reset requests disrupted the border gateway and online authentication servers of a national railway operator, causing complete denial of service for 44 hours.",denial_of_service_disruption,Denial Of Service Disruption
eurepoc_200216,eurepoc,2024-04-10,Technical Cyber Threat Incident,"A sophisticated double-extortion ransomware campaign orchestrated by LockBit 3.0 compromised the internal network of a regional healthcare facility via compromised credentials. The actors exfiltrated 239GB of proprietary databases before deploying ransomware binaries. A ransom demand of $5,763K in Bitcoin was posted, threatening public leak on darknet forums.","A sophisticated double-extortion ransomware campaign orchestrated by LockBit 3.0 compromised the internal network of a regional healthcare facility via compromised credentials. The actors exfiltrated 239GB of proprietary databases before deploying ransomware binaries. A ransom demand of $5,763K in Bitcoin was posted, threatening public leak on darknet forums.",ransomware_extortion,Ransomware Extortion
eurepoc_200217,eurepoc,2024-04-10,Technical Cyber Threat Incident,A spear-phishing campaign attributed to Akira targeted executives at a aerospace defense contractor. Weaponized PDF documents referencing fake regulatory audits delivered an infostealer payload harvesting domain credentials.,A spear-phishing campaign attributed to Akira targeted executives at a aerospace defense contractor. Weaponized PDF documents referencing fake regulatory audits delivered an infostealer payload harvesting domain credentials.,phishing_social_engineering,Phishing Social Engineering
eurepoc_200218,eurepoc,2024-04-10,Technical Cyber Threat Incident,"Adversaries gained unauthorized system access to a regional healthcare facility by exploiting CVE-2023-4966. The intrusion compromised 371,000 user credentials, establishing persistent reverse shells across the internal DMZ.","Adversaries gained unauthorized system access to a regional healthcare facility by exploiting CVE-2023-4966. The intrusion compromised 371,000 user credentials, establishing persistent reverse shells across the internal DMZ.",unauthorized_access_hacking,Unauthorized Access Hacking
eurepoc_200219,eurepoc,2024-04-10,Technical Cyber Threat Incident,"A critical ransomware outbreak hit a commercial banking network. Operators weaponized vulnerability CVE-2023-34362 in perimeter firewalls to establish persistent C2 access. File systems were encrypted and volume shadow copies destroyed. The extortion group demanded $1,273K for decryption tools.","A critical ransomware outbreak hit a commercial banking network. Operators weaponized vulnerability CVE-2023-34362 in perimeter firewalls to establish persistent C2 access. File systems were encrypted and volume shadow copies destroyed. The extortion group demanded $1,273K for decryption tools.",ransomware_extortion,Ransomware Extortion
eurepoc_200220,eurepoc,2024-04-10,Technical Cyber Threat Incident,"Adversaries conducted destructive wiper malware and multi-vector Layer 7 DDoS attacks against a aerospace defense contractor. Web applications crashed under 64 million requests per second, knocking public services offline.","Adversaries conducted destructive wiper malware and multi-vector Layer 7 DDoS attacks against a aerospace defense contractor. Web applications crashed under 64 million requests per second, knocking public services offline.",denial_of_service_disruption,Denial Of Service Disruption
eurepoc_200221,eurepoc,2024-04-10,Technical Cyber Threat Incident,"An unauthenticated cloud storage bucket maintained by a power grid distributor was compromised by unauthorized third parties. Attackers accessed 119,000 confidential records and backend system credentials.","An unauthenticated cloud storage bucket maintained by a power grid distributor was compromised by unauthorized third parties. Attackers accessed 119,000 confidential records and backend system credentials.",unauthorized_access_hacking,Unauthorized Access Hacking
eurepoc_200222,eurepoc,2024-04-10,Technical Cyber Threat Incident,"Attackers distributed phishing lures disguised as urgent software patch advisories to personnel at a government tax agency, leading to payload execution and credential compromise.","Attackers distributed phishing lures disguised as urgent software patch advisories to personnel at a government tax agency, leading to payload execution and credential compromise.",phishing_social_engineering,Phishing Social Engineering
eurepoc_200223,eurepoc,2024-04-10,Technical Cyber Threat Incident,"A massive volumetric Distributed Denial of Service (DDoS) attack peaking at 1.25 Tbps targeted a commercial banking network. The attack exploited an amplified DNS/UDP reflection vector through a global IoT botnet, resulting in 72 hours of total service outage.","A massive volumetric Distributed Denial of Service (DDoS) attack peaking at 1.25 Tbps targeted a commercial banking network. The attack exploited an amplified DNS/UDP reflection vector through a global IoT botnet, resulting in 72 hours of total service outage.",denial_of_service_disruption,Denial Of Service Disruption
eurepoc_200224,eurepoc,2024-04-10,Technical Cyber Threat Incident,"A massive volumetric Distributed Denial of Service (DDoS) attack peaking at 0.94 Tbps targeted a pharmaceutical research lab. The attack exploited an amplified DNS/UDP reflection vector through a global IoT botnet, resulting in 44 hours of total service outage.","A massive volumetric Distributed Denial of Service (DDoS) attack peaking at 0.94 Tbps targeted a pharmaceutical research lab. The attack exploited an amplified DNS/UDP reflection vector through a global IoT botnet, resulting in 44 hours of total service outage.",denial_of_service_disruption,Denial Of Service Disruption
eurepoc_200225,eurepoc,2024-04-10,Technical Cyber Threat Incident,"State-aligned threat group Sandworm breached a aerospace defense contractor using stolen session tokens. Lateral movement was detected across multiple subnets, resulting in unauthorized exfiltration of sensitive telemetry.","State-aligned threat group Sandworm breached a aerospace defense contractor using stolen session tokens. Lateral movement was detected across multiple subnets, resulting in unauthorized exfiltration of sensitive telemetry.",unauthorized_access_hacking,Unauthorized Access Hacking
eurepoc_200226,eurepoc,2024-04-10,Technical Cyber Threat Incident,"Adversaries gained unauthorized system access to a pharmaceutical research lab by exploiting CVE-2023-34362. The intrusion compromised 416,000 user credentials, establishing persistent reverse shells across the internal DMZ.","Adversaries gained unauthorized system access to a pharmaceutical research lab by exploiting CVE-2023-34362. The intrusion compromised 416,000 user credentials, establishing persistent reverse shells across the internal DMZ.",unauthorized_access_hacking,Unauthorized Access Hacking
eurepoc_200227,eurepoc,2024-04-10,Technical Cyber Threat Incident,"A massive volumetric Distributed Denial of Service (DDoS) attack peaking at 1.07 Tbps targeted a national railway operator. The attack exploited an amplified DNS/UDP reflection vector through a global IoT botnet, resulting in 8 hours of total service outage.","A massive volumetric Distributed Denial of Service (DDoS) attack peaking at 1.07 Tbps targeted a national railway operator. The attack exploited an amplified DNS/UDP reflection vector through a global IoT botnet, resulting in 8 hours of total service outage.",denial_of_service_disruption,Denial Of Service Disruption
eurepoc_200228,eurepoc,2024-04-10,Technical Cyber Threat Incident,"Employees at a national railway operator received spoofed Microsoft 365 login requests. The Adversary-in-the-Middle (AiTM) proxy captured session cookies and bypassed MFA, facilitating unauthorized email forwarding rules.","Employees at a national railway operator received spoofed Microsoft 365 login requests. The Adversary-in-the-Middle (AiTM) proxy captured session cookies and bypassed MFA, facilitating unauthorized email forwarding rules.",phishing_social_engineering,Phishing Social Engineering
eurepoc_200229,eurepoc,2024-04-10,Technical Cyber Threat Incident,"Employees at a government tax agency received spoofed Microsoft 365 login requests. The Adversary-in-the-Middle (AiTM) proxy captured session cookies and bypassed MFA, facilitating unauthorized email forwarding rules.","Employees at a government tax agency received spoofed Microsoft 365 login requests. The Adversary-in-the-Middle (AiTM) proxy captured session cookies and bypassed MFA, facilitating unauthorized email forwarding rules.",phishing_social_engineering,Phishing Social Engineering
eurepoc_200230,eurepoc,2024-04-10,Technical Cyber Threat Incident,"A sophisticated double-extortion ransomware campaign orchestrated by APT28 (Fancy Bear) compromised the internal network of a telecommunications provider via compromised credentials. The actors exfiltrated 198GB of proprietary databases before deploying ransomware binaries. A ransom demand of $7,607K in Bitcoin was posted, threatening public leak on darknet forums.","A sophisticated double-extortion ransomware campaign orchestrated by APT28 (Fancy Bear) compromised the internal network of a telecommunications provider via compromised credentials. The actors exfiltrated 198GB of proprietary databases before deploying ransomware binaries. A ransom demand of $7,607K in Bitcoin was posted, threatening public leak on darknet forums.",ransomware_extortion,Ransomware Extortion
eurepoc_200231,eurepoc,2024-04-10,Technical Cyber Threat Incident,"A critical ransomware outbreak hit a pharmaceutical research lab. Operators weaponized vulnerability CVE-2023-4966 in perimeter firewalls to establish persistent C2 access. File systems were encrypted and volume shadow copies destroyed. The extortion group demanded $7,624K for decryption tools.","A critical ransomware outbreak hit a pharmaceutical research lab. Operators weaponized vulnerability CVE-2023-4966 in perimeter firewalls to establish persistent C2 access. File systems were encrypted and volume shadow copies destroyed. The extortion group demanded $7,624K for decryption tools.",ransomware_extortion,Ransomware Extortion
eurepoc_200232,eurepoc,2024-04-10,Technical Cyber Threat Incident,"Employees at a power grid distributor received spoofed Microsoft 365 login requests. The Adversary-in-the-Middle (AiTM) proxy captured session cookies and bypassed MFA, facilitating unauthorized email forwarding rules.","Employees at a power grid distributor received spoofed Microsoft 365 login requests. The Adversary-in-the-Middle (AiTM) proxy captured session cookies and bypassed MFA, facilitating unauthorized email forwarding rules.",phishing_social_engineering,Phishing Social Engineering
eurepoc_200233,eurepoc,2024-04-10,Technical Cyber Threat Incident,"A critical ransomware outbreak hit a power grid distributor. Operators weaponized vulnerability CVE-2023-4966 in perimeter firewalls to establish persistent C2 access. File systems were encrypted and volume shadow copies destroyed. The extortion group demanded $2,545K for decryption tools.","A critical ransomware outbreak hit a power grid distributor. Operators weaponized vulnerability CVE-2023-4966 in perimeter firewalls to establish persistent C2 access. File systems were encrypted and volume shadow copies destroyed. The extortion group demanded $2,545K for decryption tools.",ransomware_extortion,Ransomware Extortion
eurepoc_200234,eurepoc,2024-04-10,Technical Cyber Threat Incident,"State-aligned threat group Cl0p breached a aerospace defense contractor using stolen session tokens. Lateral movement was detected across multiple subnets, resulting in unauthorized exfiltration of sensitive telemetry.","State-aligned threat group Cl0p breached a aerospace defense contractor using stolen session tokens. Lateral movement was detected across multiple subnets, resulting in unauthorized exfiltration of sensitive telemetry.",unauthorized_access_hacking,Unauthorized Access Hacking
eurepoc_200235,eurepoc,2024-04-10,Technical Cyber Threat Incident,"State-aligned threat group APT28 (Fancy Bear) breached a commercial banking network using stolen session tokens. Lateral movement was detected across multiple subnets, resulting in unauthorized exfiltration of sensitive telemetry.","State-aligned threat group APT28 (Fancy Bear) breached a commercial banking network using stolen session tokens. Lateral movement was detected across multiple subnets, resulting in unauthorized exfiltration of sensitive telemetry.",unauthorized_access_hacking,Unauthorized Access Hacking
eurepoc_200236,eurepoc,2024-04-10,Technical Cyber Threat Incident,Threat group BlackCat (ALPHV) launched an extortion attack against a aerospace defense contractor. All virtual hypervisors and backup domains were encrypted. Negotiations demanded $739K within 48 hours to halt the auction of exfiltrated administrative files.,Threat group BlackCat (ALPHV) launched an extortion attack against a aerospace defense contractor. All virtual hypervisors and backup domains were encrypted. Negotiations demanded $739K within 48 hours to halt the auction of exfiltrated administrative files.,ransomware_extortion,Ransomware Extortion
eurepoc_200237,eurepoc,2024-04-10,Technical Cyber Threat Incident,"A massive volumetric Distributed Denial of Service (DDoS) attack peaking at 1.14 Tbps targeted a commercial banking network. The attack exploited an amplified DNS/UDP reflection vector through a global IoT botnet, resulting in 46 hours of total service outage.","A massive volumetric Distributed Denial of Service (DDoS) attack peaking at 1.14 Tbps targeted a commercial banking network. The attack exploited an amplified DNS/UDP reflection vector through a global IoT botnet, resulting in 46 hours of total service outage.",denial_of_service_disruption,Denial Of Service Disruption
eurepoc_200238,eurepoc,2024-04-10,Technical Cyber Threat Incident,"Threat group BlackCat (ALPHV) launched an extortion attack against a national railway operator. All virtual hypervisors and backup domains were encrypted. Negotiations demanded $4,662K within 48 hours to halt the auction of exfiltrated administrative files.","Threat group BlackCat (ALPHV) launched an extortion attack against a national railway operator. All virtual hypervisors and backup domains were encrypted. Negotiations demanded $4,662K within 48 hours to halt the auction of exfiltrated administrative files.",ransomware_extortion,Ransomware Extortion
eurepoc_200239,eurepoc,2024-04-10,Technical Cyber Threat Incident,"Threat group Volt Typhoon launched an extortion attack against a telecommunications provider. All virtual hypervisors and backup domains were encrypted. Negotiations demanded $4,236K within 48 hours to halt the auction of exfiltrated administrative files.","Threat group Volt Typhoon launched an extortion attack against a telecommunications provider. All virtual hypervisors and backup domains were encrypted. Negotiations demanded $4,236K within 48 hours to halt the auction of exfiltrated administrative files.",ransomware_extortion,Ransomware Extortion
eurepoc_200240,eurepoc,2024-04-10,Technical Cyber Threat Incident,"A critical ransomware outbreak hit a pharmaceutical research lab. Operators weaponized vulnerability CVE-2024-1709 in perimeter firewalls to establish persistent C2 access. File systems were encrypted and volume shadow copies destroyed. The extortion group demanded $5,542K for decryption tools.","A critical ransomware outbreak hit a pharmaceutical research lab. Operators weaponized vulnerability CVE-2024-1709 in perimeter firewalls to establish persistent C2 access. File systems were encrypted and volume shadow copies destroyed. The extortion group demanded $5,542K for decryption tools.",ransomware_extortion,Ransomware Extortion
eurepoc_200241,eurepoc,2024-04-10,Technical Cyber Threat Incident,"A sophisticated double-extortion ransomware campaign orchestrated by Volt Typhoon compromised the internal network of a aerospace defense contractor via compromised credentials. The actors exfiltrated 158GB of proprietary databases before deploying ransomware binaries. A ransom demand of $1,935K in Bitcoin was posted, threatening public leak on darknet forums.","A sophisticated double-extortion ransomware campaign orchestrated by Volt Typhoon compromised the internal network of a aerospace defense contractor via compromised credentials. The actors exfiltrated 158GB of proprietary databases before deploying ransomware binaries. A ransom demand of $1,935K in Bitcoin was posted, threatening public leak on darknet forums.",ransomware_extortion,Ransomware Extortion
eurepoc_200242,eurepoc,2024-04-10,Technical Cyber Threat Incident,"A persistent flood of HTTP/2 Rapid Reset requests disrupted the border gateway and online authentication servers of a public port logistics hub, causing complete denial of service for 43 hours.","A persistent flood of HTTP/2 Rapid Reset requests disrupted the border gateway and online authentication servers of a public port logistics hub, causing complete denial of service for 43 hours.",denial_of_service_disruption,Denial Of Service Disruption
eurepoc_200243,eurepoc,2024-04-10,Technical Cyber Threat Incident,"A sophisticated double-extortion ransomware campaign orchestrated by Volt Typhoon compromised the internal network of a government tax agency via compromised credentials. The actors exfiltrated 219GB of proprietary databases before deploying ransomware binaries. A ransom demand of $2,360K in Bitcoin was posted, threatening public leak on darknet forums.","A sophisticated double-extortion ransomware campaign orchestrated by Volt Typhoon compromised the internal network of a government tax agency via compromised credentials. The actors exfiltrated 219GB of proprietary databases before deploying ransomware binaries. A ransom demand of $2,360K in Bitcoin was posted, threatening public leak on darknet forums.",ransomware_extortion,Ransomware Extortion
eurepoc_200244,eurepoc,2024-04-10,Technical Cyber Threat Incident,"A sophisticated double-extortion ransomware campaign orchestrated by LockBit 3.0 compromised the internal network of a municipal water authority via compromised credentials. The actors exfiltrated 721GB of proprietary databases before deploying ransomware binaries. A ransom demand of $6,888K in Bitcoin was posted, threatening public leak on darknet forums.","A sophisticated double-extortion ransomware campaign orchestrated by LockBit 3.0 compromised the internal network of a municipal water authority via compromised credentials. The actors exfiltrated 721GB of proprietary databases before deploying ransomware binaries. A ransom demand of $6,888K in Bitcoin was posted, threatening public leak on darknet forums.",ransomware_extortion,Ransomware Extortion
eurepoc_200245,eurepoc,2024-04-10,Technical Cyber Threat Incident,"A critical ransomware outbreak hit a government tax agency. Operators weaponized vulnerability CVE-2023-34362 in perimeter firewalls to establish persistent C2 access. File systems were encrypted and volume shadow copies destroyed. The extortion group demanded $3,967K for decryption tools.","A critical ransomware outbreak hit a government tax agency. Operators weaponized vulnerability CVE-2023-34362 in perimeter firewalls to establish persistent C2 access. File systems were encrypted and volume shadow copies destroyed. The extortion group demanded $3,967K for decryption tools.",ransomware_extortion,Ransomware Extortion
eurepoc_200246,eurepoc,2024-04-10,Technical Cyber Threat Incident,"A sophisticated double-extortion ransomware campaign orchestrated by Sandworm compromised the internal network of a aerospace defense contractor via compromised credentials. The actors exfiltrated 285GB of proprietary databases before deploying ransomware binaries. A ransom demand of $2,297K in Bitcoin was posted, threatening public leak on darknet forums.","A sophisticated double-extortion ransomware campaign orchestrated by Sandworm compromised the internal network of a aerospace defense contractor via compromised credentials. The actors exfiltrated 285GB of proprietary databases before deploying ransomware binaries. A ransom demand of $2,297K in Bitcoin was posted, threatening public leak on darknet forums.",ransomware_extortion,Ransomware Extortion
eurepoc_200247,eurepoc,2024-04-10,Technical Cyber Threat Incident,"A massive volumetric Distributed Denial of Service (DDoS) attack peaking at 1.0 Tbps targeted a telecommunications provider. The attack exploited an amplified DNS/UDP reflection vector through a global IoT botnet, resulting in 41 hours of total service outage.","A massive volumetric Distributed Denial of Service (DDoS) attack peaking at 1.0 Tbps targeted a telecommunications provider. The attack exploited an amplified DNS/UDP reflection vector through a global IoT botnet, resulting in 41 hours of total service outage.",denial_of_service_disruption,Denial Of Service Disruption
eurepoc_200248,eurepoc,2024-04-10,Technical Cyber Threat Incident,"A sophisticated double-extortion ransomware campaign orchestrated by Sandworm compromised the internal network of a commercial banking network via compromised credentials. The actors exfiltrated 74GB of proprietary databases before deploying ransomware binaries. A ransom demand of $1,862K in Bitcoin was posted, threatening public leak on darknet forums.","A sophisticated double-extortion ransomware campaign orchestrated by Sandworm compromised the internal network of a commercial banking network via compromised credentials. The actors exfiltrated 74GB of proprietary databases before deploying ransomware binaries. A ransom demand of $1,862K in Bitcoin was posted, threatening public leak on darknet forums.",ransomware_extortion,Ransomware Extortion
eurepoc_200249,eurepoc,2024-04-10,Technical Cyber Threat Incident,"A massive volumetric Distributed Denial of Service (DDoS) attack peaking at 2.33 Tbps targeted a telecommunications provider. The attack exploited an amplified DNS/UDP reflection vector through a global IoT botnet, resulting in 24 hours of total service outage.","A massive volumetric Distributed Denial of Service (DDoS) attack peaking at 2.33 Tbps targeted a telecommunications provider. The attack exploited an amplified DNS/UDP reflection vector through a global IoT botnet, resulting in 24 hours of total service outage.",denial_of_service_disruption,Denial Of Service Disruption
eurepoc_200250,eurepoc,2024-04-10,Technical Cyber Threat Incident,"State-aligned threat group BlackCat (ALPHV) breached a power grid distributor using stolen session tokens. Lateral movement was detected across multiple subnets, resulting in unauthorized exfiltration of sensitive telemetry.","State-aligned threat group BlackCat (ALPHV) breached a power grid distributor using stolen session tokens. Lateral movement was detected across multiple subnets, resulting in unauthorized exfiltration of sensitive telemetry.",unauthorized_access_hacking,Unauthorized Access Hacking
eurepoc_200251,eurepoc,2024-04-10,Technical Cyber Threat Incident,"Threat group Sandworm launched an extortion attack against a government tax agency. All virtual hypervisors and backup domains were encrypted. Negotiations demanded $3,684K within 48 hours to halt the auction of exfiltrated administrative files.","Threat group Sandworm launched an extortion attack against a government tax agency. All virtual hypervisors and backup domains were encrypted. Negotiations demanded $3,684K within 48 hours to halt the auction of exfiltrated administrative files.",ransomware_extortion,Ransomware Extortion
eurepoc_200252,eurepoc,2024-04-10,Technical Cyber Threat Incident,"State-aligned threat group BlackCat (ALPHV) breached a national railway operator using stolen session tokens. Lateral movement was detected across multiple subnets, resulting in unauthorized exfiltration of sensitive telemetry.","State-aligned threat group BlackCat (ALPHV) breached a national railway operator using stolen session tokens. Lateral movement was detected across multiple subnets, resulting in unauthorized exfiltration of sensitive telemetry.",unauthorized_access_hacking,Unauthorized Access Hacking
eurepoc_200253,eurepoc,2024-04-10,Technical Cyber Threat Incident,"Threat group Cl0p launched an extortion attack against a municipal water authority. All virtual hypervisors and backup domains were encrypted. Negotiations demanded $5,246K within 48 hours to halt the auction of exfiltrated administrative files.","Threat group Cl0p launched an extortion attack against a municipal water authority. All virtual hypervisors and backup domains were encrypted. Negotiations demanded $5,246K within 48 hours to halt the auction of exfiltrated administrative files.",ransomware_extortion,Ransomware Extortion
eurepoc_200254,eurepoc,2024-04-10,Technical Cyber Threat Incident,"A critical ransomware outbreak hit a telecommunications provider. Operators weaponized vulnerability CVE-2023-34362 in perimeter firewalls to establish persistent C2 access. File systems were encrypted and volume shadow copies destroyed. The extortion group demanded $1,526K for decryption tools.","A critical ransomware outbreak hit a telecommunications provider. Operators weaponized vulnerability CVE-2023-34362 in perimeter firewalls to establish persistent C2 access. File systems were encrypted and volume shadow copies destroyed. The extortion group demanded $1,526K for decryption tools.",ransomware_extortion,Ransomware Extortion
eurepoc_200255,eurepoc,2024-04-10,Technical Cyber Threat Incident,"State-aligned threat group LockBit 3.0 breached a public port logistics hub using stolen session tokens. Lateral movement was detected across multiple subnets, resulting in unauthorized exfiltration of sensitive telemetry.","State-aligned threat group LockBit 3.0 breached a public port logistics hub using stolen session tokens. Lateral movement was detected across multiple subnets, resulting in unauthorized exfiltration of sensitive telemetry.",unauthorized_access_hacking,Unauthorized Access Hacking
eurepoc_200256,eurepoc,2024-04-10,Technical Cyber Threat Incident,"Attackers distributed phishing lures disguised as urgent software patch advisories to personnel at a public port logistics hub, leading to payload execution and credential compromise.","Attackers distributed phishing lures disguised as urgent software patch advisories to personnel at a public port logistics hub, leading to payload execution and credential compromise.",phishing_social_engineering,Phishing Social Engineering
eurepoc_200257,eurepoc,2024-04-10,Technical Cyber Threat Incident,"State-aligned threat group Volt Typhoon breached a regional healthcare facility using stolen session tokens. Lateral movement was detected across multiple subnets, resulting in unauthorized exfiltration of sensitive telemetry.","State-aligned threat group Volt Typhoon breached a regional healthcare facility using stolen session tokens. Lateral movement was detected across multiple subnets, resulting in unauthorized exfiltration of sensitive telemetry.",unauthorized_access_hacking,Unauthorized Access Hacking
eurepoc_200258,eurepoc,2024-04-10,Technical Cyber Threat Incident,"State-aligned threat group Cl0p breached a aerospace defense contractor using stolen session tokens. Lateral movement was detected across multiple subnets, resulting in unauthorized exfiltration of sensitive telemetry.","State-aligned threat group Cl0p breached a aerospace defense contractor using stolen session tokens. Lateral movement was detected across multiple subnets, resulting in unauthorized exfiltration of sensitive telemetry.",unauthorized_access_hacking,Unauthorized Access Hacking
eurepoc_200259,eurepoc,2024-04-10,Technical Cyber Threat Incident,"Employees at a aerospace defense contractor received spoofed Microsoft 365 login requests. The Adversary-in-the-Middle (AiTM) proxy captured session cookies and bypassed MFA, facilitating unauthorized email forwarding rules.","Employees at a aerospace defense contractor received spoofed Microsoft 365 login requests. The Adversary-in-the-Middle (AiTM) proxy captured session cookies and bypassed MFA, facilitating unauthorized email forwarding rules.",phishing_social_engineering,Phishing Social Engineering
eurepoc_200260,eurepoc,2024-04-10,Technical Cyber Threat Incident,"Adversaries conducted destructive wiper malware and multi-vector Layer 7 DDoS attacks against a public port logistics hub. Web applications crashed under 61 million requests per second, knocking public services offline.","Adversaries conducted destructive wiper malware and multi-vector Layer 7 DDoS attacks against a public port logistics hub. Web applications crashed under 61 million requests per second, knocking public services offline.",denial_of_service_disruption,Denial Of Service Disruption
eurepoc_200261,eurepoc,2024-04-10,Technical Cyber Threat Incident,"A persistent flood of HTTP/2 Rapid Reset requests disrupted the border gateway and online authentication servers of a commercial banking network, causing complete denial of service for 44 hours.","A persistent flood of HTTP/2 Rapid Reset requests disrupted the border gateway and online authentication servers of a commercial banking network, causing complete denial of service for 44 hours.",denial_of_service_disruption,Denial Of Service Disruption
eurepoc_200262,eurepoc,2024-04-10,Technical Cyber Threat Incident,"A sophisticated double-extortion ransomware campaign orchestrated by LockBit 3.0 compromised the internal network of a commercial banking network via compromised credentials. The actors exfiltrated 635GB of proprietary databases before deploying ransomware binaries. A ransom demand of $4,898K in Bitcoin was posted, threatening public leak on darknet forums.","A sophisticated double-extortion ransomware campaign orchestrated by LockBit 3.0 compromised the internal network of a commercial banking network via compromised credentials. The actors exfiltrated 635GB of proprietary databases before deploying ransomware binaries. A ransom demand of $4,898K in Bitcoin was posted, threatening public leak on darknet forums.",ransomware_extortion,Ransomware Extortion
eurepoc_200263,eurepoc,2024-04-10,Technical Cyber Threat Incident,"A massive volumetric Distributed Denial of Service (DDoS) attack peaking at 1.6 Tbps targeted a regional healthcare facility. The attack exploited an amplified DNS/UDP reflection vector through a global IoT botnet, resulting in 68 hours of total service outage.","A massive volumetric Distributed Denial of Service (DDoS) attack peaking at 1.6 Tbps targeted a regional healthcare facility. The attack exploited an amplified DNS/UDP reflection vector through a global IoT botnet, resulting in 68 hours of total service outage.",denial_of_service_disruption,Denial Of Service Disruption
eurepoc_200264,eurepoc,2024-04-10,Technical Cyber Threat Incident,"A sophisticated double-extortion ransomware campaign orchestrated by Akira compromised the internal network of a municipal water authority via compromised credentials. The actors exfiltrated 882GB of proprietary databases before deploying ransomware binaries. A ransom demand of $3,169K in Bitcoin was posted, threatening public leak on darknet forums.","A sophisticated double-extortion ransomware campaign orchestrated by Akira compromised the internal network of a municipal water authority via compromised credentials. The actors exfiltrated 882GB of proprietary databases before deploying ransomware binaries. A ransom demand of $3,169K in Bitcoin was posted, threatening public leak on darknet forums.",ransomware_extortion,Ransomware Extortion
eurepoc_200265,eurepoc,2024-04-10,Technical Cyber Threat Incident,"An unauthenticated cloud storage bucket maintained by a telecommunications provider was compromised by unauthorized third parties. Attackers accessed 491,000 confidential records and backend system credentials.","An unauthenticated cloud storage bucket maintained by a telecommunications provider was compromised by unauthorized third parties. Attackers accessed 491,000 confidential records and backend system credentials.",unauthorized_access_hacking,Unauthorized Access Hacking
eurepoc_200266,eurepoc,2024-04-10,Technical Cyber Threat Incident,"A critical ransomware outbreak hit a municipal water authority. Operators weaponized vulnerability CVE-2023-2868 in perimeter firewalls to establish persistent C2 access. File systems were encrypted and volume shadow copies destroyed. The extortion group demanded $6,103K for decryption tools.","A critical ransomware outbreak hit a municipal water authority. Operators weaponized vulnerability CVE-2023-2868 in perimeter firewalls to establish persistent C2 access. File systems were encrypted and volume shadow copies destroyed. The extortion group demanded $6,103K for decryption tools.",ransomware_extortion,Ransomware Extortion
eurepoc_200267,eurepoc,2024-04-10,Technical Cyber Threat Incident,"Threat group LockBit 3.0 launched an extortion attack against a municipal water authority. All virtual hypervisors and backup domains were encrypted. Negotiations demanded $1,436K within 48 hours to halt the auction of exfiltrated administrative files.","Threat group LockBit 3.0 launched an extortion attack against a municipal water authority. All virtual hypervisors and backup domains were encrypted. Negotiations demanded $1,436K within 48 hours to halt the auction of exfiltrated administrative files.",ransomware_extortion,Ransomware Extortion
eurepoc_200268,eurepoc,2024-04-10,Technical Cyber Threat Incident,"An unauthenticated cloud storage bucket maintained by a government tax agency was compromised by unauthorized third parties. Attackers accessed 369,000 confidential records and backend system credentials.","An unauthenticated cloud storage bucket maintained by a government tax agency was compromised by unauthorized third parties. Attackers accessed 369,000 confidential records and backend system credentials.",unauthorized_access_hacking,Unauthorized Access Hacking
eurepoc_200269,eurepoc,2024-04-10,Technical Cyber Threat Incident,"A critical ransomware outbreak hit a commercial banking network. Operators weaponized vulnerability CVE-2024-1709 in perimeter firewalls to establish persistent C2 access. File systems were encrypted and volume shadow copies destroyed. The extortion group demanded $1,958K for decryption tools.","A critical ransomware outbreak hit a commercial banking network. Operators weaponized vulnerability CVE-2024-1709 in perimeter firewalls to establish persistent C2 access. File systems were encrypted and volume shadow copies destroyed. The extortion group demanded $1,958K for decryption tools.",ransomware_extortion,Ransomware Extortion
eurepoc_200270,eurepoc,2024-04-10,Technical Cyber Threat Incident,"State-aligned threat group LockBit 3.0 breached a public port logistics hub using stolen session tokens. Lateral movement was detected across multiple subnets, resulting in unauthorized exfiltration of sensitive telemetry.","State-aligned threat group LockBit 3.0 breached a public port logistics hub using stolen session tokens. Lateral movement was detected across multiple subnets, resulting in unauthorized exfiltration of sensitive telemetry.",unauthorized_access_hacking,Unauthorized Access Hacking
eurepoc_200271,eurepoc,2024-04-10,Technical Cyber Threat Incident,"A massive volumetric Distributed Denial of Service (DDoS) attack peaking at 3.49 Tbps targeted a regional healthcare facility. The attack exploited an amplified DNS/UDP reflection vector through a global IoT botnet, resulting in 33 hours of total service outage.","A massive volumetric Distributed Denial of Service (DDoS) attack peaking at 3.49 Tbps targeted a regional healthcare facility. The attack exploited an amplified DNS/UDP reflection vector through a global IoT botnet, resulting in 33 hours of total service outage.",denial_of_service_disruption,Denial Of Service Disruption
eurepoc_200272,eurepoc,2024-04-10,Technical Cyber Threat Incident,"Adversaries gained unauthorized system access to a aerospace defense contractor by exploiting CVE-2023-4966. The intrusion compromised 399,000 user credentials, establishing persistent reverse shells across the internal DMZ.","Adversaries gained unauthorized system access to a aerospace defense contractor by exploiting CVE-2023-4966. The intrusion compromised 399,000 user credentials, establishing persistent reverse shells across the internal DMZ.",unauthorized_access_hacking,Unauthorized Access Hacking
eurepoc_200273,eurepoc,2024-04-10,Technical Cyber Threat Incident,"Adversaries conducted destructive wiper malware and multi-vector Layer 7 DDoS attacks against a aerospace defense contractor. Web applications crashed under 24 million requests per second, knocking public services offline.","Adversaries conducted destructive wiper malware and multi-vector Layer 7 DDoS attacks against a aerospace defense contractor. Web applications crashed under 24 million requests per second, knocking public services offline.",denial_of_service_disruption,Denial Of Service Disruption
eurepoc_200274,eurepoc,2024-04-10,Technical Cyber Threat Incident,"State-aligned threat group Akira breached a power grid distributor using stolen session tokens. Lateral movement was detected across multiple subnets, resulting in unauthorized exfiltration of sensitive telemetry.","State-aligned threat group Akira breached a power grid distributor using stolen session tokens. Lateral movement was detected across multiple subnets, resulting in unauthorized exfiltration of sensitive telemetry.",unauthorized_access_hacking,Unauthorized Access Hacking
eurepoc_200275,eurepoc,2024-04-10,Technical Cyber Threat Incident,"A sophisticated double-extortion ransomware campaign orchestrated by Lazarus Group compromised the internal network of a commercial banking network via compromised credentials. The actors exfiltrated 399GB of proprietary databases before deploying ransomware binaries. A ransom demand of $6,504K in Bitcoin was posted, threatening public leak on darknet forums.","A sophisticated double-extortion ransomware campaign orchestrated by Lazarus Group compromised the internal network of a commercial banking network via compromised credentials. The actors exfiltrated 399GB of proprietary databases before deploying ransomware binaries. A ransom demand of $6,504K in Bitcoin was posted, threatening public leak on darknet forums.",ransomware_extortion,Ransomware Extortion
eurepoc_200276,eurepoc,2024-04-10,Technical Cyber Threat Incident,"Threat group Akira launched an extortion attack against a power grid distributor. All virtual hypervisors and backup domains were encrypted. Negotiations demanded $7,036K within 48 hours to halt the auction of exfiltrated administrative files.","Threat group Akira launched an extortion attack against a power grid distributor. All virtual hypervisors and backup domains were encrypted. Negotiations demanded $7,036K within 48 hours to halt the auction of exfiltrated administrative files.",ransomware_extortion,Ransomware Extortion
eurepoc_200277,eurepoc,2024-04-10,Technical Cyber Threat Incident,"A persistent flood of HTTP/2 Rapid Reset requests disrupted the border gateway and online authentication servers of a government tax agency, causing complete denial of service for 39 hours.","A persistent flood of HTTP/2 Rapid Reset requests disrupted the border gateway and online authentication servers of a government tax agency, causing complete denial of service for 39 hours.",denial_of_service_disruption,Denial Of Service Disruption
eurepoc_200278,eurepoc,2024-04-10,Technical Cyber Threat Incident,"A massive volumetric Distributed Denial of Service (DDoS) attack peaking at 2.25 Tbps targeted a power grid distributor. The attack exploited an amplified DNS/UDP reflection vector through a global IoT botnet, resulting in 65 hours of total service outage.","A massive volumetric Distributed Denial of Service (DDoS) attack peaking at 2.25 Tbps targeted a power grid distributor. The attack exploited an amplified DNS/UDP reflection vector through a global IoT botnet, resulting in 65 hours of total service outage.",denial_of_service_disruption,Denial Of Service Disruption
eurepoc_200279,eurepoc,2024-04-10,Technical Cyber Threat Incident,"A sophisticated double-extortion ransomware campaign orchestrated by Sandworm compromised the internal network of a commercial banking network via compromised credentials. The actors exfiltrated 246GB of proprietary databases before deploying ransomware binaries. A ransom demand of $3,545K in Bitcoin was posted, threatening public leak on darknet forums.","A sophisticated double-extortion ransomware campaign orchestrated by Sandworm compromised the internal network of a commercial banking network via compromised credentials. The actors exfiltrated 246GB of proprietary databases before deploying ransomware binaries. A ransom demand of $3,545K in Bitcoin was posted, threatening public leak on darknet forums.",ransomware_extortion,Ransomware Extortion
eurepoc_200280,eurepoc,2024-04-10,Technical Cyber Threat Incident,"Threat group LockBit 3.0 launched an extortion attack against a aerospace defense contractor. All virtual hypervisors and backup domains were encrypted. Negotiations demanded $4,332K within 48 hours to halt the auction of exfiltrated administrative files.","Threat group LockBit 3.0 launched an extortion attack against a aerospace defense contractor. All virtual hypervisors and backup domains were encrypted. Negotiations demanded $4,332K within 48 hours to halt the auction of exfiltrated administrative files.",ransomware_extortion,Ransomware Extortion
eurepoc_200281,eurepoc,2024-04-10,Technical Cyber Threat Incident,"A sophisticated double-extortion ransomware campaign orchestrated by Sandworm compromised the internal network of a power grid distributor via compromised credentials. The actors exfiltrated 152GB of proprietary databases before deploying ransomware binaries. A ransom demand of $8,093K in Bitcoin was posted, threatening public leak on darknet forums.","A sophisticated double-extortion ransomware campaign orchestrated by Sandworm compromised the internal network of a power grid distributor via compromised credentials. The actors exfiltrated 152GB of proprietary databases before deploying ransomware binaries. A ransom demand of $8,093K in Bitcoin was posted, threatening public leak on darknet forums.",ransomware_extortion,Ransomware Extortion
eurepoc_200282,eurepoc,2024-04-10,Technical Cyber Threat Incident,"Threat group Lazarus Group launched an extortion attack against a telecommunications provider. All virtual hypervisors and backup domains were encrypted. Negotiations demanded $7,184K within 48 hours to halt the auction of exfiltrated administrative files.","Threat group Lazarus Group launched an extortion attack against a telecommunications provider. All virtual hypervisors and backup domains were encrypted. Negotiations demanded $7,184K within 48 hours to halt the auction of exfiltrated administrative files.",ransomware_extortion,Ransomware Extortion
eurepoc_200283,eurepoc,2024-04-10,Technical Cyber Threat Incident,"A critical ransomware outbreak hit a public port logistics hub. Operators weaponized vulnerability CVE-2023-2868 in perimeter firewalls to establish persistent C2 access. File systems were encrypted and volume shadow copies destroyed. The extortion group demanded $7,023K for decryption tools.","A critical ransomware outbreak hit a public port logistics hub. Operators weaponized vulnerability CVE-2023-2868 in perimeter firewalls to establish persistent C2 access. File systems were encrypted and volume shadow copies destroyed. The extortion group demanded $7,023K for decryption tools.",ransomware_extortion,Ransomware Extortion
eurepoc_200284,eurepoc,2024-04-10,Technical Cyber Threat Incident,"State-aligned threat group BlackCat (ALPHV) breached a power grid distributor using stolen session tokens. Lateral movement was detected across multiple subnets, resulting in unauthorized exfiltration of sensitive telemetry.","State-aligned threat group BlackCat (ALPHV) breached a power grid distributor using stolen session tokens. Lateral movement was detected across multiple subnets, resulting in unauthorized exfiltration of sensitive telemetry.",unauthorized_access_hacking,Unauthorized Access Hacking
eurepoc_200285,eurepoc,2024-04-10,Technical Cyber Threat Incident,"State-aligned threat group Lazarus Group breached a commercial banking network using stolen session tokens. Lateral movement was detected across multiple subnets, resulting in unauthorized exfiltration of sensitive telemetry.","State-aligned threat group Lazarus Group breached a commercial banking network using stolen session tokens. Lateral movement was detected across multiple subnets, resulting in unauthorized exfiltration of sensitive telemetry.",unauthorized_access_hacking,Unauthorized Access Hacking
eurepoc_200286,eurepoc,2024-04-10,Technical Cyber Threat Incident,"State-aligned threat group BlackCat (ALPHV) breached a municipal water authority using stolen session tokens. Lateral movement was detected across multiple subnets, resulting in unauthorized exfiltration of sensitive telemetry.","State-aligned threat group BlackCat (ALPHV) breached a municipal water authority using stolen session tokens. Lateral movement was detected across multiple subnets, resulting in unauthorized exfiltration of sensitive telemetry.",unauthorized_access_hacking,Unauthorized Access Hacking
eurepoc_200287,eurepoc,2024-04-10,Technical Cyber Threat Incident,"A critical ransomware outbreak hit a government tax agency. Operators weaponized vulnerability CVE-2023-4966 in perimeter firewalls to establish persistent C2 access. File systems were encrypted and volume shadow copies destroyed. The extortion group demanded $8,163K for decryption tools.","A critical ransomware outbreak hit a government tax agency. Operators weaponized vulnerability CVE-2023-4966 in perimeter firewalls to establish persistent C2 access. File systems were encrypted and volume shadow copies destroyed. The extortion group demanded $8,163K for decryption tools.",ransomware_extortion,Ransomware Extortion
eurepoc_200288,eurepoc,2024-04-10,Technical Cyber Threat Incident,"Threat group Lazarus Group launched an extortion attack against a regional healthcare facility. All virtual hypervisors and backup domains were encrypted. Negotiations demanded $4,393K within 48 hours to halt the auction of exfiltrated administrative files.","Threat group Lazarus Group launched an extortion attack against a regional healthcare facility. All virtual hypervisors and backup domains were encrypted. Negotiations demanded $4,393K within 48 hours to halt the auction of exfiltrated administrative files.",ransomware_extortion,Ransomware Extortion
eurepoc_200289,eurepoc,2024-04-10,Technical Cyber Threat Incident,"Threat group Cl0p launched an extortion attack against a public port logistics hub. All virtual hypervisors and backup domains were encrypted. Negotiations demanded $5,062K within 48 hours to halt the auction of exfiltrated administrative files.","Threat group Cl0p launched an extortion attack against a public port logistics hub. All virtual hypervisors and backup domains were encrypted. Negotiations demanded $5,062K within 48 hours to halt the auction of exfiltrated administrative files.",ransomware_extortion,Ransomware Extortion
eurepoc_200290,eurepoc,2024-04-10,Technical Cyber Threat Incident,"A massive volumetric Distributed Denial of Service (DDoS) attack peaking at 1.29 Tbps targeted a public port logistics hub. The attack exploited an amplified DNS/UDP reflection vector through a global IoT botnet, resulting in 43 hours of total service outage.","A massive volumetric Distributed Denial of Service (DDoS) attack peaking at 1.29 Tbps targeted a public port logistics hub. The attack exploited an amplified DNS/UDP reflection vector through a global IoT botnet, resulting in 43 hours of total service outage.",denial_of_service_disruption,Denial Of Service Disruption
eurepoc_200291,eurepoc,2024-04-10,Technical Cyber Threat Incident,"A massive volumetric Distributed Denial of Service (DDoS) attack peaking at 1.29 Tbps targeted a aerospace defense contractor. The attack exploited an amplified DNS/UDP reflection vector through a global IoT botnet, resulting in 23 hours of total service outage.","A massive volumetric Distributed Denial of Service (DDoS) attack peaking at 1.29 Tbps targeted a aerospace defense contractor. The attack exploited an amplified DNS/UDP reflection vector through a global IoT botnet, resulting in 23 hours of total service outage.",denial_of_service_disruption,Denial Of Service Disruption
eurepoc_200292,eurepoc,2024-04-10,Technical Cyber Threat Incident,"Threat group LockBit 3.0 launched an extortion attack against a national railway operator. All virtual hypervisors and backup domains were encrypted. Negotiations demanded $4,616K within 48 hours to halt the auction of exfiltrated administrative files.","Threat group LockBit 3.0 launched an extortion attack against a national railway operator. All virtual hypervisors and backup domains were encrypted. Negotiations demanded $4,616K within 48 hours to halt the auction of exfiltrated administrative files.",ransomware_extortion,Ransomware Extortion
eurepoc_200293,eurepoc,2024-04-10,Technical Cyber Threat Incident,"Adversaries gained unauthorized system access to a public port logistics hub by exploiting CVE-2023-20198. The intrusion compromised 767,000 user credentials, establishing persistent reverse shells across the internal DMZ.","Adversaries gained unauthorized system access to a public port logistics hub by exploiting CVE-2023-20198. The intrusion compromised 767,000 user credentials, establishing persistent reverse shells across the internal DMZ.",unauthorized_access_hacking,Unauthorized Access Hacking
eurepoc_200294,eurepoc,2024-04-10,Technical Cyber Threat Incident,"An unauthenticated cloud storage bucket maintained by a power grid distributor was compromised by unauthorized third parties. Attackers accessed 462,000 confidential records and backend system credentials.","An unauthenticated cloud storage bucket maintained by a power grid distributor was compromised by unauthorized third parties. Attackers accessed 462,000 confidential records and backend system credentials.",unauthorized_access_hacking,Unauthorized Access Hacking
eurepoc_200295,eurepoc,2024-04-10,Technical Cyber Threat Incident,"Adversaries conducted destructive wiper malware and multi-vector Layer 7 DDoS attacks against a power grid distributor. Web applications crashed under 76 million requests per second, knocking public services offline.","Adversaries conducted destructive wiper malware and multi-vector Layer 7 DDoS attacks against a power grid distributor. Web applications crashed under 76 million requests per second, knocking public services offline.",denial_of_service_disruption,Denial Of Service Disruption
eurepoc_200296,eurepoc,2024-04-10,Technical Cyber Threat Incident,"State-aligned threat group Akira breached a municipal water authority using stolen session tokens. Lateral movement was detected across multiple subnets, resulting in unauthorized exfiltration of sensitive telemetry.","State-aligned threat group Akira breached a municipal water authority using stolen session tokens. Lateral movement was detected across multiple subnets, resulting in unauthorized exfiltration of sensitive telemetry.",unauthorized_access_hacking,Unauthorized Access Hacking
eurepoc_200297,eurepoc,2024-04-10,Technical Cyber Threat Incident,"An unauthenticated cloud storage bucket maintained by a telecommunications provider was compromised by unauthorized third parties. Attackers accessed 318,000 confidential records and backend system credentials.","An unauthenticated cloud storage bucket maintained by a telecommunications provider was compromised by unauthorized third parties. Attackers accessed 318,000 confidential records and backend system credentials.",unauthorized_access_hacking,Unauthorized Access Hacking
eurepoc_200298,eurepoc,2024-04-10,Technical Cyber Threat Incident,"Threat group Cl0p launched an extortion attack against a regional healthcare facility. All virtual hypervisors and backup domains were encrypted. Negotiations demanded $3,349K within 48 hours to halt the auction of exfiltrated administrative files.","Threat group Cl0p launched an extortion attack against a regional healthcare facility. All virtual hypervisors and backup domains were encrypted. Negotiations demanded $3,349K within 48 hours to halt the auction of exfiltrated administrative files.",ransomware_extortion,Ransomware Extortion
eurepoc_200299,eurepoc,2024-04-10,Technical Cyber Threat Incident,"Adversaries conducted destructive wiper malware and multi-vector Layer 7 DDoS attacks against a pharmaceutical research lab. Web applications crashed under 86 million requests per second, knocking public services offline.","Adversaries conducted destructive wiper malware and multi-vector Layer 7 DDoS attacks against a pharmaceutical research lab. Web applications crashed under 86 million requests per second, knocking public services offline.",denial_of_service_disruption,Denial Of Service Disruption
eurepoc_200300,eurepoc,2024-04-10,Technical Cyber Threat Incident,"Threat group Lazarus Group launched an extortion attack against a national railway operator. All virtual hypervisors and backup domains were encrypted. Negotiations demanded $8,097K within 48 hours to halt the auction of exfiltrated administrative files.","Threat group Lazarus Group launched an extortion attack against a national railway operator. All virtual hypervisors and backup domains were encrypted. Negotiations demanded $8,097K within 48 hours to halt the auction of exfiltrated administrative files.",ransomware_extortion,Ransomware Extortion
eurepoc_200301,eurepoc,2024-04-10,Technical Cyber Threat Incident,"A critical ransomware outbreak hit a pharmaceutical research lab. Operators weaponized vulnerability CVE-2023-20198 in perimeter firewalls to establish persistent C2 access. File systems were encrypted and volume shadow copies destroyed. The extortion group demanded $6,916K for decryption tools.","A critical ransomware outbreak hit a pharmaceutical research lab. Operators weaponized vulnerability CVE-2023-20198 in perimeter firewalls to establish persistent C2 access. File systems were encrypted and volume shadow copies destroyed. The extortion group demanded $6,916K for decryption tools.",ransomware_extortion,Ransomware Extortion
eurepoc_200302,eurepoc,2024-04-10,Technical Cyber Threat Incident,"A critical ransomware outbreak hit a aerospace defense contractor. Operators weaponized vulnerability CVE-2023-2868 in perimeter firewalls to establish persistent C2 access. File systems were encrypted and volume shadow copies destroyed. The extortion group demanded $8,239K for decryption tools.","A critical ransomware outbreak hit a aerospace defense contractor. Operators weaponized vulnerability CVE-2023-2868 in perimeter firewalls to establish persistent C2 access. File systems were encrypted and volume shadow copies destroyed. The extortion group demanded $8,239K for decryption tools.",ransomware_extortion,Ransomware Extortion
eurepoc_200303,eurepoc,2024-04-10,Technical Cyber Threat Incident,"Attackers distributed phishing lures disguised as urgent software patch advisories to personnel at a municipal water authority, leading to payload execution and credential compromise.","Attackers distributed phishing lures disguised as urgent software patch advisories to personnel at a municipal water authority, leading to payload execution and credential compromise.",phishing_social_engineering,Phishing Social Engineering
eurepoc_200304,eurepoc,2024-04-10,Technical Cyber Threat Incident,"An unauthenticated cloud storage bucket maintained by a municipal water authority was compromised by unauthorized third parties. Attackers accessed 287,000 confidential records and backend system credentials.","An unauthenticated cloud storage bucket maintained by a municipal water authority was compromised by unauthorized third parties. Attackers accessed 287,000 confidential records and backend system credentials.",unauthorized_access_hacking,Unauthorized Access Hacking
eurepoc_200305,eurepoc,2024-04-10,Technical Cyber Threat Incident,"A critical ransomware outbreak hit a aerospace defense contractor. Operators weaponized vulnerability CVE-2023-2868 in perimeter firewalls to establish persistent C2 access. File systems were encrypted and volume shadow copies destroyed. The extortion group demanded $4,933K for decryption tools.","A critical ransomware outbreak hit a aerospace defense contractor. Operators weaponized vulnerability CVE-2023-2868 in perimeter firewalls to establish persistent C2 access. File systems were encrypted and volume shadow copies destroyed. The extortion group demanded $4,933K for decryption tools.",ransomware_extortion,Ransomware Extortion
eurepoc_200306,eurepoc,2024-04-10,Technical Cyber Threat Incident,"Employees at a municipal water authority received spoofed Microsoft 365 login requests. The Adversary-in-the-Middle (AiTM) proxy captured session cookies and bypassed MFA, facilitating unauthorized email forwarding rules.","Employees at a municipal water authority received spoofed Microsoft 365 login requests. The Adversary-in-the-Middle (AiTM) proxy captured session cookies and bypassed MFA, facilitating unauthorized email forwarding rules.",phishing_social_engineering,Phishing Social Engineering
eurepoc_200307,eurepoc,2024-04-10,Technical Cyber Threat Incident,"State-aligned threat group Sandworm breached a national railway operator using stolen session tokens. Lateral movement was detected across multiple subnets, resulting in unauthorized exfiltration of sensitive telemetry.","State-aligned threat group Sandworm breached a national railway operator using stolen session tokens. Lateral movement was detected across multiple subnets, resulting in unauthorized exfiltration of sensitive telemetry.",unauthorized_access_hacking,Unauthorized Access Hacking
eurepoc_200308,eurepoc,2024-04-10,Technical Cyber Threat Incident,"Adversaries gained unauthorized system access to a public port logistics hub by exploiting CVE-2024-1709. The intrusion compromised 521,000 user credentials, establishing persistent reverse shells across the internal DMZ.","Adversaries gained unauthorized system access to a public port logistics hub by exploiting CVE-2024-1709. The intrusion compromised 521,000 user credentials, establishing persistent reverse shells across the internal DMZ.",unauthorized_access_hacking,Unauthorized Access Hacking
eurepoc_200309,eurepoc,2024-04-10,Technical Cyber Threat Incident,"Adversaries gained unauthorized system access to a commercial banking network by exploiting CVE-2023-4966. The intrusion compromised 159,000 user credentials, establishing persistent reverse shells across the internal DMZ.","Adversaries gained unauthorized system access to a commercial banking network by exploiting CVE-2023-4966. The intrusion compromised 159,000 user credentials, establishing persistent reverse shells across the internal DMZ.",unauthorized_access_hacking,Unauthorized Access Hacking
eurepoc_200310,eurepoc,2024-04-10,Technical Cyber Threat Incident,"A sophisticated double-extortion ransomware campaign orchestrated by Sandworm compromised the internal network of a municipal water authority via compromised credentials. The actors exfiltrated 618GB of proprietary databases before deploying ransomware binaries. A ransom demand of $4,276K in Bitcoin was posted, threatening public leak on darknet forums.","A sophisticated double-extortion ransomware campaign orchestrated by Sandworm compromised the internal network of a municipal water authority via compromised credentials. The actors exfiltrated 618GB of proprietary databases before deploying ransomware binaries. A ransom demand of $4,276K in Bitcoin was posted, threatening public leak on darknet forums.",ransomware_extortion,Ransomware Extortion
eurepoc_200311,eurepoc,2024-04-10,Technical Cyber Threat Incident,"A critical ransomware outbreak hit a municipal water authority. Operators weaponized vulnerability CVE-2023-4966 in perimeter firewalls to establish persistent C2 access. File systems were encrypted and volume shadow copies destroyed. The extortion group demanded $8,119K for decryption tools.","A critical ransomware outbreak hit a municipal water authority. Operators weaponized vulnerability CVE-2023-4966 in perimeter firewalls to establish persistent C2 access. File systems were encrypted and volume shadow copies destroyed. The extortion group demanded $8,119K for decryption tools.",ransomware_extortion,Ransomware Extortion
eurepoc_200312,eurepoc,2024-04-10,Technical Cyber Threat Incident,"A critical ransomware outbreak hit a aerospace defense contractor. Operators weaponized vulnerability CVE-2023-4966 in perimeter firewalls to establish persistent C2 access. File systems were encrypted and volume shadow copies destroyed. The extortion group demanded $1,660K for decryption tools.","A critical ransomware outbreak hit a aerospace defense contractor. Operators weaponized vulnerability CVE-2023-4966 in perimeter firewalls to establish persistent C2 access. File systems were encrypted and volume shadow copies destroyed. The extortion group demanded $1,660K for decryption tools.",ransomware_extortion,Ransomware Extortion
eurepoc_200313,eurepoc,2024-04-10,Technical Cyber Threat Incident,A spear-phishing campaign attributed to Lazarus Group targeted executives at a national railway operator. Weaponized PDF documents referencing fake regulatory audits delivered an infostealer payload harvesting domain credentials.,A spear-phishing campaign attributed to Lazarus Group targeted executives at a national railway operator. Weaponized PDF documents referencing fake regulatory audits delivered an infostealer payload harvesting domain credentials.,phishing_social_engineering,Phishing Social Engineering
eurepoc_200314,eurepoc,2024-04-10,Technical Cyber Threat Incident,"Adversaries conducted destructive wiper malware and multi-vector Layer 7 DDoS attacks against a pharmaceutical research lab. Web applications crashed under 34 million requests per second, knocking public services offline.","Adversaries conducted destructive wiper malware and multi-vector Layer 7 DDoS attacks against a pharmaceutical research lab. Web applications crashed under 34 million requests per second, knocking public services offline.",denial_of_service_disruption,Denial Of Service Disruption
eurepoc_200315,eurepoc,2024-04-10,Technical Cyber Threat Incident,"A persistent flood of HTTP/2 Rapid Reset requests disrupted the border gateway and online authentication servers of a telecommunications provider, causing complete denial of service for 39 hours.","A persistent flood of HTTP/2 Rapid Reset requests disrupted the border gateway and online authentication servers of a telecommunications provider, causing complete denial of service for 39 hours.",denial_of_service_disruption,Denial Of Service Disruption
eurepoc_200316,eurepoc,2024-04-10,Technical Cyber Threat Incident,"Threat group Sandworm launched an extortion attack against a national railway operator. All virtual hypervisors and backup domains were encrypted. Negotiations demanded $1,102K within 48 hours to halt the auction of exfiltrated administrative files.","Threat group Sandworm launched an extortion attack against a national railway operator. All virtual hypervisors and backup domains were encrypted. Negotiations demanded $1,102K within 48 hours to halt the auction of exfiltrated administrative files.",ransomware_extortion,Ransomware Extortion
eurepoc_200317,eurepoc,2024-04-10,Technical Cyber Threat Incident,"Employees at a government tax agency received spoofed Microsoft 365 login requests. The Adversary-in-the-Middle (AiTM) proxy captured session cookies and bypassed MFA, facilitating unauthorized email forwarding rules.","Employees at a government tax agency received spoofed Microsoft 365 login requests. The Adversary-in-the-Middle (AiTM) proxy captured session cookies and bypassed MFA, facilitating unauthorized email forwarding rules.",phishing_social_engineering,Phishing Social Engineering
eurepoc_200318,eurepoc,2024-04-10,Technical Cyber Threat Incident,"Employees at a pharmaceutical research lab received spoofed Microsoft 365 login requests. The Adversary-in-the-Middle (AiTM) proxy captured session cookies and bypassed MFA, facilitating unauthorized email forwarding rules.","Employees at a pharmaceutical research lab received spoofed Microsoft 365 login requests. The Adversary-in-the-Middle (AiTM) proxy captured session cookies and bypassed MFA, facilitating unauthorized email forwarding rules.",phishing_social_engineering,Phishing Social Engineering
eurepoc_200319,eurepoc,2024-04-10,Technical Cyber Threat Incident,"Attackers distributed phishing lures disguised as urgent software patch advisories to personnel at a commercial banking network, leading to payload execution and credential compromise.","Attackers distributed phishing lures disguised as urgent software patch advisories to personnel at a commercial banking network, leading to payload execution and credential compromise.",phishing_social_engineering,Phishing Social Engineering
eurepoc_200320,eurepoc,2024-04-10,Technical Cyber Threat Incident,"Attackers distributed phishing lures disguised as urgent software patch advisories to personnel at a pharmaceutical research lab, leading to payload execution and credential compromise.","Attackers distributed phishing lures disguised as urgent software patch advisories to personnel at a pharmaceutical research lab, leading to payload execution and credential compromise.",phishing_social_engineering,Phishing Social Engineering
eurepoc_200321,eurepoc,2024-04-10,Technical Cyber Threat Incident,"Threat group Sandworm launched an extortion attack against a telecommunications provider. All virtual hypervisors and backup domains were encrypted. Negotiations demanded $7,039K within 48 hours to halt the auction of exfiltrated administrative files.","Threat group Sandworm launched an extortion attack against a telecommunications provider. All virtual hypervisors and backup domains were encrypted. Negotiations demanded $7,039K within 48 hours to halt the auction of exfiltrated administrative files.",ransomware_extortion,Ransomware Extortion
eurepoc_200322,eurepoc,2024-04-10,Technical Cyber Threat Incident,"Adversaries gained unauthorized system access to a telecommunications provider by exploiting CVE-2024-1709. The intrusion compromised 95,000 user credentials, establishing persistent reverse shells across the internal DMZ.","Adversaries gained unauthorized system access to a telecommunications provider by exploiting CVE-2024-1709. The intrusion compromised 95,000 user credentials, establishing persistent reverse shells across the internal DMZ.",unauthorized_access_hacking,Unauthorized Access Hacking
eurepoc_200323,eurepoc,2024-04-10,Technical Cyber Threat Incident,"Employees at a telecommunications provider received spoofed Microsoft 365 login requests. The Adversary-in-the-Middle (AiTM) proxy captured session cookies and bypassed MFA, facilitating unauthorized email forwarding rules.","Employees at a telecommunications provider received spoofed Microsoft 365 login requests. The Adversary-in-the-Middle (AiTM) proxy captured session cookies and bypassed MFA, facilitating unauthorized email forwarding rules.",phishing_social_engineering,Phishing Social Engineering
eurepoc_200324,eurepoc,2024-04-10,Technical Cyber Threat Incident,"Attackers distributed phishing lures disguised as urgent software patch advisories to personnel at a power grid distributor, leading to payload execution and credential compromise.","Attackers distributed phishing lures disguised as urgent software patch advisories to personnel at a power grid distributor, leading to payload execution and credential compromise.",phishing_social_engineering,Phishing Social Engineering
eurepoc_200325,eurepoc,2024-04-10,Technical Cyber Threat Incident,"Adversaries gained unauthorized system access to a aerospace defense contractor by exploiting CVE-2023-34362. The intrusion compromised 409,000 user credentials, establishing persistent reverse shells across the internal DMZ.","Adversaries gained unauthorized system access to a aerospace defense contractor by exploiting CVE-2023-34362. The intrusion compromised 409,000 user credentials, establishing persistent reverse shells across the internal DMZ.",unauthorized_access_hacking,Unauthorized Access Hacking
eurepoc_200326,eurepoc,2024-04-10,Technical Cyber Threat Incident,"Threat group LockBit 3.0 launched an extortion attack against a pharmaceutical research lab. All virtual hypervisors and backup domains were encrypted. Negotiations demanded $6,370K within 48 hours to halt the auction of exfiltrated administrative files.","Threat group LockBit 3.0 launched an extortion attack against a pharmaceutical research lab. All virtual hypervisors and backup domains were encrypted. Negotiations demanded $6,370K within 48 hours to halt the auction of exfiltrated administrative files.",ransomware_extortion,Ransomware Extortion
eurepoc_200327,eurepoc,2024-04-10,Technical Cyber Threat Incident,"Adversaries conducted destructive wiper malware and multi-vector Layer 7 DDoS attacks against a municipal water authority. Web applications crashed under 62 million requests per second, knocking public services offline.","Adversaries conducted destructive wiper malware and multi-vector Layer 7 DDoS attacks against a municipal water authority. Web applications crashed under 62 million requests per second, knocking public services offline.",denial_of_service_disruption,Denial Of Service Disruption
eurepoc_200328,eurepoc,2024-04-10,Technical Cyber Threat Incident,"A sophisticated double-extortion ransomware campaign orchestrated by Volt Typhoon compromised the internal network of a telecommunications provider via compromised credentials. The actors exfiltrated 773GB of proprietary databases before deploying ransomware binaries. A ransom demand of $1,777K in Bitcoin was posted, threatening public leak on darknet forums.","A sophisticated double-extortion ransomware campaign orchestrated by Volt Typhoon compromised the internal network of a telecommunications provider via compromised credentials. The actors exfiltrated 773GB of proprietary databases before deploying ransomware binaries. A ransom demand of $1,777K in Bitcoin was posted, threatening public leak on darknet forums.",ransomware_extortion,Ransomware Extortion
eurepoc_200329,eurepoc,2024-04-10,Technical Cyber Threat Incident,"A persistent flood of HTTP/2 Rapid Reset requests disrupted the border gateway and online authentication servers of a public port logistics hub, causing complete denial of service for 56 hours.","A persistent flood of HTTP/2 Rapid Reset requests disrupted the border gateway and online authentication servers of a public port logistics hub, causing complete denial of service for 56 hours.",denial_of_service_disruption,Denial Of Service Disruption
eurepoc_200330,eurepoc,2024-04-10,Technical Cyber Threat Incident,"A persistent flood of HTTP/2 Rapid Reset requests disrupted the border gateway and online authentication servers of a regional healthcare facility, causing complete denial of service for 58 hours.","A persistent flood of HTTP/2 Rapid Reset requests disrupted the border gateway and online authentication servers of a regional healthcare facility, causing complete denial of service for 58 hours.",denial_of_service_disruption,Denial Of Service Disruption
eurepoc_200331,eurepoc,2024-04-10,Technical Cyber Threat Incident,A spear-phishing campaign attributed to Akira targeted executives at a aerospace defense contractor. Weaponized PDF documents referencing fake regulatory audits delivered an infostealer payload harvesting domain credentials.,A spear-phishing campaign attributed to Akira targeted executives at a aerospace defense contractor. Weaponized PDF documents referencing fake regulatory audits delivered an infostealer payload harvesting domain credentials.,phishing_social_engineering,Phishing Social Engineering
eurepoc_200332,eurepoc,2024-04-10,Technical Cyber Threat Incident,"Employees at a municipal water authority received spoofed Microsoft 365 login requests. The Adversary-in-the-Middle (AiTM) proxy captured session cookies and bypassed MFA, facilitating unauthorized email forwarding rules.","Employees at a municipal water authority received spoofed Microsoft 365 login requests. The Adversary-in-the-Middle (AiTM) proxy captured session cookies and bypassed MFA, facilitating unauthorized email forwarding rules.",phishing_social_engineering,Phishing Social Engineering
eurepoc_200333,eurepoc,2024-04-10,Technical Cyber Threat Incident,"Threat group LockBit 3.0 launched an extortion attack against a regional healthcare facility. All virtual hypervisors and backup domains were encrypted. Negotiations demanded $2,787K within 48 hours to halt the auction of exfiltrated administrative files.","Threat group LockBit 3.0 launched an extortion attack against a regional healthcare facility. All virtual hypervisors and backup domains were encrypted. Negotiations demanded $2,787K within 48 hours to halt the auction of exfiltrated administrative files.",ransomware_extortion,Ransomware Extortion
eurepoc_200334,eurepoc,2024-04-10,Technical Cyber Threat Incident,"An unauthenticated cloud storage bucket maintained by a commercial banking network was compromised by unauthorized third parties. Attackers accessed 626,000 confidential records and backend system credentials.","An unauthenticated cloud storage bucket maintained by a commercial banking network was compromised by unauthorized third parties. Attackers accessed 626,000 confidential records and backend system credentials.",unauthorized_access_hacking,Unauthorized Access Hacking
eurepoc_200335,eurepoc,2024-04-10,Technical Cyber Threat Incident,"A persistent flood of HTTP/2 Rapid Reset requests disrupted the border gateway and online authentication servers of a national railway operator, causing complete denial of service for 35 hours.","A persistent flood of HTTP/2 Rapid Reset requests disrupted the border gateway and online authentication servers of a national railway operator, causing complete denial of service for 35 hours.",denial_of_service_disruption,Denial Of Service Disruption
eurepoc_200336,eurepoc,2024-04-10,Technical Cyber Threat Incident,"An unauthenticated cloud storage bucket maintained by a telecommunications provider was compromised by unauthorized third parties. Attackers accessed 746,000 confidential records and backend system credentials.","An unauthenticated cloud storage bucket maintained by a telecommunications provider was compromised by unauthorized third parties. Attackers accessed 746,000 confidential records and backend system credentials.",unauthorized_access_hacking,Unauthorized Access Hacking
eurepoc_200337,eurepoc,2024-04-10,Technical Cyber Threat Incident,"Adversaries conducted destructive wiper malware and multi-vector Layer 7 DDoS attacks against a national railway operator. Web applications crashed under 29 million requests per second, knocking public services offline.","Adversaries conducted destructive wiper malware and multi-vector Layer 7 DDoS attacks against a national railway operator. Web applications crashed under 29 million requests per second, knocking public services offline.",denial_of_service_disruption,Denial Of Service Disruption
eurepoc_200338,eurepoc,2024-04-10,Technical Cyber Threat Incident,"Threat group Cl0p launched an extortion attack against a telecommunications provider. All virtual hypervisors and backup domains were encrypted. Negotiations demanded $6,100K within 48 hours to halt the auction of exfiltrated administrative files.","Threat group Cl0p launched an extortion attack against a telecommunications provider. All virtual hypervisors and backup domains were encrypted. Negotiations demanded $6,100K within 48 hours to halt the auction of exfiltrated administrative files.",ransomware_extortion,Ransomware Extortion
eurepoc_200339,eurepoc,2024-04-10,Technical Cyber Threat Incident,"Adversaries gained unauthorized system access to a telecommunications provider by exploiting CVE-2024-1709. The intrusion compromised 524,000 user credentials, establishing persistent reverse shells across the internal DMZ.","Adversaries gained unauthorized system access to a telecommunications provider by exploiting CVE-2024-1709. The intrusion compromised 524,000 user credentials, establishing persistent reverse shells across the internal DMZ.",unauthorized_access_hacking,Unauthorized Access Hacking
eurepoc_200340,eurepoc,2024-04-10,Technical Cyber Threat Incident,"Attackers distributed phishing lures disguised as urgent software patch advisories to personnel at a public port logistics hub, leading to payload execution and credential compromise.","Attackers distributed phishing lures disguised as urgent software patch advisories to personnel at a public port logistics hub, leading to payload execution and credential compromise.",phishing_social_engineering,Phishing Social Engineering
eurepoc_200341,eurepoc,2024-04-10,Technical Cyber Threat Incident,"A critical ransomware outbreak hit a government tax agency. Operators weaponized vulnerability CVE-2023-4966 in perimeter firewalls to establish persistent C2 access. File systems were encrypted and volume shadow copies destroyed. The extortion group demanded $7,940K for decryption tools.","A critical ransomware outbreak hit a government tax agency. Operators weaponized vulnerability CVE-2023-4966 in perimeter firewalls to establish persistent C2 access. File systems were encrypted and volume shadow copies destroyed. The extortion group demanded $7,940K for decryption tools.",ransomware_extortion,Ransomware Extortion
eurepoc_200342,eurepoc,2024-04-10,Technical Cyber Threat Incident,"An unauthenticated cloud storage bucket maintained by a commercial banking network was compromised by unauthorized third parties. Attackers accessed 383,000 confidential records and backend system credentials.","An unauthenticated cloud storage bucket maintained by a commercial banking network was compromised by unauthorized third parties. Attackers accessed 383,000 confidential records and backend system credentials.",unauthorized_access_hacking,Unauthorized Access Hacking
eurepoc_200343,eurepoc,2024-04-10,Technical Cyber Threat Incident,"An unauthenticated cloud storage bucket maintained by a public port logistics hub was compromised by unauthorized third parties. Attackers accessed 485,000 confidential records and backend system credentials.","An unauthenticated cloud storage bucket maintained by a public port logistics hub was compromised by unauthorized third parties. Attackers accessed 485,000 confidential records and backend system credentials.",unauthorized_access_hacking,Unauthorized Access Hacking
eurepoc_200344,eurepoc,2024-04-10,Technical Cyber Threat Incident,"Threat group Volt Typhoon launched an extortion attack against a power grid distributor. All virtual hypervisors and backup domains were encrypted. Negotiations demanded $1,405K within 48 hours to halt the auction of exfiltrated administrative files.","Threat group Volt Typhoon launched an extortion attack against a power grid distributor. All virtual hypervisors and backup domains were encrypted. Negotiations demanded $1,405K within 48 hours to halt the auction of exfiltrated administrative files.",ransomware_extortion,Ransomware Extortion
eurepoc_200345,eurepoc,2024-04-10,Technical Cyber Threat Incident,A spear-phishing campaign attributed to Sandworm targeted executives at a pharmaceutical research lab. Weaponized PDF documents referencing fake regulatory audits delivered an infostealer payload harvesting domain credentials.,A spear-phishing campaign attributed to Sandworm targeted executives at a pharmaceutical research lab. Weaponized PDF documents referencing fake regulatory audits delivered an infostealer payload harvesting domain credentials.,phishing_social_engineering,Phishing Social Engineering
eurepoc_200346,eurepoc,2024-04-10,Technical Cyber Threat Incident,"Attackers distributed phishing lures disguised as urgent software patch advisories to personnel at a telecommunications provider, leading to payload execution and credential compromise.","Attackers distributed phishing lures disguised as urgent software patch advisories to personnel at a telecommunications provider, leading to payload execution and credential compromise.",phishing_social_engineering,Phishing Social Engineering
eurepoc_200347,eurepoc,2024-04-10,Technical Cyber Threat Incident,"Threat group Akira launched an extortion attack against a national railway operator. All virtual hypervisors and backup domains were encrypted. Negotiations demanded $3,843K within 48 hours to halt the auction of exfiltrated administrative files.","Threat group Akira launched an extortion attack against a national railway operator. All virtual hypervisors and backup domains were encrypted. Negotiations demanded $3,843K within 48 hours to halt the auction of exfiltrated administrative files.",ransomware_extortion,Ransomware Extortion
eurepoc_200348,eurepoc,2024-04-10,Technical Cyber Threat Incident,"A sophisticated double-extortion ransomware campaign orchestrated by APT28 (Fancy Bear) compromised the internal network of a municipal water authority via compromised credentials. The actors exfiltrated 435GB of proprietary databases before deploying ransomware binaries. A ransom demand of $5,163K in Bitcoin was posted, threatening public leak on darknet forums.","A sophisticated double-extortion ransomware campaign orchestrated by APT28 (Fancy Bear) compromised the internal network of a municipal water authority via compromised credentials. The actors exfiltrated 435GB of proprietary databases before deploying ransomware binaries. A ransom demand of $5,163K in Bitcoin was posted, threatening public leak on darknet forums.",ransomware_extortion,Ransomware Extortion
eurepoc_200349,eurepoc,2024-04-10,Technical Cyber Threat Incident,"Attackers distributed phishing lures disguised as urgent software patch advisories to personnel at a pharmaceutical research lab, leading to payload execution and credential compromise.","Attackers distributed phishing lures disguised as urgent software patch advisories to personnel at a pharmaceutical research lab, leading to payload execution and credential compromise.",phishing_social_engineering,Phishing Social Engineering
eurepoc_200350,eurepoc,2024-04-10,Technical Cyber Threat Incident,"A persistent flood of HTTP/2 Rapid Reset requests disrupted the border gateway and online authentication servers of a municipal water authority, causing complete denial of service for 59 hours.","A persistent flood of HTTP/2 Rapid Reset requests disrupted the border gateway and online authentication servers of a municipal water authority, causing complete denial of service for 59 hours.",denial_of_service_disruption,Denial Of Service Disruption
eurepoc_200351,eurepoc,2024-04-10,Technical Cyber Threat Incident,"An unauthenticated cloud storage bucket maintained by a government tax agency was compromised by unauthorized third parties. Attackers accessed 166,000 confidential records and backend system credentials.","An unauthenticated cloud storage bucket maintained by a government tax agency was compromised by unauthorized third parties. Attackers accessed 166,000 confidential records and backend system credentials.",unauthorized_access_hacking,Unauthorized Access Hacking
eurepoc_200352,eurepoc,2024-04-10,Technical Cyber Threat Incident,"A massive volumetric Distributed Denial of Service (DDoS) attack peaking at 2.41 Tbps targeted a regional healthcare facility. The attack exploited an amplified DNS/UDP reflection vector through a global IoT botnet, resulting in 27 hours of total service outage.","A massive volumetric Distributed Denial of Service (DDoS) attack peaking at 2.41 Tbps targeted a regional healthcare facility. The attack exploited an amplified DNS/UDP reflection vector through a global IoT botnet, resulting in 27 hours of total service outage.",denial_of_service_disruption,Denial Of Service Disruption
eurepoc_200353,eurepoc,2024-04-10,Technical Cyber Threat Incident,"A critical ransomware outbreak hit a government tax agency. Operators weaponized vulnerability CVE-2023-4966 in perimeter firewalls to establish persistent C2 access. File systems were encrypted and volume shadow copies destroyed. The extortion group demanded $6,737K for decryption tools.","A critical ransomware outbreak hit a government tax agency. Operators weaponized vulnerability CVE-2023-4966 in perimeter firewalls to establish persistent C2 access. File systems were encrypted and volume shadow copies destroyed. The extortion group demanded $6,737K for decryption tools.",ransomware_extortion,Ransomware Extortion
eurepoc_200354,eurepoc,2024-04-10,Technical Cyber Threat Incident,"Adversaries gained unauthorized system access to a government tax agency by exploiting CVE-2023-2868. The intrusion compromised 110,000 user credentials, establishing persistent reverse shells across the internal DMZ.","Adversaries gained unauthorized system access to a government tax agency by exploiting CVE-2023-2868. The intrusion compromised 110,000 user credentials, establishing persistent reverse shells across the internal DMZ.",unauthorized_access_hacking,Unauthorized Access Hacking
eurepoc_200355,eurepoc,2024-04-10,Technical Cyber Threat Incident,"A massive volumetric Distributed Denial of Service (DDoS) attack peaking at 1.63 Tbps targeted a national railway operator. The attack exploited an amplified DNS/UDP reflection vector through a global IoT botnet, resulting in 55 hours of total service outage.","A massive volumetric Distributed Denial of Service (DDoS) attack peaking at 1.63 Tbps targeted a national railway operator. The attack exploited an amplified DNS/UDP reflection vector through a global IoT botnet, resulting in 55 hours of total service outage.",denial_of_service_disruption,Denial Of Service Disruption
eurepoc_200356,eurepoc,2024-04-10,Technical Cyber Threat Incident,"Threat group Cl0p launched an extortion attack against a government tax agency. All virtual hypervisors and backup domains were encrypted. Negotiations demanded $1,581K within 48 hours to halt the auction of exfiltrated administrative files.","Threat group Cl0p launched an extortion attack against a government tax agency. All virtual hypervisors and backup domains were encrypted. Negotiations demanded $1,581K within 48 hours to halt the auction of exfiltrated administrative files.",ransomware_extortion,Ransomware Extortion
eurepoc_200357,eurepoc,2024-04-10,Technical Cyber Threat Incident,"A massive volumetric Distributed Denial of Service (DDoS) attack peaking at 2.94 Tbps targeted a municipal water authority. The attack exploited an amplified DNS/UDP reflection vector through a global IoT botnet, resulting in 5 hours of total service outage.","A massive volumetric Distributed Denial of Service (DDoS) attack peaking at 2.94 Tbps targeted a municipal water authority. The attack exploited an amplified DNS/UDP reflection vector through a global IoT botnet, resulting in 5 hours of total service outage.",denial_of_service_disruption,Denial Of Service Disruption
eurepoc_200358,eurepoc,2024-04-10,Technical Cyber Threat Incident,"Attackers distributed phishing lures disguised as urgent software patch advisories to personnel at a power grid distributor, leading to payload execution and credential compromise.","Attackers distributed phishing lures disguised as urgent software patch advisories to personnel at a power grid distributor, leading to payload execution and credential compromise.",phishing_social_engineering,Phishing Social Engineering
eurepoc_200359,eurepoc,2024-04-10,Technical Cyber Threat Incident,"Employees at a public port logistics hub received spoofed Microsoft 365 login requests. The Adversary-in-the-Middle (AiTM) proxy captured session cookies and bypassed MFA, facilitating unauthorized email forwarding rules.","Employees at a public port logistics hub received spoofed Microsoft 365 login requests. The Adversary-in-the-Middle (AiTM) proxy captured session cookies and bypassed MFA, facilitating unauthorized email forwarding rules.",phishing_social_engineering,Phishing Social Engineering
eurepoc_200360,eurepoc,2024-04-10,Technical Cyber Threat Incident,"Threat group APT28 (Fancy Bear) launched an extortion attack against a regional healthcare facility. All virtual hypervisors and backup domains were encrypted. Negotiations demanded $4,462K within 48 hours to halt the auction of exfiltrated administrative files.","Threat group APT28 (Fancy Bear) launched an extortion attack against a regional healthcare facility. All virtual hypervisors and backup domains were encrypted. Negotiations demanded $4,462K within 48 hours to halt the auction of exfiltrated administrative files.",ransomware_extortion,Ransomware Extortion
eurepoc_200361,eurepoc,2024-04-10,Technical Cyber Threat Incident,"A persistent flood of HTTP/2 Rapid Reset requests disrupted the border gateway and online authentication servers of a telecommunications provider, causing complete denial of service for 52 hours.","A persistent flood of HTTP/2 Rapid Reset requests disrupted the border gateway and online authentication servers of a telecommunications provider, causing complete denial of service for 52 hours.",denial_of_service_disruption,Denial Of Service Disruption
eurepoc_200362,eurepoc,2024-04-10,Technical Cyber Threat Incident,"A sophisticated double-extortion ransomware campaign orchestrated by APT28 (Fancy Bear) compromised the internal network of a telecommunications provider via compromised credentials. The actors exfiltrated 330GB of proprietary databases before deploying ransomware binaries. A ransom demand of $8,021K in Bitcoin was posted, threatening public leak on darknet forums.","A sophisticated double-extortion ransomware campaign orchestrated by APT28 (Fancy Bear) compromised the internal network of a telecommunications provider via compromised credentials. The actors exfiltrated 330GB of proprietary databases before deploying ransomware binaries. A ransom demand of $8,021K in Bitcoin was posted, threatening public leak on darknet forums.",ransomware_extortion,Ransomware Extortion
eurepoc_200363,eurepoc,2024-04-10,Technical Cyber Threat Incident,"An unauthenticated cloud storage bucket maintained by a municipal water authority was compromised by unauthorized third parties. Attackers accessed 514,000 confidential records and backend system credentials.","An unauthenticated cloud storage bucket maintained by a municipal water authority was compromised by unauthorized third parties. Attackers accessed 514,000 confidential records and backend system credentials.",unauthorized_access_hacking,Unauthorized Access Hacking
eurepoc_200364,eurepoc,2024-04-10,Technical Cyber Threat Incident,"An unauthenticated cloud storage bucket maintained by a power grid distributor was compromised by unauthorized third parties. Attackers accessed 517,000 confidential records and backend system credentials.","An unauthenticated cloud storage bucket maintained by a power grid distributor was compromised by unauthorized third parties. Attackers accessed 517,000 confidential records and backend system credentials.",unauthorized_access_hacking,Unauthorized Access Hacking
eurepoc_200365,eurepoc,2024-04-10,Technical Cyber Threat Incident,"State-aligned threat group APT28 (Fancy Bear) breached a commercial banking network using stolen session tokens. Lateral movement was detected across multiple subnets, resulting in unauthorized exfiltration of sensitive telemetry.","State-aligned threat group APT28 (Fancy Bear) breached a commercial banking network using stolen session tokens. Lateral movement was detected across multiple subnets, resulting in unauthorized exfiltration of sensitive telemetry.",unauthorized_access_hacking,Unauthorized Access Hacking
eurepoc_200366,eurepoc,2024-04-10,Technical Cyber Threat Incident,"A critical ransomware outbreak hit a pharmaceutical research lab. Operators weaponized vulnerability CVE-2023-2868 in perimeter firewalls to establish persistent C2 access. File systems were encrypted and volume shadow copies destroyed. The extortion group demanded $3,076K for decryption tools.","A critical ransomware outbreak hit a pharmaceutical research lab. Operators weaponized vulnerability CVE-2023-2868 in perimeter firewalls to establish persistent C2 access. File systems were encrypted and volume shadow copies destroyed. The extortion group demanded $3,076K for decryption tools.",ransomware_extortion,Ransomware Extortion
eurepoc_200367,eurepoc,2024-04-10,Technical Cyber Threat Incident,"A massive volumetric Distributed Denial of Service (DDoS) attack peaking at 3.04 Tbps targeted a regional healthcare facility. The attack exploited an amplified DNS/UDP reflection vector through a global IoT botnet, resulting in 33 hours of total service outage.","A massive volumetric Distributed Denial of Service (DDoS) attack peaking at 3.04 Tbps targeted a regional healthcare facility. The attack exploited an amplified DNS/UDP reflection vector through a global IoT botnet, resulting in 33 hours of total service outage.",denial_of_service_disruption,Denial Of Service Disruption
eurepoc_200368,eurepoc,2024-04-10,Technical Cyber Threat Incident,"Threat group Sandworm launched an extortion attack against a aerospace defense contractor. All virtual hypervisors and backup domains were encrypted. Negotiations demanded $6,385K within 48 hours to halt the auction of exfiltrated administrative files.","Threat group Sandworm launched an extortion attack against a aerospace defense contractor. All virtual hypervisors and backup domains were encrypted. Negotiations demanded $6,385K within 48 hours to halt the auction of exfiltrated administrative files.",ransomware_extortion,Ransomware Extortion
eurepoc_200369,eurepoc,2024-04-10,Technical Cyber Threat Incident,A spear-phishing campaign attributed to Akira targeted executives at a municipal water authority. Weaponized PDF documents referencing fake regulatory audits delivered an infostealer payload harvesting domain credentials.,A spear-phishing campaign attributed to Akira targeted executives at a municipal water authority. Weaponized PDF documents referencing fake regulatory audits delivered an infostealer payload harvesting domain credentials.,phishing_social_engineering,Phishing Social Engineering
eurepoc_200370,eurepoc,2024-04-10,Technical Cyber Threat Incident,"Threat group LockBit 3.0 launched an extortion attack against a public port logistics hub. All virtual hypervisors and backup domains were encrypted. Negotiations demanded $7,275K within 48 hours to halt the auction of exfiltrated administrative files.","Threat group LockBit 3.0 launched an extortion attack against a public port logistics hub. All virtual hypervisors and backup domains were encrypted. Negotiations demanded $7,275K within 48 hours to halt the auction of exfiltrated administrative files.",ransomware_extortion,Ransomware Extortion
eurepoc_200371,eurepoc,2024-04-10,Technical Cyber Threat Incident,"A critical ransomware outbreak hit a municipal water authority. Operators weaponized vulnerability CVE-2023-4966 in perimeter firewalls to establish persistent C2 access. File systems were encrypted and volume shadow copies destroyed. The extortion group demanded $2,969K for decryption tools.","A critical ransomware outbreak hit a municipal water authority. Operators weaponized vulnerability CVE-2023-4966 in perimeter firewalls to establish persistent C2 access. File systems were encrypted and volume shadow copies destroyed. The extortion group demanded $2,969K for decryption tools.",ransomware_extortion,Ransomware Extortion
eurepoc_200372,eurepoc,2024-04-10,Technical Cyber Threat Incident,"An unauthenticated cloud storage bucket maintained by a telecommunications provider was compromised by unauthorized third parties. Attackers accessed 673,000 confidential records and backend system credentials.","An unauthenticated cloud storage bucket maintained by a telecommunications provider was compromised by unauthorized third parties. Attackers accessed 673,000 confidential records and backend system credentials.",unauthorized_access_hacking,Unauthorized Access Hacking
eurepoc_200373,eurepoc,2024-04-10,Technical Cyber Threat Incident,"An unauthenticated cloud storage bucket maintained by a aerospace defense contractor was compromised by unauthorized third parties. Attackers accessed 325,000 confidential records and backend system credentials.","An unauthenticated cloud storage bucket maintained by a aerospace defense contractor was compromised by unauthorized third parties. Attackers accessed 325,000 confidential records and backend system credentials.",unauthorized_access_hacking,Unauthorized Access Hacking
eurepoc_200374,eurepoc,2024-04-10,Technical Cyber Threat Incident,"Attackers distributed phishing lures disguised as urgent software patch advisories to personnel at a aerospace defense contractor, leading to payload execution and credential compromise.","Attackers distributed phishing lures disguised as urgent software patch advisories to personnel at a aerospace defense contractor, leading to payload execution and credential compromise.",phishing_social_engineering,Phishing Social Engineering
eurepoc_200375,eurepoc,2024-04-10,Technical Cyber Threat Incident,"Adversaries gained unauthorized system access to a telecommunications provider by exploiting CVE-2023-4966. The intrusion compromised 600,000 user credentials, establishing persistent reverse shells across the internal DMZ.","Adversaries gained unauthorized system access to a telecommunications provider by exploiting CVE-2023-4966. The intrusion compromised 600,000 user credentials, establishing persistent reverse shells across the internal DMZ.",unauthorized_access_hacking,Unauthorized Access Hacking
eurepoc_200376,eurepoc,2024-04-10,Technical Cyber Threat Incident,"A persistent flood of HTTP/2 Rapid Reset requests disrupted the border gateway and online authentication servers of a municipal water authority, causing complete denial of service for 22 hours.","A persistent flood of HTTP/2 Rapid Reset requests disrupted the border gateway and online authentication servers of a municipal water authority, causing complete denial of service for 22 hours.",denial_of_service_disruption,Denial Of Service Disruption
eurepoc_200377,eurepoc,2024-04-10,Technical Cyber Threat Incident,"A persistent flood of HTTP/2 Rapid Reset requests disrupted the border gateway and online authentication servers of a pharmaceutical research lab, causing complete denial of service for 54 hours.","A persistent flood of HTTP/2 Rapid Reset requests disrupted the border gateway and online authentication servers of a pharmaceutical research lab, causing complete denial of service for 54 hours.",denial_of_service_disruption,Denial Of Service Disruption
eurepoc_200378,eurepoc,2024-04-10,Technical Cyber Threat Incident,"A critical ransomware outbreak hit a government tax agency. Operators weaponized vulnerability CVE-2024-1709 in perimeter firewalls to establish persistent C2 access. File systems were encrypted and volume shadow copies destroyed. The extortion group demanded $3,902K for decryption tools.","A critical ransomware outbreak hit a government tax agency. Operators weaponized vulnerability CVE-2024-1709 in perimeter firewalls to establish persistent C2 access. File systems were encrypted and volume shadow copies destroyed. The extortion group demanded $3,902K for decryption tools.",ransomware_extortion,Ransomware Extortion
eurepoc_200379,eurepoc,2024-04-10,Technical Cyber Threat Incident,"Adversaries gained unauthorized system access to a municipal water authority by exploiting CVE-2024-1709. The intrusion compromised 560,000 user credentials, establishing persistent reverse shells across the internal DMZ.","Adversaries gained unauthorized system access to a municipal water authority by exploiting CVE-2024-1709. The intrusion compromised 560,000 user credentials, establishing persistent reverse shells across the internal DMZ.",unauthorized_access_hacking,Unauthorized Access Hacking
eurepoc_200380,eurepoc,2024-04-10,Technical Cyber Threat Incident,"Employees at a commercial banking network received spoofed Microsoft 365 login requests. The Adversary-in-the-Middle (AiTM) proxy captured session cookies and bypassed MFA, facilitating unauthorized email forwarding rules.","Employees at a commercial banking network received spoofed Microsoft 365 login requests. The Adversary-in-the-Middle (AiTM) proxy captured session cookies and bypassed MFA, facilitating unauthorized email forwarding rules.",phishing_social_engineering,Phishing Social Engineering
eurepoc_200381,eurepoc,2024-04-10,Technical Cyber Threat Incident,"An unauthenticated cloud storage bucket maintained by a public port logistics hub was compromised by unauthorized third parties. Attackers accessed 556,000 confidential records and backend system credentials.","An unauthenticated cloud storage bucket maintained by a public port logistics hub was compromised by unauthorized third parties. Attackers accessed 556,000 confidential records and backend system credentials.",unauthorized_access_hacking,Unauthorized Access Hacking
eurepoc_200382,eurepoc,2024-04-10,Technical Cyber Threat Incident,"Adversaries conducted destructive wiper malware and multi-vector Layer 7 DDoS attacks against a municipal water authority. Web applications crashed under 36 million requests per second, knocking public services offline.","Adversaries conducted destructive wiper malware and multi-vector Layer 7 DDoS attacks against a municipal water authority. Web applications crashed under 36 million requests per second, knocking public services offline.",denial_of_service_disruption,Denial Of Service Disruption
eurepoc_200383,eurepoc,2024-04-10,Technical Cyber Threat Incident,"A massive volumetric Distributed Denial of Service (DDoS) attack peaking at 3.09 Tbps targeted a aerospace defense contractor. The attack exploited an amplified DNS/UDP reflection vector through a global IoT botnet, resulting in 24 hours of total service outage.","A massive volumetric Distributed Denial of Service (DDoS) attack peaking at 3.09 Tbps targeted a aerospace defense contractor. The attack exploited an amplified DNS/UDP reflection vector through a global IoT botnet, resulting in 24 hours of total service outage.",denial_of_service_disruption,Denial Of Service Disruption
eurepoc_200384,eurepoc,2024-04-10,Technical Cyber Threat Incident,"A critical ransomware outbreak hit a commercial banking network. Operators weaponized vulnerability CVE-2023-34362 in perimeter firewalls to establish persistent C2 access. File systems were encrypted and volume shadow copies destroyed. The extortion group demanded $6,048K for decryption tools.","A critical ransomware outbreak hit a commercial banking network. Operators weaponized vulnerability CVE-2023-34362 in perimeter firewalls to establish persistent C2 access. File systems were encrypted and volume shadow copies destroyed. The extortion group demanded $6,048K for decryption tools.",ransomware_extortion,Ransomware Extortion
eurepoc_200385,eurepoc,2024-04-10,Technical Cyber Threat Incident,"A sophisticated double-extortion ransomware campaign orchestrated by Akira compromised the internal network of a national railway operator via compromised credentials. The actors exfiltrated 136GB of proprietary databases before deploying ransomware binaries. A ransom demand of $667K in Bitcoin was posted, threatening public leak on darknet forums.","A sophisticated double-extortion ransomware campaign orchestrated by Akira compromised the internal network of a national railway operator via compromised credentials. The actors exfiltrated 136GB of proprietary databases before deploying ransomware binaries. A ransom demand of $667K in Bitcoin was posted, threatening public leak on darknet forums.",ransomware_extortion,Ransomware Extortion
eurepoc_200386,eurepoc,2024-04-10,Technical Cyber Threat Incident,A spear-phishing campaign attributed to Volt Typhoon targeted executives at a public port logistics hub. Weaponized PDF documents referencing fake regulatory audits delivered an infostealer payload harvesting domain credentials.,A spear-phishing campaign attributed to Volt Typhoon targeted executives at a public port logistics hub. Weaponized PDF documents referencing fake regulatory audits delivered an infostealer payload harvesting domain credentials.,phishing_social_engineering,Phishing Social Engineering
eurepoc_200387,eurepoc,2024-04-10,Technical Cyber Threat Incident,"State-aligned threat group APT28 (Fancy Bear) breached a commercial banking network using stolen session tokens. Lateral movement was detected across multiple subnets, resulting in unauthorized exfiltration of sensitive telemetry.","State-aligned threat group APT28 (Fancy Bear) breached a commercial banking network using stolen session tokens. Lateral movement was detected across multiple subnets, resulting in unauthorized exfiltration of sensitive telemetry.",unauthorized_access_hacking,Unauthorized Access Hacking
eurepoc_200388,eurepoc,2024-04-10,Technical Cyber Threat Incident,"An unauthenticated cloud storage bucket maintained by a aerospace defense contractor was compromised by unauthorized third parties. Attackers accessed 156,000 confidential records and backend system credentials.","An unauthenticated cloud storage bucket maintained by a aerospace defense contractor was compromised by unauthorized third parties. Attackers accessed 156,000 confidential records and backend system credentials.",unauthorized_access_hacking,Unauthorized Access Hacking
eurepoc_200389,eurepoc,2024-04-10,Technical Cyber Threat Incident,"State-aligned threat group Akira breached a power grid distributor using stolen session tokens. Lateral movement was detected across multiple subnets, resulting in unauthorized exfiltration of sensitive telemetry.","State-aligned threat group Akira breached a power grid distributor using stolen session tokens. Lateral movement was detected across multiple subnets, resulting in unauthorized exfiltration of sensitive telemetry.",unauthorized_access_hacking,Unauthorized Access Hacking
eurepoc_200390,eurepoc,2024-04-10,Technical Cyber Threat Incident,"A sophisticated double-extortion ransomware campaign orchestrated by Cl0p compromised the internal network of a regional healthcare facility via compromised credentials. The actors exfiltrated 494GB of proprietary databases before deploying ransomware binaries. A ransom demand of $1,578K in Bitcoin was posted, threatening public leak on darknet forums.","A sophisticated double-extortion ransomware campaign orchestrated by Cl0p compromised the internal network of a regional healthcare facility via compromised credentials. The actors exfiltrated 494GB of proprietary databases before deploying ransomware binaries. A ransom demand of $1,578K in Bitcoin was posted, threatening public leak on darknet forums.",ransomware_extortion,Ransomware Extortion
eurepoc_200391,eurepoc,2024-04-10,Technical Cyber Threat Incident,"Threat group Lazarus Group launched an extortion attack against a regional healthcare facility. All virtual hypervisors and backup domains were encrypted. Negotiations demanded $2,803K within 48 hours to halt the auction of exfiltrated administrative files.","Threat group Lazarus Group launched an extortion attack against a regional healthcare facility. All virtual hypervisors and backup domains were encrypted. Negotiations demanded $2,803K within 48 hours to halt the auction of exfiltrated administrative files.",ransomware_extortion,Ransomware Extortion
eurepoc_200392,eurepoc,2024-04-10,Technical Cyber Threat Incident,"A sophisticated double-extortion ransomware campaign orchestrated by Lazarus Group compromised the internal network of a municipal water authority via compromised credentials. The actors exfiltrated 839GB of proprietary databases before deploying ransomware binaries. A ransom demand of $6,802K in Bitcoin was posted, threatening public leak on darknet forums.","A sophisticated double-extortion ransomware campaign orchestrated by Lazarus Group compromised the internal network of a municipal water authority via compromised credentials. The actors exfiltrated 839GB of proprietary databases before deploying ransomware binaries. A ransom demand of $6,802K in Bitcoin was posted, threatening public leak on darknet forums.",ransomware_extortion,Ransomware Extortion
eurepoc_200393,eurepoc,2024-04-10,Technical Cyber Threat Incident,"Attackers distributed phishing lures disguised as urgent software patch advisories to personnel at a municipal water authority, leading to payload execution and credential compromise.","Attackers distributed phishing lures disguised as urgent software patch advisories to personnel at a municipal water authority, leading to payload execution and credential compromise.",phishing_social_engineering,Phishing Social Engineering
eurepoc_200394,eurepoc,2024-04-10,Technical Cyber Threat Incident,"A massive volumetric Distributed Denial of Service (DDoS) attack peaking at 2.47 Tbps targeted a commercial banking network. The attack exploited an amplified DNS/UDP reflection vector through a global IoT botnet, resulting in 58 hours of total service outage.","A massive volumetric Distributed Denial of Service (DDoS) attack peaking at 2.47 Tbps targeted a commercial banking network. The attack exploited an amplified DNS/UDP reflection vector through a global IoT botnet, resulting in 58 hours of total service outage.",denial_of_service_disruption,Denial Of Service Disruption
eurepoc_200395,eurepoc,2024-04-10,Technical Cyber Threat Incident,"A critical ransomware outbreak hit a commercial banking network. Operators weaponized vulnerability CVE-2023-34362 in perimeter firewalls to establish persistent C2 access. File systems were encrypted and volume shadow copies destroyed. The extortion group demanded $7,852K for decryption tools.","A critical ransomware outbreak hit a commercial banking network. Operators weaponized vulnerability CVE-2023-34362 in perimeter firewalls to establish persistent C2 access. File systems were encrypted and volume shadow copies destroyed. The extortion group demanded $7,852K for decryption tools.",ransomware_extortion,Ransomware Extortion
eurepoc_200396,eurepoc,2024-04-10,Technical Cyber Threat Incident,"A critical ransomware outbreak hit a national railway operator. Operators weaponized vulnerability CVE-2023-34362 in perimeter firewalls to establish persistent C2 access. File systems were encrypted and volume shadow copies destroyed. The extortion group demanded $4,076K for decryption tools.","A critical ransomware outbreak hit a national railway operator. Operators weaponized vulnerability CVE-2023-34362 in perimeter firewalls to establish persistent C2 access. File systems were encrypted and volume shadow copies destroyed. The extortion group demanded $4,076K for decryption tools.",ransomware_extortion,Ransomware Extortion
eurepoc_200397,eurepoc,2024-04-10,Technical Cyber Threat Incident,"Adversaries gained unauthorized system access to a aerospace defense contractor by exploiting CVE-2023-20198. The intrusion compromised 232,000 user credentials, establishing persistent reverse shells across the internal DMZ.","Adversaries gained unauthorized system access to a aerospace defense contractor by exploiting CVE-2023-20198. The intrusion compromised 232,000 user credentials, establishing persistent reverse shells across the internal DMZ.",unauthorized_access_hacking,Unauthorized Access Hacking
eurepoc_200398,eurepoc,2024-04-10,Technical Cyber Threat Incident,"Adversaries gained unauthorized system access to a aerospace defense contractor by exploiting CVE-2023-4966. The intrusion compromised 116,000 user credentials, establishing persistent reverse shells across the internal DMZ.","Adversaries gained unauthorized system access to a aerospace defense contractor by exploiting CVE-2023-4966. The intrusion compromised 116,000 user credentials, establishing persistent reverse shells across the internal DMZ.",unauthorized_access_hacking,Unauthorized Access Hacking
eurepoc_200399,eurepoc,2024-04-10,Technical Cyber Threat Incident,"Adversaries gained unauthorized system access to a telecommunications provider by exploiting CVE-2023-4966. The intrusion compromised 156,000 user credentials, establishing persistent reverse shells across the internal DMZ.","Adversaries gained unauthorized system access to a telecommunications provider by exploiting CVE-2023-4966. The intrusion compromised 156,000 user credentials, establishing persistent reverse shells across the internal DMZ.",unauthorized_access_hacking,Unauthorized Access Hacking
eurepoc_200400,eurepoc,2024-04-10,Technical Cyber Threat Incident,"State-aligned threat group LockBit 3.0 breached a pharmaceutical research lab using stolen session tokens. Lateral movement was detected across multiple subnets, resulting in unauthorized exfiltration of sensitive telemetry.","State-aligned threat group LockBit 3.0 breached a pharmaceutical research lab using stolen session tokens. Lateral movement was detected across multiple subnets, resulting in unauthorized exfiltration of sensitive telemetry.",unauthorized_access_hacking,Unauthorized Access Hacking
eurepoc_200401,eurepoc,2024-04-10,Technical Cyber Threat Incident,"Threat group Akira launched an extortion attack against a power grid distributor. All virtual hypervisors and backup domains were encrypted. Negotiations demanded $1,148K within 48 hours to halt the auction of exfiltrated administrative files.","Threat group Akira launched an extortion attack against a power grid distributor. All virtual hypervisors and backup domains were encrypted. Negotiations demanded $1,148K within 48 hours to halt the auction of exfiltrated administrative files.",ransomware_extortion,Ransomware Extortion
eurepoc_200402,eurepoc,2024-04-10,Technical Cyber Threat Incident,"A critical ransomware outbreak hit a national railway operator. Operators weaponized vulnerability CVE-2023-2868 in perimeter firewalls to establish persistent C2 access. File systems were encrypted and volume shadow copies destroyed. The extortion group demanded $4,788K for decryption tools.","A critical ransomware outbreak hit a national railway operator. Operators weaponized vulnerability CVE-2023-2868 in perimeter firewalls to establish persistent C2 access. File systems were encrypted and volume shadow copies destroyed. The extortion group demanded $4,788K for decryption tools.",ransomware_extortion,Ransomware Extortion
eurepoc_200403,eurepoc,2024-04-10,Technical Cyber Threat Incident,"Adversaries conducted destructive wiper malware and multi-vector Layer 7 DDoS attacks against a pharmaceutical research lab. Web applications crashed under 54 million requests per second, knocking public services offline.","Adversaries conducted destructive wiper malware and multi-vector Layer 7 DDoS attacks against a pharmaceutical research lab. Web applications crashed under 54 million requests per second, knocking public services offline.",denial_of_service_disruption,Denial Of Service Disruption
eurepoc_200404,eurepoc,2024-04-10,Technical Cyber Threat Incident,"A critical ransomware outbreak hit a commercial banking network. Operators weaponized vulnerability CVE-2023-34362 in perimeter firewalls to establish persistent C2 access. File systems were encrypted and volume shadow copies destroyed. The extortion group demanded $5,933K for decryption tools.","A critical ransomware outbreak hit a commercial banking network. Operators weaponized vulnerability CVE-2023-34362 in perimeter firewalls to establish persistent C2 access. File systems were encrypted and volume shadow copies destroyed. The extortion group demanded $5,933K for decryption tools.",ransomware_extortion,Ransomware Extortion
eurepoc_200405,eurepoc,2024-04-10,Technical Cyber Threat Incident,"Attackers distributed phishing lures disguised as urgent software patch advisories to personnel at a government tax agency, leading to payload execution and credential compromise.","Attackers distributed phishing lures disguised as urgent software patch advisories to personnel at a government tax agency, leading to payload execution and credential compromise.",phishing_social_engineering,Phishing Social Engineering
eurepoc_200406,eurepoc,2024-04-10,Technical Cyber Threat Incident,"A persistent flood of HTTP/2 Rapid Reset requests disrupted the border gateway and online authentication servers of a public port logistics hub, causing complete denial of service for 54 hours.","A persistent flood of HTTP/2 Rapid Reset requests disrupted the border gateway and online authentication servers of a public port logistics hub, causing complete denial of service for 54 hours.",denial_of_service_disruption,Denial Of Service Disruption
eurepoc_200407,eurepoc,2024-04-10,Technical Cyber Threat Incident,"Adversaries gained unauthorized system access to a commercial banking network by exploiting CVE-2024-1709. The intrusion compromised 430,000 user credentials, establishing persistent reverse shells across the internal DMZ.","Adversaries gained unauthorized system access to a commercial banking network by exploiting CVE-2024-1709. The intrusion compromised 430,000 user credentials, establishing persistent reverse shells across the internal DMZ.",unauthorized_access_hacking,Unauthorized Access Hacking
eurepoc_200408,eurepoc,2024-04-10,Technical Cyber Threat Incident,"A critical ransomware outbreak hit a commercial banking network. Operators weaponized vulnerability CVE-2024-1709 in perimeter firewalls to establish persistent C2 access. File systems were encrypted and volume shadow copies destroyed. The extortion group demanded $1,982K for decryption tools.","A critical ransomware outbreak hit a commercial banking network. Operators weaponized vulnerability CVE-2024-1709 in perimeter firewalls to establish persistent C2 access. File systems were encrypted and volume shadow copies destroyed. The extortion group demanded $1,982K for decryption tools.",ransomware_extortion,Ransomware Extortion
eurepoc_200409,eurepoc,2024-04-10,Technical Cyber Threat Incident,"A sophisticated double-extortion ransomware campaign orchestrated by BlackCat (ALPHV) compromised the internal network of a power grid distributor via compromised credentials. The actors exfiltrated 847GB of proprietary databases before deploying ransomware binaries. A ransom demand of $1,474K in Bitcoin was posted, threatening public leak on darknet forums.","A sophisticated double-extortion ransomware campaign orchestrated by BlackCat (ALPHV) compromised the internal network of a power grid distributor via compromised credentials. The actors exfiltrated 847GB of proprietary databases before deploying ransomware binaries. A ransom demand of $1,474K in Bitcoin was posted, threatening public leak on darknet forums.",ransomware_extortion,Ransomware Extortion
eurepoc_200410,eurepoc,2024-04-10,Technical Cyber Threat Incident,"An unauthenticated cloud storage bucket maintained by a pharmaceutical research lab was compromised by unauthorized third parties. Attackers accessed 183,000 confidential records and backend system credentials.","An unauthenticated cloud storage bucket maintained by a pharmaceutical research lab was compromised by unauthorized third parties. Attackers accessed 183,000 confidential records and backend system credentials.",unauthorized_access_hacking,Unauthorized Access Hacking
eurepoc_200411,eurepoc,2024-04-10,Technical Cyber Threat Incident,"Threat group LockBit 3.0 launched an extortion attack against a national railway operator. All virtual hypervisors and backup domains were encrypted. Negotiations demanded $5,445K within 48 hours to halt the auction of exfiltrated administrative files.","Threat group LockBit 3.0 launched an extortion attack against a national railway operator. All virtual hypervisors and backup domains were encrypted. Negotiations demanded $5,445K within 48 hours to halt the auction of exfiltrated administrative files.",ransomware_extortion,Ransomware Extortion
eurepoc_200412,eurepoc,2024-04-10,Technical Cyber Threat Incident,"A sophisticated double-extortion ransomware campaign orchestrated by APT28 (Fancy Bear) compromised the internal network of a power grid distributor via compromised credentials. The actors exfiltrated 442GB of proprietary databases before deploying ransomware binaries. A ransom demand of $2,517K in Bitcoin was posted, threatening public leak on darknet forums.","A sophisticated double-extortion ransomware campaign orchestrated by APT28 (Fancy Bear) compromised the internal network of a power grid distributor via compromised credentials. The actors exfiltrated 442GB of proprietary databases before deploying ransomware binaries. A ransom demand of $2,517K in Bitcoin was posted, threatening public leak on darknet forums.",ransomware_extortion,Ransomware Extortion
eurepoc_200413,eurepoc,2024-04-10,Technical Cyber Threat Incident,"Adversaries conducted destructive wiper malware and multi-vector Layer 7 DDoS attacks against a public port logistics hub. Web applications crashed under 76 million requests per second, knocking public services offline.","Adversaries conducted destructive wiper malware and multi-vector Layer 7 DDoS attacks against a public port logistics hub. Web applications crashed under 76 million requests per second, knocking public services offline.",denial_of_service_disruption,Denial Of Service Disruption
eurepoc_200414,eurepoc,2024-04-10,Technical Cyber Threat Incident,"A persistent flood of HTTP/2 Rapid Reset requests disrupted the border gateway and online authentication servers of a national railway operator, causing complete denial of service for 44 hours.","A persistent flood of HTTP/2 Rapid Reset requests disrupted the border gateway and online authentication servers of a national railway operator, causing complete denial of service for 44 hours.",denial_of_service_disruption,Denial Of Service Disruption
eurepoc_200415,eurepoc,2024-04-10,Technical Cyber Threat Incident,A spear-phishing campaign attributed to Volt Typhoon targeted executives at a regional healthcare facility. Weaponized PDF documents referencing fake regulatory audits delivered an infostealer payload harvesting domain credentials.,A spear-phishing campaign attributed to Volt Typhoon targeted executives at a regional healthcare facility. Weaponized PDF documents referencing fake regulatory audits delivered an infostealer payload harvesting domain credentials.,phishing_social_engineering,Phishing Social Engineering
eurepoc_200416,eurepoc,2024-04-10,Technical Cyber Threat Incident,"Threat group Sandworm launched an extortion attack against a aerospace defense contractor. All virtual hypervisors and backup domains were encrypted. Negotiations demanded $8,144K within 48 hours to halt the auction of exfiltrated administrative files.","Threat group Sandworm launched an extortion attack against a aerospace defense contractor. All virtual hypervisors and backup domains were encrypted. Negotiations demanded $8,144K within 48 hours to halt the auction of exfiltrated administrative files.",ransomware_extortion,Ransomware Extortion
eurepoc_200417,eurepoc,2024-04-10,Technical Cyber Threat Incident,Threat group Akira launched an extortion attack against a power grid distributor. All virtual hypervisors and backup domains were encrypted. Negotiations demanded $741K within 48 hours to halt the auction of exfiltrated administrative files.,Threat group Akira launched an extortion attack against a power grid distributor. All virtual hypervisors and backup domains were encrypted. Negotiations demanded $741K within 48 hours to halt the auction of exfiltrated administrative files.,ransomware_extortion,Ransomware Extortion
eurepoc_200418,eurepoc,2024-04-10,Technical Cyber Threat Incident,"Threat group Cl0p launched an extortion attack against a aerospace defense contractor. All virtual hypervisors and backup domains were encrypted. Negotiations demanded $7,778K within 48 hours to halt the auction of exfiltrated administrative files.","Threat group Cl0p launched an extortion attack against a aerospace defense contractor. All virtual hypervisors and backup domains were encrypted. Negotiations demanded $7,778K within 48 hours to halt the auction of exfiltrated administrative files.",ransomware_extortion,Ransomware Extortion
eurepoc_200419,eurepoc,2024-04-10,Technical Cyber Threat Incident,"Attackers distributed phishing lures disguised as urgent software patch advisories to personnel at a municipal water authority, leading to payload execution and credential compromise.","Attackers distributed phishing lures disguised as urgent software patch advisories to personnel at a municipal water authority, leading to payload execution and credential compromise.",phishing_social_engineering,Phishing Social Engineering
eurepoc_200420,eurepoc,2024-04-10,Technical Cyber Threat Incident,"A persistent flood of HTTP/2 Rapid Reset requests disrupted the border gateway and online authentication servers of a national railway operator, causing complete denial of service for 59 hours.","A persistent flood of HTTP/2 Rapid Reset requests disrupted the border gateway and online authentication servers of a national railway operator, causing complete denial of service for 59 hours.",denial_of_service_disruption,Denial Of Service Disruption
eurepoc_200421,eurepoc,2024-04-10,Technical Cyber Threat Incident,"Adversaries conducted destructive wiper malware and multi-vector Layer 7 DDoS attacks against a commercial banking network. Web applications crashed under 76 million requests per second, knocking public services offline.","Adversaries conducted destructive wiper malware and multi-vector Layer 7 DDoS attacks against a commercial banking network. Web applications crashed under 76 million requests per second, knocking public services offline.",denial_of_service_disruption,Denial Of Service Disruption
eurepoc_200422,eurepoc,2024-04-10,Technical Cyber Threat Incident,"A persistent flood of HTTP/2 Rapid Reset requests disrupted the border gateway and online authentication servers of a public port logistics hub, causing complete denial of service for 30 hours.","A persistent flood of HTTP/2 Rapid Reset requests disrupted the border gateway and online authentication servers of a public port logistics hub, causing complete denial of service for 30 hours.",denial_of_service_disruption,Denial Of Service Disruption
eurepoc_200423,eurepoc,2024-04-10,Technical Cyber Threat Incident,"A critical ransomware outbreak hit a commercial banking network. Operators weaponized vulnerability CVE-2023-4966 in perimeter firewalls to establish persistent C2 access. File systems were encrypted and volume shadow copies destroyed. The extortion group demanded $7,530K for decryption tools.","A critical ransomware outbreak hit a commercial banking network. Operators weaponized vulnerability CVE-2023-4966 in perimeter firewalls to establish persistent C2 access. File systems were encrypted and volume shadow copies destroyed. The extortion group demanded $7,530K for decryption tools.",ransomware_extortion,Ransomware Extortion
eurepoc_200424,eurepoc,2024-04-10,Technical Cyber Threat Incident,"Adversaries conducted destructive wiper malware and multi-vector Layer 7 DDoS attacks against a government tax agency. Web applications crashed under 39 million requests per second, knocking public services offline.","Adversaries conducted destructive wiper malware and multi-vector Layer 7 DDoS attacks against a government tax agency. Web applications crashed under 39 million requests per second, knocking public services offline.",denial_of_service_disruption,Denial Of Service Disruption
eurepoc_200425,eurepoc,2024-04-10,Technical Cyber Threat Incident,"A critical ransomware outbreak hit a commercial banking network. Operators weaponized vulnerability CVE-2023-2868 in perimeter firewalls to establish persistent C2 access. File systems were encrypted and volume shadow copies destroyed. The extortion group demanded $3,161K for decryption tools.","A critical ransomware outbreak hit a commercial banking network. Operators weaponized vulnerability CVE-2023-2868 in perimeter firewalls to establish persistent C2 access. File systems were encrypted and volume shadow copies destroyed. The extortion group demanded $3,161K for decryption tools.",ransomware_extortion,Ransomware Extortion
eurepoc_200426,eurepoc,2024-04-10,Technical Cyber Threat Incident,"A massive volumetric Distributed Denial of Service (DDoS) attack peaking at 2.63 Tbps targeted a aerospace defense contractor. The attack exploited an amplified DNS/UDP reflection vector through a global IoT botnet, resulting in 47 hours of total service outage.","A massive volumetric Distributed Denial of Service (DDoS) attack peaking at 2.63 Tbps targeted a aerospace defense contractor. The attack exploited an amplified DNS/UDP reflection vector through a global IoT botnet, resulting in 47 hours of total service outage.",denial_of_service_disruption,Denial Of Service Disruption
eurepoc_200427,eurepoc,2024-04-10,Technical Cyber Threat Incident,A spear-phishing campaign attributed to Sandworm targeted executives at a public port logistics hub. Weaponized PDF documents referencing fake regulatory audits delivered an infostealer payload harvesting domain credentials.,A spear-phishing campaign attributed to Sandworm targeted executives at a public port logistics hub. Weaponized PDF documents referencing fake regulatory audits delivered an infostealer payload harvesting domain credentials.,phishing_social_engineering,Phishing Social Engineering
eurepoc_200428,eurepoc,2024-04-10,Technical Cyber Threat Incident,"A persistent flood of HTTP/2 Rapid Reset requests disrupted the border gateway and online authentication servers of a municipal water authority, causing complete denial of service for 70 hours.","A persistent flood of HTTP/2 Rapid Reset requests disrupted the border gateway and online authentication servers of a municipal water authority, causing complete denial of service for 70 hours.",denial_of_service_disruption,Denial Of Service Disruption
eurepoc_200429,eurepoc,2024-04-10,Technical Cyber Threat Incident,"State-aligned threat group LockBit 3.0 breached a government tax agency using stolen session tokens. Lateral movement was detected across multiple subnets, resulting in unauthorized exfiltration of sensitive telemetry.","State-aligned threat group LockBit 3.0 breached a government tax agency using stolen session tokens. Lateral movement was detected across multiple subnets, resulting in unauthorized exfiltration of sensitive telemetry.",unauthorized_access_hacking,Unauthorized Access Hacking
eurepoc_200430,eurepoc,2024-04-10,Technical Cyber Threat Incident,"Adversaries gained unauthorized system access to a municipal water authority by exploiting CVE-2023-34362. The intrusion compromised 770,000 user credentials, establishing persistent reverse shells across the internal DMZ.","Adversaries gained unauthorized system access to a municipal water authority by exploiting CVE-2023-34362. The intrusion compromised 770,000 user credentials, establishing persistent reverse shells across the internal DMZ.",unauthorized_access_hacking,Unauthorized Access Hacking
eurepoc_200431,eurepoc,2024-04-10,Technical Cyber Threat Incident,"A sophisticated double-extortion ransomware campaign orchestrated by Cl0p compromised the internal network of a aerospace defense contractor via compromised credentials. The actors exfiltrated 226GB of proprietary databases before deploying ransomware binaries. A ransom demand of $900K in Bitcoin was posted, threatening public leak on darknet forums.","A sophisticated double-extortion ransomware campaign orchestrated by Cl0p compromised the internal network of a aerospace defense contractor via compromised credentials. The actors exfiltrated 226GB of proprietary databases before deploying ransomware binaries. A ransom demand of $900K in Bitcoin was posted, threatening public leak on darknet forums.",ransomware_extortion,Ransomware Extortion
eurepoc_200432,eurepoc,2024-04-10,Technical Cyber Threat Incident,"Threat group Volt Typhoon launched an extortion attack against a power grid distributor. All virtual hypervisors and backup domains were encrypted. Negotiations demanded $7,035K within 48 hours to halt the auction of exfiltrated administrative files.","Threat group Volt Typhoon launched an extortion attack against a power grid distributor. All virtual hypervisors and backup domains were encrypted. Negotiations demanded $7,035K within 48 hours to halt the auction of exfiltrated administrative files.",ransomware_extortion,Ransomware Extortion
eurepoc_200433,eurepoc,2024-04-10,Technical Cyber Threat Incident,A spear-phishing campaign attributed to Volt Typhoon targeted executives at a government tax agency. Weaponized PDF documents referencing fake regulatory audits delivered an infostealer payload harvesting domain credentials.,A spear-phishing campaign attributed to Volt Typhoon targeted executives at a government tax agency. Weaponized PDF documents referencing fake regulatory audits delivered an infostealer payload harvesting domain credentials.,phishing_social_engineering,Phishing Social Engineering
eurepoc_200434,eurepoc,2024-04-10,Technical Cyber Threat Incident,"State-aligned threat group Cl0p breached a commercial banking network using stolen session tokens. Lateral movement was detected across multiple subnets, resulting in unauthorized exfiltration of sensitive telemetry.","State-aligned threat group Cl0p breached a commercial banking network using stolen session tokens. Lateral movement was detected across multiple subnets, resulting in unauthorized exfiltration of sensitive telemetry.",unauthorized_access_hacking,Unauthorized Access Hacking
eurepoc_200435,eurepoc,2024-04-10,Technical Cyber Threat Incident,"A critical ransomware outbreak hit a commercial banking network. Operators weaponized vulnerability CVE-2024-1709 in perimeter firewalls to establish persistent C2 access. File systems were encrypted and volume shadow copies destroyed. The extortion group demanded $4,283K for decryption tools.","A critical ransomware outbreak hit a commercial banking network. Operators weaponized vulnerability CVE-2024-1709 in perimeter firewalls to establish persistent C2 access. File systems were encrypted and volume shadow copies destroyed. The extortion group demanded $4,283K for decryption tools.",ransomware_extortion,Ransomware Extortion
eurepoc_200436,eurepoc,2024-04-10,Technical Cyber Threat Incident,"A sophisticated double-extortion ransomware campaign orchestrated by Akira compromised the internal network of a national railway operator via compromised credentials. The actors exfiltrated 186GB of proprietary databases before deploying ransomware binaries. A ransom demand of $4,533K in Bitcoin was posted, threatening public leak on darknet forums.","A sophisticated double-extortion ransomware campaign orchestrated by Akira compromised the internal network of a national railway operator via compromised credentials. The actors exfiltrated 186GB of proprietary databases before deploying ransomware binaries. A ransom demand of $4,533K in Bitcoin was posted, threatening public leak on darknet forums.",ransomware_extortion,Ransomware Extortion
eurepoc_200437,eurepoc,2024-04-10,Technical Cyber Threat Incident,"Employees at a aerospace defense contractor received spoofed Microsoft 365 login requests. The Adversary-in-the-Middle (AiTM) proxy captured session cookies and bypassed MFA, facilitating unauthorized email forwarding rules.","Employees at a aerospace defense contractor received spoofed Microsoft 365 login requests. The Adversary-in-the-Middle (AiTM) proxy captured session cookies and bypassed MFA, facilitating unauthorized email forwarding rules.",phishing_social_engineering,Phishing Social Engineering
eurepoc_200438,eurepoc,2024-04-10,Technical Cyber Threat Incident,"Threat group Sandworm launched an extortion attack against a pharmaceutical research lab. All virtual hypervisors and backup domains were encrypted. Negotiations demanded $1,504K within 48 hours to halt the auction of exfiltrated administrative files.","Threat group Sandworm launched an extortion attack against a pharmaceutical research lab. All virtual hypervisors and backup domains were encrypted. Negotiations demanded $1,504K within 48 hours to halt the auction of exfiltrated administrative files.",ransomware_extortion,Ransomware Extortion
eurepoc_200439,eurepoc,2024-04-10,Technical Cyber Threat Incident,"Adversaries gained unauthorized system access to a commercial banking network by exploiting CVE-2024-1709. The intrusion compromised 124,000 user credentials, establishing persistent reverse shells across the internal DMZ.","Adversaries gained unauthorized system access to a commercial banking network by exploiting CVE-2024-1709. The intrusion compromised 124,000 user credentials, establishing persistent reverse shells across the internal DMZ.",unauthorized_access_hacking,Unauthorized Access Hacking
eurepoc_200440,eurepoc,2024-04-10,Technical Cyber Threat Incident,"A massive volumetric Distributed Denial of Service (DDoS) attack peaking at 2.0 Tbps targeted a national railway operator. The attack exploited an amplified DNS/UDP reflection vector through a global IoT botnet, resulting in 55 hours of total service outage.","A massive volumetric Distributed Denial of Service (DDoS) attack peaking at 2.0 Tbps targeted a national railway operator. The attack exploited an amplified DNS/UDP reflection vector through a global IoT botnet, resulting in 55 hours of total service outage.",denial_of_service_disruption,Denial Of Service Disruption
eurepoc_200441,eurepoc,2024-04-10,Technical Cyber Threat Incident,Threat group APT28 (Fancy Bear) launched an extortion attack against a national railway operator. All virtual hypervisors and backup domains were encrypted. Negotiations demanded $836K within 48 hours to halt the auction of exfiltrated administrative files.,Threat group APT28 (Fancy Bear) launched an extortion attack against a national railway operator. All virtual hypervisors and backup domains were encrypted. Negotiations demanded $836K within 48 hours to halt the auction of exfiltrated administrative files.,ransomware_extortion,Ransomware Extortion
eurepoc_200442,eurepoc,2024-04-10,Technical Cyber Threat Incident,"State-aligned threat group BlackCat (ALPHV) breached a commercial banking network using stolen session tokens. Lateral movement was detected across multiple subnets, resulting in unauthorized exfiltration of sensitive telemetry.","State-aligned threat group BlackCat (ALPHV) breached a commercial banking network using stolen session tokens. Lateral movement was detected across multiple subnets, resulting in unauthorized exfiltration of sensitive telemetry.",unauthorized_access_hacking,Unauthorized Access Hacking
eurepoc_200443,eurepoc,2024-04-10,Technical Cyber Threat Incident,"A critical ransomware outbreak hit a government tax agency. Operators weaponized vulnerability CVE-2024-1709 in perimeter firewalls to establish persistent C2 access. File systems were encrypted and volume shadow copies destroyed. The extortion group demanded $8,250K for decryption tools.","A critical ransomware outbreak hit a government tax agency. Operators weaponized vulnerability CVE-2024-1709 in perimeter firewalls to establish persistent C2 access. File systems were encrypted and volume shadow copies destroyed. The extortion group demanded $8,250K for decryption tools.",ransomware_extortion,Ransomware Extortion
eurepoc_200444,eurepoc,2024-04-10,Technical Cyber Threat Incident,"Threat group Volt Typhoon launched an extortion attack against a municipal water authority. All virtual hypervisors and backup domains were encrypted. Negotiations demanded $2,403K within 48 hours to halt the auction of exfiltrated administrative files.","Threat group Volt Typhoon launched an extortion attack against a municipal water authority. All virtual hypervisors and backup domains were encrypted. Negotiations demanded $2,403K within 48 hours to halt the auction of exfiltrated administrative files.",ransomware_extortion,Ransomware Extortion
eurepoc_200445,eurepoc,2024-04-10,Technical Cyber Threat Incident,"A critical ransomware outbreak hit a public port logistics hub. Operators weaponized vulnerability CVE-2023-20198 in perimeter firewalls to establish persistent C2 access. File systems were encrypted and volume shadow copies destroyed. The extortion group demanded $1,824K for decryption tools.","A critical ransomware outbreak hit a public port logistics hub. Operators weaponized vulnerability CVE-2023-20198 in perimeter firewalls to establish persistent C2 access. File systems were encrypted and volume shadow copies destroyed. The extortion group demanded $1,824K for decryption tools.",ransomware_extortion,Ransomware Extortion
eurepoc_200446,eurepoc,2024-04-10,Technical Cyber Threat Incident,"A sophisticated double-extortion ransomware campaign orchestrated by Lazarus Group compromised the internal network of a municipal water authority via compromised credentials. The actors exfiltrated 191GB of proprietary databases before deploying ransomware binaries. A ransom demand of $6,073K in Bitcoin was posted, threatening public leak on darknet forums.","A sophisticated double-extortion ransomware campaign orchestrated by Lazarus Group compromised the internal network of a municipal water authority via compromised credentials. The actors exfiltrated 191GB of proprietary databases before deploying ransomware binaries. A ransom demand of $6,073K in Bitcoin was posted, threatening public leak on darknet forums.",ransomware_extortion,Ransomware Extortion
eurepoc_200447,eurepoc,2024-04-10,Technical Cyber Threat Incident,"State-aligned threat group APT28 (Fancy Bear) breached a pharmaceutical research lab using stolen session tokens. Lateral movement was detected across multiple subnets, resulting in unauthorized exfiltration of sensitive telemetry.","State-aligned threat group APT28 (Fancy Bear) breached a pharmaceutical research lab using stolen session tokens. Lateral movement was detected across multiple subnets, resulting in unauthorized exfiltration of sensitive telemetry.",unauthorized_access_hacking,Unauthorized Access Hacking
eurepoc_200448,eurepoc,2024-04-10,Technical Cyber Threat Incident,"Attackers distributed phishing lures disguised as urgent software patch advisories to personnel at a public port logistics hub, leading to payload execution and credential compromise.","Attackers distributed phishing lures disguised as urgent software patch advisories to personnel at a public port logistics hub, leading to payload execution and credential compromise.",phishing_social_engineering,Phishing Social Engineering
eurepoc_200449,eurepoc,2024-04-10,Technical Cyber Threat Incident,"A persistent flood of HTTP/2 Rapid Reset requests disrupted the border gateway and online authentication servers of a government tax agency, causing complete denial of service for 56 hours.","A persistent flood of HTTP/2 Rapid Reset requests disrupted the border gateway and online authentication servers of a government tax agency, causing complete denial of service for 56 hours.",denial_of_service_disruption,Denial Of Service Disruption
eurepoc_200450,eurepoc,2024-04-10,Technical Cyber Threat Incident,"State-aligned threat group Volt Typhoon breached a aerospace defense contractor using stolen session tokens. Lateral movement was detected across multiple subnets, resulting in unauthorized exfiltration of sensitive telemetry.","State-aligned threat group Volt Typhoon breached a aerospace defense contractor using stolen session tokens. Lateral movement was detected across multiple subnets, resulting in unauthorized exfiltration of sensitive telemetry.",unauthorized_access_hacking,Unauthorized Access Hacking
eurepoc_200451,eurepoc,2024-04-10,Technical Cyber Threat Incident,"A critical ransomware outbreak hit a commercial banking network. Operators weaponized vulnerability CVE-2023-2868 in perimeter firewalls to establish persistent C2 access. File systems were encrypted and volume shadow copies destroyed. The extortion group demanded $2,172K for decryption tools.","A critical ransomware outbreak hit a commercial banking network. Operators weaponized vulnerability CVE-2023-2868 in perimeter firewalls to establish persistent C2 access. File systems were encrypted and volume shadow copies destroyed. The extortion group demanded $2,172K for decryption tools.",ransomware_extortion,Ransomware Extortion
eurepoc_200452,eurepoc,2024-04-10,Technical Cyber Threat Incident,"Threat group Cl0p launched an extortion attack against a telecommunications provider. All virtual hypervisors and backup domains were encrypted. Negotiations demanded $2,670K within 48 hours to halt the auction of exfiltrated administrative files.","Threat group Cl0p launched an extortion attack against a telecommunications provider. All virtual hypervisors and backup domains were encrypted. Negotiations demanded $2,670K within 48 hours to halt the auction of exfiltrated administrative files.",ransomware_extortion,Ransomware Extortion
eurepoc_200453,eurepoc,2024-04-10,Technical Cyber Threat Incident,"A persistent flood of HTTP/2 Rapid Reset requests disrupted the border gateway and online authentication servers of a national railway operator, causing complete denial of service for 68 hours.","A persistent flood of HTTP/2 Rapid Reset requests disrupted the border gateway and online authentication servers of a national railway operator, causing complete denial of service for 68 hours.",denial_of_service_disruption,Denial Of Service Disruption
eurepoc_200454,eurepoc,2024-04-10,Technical Cyber Threat Incident,"A critical ransomware outbreak hit a municipal water authority. Operators weaponized vulnerability CVE-2023-4966 in perimeter firewalls to establish persistent C2 access. File systems were encrypted and volume shadow copies destroyed. The extortion group demanded $6,536K for decryption tools.","A critical ransomware outbreak hit a municipal water authority. Operators weaponized vulnerability CVE-2023-4966 in perimeter firewalls to establish persistent C2 access. File systems were encrypted and volume shadow copies destroyed. The extortion group demanded $6,536K for decryption tools.",ransomware_extortion,Ransomware Extortion
eurepoc_200455,eurepoc,2024-04-10,Technical Cyber Threat Incident,"An unauthenticated cloud storage bucket maintained by a telecommunications provider was compromised by unauthorized third parties. Attackers accessed 537,000 confidential records and backend system credentials.","An unauthenticated cloud storage bucket maintained by a telecommunications provider was compromised by unauthorized third parties. Attackers accessed 537,000 confidential records and backend system credentials.",unauthorized_access_hacking,Unauthorized Access Hacking
eurepoc_200456,eurepoc,2024-04-10,Technical Cyber Threat Incident,"Adversaries gained unauthorized system access to a regional healthcare facility by exploiting CVE-2024-1709. The intrusion compromised 217,000 user credentials, establishing persistent reverse shells across the internal DMZ.","Adversaries gained unauthorized system access to a regional healthcare facility by exploiting CVE-2024-1709. The intrusion compromised 217,000 user credentials, establishing persistent reverse shells across the internal DMZ.",unauthorized_access_hacking,Unauthorized Access Hacking
eurepoc_200457,eurepoc,2024-04-10,Technical Cyber Threat Incident,"A persistent flood of HTTP/2 Rapid Reset requests disrupted the border gateway and online authentication servers of a public port logistics hub, causing complete denial of service for 28 hours.","A persistent flood of HTTP/2 Rapid Reset requests disrupted the border gateway and online authentication servers of a public port logistics hub, causing complete denial of service for 28 hours.",denial_of_service_disruption,Denial Of Service Disruption
eurepoc_200458,eurepoc,2024-04-10,Technical Cyber Threat Incident,A spear-phishing campaign attributed to Volt Typhoon targeted executives at a aerospace defense contractor. Weaponized PDF documents referencing fake regulatory audits delivered an infostealer payload harvesting domain credentials.,A spear-phishing campaign attributed to Volt Typhoon targeted executives at a aerospace defense contractor. Weaponized PDF documents referencing fake regulatory audits delivered an infostealer payload harvesting domain credentials.,phishing_social_engineering,Phishing Social Engineering
eurepoc_200459,eurepoc,2024-04-10,Technical Cyber Threat Incident,"Threat group BlackCat (ALPHV) launched an extortion attack against a aerospace defense contractor. All virtual hypervisors and backup domains were encrypted. Negotiations demanded $8,148K within 48 hours to halt the auction of exfiltrated administrative files.","Threat group BlackCat (ALPHV) launched an extortion attack against a aerospace defense contractor. All virtual hypervisors and backup domains were encrypted. Negotiations demanded $8,148K within 48 hours to halt the auction of exfiltrated administrative files.",ransomware_extortion,Ransomware Extortion
eurepoc_200460,eurepoc,2024-04-10,Technical Cyber Threat Incident,"Adversaries gained unauthorized system access to a public port logistics hub by exploiting CVE-2023-4966. The intrusion compromised 673,000 user credentials, establishing persistent reverse shells across the internal DMZ.","Adversaries gained unauthorized system access to a public port logistics hub by exploiting CVE-2023-4966. The intrusion compromised 673,000 user credentials, establishing persistent reverse shells across the internal DMZ.",unauthorized_access_hacking,Unauthorized Access Hacking
eurepoc_200461,eurepoc,2024-04-10,Technical Cyber Threat Incident,Threat group LockBit 3.0 launched an extortion attack against a commercial banking network. All virtual hypervisors and backup domains were encrypted. Negotiations demanded $538K within 48 hours to halt the auction of exfiltrated administrative files.,Threat group LockBit 3.0 launched an extortion attack against a commercial banking network. All virtual hypervisors and backup domains were encrypted. Negotiations demanded $538K within 48 hours to halt the auction of exfiltrated administrative files.,ransomware_extortion,Ransomware Extortion
eurepoc_200462,eurepoc,2024-04-10,Technical Cyber Threat Incident,"A critical ransomware outbreak hit a pharmaceutical research lab. Operators weaponized vulnerability CVE-2023-20198 in perimeter firewalls to establish persistent C2 access. File systems were encrypted and volume shadow copies destroyed. The extortion group demanded $7,691K for decryption tools.","A critical ransomware outbreak hit a pharmaceutical research lab. Operators weaponized vulnerability CVE-2023-20198 in perimeter firewalls to establish persistent C2 access. File systems were encrypted and volume shadow copies destroyed. The extortion group demanded $7,691K for decryption tools.",ransomware_extortion,Ransomware Extortion
eurepoc_200463,eurepoc,2024-04-10,Technical Cyber Threat Incident,"An unauthenticated cloud storage bucket maintained by a regional healthcare facility was compromised by unauthorized third parties. Attackers accessed 576,000 confidential records and backend system credentials.","An unauthenticated cloud storage bucket maintained by a regional healthcare facility was compromised by unauthorized third parties. Attackers accessed 576,000 confidential records and backend system credentials.",unauthorized_access_hacking,Unauthorized Access Hacking
eurepoc_200464,eurepoc,2024-04-10,Technical Cyber Threat Incident,A spear-phishing campaign attributed to Volt Typhoon targeted executives at a municipal water authority. Weaponized PDF documents referencing fake regulatory audits delivered an infostealer payload harvesting domain credentials.,A spear-phishing campaign attributed to Volt Typhoon targeted executives at a municipal water authority. Weaponized PDF documents referencing fake regulatory audits delivered an infostealer payload harvesting domain credentials.,phishing_social_engineering,Phishing Social Engineering
eurepoc_200465,eurepoc,2024-04-10,Technical Cyber Threat Incident,"State-aligned threat group BlackCat (ALPHV) breached a pharmaceutical research lab using stolen session tokens. Lateral movement was detected across multiple subnets, resulting in unauthorized exfiltration of sensitive telemetry.","State-aligned threat group BlackCat (ALPHV) breached a pharmaceutical research lab using stolen session tokens. Lateral movement was detected across multiple subnets, resulting in unauthorized exfiltration of sensitive telemetry.",unauthorized_access_hacking,Unauthorized Access Hacking
eurepoc_200466,eurepoc,2024-04-10,Technical Cyber Threat Incident,"An unauthenticated cloud storage bucket maintained by a national railway operator was compromised by unauthorized third parties. Attackers accessed 656,000 confidential records and backend system credentials.","An unauthenticated cloud storage bucket maintained by a national railway operator was compromised by unauthorized third parties. Attackers accessed 656,000 confidential records and backend system credentials.",unauthorized_access_hacking,Unauthorized Access Hacking
eurepoc_200467,eurepoc,2024-04-10,Technical Cyber Threat Incident,"Threat group APT28 (Fancy Bear) launched an extortion attack against a national railway operator. All virtual hypervisors and backup domains were encrypted. Negotiations demanded $3,728K within 48 hours to halt the auction of exfiltrated administrative files.","Threat group APT28 (Fancy Bear) launched an extortion attack against a national railway operator. All virtual hypervisors and backup domains were encrypted. Negotiations demanded $3,728K within 48 hours to halt the auction of exfiltrated administrative files.",ransomware_extortion,Ransomware Extortion
eurepoc_200468,eurepoc,2024-04-10,Technical Cyber Threat Incident,A critical ransomware outbreak hit a commercial banking network. Operators weaponized vulnerability CVE-2023-2868 in perimeter firewalls to establish persistent C2 access. File systems were encrypted and volume shadow copies destroyed. The extortion group demanded $710K for decryption tools.,A critical ransomware outbreak hit a commercial banking network. Operators weaponized vulnerability CVE-2023-2868 in perimeter firewalls to establish persistent C2 access. File systems were encrypted and volume shadow copies destroyed. The extortion group demanded $710K for decryption tools.,ransomware_extortion,Ransomware Extortion
eurepoc_200469,eurepoc,2024-04-10,Technical Cyber Threat Incident,"Threat group Akira launched an extortion attack against a public port logistics hub. All virtual hypervisors and backup domains were encrypted. Negotiations demanded $8,975K within 48 hours to halt the auction of exfiltrated administrative files.","Threat group Akira launched an extortion attack against a public port logistics hub. All virtual hypervisors and backup domains were encrypted. Negotiations demanded $8,975K within 48 hours to halt the auction of exfiltrated administrative files.",ransomware_extortion,Ransomware Extortion
eurepoc_200470,eurepoc,2024-04-10,Technical Cyber Threat Incident,"Adversaries conducted destructive wiper malware and multi-vector Layer 7 DDoS attacks against a power grid distributor. Web applications crashed under 83 million requests per second, knocking public services offline.","Adversaries conducted destructive wiper malware and multi-vector Layer 7 DDoS attacks against a power grid distributor. Web applications crashed under 83 million requests per second, knocking public services offline.",denial_of_service_disruption,Denial Of Service Disruption
eurepoc_200471,eurepoc,2024-04-10,Technical Cyber Threat Incident,"An unauthenticated cloud storage bucket maintained by a telecommunications provider was compromised by unauthorized third parties. Attackers accessed 485,000 confidential records and backend system credentials.","An unauthenticated cloud storage bucket maintained by a telecommunications provider was compromised by unauthorized third parties. Attackers accessed 485,000 confidential records and backend system credentials.",unauthorized_access_hacking,Unauthorized Access Hacking
eurepoc_200472,eurepoc,2024-04-10,Technical Cyber Threat Incident,"A critical ransomware outbreak hit a power grid distributor. Operators weaponized vulnerability CVE-2023-2868 in perimeter firewalls to establish persistent C2 access. File systems were encrypted and volume shadow copies destroyed. The extortion group demanded $4,300K for decryption tools.","A critical ransomware outbreak hit a power grid distributor. Operators weaponized vulnerability CVE-2023-2868 in perimeter firewalls to establish persistent C2 access. File systems were encrypted and volume shadow copies destroyed. The extortion group demanded $4,300K for decryption tools.",ransomware_extortion,Ransomware Extortion
eurepoc_200473,eurepoc,2024-04-10,Technical Cyber Threat Incident,A spear-phishing campaign attributed to Akira targeted executives at a regional healthcare facility. Weaponized PDF documents referencing fake regulatory audits delivered an infostealer payload harvesting domain credentials.,A spear-phishing campaign attributed to Akira targeted executives at a regional healthcare facility. Weaponized PDF documents referencing fake regulatory audits delivered an infostealer payload harvesting domain credentials.,phishing_social_engineering,Phishing Social Engineering
eurepoc_200474,eurepoc,2024-04-10,Technical Cyber Threat Incident,"Adversaries gained unauthorized system access to a power grid distributor by exploiting CVE-2023-2868. The intrusion compromised 141,000 user credentials, establishing persistent reverse shells across the internal DMZ.","Adversaries gained unauthorized system access to a power grid distributor by exploiting CVE-2023-2868. The intrusion compromised 141,000 user credentials, establishing persistent reverse shells across the internal DMZ.",unauthorized_access_hacking,Unauthorized Access Hacking
eurepoc_200475,eurepoc,2024-04-10,Technical Cyber Threat Incident,"A critical ransomware outbreak hit a power grid distributor. Operators weaponized vulnerability CVE-2023-20198 in perimeter firewalls to establish persistent C2 access. File systems were encrypted and volume shadow copies destroyed. The extortion group demanded $2,031K for decryption tools.","A critical ransomware outbreak hit a power grid distributor. Operators weaponized vulnerability CVE-2023-20198 in perimeter firewalls to establish persistent C2 access. File systems were encrypted and volume shadow copies destroyed. The extortion group demanded $2,031K for decryption tools.",ransomware_extortion,Ransomware Extortion
eurepoc_200476,eurepoc,2024-04-10,Technical Cyber Threat Incident,"Adversaries gained unauthorized system access to a telecommunications provider by exploiting CVE-2023-20198. The intrusion compromised 149,000 user credentials, establishing persistent reverse shells across the internal DMZ.","Adversaries gained unauthorized system access to a telecommunications provider by exploiting CVE-2023-20198. The intrusion compromised 149,000 user credentials, establishing persistent reverse shells across the internal DMZ.",unauthorized_access_hacking,Unauthorized Access Hacking
eurepoc_200477,eurepoc,2024-04-10,Technical Cyber Threat Incident,A spear-phishing campaign attributed to Sandworm targeted executives at a aerospace defense contractor. Weaponized PDF documents referencing fake regulatory audits delivered an infostealer payload harvesting domain credentials.,A spear-phishing campaign attributed to Sandworm targeted executives at a aerospace defense contractor. Weaponized PDF documents referencing fake regulatory audits delivered an infostealer payload harvesting domain credentials.,phishing_social_engineering,Phishing Social Engineering
eurepoc_200478,eurepoc,2024-04-10,Technical Cyber Threat Incident,A critical ransomware outbreak hit a pharmaceutical research lab. Operators weaponized vulnerability CVE-2023-4966 in perimeter firewalls to establish persistent C2 access. File systems were encrypted and volume shadow copies destroyed. The extortion group demanded $989K for decryption tools.,A critical ransomware outbreak hit a pharmaceutical research lab. Operators weaponized vulnerability CVE-2023-4966 in perimeter firewalls to establish persistent C2 access. File systems were encrypted and volume shadow copies destroyed. The extortion group demanded $989K for decryption tools.,ransomware_extortion,Ransomware Extortion
eurepoc_200479,eurepoc,2024-04-10,Technical Cyber Threat Incident,"A critical ransomware outbreak hit a aerospace defense contractor. Operators weaponized vulnerability CVE-2023-4966 in perimeter firewalls to establish persistent C2 access. File systems were encrypted and volume shadow copies destroyed. The extortion group demanded $3,390K for decryption tools.","A critical ransomware outbreak hit a aerospace defense contractor. Operators weaponized vulnerability CVE-2023-4966 in perimeter firewalls to establish persistent C2 access. File systems were encrypted and volume shadow copies destroyed. The extortion group demanded $3,390K for decryption tools.",ransomware_extortion,Ransomware Extortion
eurepoc_200480,eurepoc,2024-04-10,Technical Cyber Threat Incident,"Threat group BlackCat (ALPHV) launched an extortion attack against a government tax agency. All virtual hypervisors and backup domains were encrypted. Negotiations demanded $1,196K within 48 hours to halt the auction of exfiltrated administrative files.","Threat group BlackCat (ALPHV) launched an extortion attack against a government tax agency. All virtual hypervisors and backup domains were encrypted. Negotiations demanded $1,196K within 48 hours to halt the auction of exfiltrated administrative files.",ransomware_extortion,Ransomware Extortion
eurepoc_200481,eurepoc,2024-04-10,Technical Cyber Threat Incident,"State-aligned threat group Akira breached a regional healthcare facility using stolen session tokens. Lateral movement was detected across multiple subnets, resulting in unauthorized exfiltration of sensitive telemetry.","State-aligned threat group Akira breached a regional healthcare facility using stolen session tokens. Lateral movement was detected across multiple subnets, resulting in unauthorized exfiltration of sensitive telemetry.",unauthorized_access_hacking,Unauthorized Access Hacking
eurepoc_200482,eurepoc,2024-04-10,Technical Cyber Threat Incident,"A critical ransomware outbreak hit a government tax agency. Operators weaponized vulnerability CVE-2023-4966 in perimeter firewalls to establish persistent C2 access. File systems were encrypted and volume shadow copies destroyed. The extortion group demanded $7,712K for decryption tools.","A critical ransomware outbreak hit a government tax agency. Operators weaponized vulnerability CVE-2023-4966 in perimeter firewalls to establish persistent C2 access. File systems were encrypted and volume shadow copies destroyed. The extortion group demanded $7,712K for decryption tools.",ransomware_extortion,Ransomware Extortion
eurepoc_200483,eurepoc,2024-04-10,Technical Cyber Threat Incident,"Adversaries conducted destructive wiper malware and multi-vector Layer 7 DDoS attacks against a public port logistics hub. Web applications crashed under 34 million requests per second, knocking public services offline.","Adversaries conducted destructive wiper malware and multi-vector Layer 7 DDoS attacks against a public port logistics hub. Web applications crashed under 34 million requests per second, knocking public services offline.",denial_of_service_disruption,Denial Of Service Disruption
eurepoc_200484,eurepoc,2024-04-10,Technical Cyber Threat Incident,"A sophisticated double-extortion ransomware campaign orchestrated by APT28 (Fancy Bear) compromised the internal network of a power grid distributor via compromised credentials. The actors exfiltrated 393GB of proprietary databases before deploying ransomware binaries. A ransom demand of $4,802K in Bitcoin was posted, threatening public leak on darknet forums.","A sophisticated double-extortion ransomware campaign orchestrated by APT28 (Fancy Bear) compromised the internal network of a power grid distributor via compromised credentials. The actors exfiltrated 393GB of proprietary databases before deploying ransomware binaries. A ransom demand of $4,802K in Bitcoin was posted, threatening public leak on darknet forums.",ransomware_extortion,Ransomware Extortion
eurepoc_200485,eurepoc,2024-04-10,Technical Cyber Threat Incident,"Attackers distributed phishing lures disguised as urgent software patch advisories to personnel at a pharmaceutical research lab, leading to payload execution and credential compromise.","Attackers distributed phishing lures disguised as urgent software patch advisories to personnel at a pharmaceutical research lab, leading to payload execution and credential compromise.",phishing_social_engineering,Phishing Social Engineering
eurepoc_200486,eurepoc,2024-04-10,Technical Cyber Threat Incident,"Adversaries conducted destructive wiper malware and multi-vector Layer 7 DDoS attacks against a power grid distributor. Web applications crashed under 30 million requests per second, knocking public services offline.","Adversaries conducted destructive wiper malware and multi-vector Layer 7 DDoS attacks against a power grid distributor. Web applications crashed under 30 million requests per second, knocking public services offline.",denial_of_service_disruption,Denial Of Service Disruption
eurepoc_200487,eurepoc,2024-04-10,Technical Cyber Threat Incident,"Adversaries gained unauthorized system access to a power grid distributor by exploiting CVE-2023-20198. The intrusion compromised 56,000 user credentials, establishing persistent reverse shells across the internal DMZ.","Adversaries gained unauthorized system access to a power grid distributor by exploiting CVE-2023-20198. The intrusion compromised 56,000 user credentials, establishing persistent reverse shells across the internal DMZ.",unauthorized_access_hacking,Unauthorized Access Hacking
eurepoc_200488,eurepoc,2024-04-10,Technical Cyber Threat Incident,"Employees at a telecommunications provider received spoofed Microsoft 365 login requests. The Adversary-in-the-Middle (AiTM) proxy captured session cookies and bypassed MFA, facilitating unauthorized email forwarding rules.","Employees at a telecommunications provider received spoofed Microsoft 365 login requests. The Adversary-in-the-Middle (AiTM) proxy captured session cookies and bypassed MFA, facilitating unauthorized email forwarding rules.",phishing_social_engineering,Phishing Social Engineering
eurepoc_200489,eurepoc,2024-04-10,Technical Cyber Threat Incident,"A persistent flood of HTTP/2 Rapid Reset requests disrupted the border gateway and online authentication servers of a power grid distributor, causing complete denial of service for 30 hours.","A persistent flood of HTTP/2 Rapid Reset requests disrupted the border gateway and online authentication servers of a power grid distributor, causing complete denial of service for 30 hours.",denial_of_service_disruption,Denial Of Service Disruption
eurepoc_200490,eurepoc,2024-04-10,Technical Cyber Threat Incident,"Employees at a public port logistics hub received spoofed Microsoft 365 login requests. The Adversary-in-the-Middle (AiTM) proxy captured session cookies and bypassed MFA, facilitating unauthorized email forwarding rules.","Employees at a public port logistics hub received spoofed Microsoft 365 login requests. The Adversary-in-the-Middle (AiTM) proxy captured session cookies and bypassed MFA, facilitating unauthorized email forwarding rules.",phishing_social_engineering,Phishing Social Engineering
eurepoc_200491,eurepoc,2024-04-10,Technical Cyber Threat Incident,"Threat group Sandworm launched an extortion attack against a aerospace defense contractor. All virtual hypervisors and backup domains were encrypted. Negotiations demanded $8,584K within 48 hours to halt the auction of exfiltrated administrative files.","Threat group Sandworm launched an extortion attack against a aerospace defense contractor. All virtual hypervisors and backup domains were encrypted. Negotiations demanded $8,584K within 48 hours to halt the auction of exfiltrated administrative files.",ransomware_extortion,Ransomware Extortion
eurepoc_200492,eurepoc,2024-04-10,Technical Cyber Threat Incident,"A sophisticated double-extortion ransomware campaign orchestrated by Volt Typhoon compromised the internal network of a government tax agency via compromised credentials. The actors exfiltrated 647GB of proprietary databases before deploying ransomware binaries. A ransom demand of $6,172K in Bitcoin was posted, threatening public leak on darknet forums.","A sophisticated double-extortion ransomware campaign orchestrated by Volt Typhoon compromised the internal network of a government tax agency via compromised credentials. The actors exfiltrated 647GB of proprietary databases before deploying ransomware binaries. A ransom demand of $6,172K in Bitcoin was posted, threatening public leak on darknet forums.",ransomware_extortion,Ransomware Extortion
eurepoc_200493,eurepoc,2024-04-10,Technical Cyber Threat Incident,"A massive volumetric Distributed Denial of Service (DDoS) attack peaking at 0.93 Tbps targeted a aerospace defense contractor. The attack exploited an amplified DNS/UDP reflection vector through a global IoT botnet, resulting in 8 hours of total service outage.","A massive volumetric Distributed Denial of Service (DDoS) attack peaking at 0.93 Tbps targeted a aerospace defense contractor. The attack exploited an amplified DNS/UDP reflection vector through a global IoT botnet, resulting in 8 hours of total service outage.",denial_of_service_disruption,Denial Of Service Disruption
eurepoc_200494,eurepoc,2024-04-10,Technical Cyber Threat Incident,"Attackers distributed phishing lures disguised as urgent software patch advisories to personnel at a regional healthcare facility, leading to payload execution and credential compromise.","Attackers distributed phishing lures disguised as urgent software patch advisories to personnel at a regional healthcare facility, leading to payload execution and credential compromise.",phishing_social_engineering,Phishing Social Engineering
eurepoc_200495,eurepoc,2024-04-10,Technical Cyber Threat Incident,"A sophisticated double-extortion ransomware campaign orchestrated by LockBit 3.0 compromised the internal network of a pharmaceutical research lab via compromised credentials. The actors exfiltrated 645GB of proprietary databases before deploying ransomware binaries. A ransom demand of $3,407K in Bitcoin was posted, threatening public leak on darknet forums.","A sophisticated double-extortion ransomware campaign orchestrated by LockBit 3.0 compromised the internal network of a pharmaceutical research lab via compromised credentials. The actors exfiltrated 645GB of proprietary databases before deploying ransomware binaries. A ransom demand of $3,407K in Bitcoin was posted, threatening public leak on darknet forums.",ransomware_extortion,Ransomware Extortion
eurepoc_200496,eurepoc,2024-04-10,Technical Cyber Threat Incident,"Adversaries gained unauthorized system access to a commercial banking network by exploiting CVE-2023-2868. The intrusion compromised 256,000 user credentials, establishing persistent reverse shells across the internal DMZ.","Adversaries gained unauthorized system access to a commercial banking network by exploiting CVE-2023-2868. The intrusion compromised 256,000 user credentials, establishing persistent reverse shells across the internal DMZ.",unauthorized_access_hacking,Unauthorized Access Hacking
eurepoc_200497,eurepoc,2024-04-10,Technical Cyber Threat Incident,"A sophisticated double-extortion ransomware campaign orchestrated by APT28 (Fancy Bear) compromised the internal network of a pharmaceutical research lab via compromised credentials. The actors exfiltrated 676GB of proprietary databases before deploying ransomware binaries. A ransom demand of $2,853K in Bitcoin was posted, threatening public leak on darknet forums.","A sophisticated double-extortion ransomware campaign orchestrated by APT28 (Fancy Bear) compromised the internal network of a pharmaceutical research lab via compromised credentials. The actors exfiltrated 676GB of proprietary databases before deploying ransomware binaries. A ransom demand of $2,853K in Bitcoin was posted, threatening public leak on darknet forums.",ransomware_extortion,Ransomware Extortion
eurepoc_200498,eurepoc,2024-04-10,Technical Cyber Threat Incident,"An unauthenticated cloud storage bucket maintained by a public port logistics hub was compromised by unauthorized third parties. Attackers accessed 207,000 confidential records and backend system credentials.","An unauthenticated cloud storage bucket maintained by a public port logistics hub was compromised by unauthorized third parties. Attackers accessed 207,000 confidential records and backend system credentials.",unauthorized_access_hacking,Unauthorized Access Hacking
eurepoc_200499,eurepoc,2024-04-10,Technical Cyber Threat Incident,"A massive volumetric Distributed Denial of Service (DDoS) attack peaking at 1.27 Tbps targeted a commercial banking network. The attack exploited an amplified DNS/UDP reflection vector through a global IoT botnet, resulting in 70 hours of total service outage.","A massive volumetric Distributed Denial of Service (DDoS) attack peaking at 1.27 Tbps targeted a commercial banking network. The attack exploited an amplified DNS/UDP reflection vector through a global IoT botnet, resulting in 70 hours of total service outage.",denial_of_service_disruption,Denial Of Service Disruption
eurepoc_200500,eurepoc,2024-04-10,Technical Cyber Threat Incident,A spear-phishing campaign attributed to LockBit 3.0 targeted executives at a national railway operator. Weaponized PDF documents referencing fake regulatory audits delivered an infostealer payload harvesting domain credentials.,A spear-phishing campaign attributed to LockBit 3.0 targeted executives at a national railway operator. Weaponized PDF documents referencing fake regulatory audits delivered an infostealer payload harvesting domain credentials.,phishing_social_engineering,Phishing Social Engineering
eurepoc_200501,eurepoc,2024-04-10,Technical Cyber Threat Incident,Threat group Volt Typhoon launched an extortion attack against a telecommunications provider. All virtual hypervisors and backup domains were encrypted. Negotiations demanded $525K within 48 hours to halt the auction of exfiltrated administrative files.,Threat group Volt Typhoon launched an extortion attack against a telecommunications provider. All virtual hypervisors and backup domains were encrypted. Negotiations demanded $525K within 48 hours to halt the auction of exfiltrated administrative files.,ransomware_extortion,Ransomware Extortion
eurepoc_200502,eurepoc,2024-04-10,Technical Cyber Threat Incident,"Adversaries gained unauthorized system access to a government tax agency by exploiting CVE-2024-1709. The intrusion compromised 618,000 user credentials, establishing persistent reverse shells across the internal DMZ.","Adversaries gained unauthorized system access to a government tax agency by exploiting CVE-2024-1709. The intrusion compromised 618,000 user credentials, establishing persistent reverse shells across the internal DMZ.",unauthorized_access_hacking,Unauthorized Access Hacking
eurepoc_200503,eurepoc,2024-04-10,Technical Cyber Threat Incident,"A massive volumetric Distributed Denial of Service (DDoS) attack peaking at 2.28 Tbps targeted a aerospace defense contractor. The attack exploited an amplified DNS/UDP reflection vector through a global IoT botnet, resulting in 51 hours of total service outage.","A massive volumetric Distributed Denial of Service (DDoS) attack peaking at 2.28 Tbps targeted a aerospace defense contractor. The attack exploited an amplified DNS/UDP reflection vector through a global IoT botnet, resulting in 51 hours of total service outage.",denial_of_service_disruption,Denial Of Service Disruption
eurepoc_200504,eurepoc,2024-04-10,Technical Cyber Threat Incident,"Adversaries gained unauthorized system access to a pharmaceutical research lab by exploiting CVE-2023-20198. The intrusion compromised 174,000 user credentials, establishing persistent reverse shells across the internal DMZ.","Adversaries gained unauthorized system access to a pharmaceutical research lab by exploiting CVE-2023-20198. The intrusion compromised 174,000 user credentials, establishing persistent reverse shells across the internal DMZ.",unauthorized_access_hacking,Unauthorized Access Hacking
eurepoc_200505,eurepoc,2024-04-10,Technical Cyber Threat Incident,"A critical ransomware outbreak hit a telecommunications provider. Operators weaponized vulnerability CVE-2023-2868 in perimeter firewalls to establish persistent C2 access. File systems were encrypted and volume shadow copies destroyed. The extortion group demanded $8,514K for decryption tools.","A critical ransomware outbreak hit a telecommunications provider. Operators weaponized vulnerability CVE-2023-2868 in perimeter firewalls to establish persistent C2 access. File systems were encrypted and volume shadow copies destroyed. The extortion group demanded $8,514K for decryption tools.",ransomware_extortion,Ransomware Extortion
eurepoc_200506,eurepoc,2024-04-10,Technical Cyber Threat Incident,"Employees at a commercial banking network received spoofed Microsoft 365 login requests. The Adversary-in-the-Middle (AiTM) proxy captured session cookies and bypassed MFA, facilitating unauthorized email forwarding rules.","Employees at a commercial banking network received spoofed Microsoft 365 login requests. The Adversary-in-the-Middle (AiTM) proxy captured session cookies and bypassed MFA, facilitating unauthorized email forwarding rules.",phishing_social_engineering,Phishing Social Engineering
eurepoc_200507,eurepoc,2024-04-10,Technical Cyber Threat Incident,"Threat group Cl0p launched an extortion attack against a regional healthcare facility. All virtual hypervisors and backup domains were encrypted. Negotiations demanded $3,364K within 48 hours to halt the auction of exfiltrated administrative files.","Threat group Cl0p launched an extortion attack against a regional healthcare facility. All virtual hypervisors and backup domains were encrypted. Negotiations demanded $3,364K within 48 hours to halt the auction of exfiltrated administrative files.",ransomware_extortion,Ransomware Extortion
eurepoc_200508,eurepoc,2024-04-10,Technical Cyber Threat Incident,"A persistent flood of HTTP/2 Rapid Reset requests disrupted the border gateway and online authentication servers of a telecommunications provider, causing complete denial of service for 61 hours.","A persistent flood of HTTP/2 Rapid Reset requests disrupted the border gateway and online authentication servers of a telecommunications provider, causing complete denial of service for 61 hours.",denial_of_service_disruption,Denial Of Service Disruption
eurepoc_200509,eurepoc,2024-04-10,Technical Cyber Threat Incident,"A sophisticated double-extortion ransomware campaign orchestrated by Lazarus Group compromised the internal network of a pharmaceutical research lab via compromised credentials. The actors exfiltrated 497GB of proprietary databases before deploying ransomware binaries. A ransom demand of $654K in Bitcoin was posted, threatening public leak on darknet forums.","A sophisticated double-extortion ransomware campaign orchestrated by Lazarus Group compromised the internal network of a pharmaceutical research lab via compromised credentials. The actors exfiltrated 497GB of proprietary databases before deploying ransomware binaries. A ransom demand of $654K in Bitcoin was posted, threatening public leak on darknet forums.",ransomware_extortion,Ransomware Extortion
eurepoc_200510,eurepoc,2024-04-10,Technical Cyber Threat Incident,"Adversaries gained unauthorized system access to a aerospace defense contractor by exploiting CVE-2023-20198. The intrusion compromised 791,000 user credentials, establishing persistent reverse shells across the internal DMZ.","Adversaries gained unauthorized system access to a aerospace defense contractor by exploiting CVE-2023-20198. The intrusion compromised 791,000 user credentials, establishing persistent reverse shells across the internal DMZ.",unauthorized_access_hacking,Unauthorized Access Hacking
eurepoc_200511,eurepoc,2024-04-10,Technical Cyber Threat Incident,"Adversaries conducted destructive wiper malware and multi-vector Layer 7 DDoS attacks against a pharmaceutical research lab. Web applications crashed under 29 million requests per second, knocking public services offline.","Adversaries conducted destructive wiper malware and multi-vector Layer 7 DDoS attacks against a pharmaceutical research lab. Web applications crashed under 29 million requests per second, knocking public services offline.",denial_of_service_disruption,Denial Of Service Disruption
eurepoc_200512,eurepoc,2024-04-10,Technical Cyber Threat Incident,"An unauthenticated cloud storage bucket maintained by a national railway operator was compromised by unauthorized third parties. Attackers accessed 85,000 confidential records and backend system credentials.","An unauthenticated cloud storage bucket maintained by a national railway operator was compromised by unauthorized third parties. Attackers accessed 85,000 confidential records and backend system credentials.",unauthorized_access_hacking,Unauthorized Access Hacking
eurepoc_200513,eurepoc,2024-04-10,Technical Cyber Threat Incident,"A critical ransomware outbreak hit a government tax agency. Operators weaponized vulnerability CVE-2023-4966 in perimeter firewalls to establish persistent C2 access. File systems were encrypted and volume shadow copies destroyed. The extortion group demanded $4,938K for decryption tools.","A critical ransomware outbreak hit a government tax agency. Operators weaponized vulnerability CVE-2023-4966 in perimeter firewalls to establish persistent C2 access. File systems were encrypted and volume shadow copies destroyed. The extortion group demanded $4,938K for decryption tools.",ransomware_extortion,Ransomware Extortion
eurepoc_200514,eurepoc,2024-04-10,Technical Cyber Threat Incident,"Attackers distributed phishing lures disguised as urgent software patch advisories to personnel at a aerospace defense contractor, leading to payload execution and credential compromise.","Attackers distributed phishing lures disguised as urgent software patch advisories to personnel at a aerospace defense contractor, leading to payload execution and credential compromise.",phishing_social_engineering,Phishing Social Engineering
eurepoc_200515,eurepoc,2024-04-10,Technical Cyber Threat Incident,"Threat group Akira launched an extortion attack against a commercial banking network. All virtual hypervisors and backup domains were encrypted. Negotiations demanded $6,334K within 48 hours to halt the auction of exfiltrated administrative files.","Threat group Akira launched an extortion attack against a commercial banking network. All virtual hypervisors and backup domains were encrypted. Negotiations demanded $6,334K within 48 hours to halt the auction of exfiltrated administrative files.",ransomware_extortion,Ransomware Extortion
eurepoc_200516,eurepoc,2024-04-10,Technical Cyber Threat Incident,"A critical ransomware outbreak hit a aerospace defense contractor. Operators weaponized vulnerability CVE-2023-20198 in perimeter firewalls to establish persistent C2 access. File systems were encrypted and volume shadow copies destroyed. The extortion group demanded $5,037K for decryption tools.","A critical ransomware outbreak hit a aerospace defense contractor. Operators weaponized vulnerability CVE-2023-20198 in perimeter firewalls to establish persistent C2 access. File systems were encrypted and volume shadow copies destroyed. The extortion group demanded $5,037K for decryption tools.",ransomware_extortion,Ransomware Extortion
eurepoc_200517,eurepoc,2024-04-10,Technical Cyber Threat Incident,"A critical ransomware outbreak hit a public port logistics hub. Operators weaponized vulnerability CVE-2023-4966 in perimeter firewalls to establish persistent C2 access. File systems were encrypted and volume shadow copies destroyed. The extortion group demanded $1,716K for decryption tools.","A critical ransomware outbreak hit a public port logistics hub. Operators weaponized vulnerability CVE-2023-4966 in perimeter firewalls to establish persistent C2 access. File systems were encrypted and volume shadow copies destroyed. The extortion group demanded $1,716K for decryption tools.",ransomware_extortion,Ransomware Extortion
eurepoc_200518,eurepoc,2024-04-10,Technical Cyber Threat Incident,"Adversaries conducted destructive wiper malware and multi-vector Layer 7 DDoS attacks against a telecommunications provider. Web applications crashed under 21 million requests per second, knocking public services offline.","Adversaries conducted destructive wiper malware and multi-vector Layer 7 DDoS attacks against a telecommunications provider. Web applications crashed under 21 million requests per second, knocking public services offline.",denial_of_service_disruption,Denial Of Service Disruption
eurepoc_200519,eurepoc,2024-04-10,Technical Cyber Threat Incident,"An unauthenticated cloud storage bucket maintained by a regional healthcare facility was compromised by unauthorized third parties. Attackers accessed 52,000 confidential records and backend system credentials.","An unauthenticated cloud storage bucket maintained by a regional healthcare facility was compromised by unauthorized third parties. Attackers accessed 52,000 confidential records and backend system credentials.",unauthorized_access_hacking,Unauthorized Access Hacking
eurepoc_200520,eurepoc,2024-04-10,Technical Cyber Threat Incident,"State-aligned threat group Volt Typhoon breached a power grid distributor using stolen session tokens. Lateral movement was detected across multiple subnets, resulting in unauthorized exfiltration of sensitive telemetry.","State-aligned threat group Volt Typhoon breached a power grid distributor using stolen session tokens. Lateral movement was detected across multiple subnets, resulting in unauthorized exfiltration of sensitive telemetry.",unauthorized_access_hacking,Unauthorized Access Hacking
eurepoc_200521,eurepoc,2024-04-10,Technical Cyber Threat Incident,"Adversaries conducted destructive wiper malware and multi-vector Layer 7 DDoS attacks against a commercial banking network. Web applications crashed under 56 million requests per second, knocking public services offline.","Adversaries conducted destructive wiper malware and multi-vector Layer 7 DDoS attacks against a commercial banking network. Web applications crashed under 56 million requests per second, knocking public services offline.",denial_of_service_disruption,Denial Of Service Disruption
eurepoc_200522,eurepoc,2024-04-10,Technical Cyber Threat Incident,"An unauthenticated cloud storage bucket maintained by a regional healthcare facility was compromised by unauthorized third parties. Attackers accessed 88,000 confidential records and backend system credentials.","An unauthenticated cloud storage bucket maintained by a regional healthcare facility was compromised by unauthorized third parties. Attackers accessed 88,000 confidential records and backend system credentials.",unauthorized_access_hacking,Unauthorized Access Hacking
eurepoc_200523,eurepoc,2024-04-10,Technical Cyber Threat Incident,"A persistent flood of HTTP/2 Rapid Reset requests disrupted the border gateway and online authentication servers of a municipal water authority, causing complete denial of service for 6 hours.","A persistent flood of HTTP/2 Rapid Reset requests disrupted the border gateway and online authentication servers of a municipal water authority, causing complete denial of service for 6 hours.",denial_of_service_disruption,Denial Of Service Disruption
eurepoc_200524,eurepoc,2024-04-10,Technical Cyber Threat Incident,"A sophisticated double-extortion ransomware campaign orchestrated by LockBit 3.0 compromised the internal network of a national railway operator via compromised credentials. The actors exfiltrated 699GB of proprietary databases before deploying ransomware binaries. A ransom demand of $600K in Bitcoin was posted, threatening public leak on darknet forums.","A sophisticated double-extortion ransomware campaign orchestrated by LockBit 3.0 compromised the internal network of a national railway operator via compromised credentials. The actors exfiltrated 699GB of proprietary databases before deploying ransomware binaries. A ransom demand of $600K in Bitcoin was posted, threatening public leak on darknet forums.",ransomware_extortion,Ransomware Extortion
eurepoc_200525,eurepoc,2024-04-10,Technical Cyber Threat Incident,"Attackers distributed phishing lures disguised as urgent software patch advisories to personnel at a municipal water authority, leading to payload execution and credential compromise.","Attackers distributed phishing lures disguised as urgent software patch advisories to personnel at a municipal water authority, leading to payload execution and credential compromise.",phishing_social_engineering,Phishing Social Engineering
eurepoc_200526,eurepoc,2024-04-10,Technical Cyber Threat Incident,A spear-phishing campaign attributed to BlackCat (ALPHV) targeted executives at a pharmaceutical research lab. Weaponized PDF documents referencing fake regulatory audits delivered an infostealer payload harvesting domain credentials.,A spear-phishing campaign attributed to BlackCat (ALPHV) targeted executives at a pharmaceutical research lab. Weaponized PDF documents referencing fake regulatory audits delivered an infostealer payload harvesting domain credentials.,phishing_social_engineering,Phishing Social Engineering
eurepoc_200527,eurepoc,2024-04-10,Technical Cyber Threat Incident,"An unauthenticated cloud storage bucket maintained by a commercial banking network was compromised by unauthorized third parties. Attackers accessed 503,000 confidential records and backend system credentials.","An unauthenticated cloud storage bucket maintained by a commercial banking network was compromised by unauthorized third parties. Attackers accessed 503,000 confidential records and backend system credentials.",unauthorized_access_hacking,Unauthorized Access Hacking
eurepoc_200528,eurepoc,2024-04-10,Technical Cyber Threat Incident,"A sophisticated double-extortion ransomware campaign orchestrated by BlackCat (ALPHV) compromised the internal network of a telecommunications provider via compromised credentials. The actors exfiltrated 625GB of proprietary databases before deploying ransomware binaries. A ransom demand of $1,973K in Bitcoin was posted, threatening public leak on darknet forums.","A sophisticated double-extortion ransomware campaign orchestrated by BlackCat (ALPHV) compromised the internal network of a telecommunications provider via compromised credentials. The actors exfiltrated 625GB of proprietary databases before deploying ransomware binaries. A ransom demand of $1,973K in Bitcoin was posted, threatening public leak on darknet forums.",ransomware_extortion,Ransomware Extortion
eurepoc_200529,eurepoc,2024-04-10,Technical Cyber Threat Incident,"A critical ransomware outbreak hit a government tax agency. Operators weaponized vulnerability CVE-2023-34362 in perimeter firewalls to establish persistent C2 access. File systems were encrypted and volume shadow copies destroyed. The extortion group demanded $6,179K for decryption tools.","A critical ransomware outbreak hit a government tax agency. Operators weaponized vulnerability CVE-2023-34362 in perimeter firewalls to establish persistent C2 access. File systems were encrypted and volume shadow copies destroyed. The extortion group demanded $6,179K for decryption tools.",ransomware_extortion,Ransomware Extortion
eurepoc_200530,eurepoc,2024-04-10,Technical Cyber Threat Incident,"State-aligned threat group Sandworm breached a public port logistics hub using stolen session tokens. Lateral movement was detected across multiple subnets, resulting in unauthorized exfiltration of sensitive telemetry.","State-aligned threat group Sandworm breached a public port logistics hub using stolen session tokens. Lateral movement was detected across multiple subnets, resulting in unauthorized exfiltration of sensitive telemetry.",unauthorized_access_hacking,Unauthorized Access Hacking
eurepoc_200531,eurepoc,2024-04-10,Technical Cyber Threat Incident,"Employees at a municipal water authority received spoofed Microsoft 365 login requests. The Adversary-in-the-Middle (AiTM) proxy captured session cookies and bypassed MFA, facilitating unauthorized email forwarding rules.","Employees at a municipal water authority received spoofed Microsoft 365 login requests. The Adversary-in-the-Middle (AiTM) proxy captured session cookies and bypassed MFA, facilitating unauthorized email forwarding rules.",phishing_social_engineering,Phishing Social Engineering
eurepoc_200532,eurepoc,2024-04-10,Technical Cyber Threat Incident,"A critical ransomware outbreak hit a public port logistics hub. Operators weaponized vulnerability CVE-2023-34362 in perimeter firewalls to establish persistent C2 access. File systems were encrypted and volume shadow copies destroyed. The extortion group demanded $7,026K for decryption tools.","A critical ransomware outbreak hit a public port logistics hub. Operators weaponized vulnerability CVE-2023-34362 in perimeter firewalls to establish persistent C2 access. File systems were encrypted and volume shadow copies destroyed. The extortion group demanded $7,026K for decryption tools.",ransomware_extortion,Ransomware Extortion
eurepoc_200533,eurepoc,2024-04-10,Technical Cyber Threat Incident,"Attackers distributed phishing lures disguised as urgent software patch advisories to personnel at a national railway operator, leading to payload execution and credential compromise.","Attackers distributed phishing lures disguised as urgent software patch advisories to personnel at a national railway operator, leading to payload execution and credential compromise.",phishing_social_engineering,Phishing Social Engineering
eurepoc_200534,eurepoc,2024-04-10,Technical Cyber Threat Incident,"State-aligned threat group Cl0p breached a regional healthcare facility using stolen session tokens. Lateral movement was detected across multiple subnets, resulting in unauthorized exfiltration of sensitive telemetry.","State-aligned threat group Cl0p breached a regional healthcare facility using stolen session tokens. Lateral movement was detected across multiple subnets, resulting in unauthorized exfiltration of sensitive telemetry.",unauthorized_access_hacking,Unauthorized Access Hacking
eurepoc_200535,eurepoc,2024-04-10,Technical Cyber Threat Incident,"A sophisticated double-extortion ransomware campaign orchestrated by Sandworm compromised the internal network of a pharmaceutical research lab via compromised credentials. The actors exfiltrated 296GB of proprietary databases before deploying ransomware binaries. A ransom demand of $7,931K in Bitcoin was posted, threatening public leak on darknet forums.","A sophisticated double-extortion ransomware campaign orchestrated by Sandworm compromised the internal network of a pharmaceutical research lab via compromised credentials. The actors exfiltrated 296GB of proprietary databases before deploying ransomware binaries. A ransom demand of $7,931K in Bitcoin was posted, threatening public leak on darknet forums.",ransomware_extortion,Ransomware Extortion
eurepoc_200536,eurepoc,2024-04-10,Technical Cyber Threat Incident,"A critical ransomware outbreak hit a power grid distributor. Operators weaponized vulnerability CVE-2023-4966 in perimeter firewalls to establish persistent C2 access. File systems were encrypted and volume shadow copies destroyed. The extortion group demanded $2,131K for decryption tools.","A critical ransomware outbreak hit a power grid distributor. Operators weaponized vulnerability CVE-2023-4966 in perimeter firewalls to establish persistent C2 access. File systems were encrypted and volume shadow copies destroyed. The extortion group demanded $2,131K for decryption tools.",ransomware_extortion,Ransomware Extortion
eurepoc_200537,eurepoc,2024-04-10,Technical Cyber Threat Incident,"Attackers distributed phishing lures disguised as urgent software patch advisories to personnel at a aerospace defense contractor, leading to payload execution and credential compromise.","Attackers distributed phishing lures disguised as urgent software patch advisories to personnel at a aerospace defense contractor, leading to payload execution and credential compromise.",phishing_social_engineering,Phishing Social Engineering
eurepoc_200538,eurepoc,2024-04-10,Technical Cyber Threat Incident,"State-aligned threat group Volt Typhoon breached a national railway operator using stolen session tokens. Lateral movement was detected across multiple subnets, resulting in unauthorized exfiltration of sensitive telemetry.","State-aligned threat group Volt Typhoon breached a national railway operator using stolen session tokens. Lateral movement was detected across multiple subnets, resulting in unauthorized exfiltration of sensitive telemetry.",unauthorized_access_hacking,Unauthorized Access Hacking
eurepoc_200539,eurepoc,2024-04-10,Technical Cyber Threat Incident,"State-aligned threat group BlackCat (ALPHV) breached a regional healthcare facility using stolen session tokens. Lateral movement was detected across multiple subnets, resulting in unauthorized exfiltration of sensitive telemetry.","State-aligned threat group BlackCat (ALPHV) breached a regional healthcare facility using stolen session tokens. Lateral movement was detected across multiple subnets, resulting in unauthorized exfiltration of sensitive telemetry.",unauthorized_access_hacking,Unauthorized Access Hacking
eurepoc_200540,eurepoc,2024-04-10,Technical Cyber Threat Incident,"Adversaries conducted destructive wiper malware and multi-vector Layer 7 DDoS attacks against a municipal water authority. Web applications crashed under 85 million requests per second, knocking public services offline.","Adversaries conducted destructive wiper malware and multi-vector Layer 7 DDoS attacks against a municipal water authority. Web applications crashed under 85 million requests per second, knocking public services offline.",denial_of_service_disruption,Denial Of Service Disruption
eurepoc_200541,eurepoc,2024-04-10,Technical Cyber Threat Incident,"Employees at a commercial banking network received spoofed Microsoft 365 login requests. The Adversary-in-the-Middle (AiTM) proxy captured session cookies and bypassed MFA, facilitating unauthorized email forwarding rules.","Employees at a commercial banking network received spoofed Microsoft 365 login requests. The Adversary-in-the-Middle (AiTM) proxy captured session cookies and bypassed MFA, facilitating unauthorized email forwarding rules.",phishing_social_engineering,Phishing Social Engineering
eurepoc_200542,eurepoc,2024-04-10,Technical Cyber Threat Incident,"Employees at a telecommunications provider received spoofed Microsoft 365 login requests. The Adversary-in-the-Middle (AiTM) proxy captured session cookies and bypassed MFA, facilitating unauthorized email forwarding rules.","Employees at a telecommunications provider received spoofed Microsoft 365 login requests. The Adversary-in-the-Middle (AiTM) proxy captured session cookies and bypassed MFA, facilitating unauthorized email forwarding rules.",phishing_social_engineering,Phishing Social Engineering
eurepoc_200543,eurepoc,2024-04-10,Technical Cyber Threat Incident,"A critical ransomware outbreak hit a municipal water authority. Operators weaponized vulnerability CVE-2024-1709 in perimeter firewalls to establish persistent C2 access. File systems were encrypted and volume shadow copies destroyed. The extortion group demanded $1,859K for decryption tools.","A critical ransomware outbreak hit a municipal water authority. Operators weaponized vulnerability CVE-2024-1709 in perimeter firewalls to establish persistent C2 access. File systems were encrypted and volume shadow copies destroyed. The extortion group demanded $1,859K for decryption tools.",ransomware_extortion,Ransomware Extortion
eurepoc_200544,eurepoc,2024-04-10,Technical Cyber Threat Incident,A spear-phishing campaign attributed to BlackCat (ALPHV) targeted executives at a pharmaceutical research lab. Weaponized PDF documents referencing fake regulatory audits delivered an infostealer payload harvesting domain credentials.,A spear-phishing campaign attributed to BlackCat (ALPHV) targeted executives at a pharmaceutical research lab. Weaponized PDF documents referencing fake regulatory audits delivered an infostealer payload harvesting domain credentials.,phishing_social_engineering,Phishing Social Engineering
eurepoc_200545,eurepoc,2024-04-10,Technical Cyber Threat Incident,"A massive volumetric Distributed Denial of Service (DDoS) attack peaking at 2.26 Tbps targeted a pharmaceutical research lab. The attack exploited an amplified DNS/UDP reflection vector through a global IoT botnet, resulting in 58 hours of total service outage.","A massive volumetric Distributed Denial of Service (DDoS) attack peaking at 2.26 Tbps targeted a pharmaceutical research lab. The attack exploited an amplified DNS/UDP reflection vector through a global IoT botnet, resulting in 58 hours of total service outage.",denial_of_service_disruption,Denial Of Service Disruption
eurepoc_200546,eurepoc,2024-04-10,Technical Cyber Threat Incident,"Adversaries gained unauthorized system access to a commercial banking network by exploiting CVE-2023-2868. The intrusion compromised 244,000 user credentials, establishing persistent reverse shells across the internal DMZ.","Adversaries gained unauthorized system access to a commercial banking network by exploiting CVE-2023-2868. The intrusion compromised 244,000 user credentials, establishing persistent reverse shells across the internal DMZ.",unauthorized_access_hacking,Unauthorized Access Hacking
eurepoc_200547,eurepoc,2024-04-10,Technical Cyber Threat Incident,"A critical ransomware outbreak hit a pharmaceutical research lab. Operators weaponized vulnerability CVE-2023-34362 in perimeter firewalls to establish persistent C2 access. File systems were encrypted and volume shadow copies destroyed. The extortion group demanded $3,427K for decryption tools.","A critical ransomware outbreak hit a pharmaceutical research lab. Operators weaponized vulnerability CVE-2023-34362 in perimeter firewalls to establish persistent C2 access. File systems were encrypted and volume shadow copies destroyed. The extortion group demanded $3,427K for decryption tools.",ransomware_extortion,Ransomware Extortion
eurepoc_200548,eurepoc,2024-04-10,Technical Cyber Threat Incident,"Threat group LockBit 3.0 launched an extortion attack against a pharmaceutical research lab. All virtual hypervisors and backup domains were encrypted. Negotiations demanded $7,660K within 48 hours to halt the auction of exfiltrated administrative files.","Threat group LockBit 3.0 launched an extortion attack against a pharmaceutical research lab. All virtual hypervisors and backup domains were encrypted. Negotiations demanded $7,660K within 48 hours to halt the auction of exfiltrated administrative files.",ransomware_extortion,Ransomware Extortion
eurepoc_200549,eurepoc,2024-04-10,Technical Cyber Threat Incident,"An unauthenticated cloud storage bucket maintained by a government tax agency was compromised by unauthorized third parties. Attackers accessed 453,000 confidential records and backend system credentials.","An unauthenticated cloud storage bucket maintained by a government tax agency was compromised by unauthorized third parties. Attackers accessed 453,000 confidential records and backend system credentials.",unauthorized_access_hacking,Unauthorized Access Hacking
eurepoc_200550,eurepoc,2024-04-10,Technical Cyber Threat Incident,"A critical ransomware outbreak hit a municipal water authority. Operators weaponized vulnerability CVE-2024-1709 in perimeter firewalls to establish persistent C2 access. File systems were encrypted and volume shadow copies destroyed. The extortion group demanded $4,404K for decryption tools.","A critical ransomware outbreak hit a municipal water authority. Operators weaponized vulnerability CVE-2024-1709 in perimeter firewalls to establish persistent C2 access. File systems were encrypted and volume shadow copies destroyed. The extortion group demanded $4,404K for decryption tools.",ransomware_extortion,Ransomware Extortion
eurepoc_200551,eurepoc,2024-04-10,Technical Cyber Threat Incident,"Employees at a government tax agency received spoofed Microsoft 365 login requests. The Adversary-in-the-Middle (AiTM) proxy captured session cookies and bypassed MFA, facilitating unauthorized email forwarding rules.","Employees at a government tax agency received spoofed Microsoft 365 login requests. The Adversary-in-the-Middle (AiTM) proxy captured session cookies and bypassed MFA, facilitating unauthorized email forwarding rules.",phishing_social_engineering,Phishing Social Engineering
eurepoc_200552,eurepoc,2024-04-10,Technical Cyber Threat Incident,A spear-phishing campaign attributed to Lazarus Group targeted executives at a power grid distributor. Weaponized PDF documents referencing fake regulatory audits delivered an infostealer payload harvesting domain credentials.,A spear-phishing campaign attributed to Lazarus Group targeted executives at a power grid distributor. Weaponized PDF documents referencing fake regulatory audits delivered an infostealer payload harvesting domain credentials.,phishing_social_engineering,Phishing Social Engineering
eurepoc_200553,eurepoc,2024-04-10,Technical Cyber Threat Incident,"A critical ransomware outbreak hit a municipal water authority. Operators weaponized vulnerability CVE-2023-2868 in perimeter firewalls to establish persistent C2 access. File systems were encrypted and volume shadow copies destroyed. The extortion group demanded $6,465K for decryption tools.","A critical ransomware outbreak hit a municipal water authority. Operators weaponized vulnerability CVE-2023-2868 in perimeter firewalls to establish persistent C2 access. File systems were encrypted and volume shadow copies destroyed. The extortion group demanded $6,465K for decryption tools.",ransomware_extortion,Ransomware Extortion
eurepoc_200554,eurepoc,2024-04-10,Technical Cyber Threat Incident,"Attackers distributed phishing lures disguised as urgent software patch advisories to personnel at a aerospace defense contractor, leading to payload execution and credential compromise.","Attackers distributed phishing lures disguised as urgent software patch advisories to personnel at a aerospace defense contractor, leading to payload execution and credential compromise.",phishing_social_engineering,Phishing Social Engineering
eurepoc_200555,eurepoc,2024-04-10,Technical Cyber Threat Incident,"A sophisticated double-extortion ransomware campaign orchestrated by Cl0p compromised the internal network of a government tax agency via compromised credentials. The actors exfiltrated 672GB of proprietary databases before deploying ransomware binaries. A ransom demand of $6,897K in Bitcoin was posted, threatening public leak on darknet forums.","A sophisticated double-extortion ransomware campaign orchestrated by Cl0p compromised the internal network of a government tax agency via compromised credentials. The actors exfiltrated 672GB of proprietary databases before deploying ransomware binaries. A ransom demand of $6,897K in Bitcoin was posted, threatening public leak on darknet forums.",ransomware_extortion,Ransomware Extortion
eurepoc_200556,eurepoc,2024-04-10,Technical Cyber Threat Incident,"Adversaries conducted destructive wiper malware and multi-vector Layer 7 DDoS attacks against a municipal water authority. Web applications crashed under 63 million requests per second, knocking public services offline.","Adversaries conducted destructive wiper malware and multi-vector Layer 7 DDoS attacks against a municipal water authority. Web applications crashed under 63 million requests per second, knocking public services offline.",denial_of_service_disruption,Denial Of Service Disruption
eurepoc_200557,eurepoc,2024-04-10,Technical Cyber Threat Incident,"A persistent flood of HTTP/2 Rapid Reset requests disrupted the border gateway and online authentication servers of a public port logistics hub, causing complete denial of service for 62 hours.","A persistent flood of HTTP/2 Rapid Reset requests disrupted the border gateway and online authentication servers of a public port logistics hub, causing complete denial of service for 62 hours.",denial_of_service_disruption,Denial Of Service Disruption
eurepoc_200558,eurepoc,2024-04-10,Technical Cyber Threat Incident,A spear-phishing campaign attributed to Akira targeted executives at a commercial banking network. Weaponized PDF documents referencing fake regulatory audits delivered an infostealer payload harvesting domain credentials.,A spear-phishing campaign attributed to Akira targeted executives at a commercial banking network. Weaponized PDF documents referencing fake regulatory audits delivered an infostealer payload harvesting domain credentials.,phishing_social_engineering,Phishing Social Engineering
eurepoc_200559,eurepoc,2024-04-10,Technical Cyber Threat Incident,"An unauthenticated cloud storage bucket maintained by a commercial banking network was compromised by unauthorized third parties. Attackers accessed 455,000 confidential records and backend system credentials.","An unauthenticated cloud storage bucket maintained by a commercial banking network was compromised by unauthorized third parties. Attackers accessed 455,000 confidential records and backend system credentials.",unauthorized_access_hacking,Unauthorized Access Hacking
eurepoc_200560,eurepoc,2024-04-10,Technical Cyber Threat Incident,"State-aligned threat group Cl0p breached a telecommunications provider using stolen session tokens. Lateral movement was detected across multiple subnets, resulting in unauthorized exfiltration of sensitive telemetry.","State-aligned threat group Cl0p breached a telecommunications provider using stolen session tokens. Lateral movement was detected across multiple subnets, resulting in unauthorized exfiltration of sensitive telemetry.",unauthorized_access_hacking,Unauthorized Access Hacking
eurepoc_200561,eurepoc,2024-04-10,Technical Cyber Threat Incident,"A sophisticated double-extortion ransomware campaign orchestrated by BlackCat (ALPHV) compromised the internal network of a pharmaceutical research lab via compromised credentials. The actors exfiltrated 888GB of proprietary databases before deploying ransomware binaries. A ransom demand of $6,393K in Bitcoin was posted, threatening public leak on darknet forums.","A sophisticated double-extortion ransomware campaign orchestrated by BlackCat (ALPHV) compromised the internal network of a pharmaceutical research lab via compromised credentials. The actors exfiltrated 888GB of proprietary databases before deploying ransomware binaries. A ransom demand of $6,393K in Bitcoin was posted, threatening public leak on darknet forums.",ransomware_extortion,Ransomware Extortion
eurepoc_200562,eurepoc,2024-04-10,Technical Cyber Threat Incident,"Attackers distributed phishing lures disguised as urgent software patch advisories to personnel at a regional healthcare facility, leading to payload execution and credential compromise.","Attackers distributed phishing lures disguised as urgent software patch advisories to personnel at a regional healthcare facility, leading to payload execution and credential compromise.",phishing_social_engineering,Phishing Social Engineering
eurepoc_200563,eurepoc,2024-04-10,Technical Cyber Threat Incident,"State-aligned threat group LockBit 3.0 breached a power grid distributor using stolen session tokens. Lateral movement was detected across multiple subnets, resulting in unauthorized exfiltration of sensitive telemetry.","State-aligned threat group LockBit 3.0 breached a power grid distributor using stolen session tokens. Lateral movement was detected across multiple subnets, resulting in unauthorized exfiltration of sensitive telemetry.",unauthorized_access_hacking,Unauthorized Access Hacking
eurepoc_200564,eurepoc,2024-04-10,Technical Cyber Threat Incident,"Adversaries gained unauthorized system access to a telecommunications provider by exploiting CVE-2023-4966. The intrusion compromised 727,000 user credentials, establishing persistent reverse shells across the internal DMZ.","Adversaries gained unauthorized system access to a telecommunications provider by exploiting CVE-2023-4966. The intrusion compromised 727,000 user credentials, establishing persistent reverse shells across the internal DMZ.",unauthorized_access_hacking,Unauthorized Access Hacking
eurepoc_200565,eurepoc,2024-04-10,Technical Cyber Threat Incident,"State-aligned threat group Volt Typhoon breached a commercial banking network using stolen session tokens. Lateral movement was detected across multiple subnets, resulting in unauthorized exfiltration of sensitive telemetry.","State-aligned threat group Volt Typhoon breached a commercial banking network using stolen session tokens. Lateral movement was detected across multiple subnets, resulting in unauthorized exfiltration of sensitive telemetry.",unauthorized_access_hacking,Unauthorized Access Hacking
eurepoc_200566,eurepoc,2024-04-10,Technical Cyber Threat Incident,"Attackers distributed phishing lures disguised as urgent software patch advisories to personnel at a telecommunications provider, leading to payload execution and credential compromise.","Attackers distributed phishing lures disguised as urgent software patch advisories to personnel at a telecommunications provider, leading to payload execution and credential compromise.",phishing_social_engineering,Phishing Social Engineering
eurepoc_200567,eurepoc,2024-04-10,Technical Cyber Threat Incident,"Attackers distributed phishing lures disguised as urgent software patch advisories to personnel at a regional healthcare facility, leading to payload execution and credential compromise.","Attackers distributed phishing lures disguised as urgent software patch advisories to personnel at a regional healthcare facility, leading to payload execution and credential compromise.",phishing_social_engineering,Phishing Social Engineering
eurepoc_200568,eurepoc,2024-04-10,Technical Cyber Threat Incident,"A persistent flood of HTTP/2 Rapid Reset requests disrupted the border gateway and online authentication servers of a commercial banking network, causing complete denial of service for 64 hours.","A persistent flood of HTTP/2 Rapid Reset requests disrupted the border gateway and online authentication servers of a commercial banking network, causing complete denial of service for 64 hours.",denial_of_service_disruption,Denial Of Service Disruption
eurepoc_200569,eurepoc,2024-04-10,Technical Cyber Threat Incident,"Adversaries gained unauthorized system access to a telecommunications provider by exploiting CVE-2023-2868. The intrusion compromised 112,000 user credentials, establishing persistent reverse shells across the internal DMZ.","Adversaries gained unauthorized system access to a telecommunications provider by exploiting CVE-2023-2868. The intrusion compromised 112,000 user credentials, establishing persistent reverse shells across the internal DMZ.",unauthorized_access_hacking,Unauthorized Access Hacking
eurepoc_200570,eurepoc,2024-04-10,Technical Cyber Threat Incident,"A sophisticated double-extortion ransomware campaign orchestrated by Lazarus Group compromised the internal network of a commercial banking network via compromised credentials. The actors exfiltrated 147GB of proprietary databases before deploying ransomware binaries. A ransom demand of $3,797K in Bitcoin was posted, threatening public leak on darknet forums.","A sophisticated double-extortion ransomware campaign orchestrated by Lazarus Group compromised the internal network of a commercial banking network via compromised credentials. The actors exfiltrated 147GB of proprietary databases before deploying ransomware binaries. A ransom demand of $3,797K in Bitcoin was posted, threatening public leak on darknet forums.",ransomware_extortion,Ransomware Extortion
eurepoc_200571,eurepoc,2024-04-10,Technical Cyber Threat Incident,"An unauthenticated cloud storage bucket maintained by a aerospace defense contractor was compromised by unauthorized third parties. Attackers accessed 479,000 confidential records and backend system credentials.","An unauthenticated cloud storage bucket maintained by a aerospace defense contractor was compromised by unauthorized third parties. Attackers accessed 479,000 confidential records and backend system credentials.",unauthorized_access_hacking,Unauthorized Access Hacking
eurepoc_200572,eurepoc,2024-04-10,Technical Cyber Threat Incident,"An unauthenticated cloud storage bucket maintained by a pharmaceutical research lab was compromised by unauthorized third parties. Attackers accessed 707,000 confidential records and backend system credentials.","An unauthenticated cloud storage bucket maintained by a pharmaceutical research lab was compromised by unauthorized third parties. Attackers accessed 707,000 confidential records and backend system credentials.",unauthorized_access_hacking,Unauthorized Access Hacking
eurepoc_200573,eurepoc,2024-04-10,Technical Cyber Threat Incident,"A sophisticated double-extortion ransomware campaign orchestrated by APT28 (Fancy Bear) compromised the internal network of a pharmaceutical research lab via compromised credentials. The actors exfiltrated 625GB of proprietary databases before deploying ransomware binaries. A ransom demand of $8,803K in Bitcoin was posted, threatening public leak on darknet forums.","A sophisticated double-extortion ransomware campaign orchestrated by APT28 (Fancy Bear) compromised the internal network of a pharmaceutical research lab via compromised credentials. The actors exfiltrated 625GB of proprietary databases before deploying ransomware binaries. A ransom demand of $8,803K in Bitcoin was posted, threatening public leak on darknet forums.",ransomware_extortion,Ransomware Extortion
eurepoc_200574,eurepoc,2024-04-10,Technical Cyber Threat Incident,"A sophisticated double-extortion ransomware campaign orchestrated by LockBit 3.0 compromised the internal network of a pharmaceutical research lab via compromised credentials. The actors exfiltrated 276GB of proprietary databases before deploying ransomware binaries. A ransom demand of $704K in Bitcoin was posted, threatening public leak on darknet forums.","A sophisticated double-extortion ransomware campaign orchestrated by LockBit 3.0 compromised the internal network of a pharmaceutical research lab via compromised credentials. The actors exfiltrated 276GB of proprietary databases before deploying ransomware binaries. A ransom demand of $704K in Bitcoin was posted, threatening public leak on darknet forums.",ransomware_extortion,Ransomware Extortion
eurepoc_200575,eurepoc,2024-04-10,Technical Cyber Threat Incident,"State-aligned threat group Cl0p breached a municipal water authority using stolen session tokens. Lateral movement was detected across multiple subnets, resulting in unauthorized exfiltration of sensitive telemetry.","State-aligned threat group Cl0p breached a municipal water authority using stolen session tokens. Lateral movement was detected across multiple subnets, resulting in unauthorized exfiltration of sensitive telemetry.",unauthorized_access_hacking,Unauthorized Access Hacking
eurepoc_200576,eurepoc,2024-04-10,Technical Cyber Threat Incident,"Adversaries conducted destructive wiper malware and multi-vector Layer 7 DDoS attacks against a public port logistics hub. Web applications crashed under 76 million requests per second, knocking public services offline.","Adversaries conducted destructive wiper malware and multi-vector Layer 7 DDoS attacks against a public port logistics hub. Web applications crashed under 76 million requests per second, knocking public services offline.",denial_of_service_disruption,Denial Of Service Disruption
eurepoc_200577,eurepoc,2024-04-10,Technical Cyber Threat Incident,"State-aligned threat group Lazarus Group breached a power grid distributor using stolen session tokens. Lateral movement was detected across multiple subnets, resulting in unauthorized exfiltration of sensitive telemetry.","State-aligned threat group Lazarus Group breached a power grid distributor using stolen session tokens. Lateral movement was detected across multiple subnets, resulting in unauthorized exfiltration of sensitive telemetry.",unauthorized_access_hacking,Unauthorized Access Hacking
eurepoc_200578,eurepoc,2024-04-10,Technical Cyber Threat Incident,"A sophisticated double-extortion ransomware campaign orchestrated by LockBit 3.0 compromised the internal network of a public port logistics hub via compromised credentials. The actors exfiltrated 244GB of proprietary databases before deploying ransomware binaries. A ransom demand of $5,213K in Bitcoin was posted, threatening public leak on darknet forums.","A sophisticated double-extortion ransomware campaign orchestrated by LockBit 3.0 compromised the internal network of a public port logistics hub via compromised credentials. The actors exfiltrated 244GB of proprietary databases before deploying ransomware binaries. A ransom demand of $5,213K in Bitcoin was posted, threatening public leak on darknet forums.",ransomware_extortion,Ransomware Extortion
eurepoc_200579,eurepoc,2024-04-10,Technical Cyber Threat Incident,"A critical ransomware outbreak hit a pharmaceutical research lab. Operators weaponized vulnerability CVE-2023-4966 in perimeter firewalls to establish persistent C2 access. File systems were encrypted and volume shadow copies destroyed. The extortion group demanded $4,045K for decryption tools.","A critical ransomware outbreak hit a pharmaceutical research lab. Operators weaponized vulnerability CVE-2023-4966 in perimeter firewalls to establish persistent C2 access. File systems were encrypted and volume shadow copies destroyed. The extortion group demanded $4,045K for decryption tools.",ransomware_extortion,Ransomware Extortion
eurepoc_200580,eurepoc,2024-04-10,Technical Cyber Threat Incident,"Adversaries gained unauthorized system access to a commercial banking network by exploiting CVE-2023-20198. The intrusion compromised 65,000 user credentials, establishing persistent reverse shells across the internal DMZ.","Adversaries gained unauthorized system access to a commercial banking network by exploiting CVE-2023-20198. The intrusion compromised 65,000 user credentials, establishing persistent reverse shells across the internal DMZ.",unauthorized_access_hacking,Unauthorized Access Hacking
eurepoc_200581,eurepoc,2024-04-10,Technical Cyber Threat Incident,"State-aligned threat group Lazarus Group breached a telecommunications provider using stolen session tokens. Lateral movement was detected across multiple subnets, resulting in unauthorized exfiltration of sensitive telemetry.","State-aligned threat group Lazarus Group breached a telecommunications provider using stolen session tokens. Lateral movement was detected across multiple subnets, resulting in unauthorized exfiltration of sensitive telemetry.",unauthorized_access_hacking,Unauthorized Access Hacking
eurepoc_200582,eurepoc,2024-04-10,Technical Cyber Threat Incident,"Adversaries gained unauthorized system access to a aerospace defense contractor by exploiting CVE-2023-2868. The intrusion compromised 529,000 user credentials, establishing persistent reverse shells across the internal DMZ.","Adversaries gained unauthorized system access to a aerospace defense contractor by exploiting CVE-2023-2868. The intrusion compromised 529,000 user credentials, establishing persistent reverse shells across the internal DMZ.",unauthorized_access_hacking,Unauthorized Access Hacking
eurepoc_200583,eurepoc,2024-04-10,Technical Cyber Threat Incident,"Adversaries gained unauthorized system access to a government tax agency by exploiting CVE-2023-2868. The intrusion compromised 93,000 user credentials, establishing persistent reverse shells across the internal DMZ.","Adversaries gained unauthorized system access to a government tax agency by exploiting CVE-2023-2868. The intrusion compromised 93,000 user credentials, establishing persistent reverse shells across the internal DMZ.",unauthorized_access_hacking,Unauthorized Access Hacking
eurepoc_200584,eurepoc,2024-04-10,Technical Cyber Threat Incident,"A massive volumetric Distributed Denial of Service (DDoS) attack peaking at 3.38 Tbps targeted a municipal water authority. The attack exploited an amplified DNS/UDP reflection vector through a global IoT botnet, resulting in 20 hours of total service outage.","A massive volumetric Distributed Denial of Service (DDoS) attack peaking at 3.38 Tbps targeted a municipal water authority. The attack exploited an amplified DNS/UDP reflection vector through a global IoT botnet, resulting in 20 hours of total service outage.",denial_of_service_disruption,Denial Of Service Disruption
eurepoc_200585,eurepoc,2024-04-10,Technical Cyber Threat Incident,"Adversaries gained unauthorized system access to a pharmaceutical research lab by exploiting CVE-2023-34362. The intrusion compromised 529,000 user credentials, establishing persistent reverse shells across the internal DMZ.","Adversaries gained unauthorized system access to a pharmaceutical research lab by exploiting CVE-2023-34362. The intrusion compromised 529,000 user credentials, establishing persistent reverse shells across the internal DMZ.",unauthorized_access_hacking,Unauthorized Access Hacking
eurepoc_200586,eurepoc,2024-04-10,Technical Cyber Threat Incident,"A massive volumetric Distributed Denial of Service (DDoS) attack peaking at 1.97 Tbps targeted a municipal water authority. The attack exploited an amplified DNS/UDP reflection vector through a global IoT botnet, resulting in 6 hours of total service outage.","A massive volumetric Distributed Denial of Service (DDoS) attack peaking at 1.97 Tbps targeted a municipal water authority. The attack exploited an amplified DNS/UDP reflection vector through a global IoT botnet, resulting in 6 hours of total service outage.",denial_of_service_disruption,Denial Of Service Disruption
eurepoc_200587,eurepoc,2024-04-10,Technical Cyber Threat Incident,"A critical ransomware outbreak hit a regional healthcare facility. Operators weaponized vulnerability CVE-2023-20198 in perimeter firewalls to establish persistent C2 access. File systems were encrypted and volume shadow copies destroyed. The extortion group demanded $1,917K for decryption tools.","A critical ransomware outbreak hit a regional healthcare facility. Operators weaponized vulnerability CVE-2023-20198 in perimeter firewalls to establish persistent C2 access. File systems were encrypted and volume shadow copies destroyed. The extortion group demanded $1,917K for decryption tools.",ransomware_extortion,Ransomware Extortion
eurepoc_200588,eurepoc,2024-04-10,Technical Cyber Threat Incident,"State-aligned threat group Akira breached a power grid distributor using stolen session tokens. Lateral movement was detected across multiple subnets, resulting in unauthorized exfiltration of sensitive telemetry.","State-aligned threat group Akira breached a power grid distributor using stolen session tokens. Lateral movement was detected across multiple subnets, resulting in unauthorized exfiltration of sensitive telemetry.",unauthorized_access_hacking,Unauthorized Access Hacking
eurepoc_200589,eurepoc,2024-04-10,Technical Cyber Threat Incident,"State-aligned threat group Cl0p breached a aerospace defense contractor using stolen session tokens. Lateral movement was detected across multiple subnets, resulting in unauthorized exfiltration of sensitive telemetry.","State-aligned threat group Cl0p breached a aerospace defense contractor using stolen session tokens. Lateral movement was detected across multiple subnets, resulting in unauthorized exfiltration of sensitive telemetry.",unauthorized_access_hacking,Unauthorized Access Hacking
eurepoc_200590,eurepoc,2024-04-10,Technical Cyber Threat Incident,A critical ransomware outbreak hit a telecommunications provider. Operators weaponized vulnerability CVE-2024-1709 in perimeter firewalls to establish persistent C2 access. File systems were encrypted and volume shadow copies destroyed. The extortion group demanded $571K for decryption tools.,A critical ransomware outbreak hit a telecommunications provider. Operators weaponized vulnerability CVE-2024-1709 in perimeter firewalls to establish persistent C2 access. File systems were encrypted and volume shadow copies destroyed. The extortion group demanded $571K for decryption tools.,ransomware_extortion,Ransomware Extortion
eurepoc_200591,eurepoc,2024-04-10,Technical Cyber Threat Incident,"Adversaries gained unauthorized system access to a commercial banking network by exploiting CVE-2023-2868. The intrusion compromised 616,000 user credentials, establishing persistent reverse shells across the internal DMZ.","Adversaries gained unauthorized system access to a commercial banking network by exploiting CVE-2023-2868. The intrusion compromised 616,000 user credentials, establishing persistent reverse shells across the internal DMZ.",unauthorized_access_hacking,Unauthorized Access Hacking
eurepoc_200592,eurepoc,2024-04-10,Technical Cyber Threat Incident,"State-aligned threat group APT28 (Fancy Bear) breached a commercial banking network using stolen session tokens. Lateral movement was detected across multiple subnets, resulting in unauthorized exfiltration of sensitive telemetry.","State-aligned threat group APT28 (Fancy Bear) breached a commercial banking network using stolen session tokens. Lateral movement was detected across multiple subnets, resulting in unauthorized exfiltration of sensitive telemetry.",unauthorized_access_hacking,Unauthorized Access Hacking
eurepoc_200593,eurepoc,2024-04-10,Technical Cyber Threat Incident,"Adversaries gained unauthorized system access to a regional healthcare facility by exploiting CVE-2023-20198. The intrusion compromised 263,000 user credentials, establishing persistent reverse shells across the internal DMZ.","Adversaries gained unauthorized system access to a regional healthcare facility by exploiting CVE-2023-20198. The intrusion compromised 263,000 user credentials, establishing persistent reverse shells across the internal DMZ.",unauthorized_access_hacking,Unauthorized Access Hacking
eurepoc_200594,eurepoc,2024-04-10,Technical Cyber Threat Incident,"Employees at a public port logistics hub received spoofed Microsoft 365 login requests. The Adversary-in-the-Middle (AiTM) proxy captured session cookies and bypassed MFA, facilitating unauthorized email forwarding rules.","Employees at a public port logistics hub received spoofed Microsoft 365 login requests. The Adversary-in-the-Middle (AiTM) proxy captured session cookies and bypassed MFA, facilitating unauthorized email forwarding rules.",phishing_social_engineering,Phishing Social Engineering
eurepoc_200595,eurepoc,2024-04-10,Technical Cyber Threat Incident,"Attackers distributed phishing lures disguised as urgent software patch advisories to personnel at a national railway operator, leading to payload execution and credential compromise.","Attackers distributed phishing lures disguised as urgent software patch advisories to personnel at a national railway operator, leading to payload execution and credential compromise.",phishing_social_engineering,Phishing Social Engineering
eurepoc_200596,eurepoc,2024-04-10,Technical Cyber Threat Incident,"State-aligned threat group Lazarus Group breached a aerospace defense contractor using stolen session tokens. Lateral movement was detected across multiple subnets, resulting in unauthorized exfiltration of sensitive telemetry.","State-aligned threat group Lazarus Group breached a aerospace defense contractor using stolen session tokens. Lateral movement was detected across multiple subnets, resulting in unauthorized exfiltration of sensitive telemetry.",unauthorized_access_hacking,Unauthorized Access Hacking
eurepoc_200597,eurepoc,2024-04-10,Technical Cyber Threat Incident,"State-aligned threat group Volt Typhoon breached a municipal water authority using stolen session tokens. Lateral movement was detected across multiple subnets, resulting in unauthorized exfiltration of sensitive telemetry.","State-aligned threat group Volt Typhoon breached a municipal water authority using stolen session tokens. Lateral movement was detected across multiple subnets, resulting in unauthorized exfiltration of sensitive telemetry.",unauthorized_access_hacking,Unauthorized Access Hacking
eurepoc_200598,eurepoc,2024-04-10,Technical Cyber Threat Incident,A spear-phishing campaign attributed to Akira targeted executives at a telecommunications provider. Weaponized PDF documents referencing fake regulatory audits delivered an infostealer payload harvesting domain credentials.,A spear-phishing campaign attributed to Akira targeted executives at a telecommunications provider. Weaponized PDF documents referencing fake regulatory audits delivered an infostealer payload harvesting domain credentials.,phishing_social_engineering,Phishing Social Engineering
eurepoc_200599,eurepoc,2024-04-10,Technical Cyber Threat Incident,"Adversaries gained unauthorized system access to a telecommunications provider by exploiting CVE-2023-4966. The intrusion compromised 230,000 user credentials, establishing persistent reverse shells across the internal DMZ.","Adversaries gained unauthorized system access to a telecommunications provider by exploiting CVE-2023-4966. The intrusion compromised 230,000 user credentials, establishing persistent reverse shells across the internal DMZ.",unauthorized_access_hacking,Unauthorized Access Hacking
eurepoc_200600,eurepoc,2024-04-10,Technical Cyber Threat Incident,"State-aligned threat group LockBit 3.0 breached a municipal water authority using stolen session tokens. Lateral movement was detected across multiple subnets, resulting in unauthorized exfiltration of sensitive telemetry.","State-aligned threat group LockBit 3.0 breached a municipal water authority using stolen session tokens. Lateral movement was detected across multiple subnets, resulting in unauthorized exfiltration of sensitive telemetry.",unauthorized_access_hacking,Unauthorized Access Hacking
eurepoc_200601,eurepoc,2024-04-10,Technical Cyber Threat Incident,"Threat group Cl0p launched an extortion attack against a telecommunications provider. All virtual hypervisors and backup domains were encrypted. Negotiations demanded $3,697K within 48 hours to halt the auction of exfiltrated administrative files.","Threat group Cl0p launched an extortion attack against a telecommunications provider. All virtual hypervisors and backup domains were encrypted. Negotiations demanded $3,697K within 48 hours to halt the auction of exfiltrated administrative files.",ransomware_extortion,Ransomware Extortion
eurepoc_200602,eurepoc,2024-04-10,Technical Cyber Threat Incident,"A critical ransomware outbreak hit a pharmaceutical research lab. Operators weaponized vulnerability CVE-2023-34362 in perimeter firewalls to establish persistent C2 access. File systems were encrypted and volume shadow copies destroyed. The extortion group demanded $7,261K for decryption tools.","A critical ransomware outbreak hit a pharmaceutical research lab. Operators weaponized vulnerability CVE-2023-34362 in perimeter firewalls to establish persistent C2 access. File systems were encrypted and volume shadow copies destroyed. The extortion group demanded $7,261K for decryption tools.",ransomware_extortion,Ransomware Extortion
eurepoc_200603,eurepoc,2024-04-10,Technical Cyber Threat Incident,"A critical ransomware outbreak hit a government tax agency. Operators weaponized vulnerability CVE-2023-4966 in perimeter firewalls to establish persistent C2 access. File systems were encrypted and volume shadow copies destroyed. The extortion group demanded $1,751K for decryption tools.","A critical ransomware outbreak hit a government tax agency. Operators weaponized vulnerability CVE-2023-4966 in perimeter firewalls to establish persistent C2 access. File systems were encrypted and volume shadow copies destroyed. The extortion group demanded $1,751K for decryption tools.",ransomware_extortion,Ransomware Extortion
eurepoc_200604,eurepoc,2024-04-10,Technical Cyber Threat Incident,"Threat group LockBit 3.0 launched an extortion attack against a power grid distributor. All virtual hypervisors and backup domains were encrypted. Negotiations demanded $6,900K within 48 hours to halt the auction of exfiltrated administrative files.","Threat group LockBit 3.0 launched an extortion attack against a power grid distributor. All virtual hypervisors and backup domains were encrypted. Negotiations demanded $6,900K within 48 hours to halt the auction of exfiltrated administrative files.",ransomware_extortion,Ransomware Extortion
eurepoc_200605,eurepoc,2024-04-10,Technical Cyber Threat Incident,"A sophisticated double-extortion ransomware campaign orchestrated by Sandworm compromised the internal network of a government tax agency via compromised credentials. The actors exfiltrated 764GB of proprietary databases before deploying ransomware binaries. A ransom demand of $7,985K in Bitcoin was posted, threatening public leak on darknet forums.","A sophisticated double-extortion ransomware campaign orchestrated by Sandworm compromised the internal network of a government tax agency via compromised credentials. The actors exfiltrated 764GB of proprietary databases before deploying ransomware binaries. A ransom demand of $7,985K in Bitcoin was posted, threatening public leak on darknet forums.",ransomware_extortion,Ransomware Extortion
eurepoc_200606,eurepoc,2024-04-10,Technical Cyber Threat Incident,"An unauthenticated cloud storage bucket maintained by a municipal water authority was compromised by unauthorized third parties. Attackers accessed 518,000 confidential records and backend system credentials.","An unauthenticated cloud storage bucket maintained by a municipal water authority was compromised by unauthorized third parties. Attackers accessed 518,000 confidential records and backend system credentials.",unauthorized_access_hacking,Unauthorized Access Hacking
eurepoc_200607,eurepoc,2024-04-10,Technical Cyber Threat Incident,"A persistent flood of HTTP/2 Rapid Reset requests disrupted the border gateway and online authentication servers of a commercial banking network, causing complete denial of service for 45 hours.","A persistent flood of HTTP/2 Rapid Reset requests disrupted the border gateway and online authentication servers of a commercial banking network, causing complete denial of service for 45 hours.",denial_of_service_disruption,Denial Of Service Disruption
eurepoc_200608,eurepoc,2024-04-10,Technical Cyber Threat Incident,"A persistent flood of HTTP/2 Rapid Reset requests disrupted the border gateway and online authentication servers of a municipal water authority, causing complete denial of service for 18 hours.","A persistent flood of HTTP/2 Rapid Reset requests disrupted the border gateway and online authentication servers of a municipal water authority, causing complete denial of service for 18 hours.",denial_of_service_disruption,Denial Of Service Disruption
eurepoc_200609,eurepoc,2024-04-10,Technical Cyber Threat Incident,A critical ransomware outbreak hit a aerospace defense contractor. Operators weaponized vulnerability CVE-2023-2868 in perimeter firewalls to establish persistent C2 access. File systems were encrypted and volume shadow copies destroyed. The extortion group demanded $523K for decryption tools.,A critical ransomware outbreak hit a aerospace defense contractor. Operators weaponized vulnerability CVE-2023-2868 in perimeter firewalls to establish persistent C2 access. File systems were encrypted and volume shadow copies destroyed. The extortion group demanded $523K for decryption tools.,ransomware_extortion,Ransomware Extortion
eurepoc_200610,eurepoc,2024-04-10,Technical Cyber Threat Incident,"A sophisticated double-extortion ransomware campaign orchestrated by Lazarus Group compromised the internal network of a municipal water authority via compromised credentials. The actors exfiltrated 367GB of proprietary databases before deploying ransomware binaries. A ransom demand of $6,830K in Bitcoin was posted, threatening public leak on darknet forums.","A sophisticated double-extortion ransomware campaign orchestrated by Lazarus Group compromised the internal network of a municipal water authority via compromised credentials. The actors exfiltrated 367GB of proprietary databases before deploying ransomware binaries. A ransom demand of $6,830K in Bitcoin was posted, threatening public leak on darknet forums.",ransomware_extortion,Ransomware Extortion
eurepoc_200611,eurepoc,2024-04-10,Technical Cyber Threat Incident,"Adversaries gained unauthorized system access to a national railway operator by exploiting CVE-2023-34362. The intrusion compromised 442,000 user credentials, establishing persistent reverse shells across the internal DMZ.","Adversaries gained unauthorized system access to a national railway operator by exploiting CVE-2023-34362. The intrusion compromised 442,000 user credentials, establishing persistent reverse shells across the internal DMZ.",unauthorized_access_hacking,Unauthorized Access Hacking
eurepoc_200612,eurepoc,2024-04-10,Technical Cyber Threat Incident,"Threat group APT28 (Fancy Bear) launched an extortion attack against a telecommunications provider. All virtual hypervisors and backup domains were encrypted. Negotiations demanded $7,499K within 48 hours to halt the auction of exfiltrated administrative files.","Threat group APT28 (Fancy Bear) launched an extortion attack against a telecommunications provider. All virtual hypervisors and backup domains were encrypted. Negotiations demanded $7,499K within 48 hours to halt the auction of exfiltrated administrative files.",ransomware_extortion,Ransomware Extortion
eurepoc_200613,eurepoc,2024-04-10,Technical Cyber Threat Incident,"An unauthenticated cloud storage bucket maintained by a pharmaceutical research lab was compromised by unauthorized third parties. Attackers accessed 287,000 confidential records and backend system credentials.","An unauthenticated cloud storage bucket maintained by a pharmaceutical research lab was compromised by unauthorized third parties. Attackers accessed 287,000 confidential records and backend system credentials.",unauthorized_access_hacking,Unauthorized Access Hacking
eurepoc_200614,eurepoc,2024-04-10,Technical Cyber Threat Incident,"Adversaries conducted destructive wiper malware and multi-vector Layer 7 DDoS attacks against a pharmaceutical research lab. Web applications crashed under 89 million requests per second, knocking public services offline.","Adversaries conducted destructive wiper malware and multi-vector Layer 7 DDoS attacks against a pharmaceutical research lab. Web applications crashed under 89 million requests per second, knocking public services offline.",denial_of_service_disruption,Denial Of Service Disruption
eurepoc_200615,eurepoc,2024-04-10,Technical Cyber Threat Incident,Threat group Lazarus Group launched an extortion attack against a municipal water authority. All virtual hypervisors and backup domains were encrypted. Negotiations demanded $733K within 48 hours to halt the auction of exfiltrated administrative files.,Threat group Lazarus Group launched an extortion attack against a municipal water authority. All virtual hypervisors and backup domains were encrypted. Negotiations demanded $733K within 48 hours to halt the auction of exfiltrated administrative files.,ransomware_extortion,Ransomware Extortion
eurepoc_200616,eurepoc,2024-04-10,Technical Cyber Threat Incident,"Adversaries conducted destructive wiper malware and multi-vector Layer 7 DDoS attacks against a commercial banking network. Web applications crashed under 95 million requests per second, knocking public services offline.","Adversaries conducted destructive wiper malware and multi-vector Layer 7 DDoS attacks against a commercial banking network. Web applications crashed under 95 million requests per second, knocking public services offline.",denial_of_service_disruption,Denial Of Service Disruption
eurepoc_200617,eurepoc,2024-04-10,Technical Cyber Threat Incident,"State-aligned threat group APT28 (Fancy Bear) breached a public port logistics hub using stolen session tokens. Lateral movement was detected across multiple subnets, resulting in unauthorized exfiltration of sensitive telemetry.","State-aligned threat group APT28 (Fancy Bear) breached a public port logistics hub using stolen session tokens. Lateral movement was detected across multiple subnets, resulting in unauthorized exfiltration of sensitive telemetry.",unauthorized_access_hacking,Unauthorized Access Hacking
eurepoc_200618,eurepoc,2024-04-10,Technical Cyber Threat Incident,"An unauthenticated cloud storage bucket maintained by a aerospace defense contractor was compromised by unauthorized third parties. Attackers accessed 409,000 confidential records and backend system credentials.","An unauthenticated cloud storage bucket maintained by a aerospace defense contractor was compromised by unauthorized third parties. Attackers accessed 409,000 confidential records and backend system credentials.",unauthorized_access_hacking,Unauthorized Access Hacking
eurepoc_200619,eurepoc,2024-04-10,Technical Cyber Threat Incident,"State-aligned threat group Cl0p breached a aerospace defense contractor using stolen session tokens. Lateral movement was detected across multiple subnets, resulting in unauthorized exfiltration of sensitive telemetry.","State-aligned threat group Cl0p breached a aerospace defense contractor using stolen session tokens. Lateral movement was detected across multiple subnets, resulting in unauthorized exfiltration of sensitive telemetry.",unauthorized_access_hacking,Unauthorized Access Hacking
eurepoc_200620,eurepoc,2024-04-10,Technical Cyber Threat Incident,"An unauthenticated cloud storage bucket maintained by a government tax agency was compromised by unauthorized third parties. Attackers accessed 547,000 confidential records and backend system credentials.","An unauthenticated cloud storage bucket maintained by a government tax agency was compromised by unauthorized third parties. Attackers accessed 547,000 confidential records and backend system credentials.",unauthorized_access_hacking,Unauthorized Access Hacking
eurepoc_200621,eurepoc,2024-04-10,Technical Cyber Threat Incident,"Adversaries conducted destructive wiper malware and multi-vector Layer 7 DDoS attacks against a pharmaceutical research lab. Web applications crashed under 75 million requests per second, knocking public services offline.","Adversaries conducted destructive wiper malware and multi-vector Layer 7 DDoS attacks against a pharmaceutical research lab. Web applications crashed under 75 million requests per second, knocking public services offline.",denial_of_service_disruption,Denial Of Service Disruption
eurepoc_200622,eurepoc,2024-04-10,Technical Cyber Threat Incident,"Attackers distributed phishing lures disguised as urgent software patch advisories to personnel at a aerospace defense contractor, leading to payload execution and credential compromise.","Attackers distributed phishing lures disguised as urgent software patch advisories to personnel at a aerospace defense contractor, leading to payload execution and credential compromise.",phishing_social_engineering,Phishing Social Engineering
eurepoc_200623,eurepoc,2024-04-10,Technical Cyber Threat Incident,"A massive volumetric Distributed Denial of Service (DDoS) attack peaking at 2.15 Tbps targeted a national railway operator. The attack exploited an amplified DNS/UDP reflection vector through a global IoT botnet, resulting in 22 hours of total service outage.","A massive volumetric Distributed Denial of Service (DDoS) attack peaking at 2.15 Tbps targeted a national railway operator. The attack exploited an amplified DNS/UDP reflection vector through a global IoT botnet, resulting in 22 hours of total service outage.",denial_of_service_disruption,Denial Of Service Disruption
eurepoc_200624,eurepoc,2024-04-10,Technical Cyber Threat Incident,A critical ransomware outbreak hit a municipal water authority. Operators weaponized vulnerability CVE-2023-4966 in perimeter firewalls to establish persistent C2 access. File systems were encrypted and volume shadow copies destroyed. The extortion group demanded $746K for decryption tools.,A critical ransomware outbreak hit a municipal water authority. Operators weaponized vulnerability CVE-2023-4966 in perimeter firewalls to establish persistent C2 access. File systems were encrypted and volume shadow copies destroyed. The extortion group demanded $746K for decryption tools.,ransomware_extortion,Ransomware Extortion
eurepoc_200625,eurepoc,2024-04-10,Technical Cyber Threat Incident,A critical ransomware outbreak hit a commercial banking network. Operators weaponized vulnerability CVE-2023-2868 in perimeter firewalls to establish persistent C2 access. File systems were encrypted and volume shadow copies destroyed. The extortion group demanded $876K for decryption tools.,A critical ransomware outbreak hit a commercial banking network. Operators weaponized vulnerability CVE-2023-2868 in perimeter firewalls to establish persistent C2 access. File systems were encrypted and volume shadow copies destroyed. The extortion group demanded $876K for decryption tools.,ransomware_extortion,Ransomware Extortion
eurepoc_200626,eurepoc,2024-04-10,Technical Cyber Threat Incident,"Employees at a regional healthcare facility received spoofed Microsoft 365 login requests. The Adversary-in-the-Middle (AiTM) proxy captured session cookies and bypassed MFA, facilitating unauthorized email forwarding rules.","Employees at a regional healthcare facility received spoofed Microsoft 365 login requests. The Adversary-in-the-Middle (AiTM) proxy captured session cookies and bypassed MFA, facilitating unauthorized email forwarding rules.",phishing_social_engineering,Phishing Social Engineering
eurepoc_200627,eurepoc,2024-04-10,Technical Cyber Threat Incident,"Adversaries gained unauthorized system access to a government tax agency by exploiting CVE-2023-2868. The intrusion compromised 743,000 user credentials, establishing persistent reverse shells across the internal DMZ.","Adversaries gained unauthorized system access to a government tax agency by exploiting CVE-2023-2868. The intrusion compromised 743,000 user credentials, establishing persistent reverse shells across the internal DMZ.",unauthorized_access_hacking,Unauthorized Access Hacking
eurepoc_200628,eurepoc,2024-04-10,Technical Cyber Threat Incident,"A critical ransomware outbreak hit a municipal water authority. Operators weaponized vulnerability CVE-2024-1709 in perimeter firewalls to establish persistent C2 access. File systems were encrypted and volume shadow copies destroyed. The extortion group demanded $6,831K for decryption tools.","A critical ransomware outbreak hit a municipal water authority. Operators weaponized vulnerability CVE-2024-1709 in perimeter firewalls to establish persistent C2 access. File systems were encrypted and volume shadow copies destroyed. The extortion group demanded $6,831K for decryption tools.",ransomware_extortion,Ransomware Extortion
eurepoc_200629,eurepoc,2024-04-10,Technical Cyber Threat Incident,"A sophisticated double-extortion ransomware campaign orchestrated by Cl0p compromised the internal network of a telecommunications provider via compromised credentials. The actors exfiltrated 947GB of proprietary databases before deploying ransomware binaries. A ransom demand of $8,055K in Bitcoin was posted, threatening public leak on darknet forums.","A sophisticated double-extortion ransomware campaign orchestrated by Cl0p compromised the internal network of a telecommunications provider via compromised credentials. The actors exfiltrated 947GB of proprietary databases before deploying ransomware binaries. A ransom demand of $8,055K in Bitcoin was posted, threatening public leak on darknet forums.",ransomware_extortion,Ransomware Extortion
eurepoc_200630,eurepoc,2024-04-10,Technical Cyber Threat Incident,"A critical ransomware outbreak hit a commercial banking network. Operators weaponized vulnerability CVE-2023-4966 in perimeter firewalls to establish persistent C2 access. File systems were encrypted and volume shadow copies destroyed. The extortion group demanded $5,344K for decryption tools.","A critical ransomware outbreak hit a commercial banking network. Operators weaponized vulnerability CVE-2023-4966 in perimeter firewalls to establish persistent C2 access. File systems were encrypted and volume shadow copies destroyed. The extortion group demanded $5,344K for decryption tools.",ransomware_extortion,Ransomware Extortion
eurepoc_200631,eurepoc,2024-04-10,Technical Cyber Threat Incident,"A sophisticated double-extortion ransomware campaign orchestrated by Lazarus Group compromised the internal network of a aerospace defense contractor via compromised credentials. The actors exfiltrated 352GB of proprietary databases before deploying ransomware binaries. A ransom demand of $4,713K in Bitcoin was posted, threatening public leak on darknet forums.","A sophisticated double-extortion ransomware campaign orchestrated by Lazarus Group compromised the internal network of a aerospace defense contractor via compromised credentials. The actors exfiltrated 352GB of proprietary databases before deploying ransomware binaries. A ransom demand of $4,713K in Bitcoin was posted, threatening public leak on darknet forums.",ransomware_extortion,Ransomware Extortion
eurepoc_200632,eurepoc,2024-04-10,Technical Cyber Threat Incident,"A massive volumetric Distributed Denial of Service (DDoS) attack peaking at 1.53 Tbps targeted a commercial banking network. The attack exploited an amplified DNS/UDP reflection vector through a global IoT botnet, resulting in 59 hours of total service outage.","A massive volumetric Distributed Denial of Service (DDoS) attack peaking at 1.53 Tbps targeted a commercial banking network. The attack exploited an amplified DNS/UDP reflection vector through a global IoT botnet, resulting in 59 hours of total service outage.",denial_of_service_disruption,Denial Of Service Disruption
eurepoc_200633,eurepoc,2024-04-10,Technical Cyber Threat Incident,"A critical ransomware outbreak hit a telecommunications provider. Operators weaponized vulnerability CVE-2023-34362 in perimeter firewalls to establish persistent C2 access. File systems were encrypted and volume shadow copies destroyed. The extortion group demanded $8,077K for decryption tools.","A critical ransomware outbreak hit a telecommunications provider. Operators weaponized vulnerability CVE-2023-34362 in perimeter firewalls to establish persistent C2 access. File systems were encrypted and volume shadow copies destroyed. The extortion group demanded $8,077K for decryption tools.",ransomware_extortion,Ransomware Extortion
eurepoc_200634,eurepoc,2024-04-10,Technical Cyber Threat Incident,"Adversaries conducted destructive wiper malware and multi-vector Layer 7 DDoS attacks against a telecommunications provider. Web applications crashed under 53 million requests per second, knocking public services offline.","Adversaries conducted destructive wiper malware and multi-vector Layer 7 DDoS attacks against a telecommunications provider. Web applications crashed under 53 million requests per second, knocking public services offline.",denial_of_service_disruption,Denial Of Service Disruption
eurepoc_200635,eurepoc,2024-04-10,Technical Cyber Threat Incident,"A massive volumetric Distributed Denial of Service (DDoS) attack peaking at 3.04 Tbps targeted a government tax agency. The attack exploited an amplified DNS/UDP reflection vector through a global IoT botnet, resulting in 37 hours of total service outage.","A massive volumetric Distributed Denial of Service (DDoS) attack peaking at 3.04 Tbps targeted a government tax agency. The attack exploited an amplified DNS/UDP reflection vector through a global IoT botnet, resulting in 37 hours of total service outage.",denial_of_service_disruption,Denial Of Service Disruption
eurepoc_200636,eurepoc,2024-04-10,Technical Cyber Threat Incident,"Employees at a regional healthcare facility received spoofed Microsoft 365 login requests. The Adversary-in-the-Middle (AiTM) proxy captured session cookies and bypassed MFA, facilitating unauthorized email forwarding rules.","Employees at a regional healthcare facility received spoofed Microsoft 365 login requests. The Adversary-in-the-Middle (AiTM) proxy captured session cookies and bypassed MFA, facilitating unauthorized email forwarding rules.",phishing_social_engineering,Phishing Social Engineering
eurepoc_200637,eurepoc,2024-04-10,Technical Cyber Threat Incident,"A persistent flood of HTTP/2 Rapid Reset requests disrupted the border gateway and online authentication servers of a aerospace defense contractor, causing complete denial of service for 46 hours.","A persistent flood of HTTP/2 Rapid Reset requests disrupted the border gateway and online authentication servers of a aerospace defense contractor, causing complete denial of service for 46 hours.",denial_of_service_disruption,Denial Of Service Disruption
eurepoc_200638,eurepoc,2024-04-10,Technical Cyber Threat Incident,"State-aligned threat group Cl0p breached a pharmaceutical research lab using stolen session tokens. Lateral movement was detected across multiple subnets, resulting in unauthorized exfiltration of sensitive telemetry.","State-aligned threat group Cl0p breached a pharmaceutical research lab using stolen session tokens. Lateral movement was detected across multiple subnets, resulting in unauthorized exfiltration of sensitive telemetry.",unauthorized_access_hacking,Unauthorized Access Hacking
eurepoc_200639,eurepoc,2024-04-10,Technical Cyber Threat Incident,"A critical ransomware outbreak hit a public port logistics hub. Operators weaponized vulnerability CVE-2024-1709 in perimeter firewalls to establish persistent C2 access. File systems were encrypted and volume shadow copies destroyed. The extortion group demanded $7,724K for decryption tools.","A critical ransomware outbreak hit a public port logistics hub. Operators weaponized vulnerability CVE-2024-1709 in perimeter firewalls to establish persistent C2 access. File systems were encrypted and volume shadow copies destroyed. The extortion group demanded $7,724K for decryption tools.",ransomware_extortion,Ransomware Extortion
eurepoc_200640,eurepoc,2024-04-10,Technical Cyber Threat Incident,"A massive volumetric Distributed Denial of Service (DDoS) attack peaking at 2.9 Tbps targeted a commercial banking network. The attack exploited an amplified DNS/UDP reflection vector through a global IoT botnet, resulting in 72 hours of total service outage.","A massive volumetric Distributed Denial of Service (DDoS) attack peaking at 2.9 Tbps targeted a commercial banking network. The attack exploited an amplified DNS/UDP reflection vector through a global IoT botnet, resulting in 72 hours of total service outage.",denial_of_service_disruption,Denial Of Service Disruption
eurepoc_200641,eurepoc,2024-04-10,Technical Cyber Threat Incident,"A critical ransomware outbreak hit a pharmaceutical research lab. Operators weaponized vulnerability CVE-2023-20198 in perimeter firewalls to establish persistent C2 access. File systems were encrypted and volume shadow copies destroyed. The extortion group demanded $4,424K for decryption tools.","A critical ransomware outbreak hit a pharmaceutical research lab. Operators weaponized vulnerability CVE-2023-20198 in perimeter firewalls to establish persistent C2 access. File systems were encrypted and volume shadow copies destroyed. The extortion group demanded $4,424K for decryption tools.",ransomware_extortion,Ransomware Extortion
eurepoc_200642,eurepoc,2024-04-10,Technical Cyber Threat Incident,"A massive volumetric Distributed Denial of Service (DDoS) attack peaking at 0.96 Tbps targeted a national railway operator. The attack exploited an amplified DNS/UDP reflection vector through a global IoT botnet, resulting in 51 hours of total service outage.","A massive volumetric Distributed Denial of Service (DDoS) attack peaking at 0.96 Tbps targeted a national railway operator. The attack exploited an amplified DNS/UDP reflection vector through a global IoT botnet, resulting in 51 hours of total service outage.",denial_of_service_disruption,Denial Of Service Disruption
eurepoc_200643,eurepoc,2024-04-10,Technical Cyber Threat Incident,"Threat group APT28 (Fancy Bear) launched an extortion attack against a power grid distributor. All virtual hypervisors and backup domains were encrypted. Negotiations demanded $1,181K within 48 hours to halt the auction of exfiltrated administrative files.","Threat group APT28 (Fancy Bear) launched an extortion attack against a power grid distributor. All virtual hypervisors and backup domains were encrypted. Negotiations demanded $1,181K within 48 hours to halt the auction of exfiltrated administrative files.",ransomware_extortion,Ransomware Extortion
eurepoc_200644,eurepoc,2024-04-10,Technical Cyber Threat Incident,"A sophisticated double-extortion ransomware campaign orchestrated by LockBit 3.0 compromised the internal network of a pharmaceutical research lab via compromised credentials. The actors exfiltrated 95GB of proprietary databases before deploying ransomware binaries. A ransom demand of $8,745K in Bitcoin was posted, threatening public leak on darknet forums.","A sophisticated double-extortion ransomware campaign orchestrated by LockBit 3.0 compromised the internal network of a pharmaceutical research lab via compromised credentials. The actors exfiltrated 95GB of proprietary databases before deploying ransomware binaries. A ransom demand of $8,745K in Bitcoin was posted, threatening public leak on darknet forums.",ransomware_extortion,Ransomware Extortion
eurepoc_200645,eurepoc,2024-04-10,Technical Cyber Threat Incident,"Threat group APT28 (Fancy Bear) launched an extortion attack against a public port logistics hub. All virtual hypervisors and backup domains were encrypted. Negotiations demanded $2,246K within 48 hours to halt the auction of exfiltrated administrative files.","Threat group APT28 (Fancy Bear) launched an extortion attack against a public port logistics hub. All virtual hypervisors and backup domains were encrypted. Negotiations demanded $2,246K within 48 hours to halt the auction of exfiltrated administrative files.",ransomware_extortion,Ransomware Extortion
eurepoc_200646,eurepoc,2024-04-10,Technical Cyber Threat Incident,"A sophisticated double-extortion ransomware campaign orchestrated by LockBit 3.0 compromised the internal network of a national railway operator via compromised credentials. The actors exfiltrated 449GB of proprietary databases before deploying ransomware binaries. A ransom demand of $4,867K in Bitcoin was posted, threatening public leak on darknet forums.","A sophisticated double-extortion ransomware campaign orchestrated by LockBit 3.0 compromised the internal network of a national railway operator via compromised credentials. The actors exfiltrated 449GB of proprietary databases before deploying ransomware binaries. A ransom demand of $4,867K in Bitcoin was posted, threatening public leak on darknet forums.",ransomware_extortion,Ransomware Extortion
eurepoc_200647,eurepoc,2024-04-10,Technical Cyber Threat Incident,"Adversaries conducted destructive wiper malware and multi-vector Layer 7 DDoS attacks against a regional healthcare facility. Web applications crashed under 36 million requests per second, knocking public services offline.","Adversaries conducted destructive wiper malware and multi-vector Layer 7 DDoS attacks against a regional healthcare facility. Web applications crashed under 36 million requests per second, knocking public services offline.",denial_of_service_disruption,Denial Of Service Disruption
eurepoc_200648,eurepoc,2024-04-10,Technical Cyber Threat Incident,"Adversaries gained unauthorized system access to a aerospace defense contractor by exploiting CVE-2023-4966. The intrusion compromised 390,000 user credentials, establishing persistent reverse shells across the internal DMZ.","Adversaries gained unauthorized system access to a aerospace defense contractor by exploiting CVE-2023-4966. The intrusion compromised 390,000 user credentials, establishing persistent reverse shells across the internal DMZ.",unauthorized_access_hacking,Unauthorized Access Hacking
eurepoc_200649,eurepoc,2024-04-10,Technical Cyber Threat Incident,"A critical ransomware outbreak hit a government tax agency. Operators weaponized vulnerability CVE-2024-1709 in perimeter firewalls to establish persistent C2 access. File systems were encrypted and volume shadow copies destroyed. The extortion group demanded $1,599K for decryption tools.","A critical ransomware outbreak hit a government tax agency. Operators weaponized vulnerability CVE-2024-1709 in perimeter firewalls to establish persistent C2 access. File systems were encrypted and volume shadow copies destroyed. The extortion group demanded $1,599K for decryption tools.",ransomware_extortion,Ransomware Extortion
eurepoc_200650,eurepoc,2024-04-10,Technical Cyber Threat Incident,A spear-phishing campaign attributed to APT28 (Fancy Bear) targeted executives at a regional healthcare facility. Weaponized PDF documents referencing fake regulatory audits delivered an infostealer payload harvesting domain credentials.,A spear-phishing campaign attributed to APT28 (Fancy Bear) targeted executives at a regional healthcare facility. Weaponized PDF documents referencing fake regulatory audits delivered an infostealer payload harvesting domain credentials.,phishing_social_engineering,Phishing Social Engineering
eurepoc_200651,eurepoc,2024-04-10,Technical Cyber Threat Incident,"A critical ransomware outbreak hit a telecommunications provider. Operators weaponized vulnerability CVE-2023-20198 in perimeter firewalls to establish persistent C2 access. File systems were encrypted and volume shadow copies destroyed. The extortion group demanded $1,384K for decryption tools.","A critical ransomware outbreak hit a telecommunications provider. Operators weaponized vulnerability CVE-2023-20198 in perimeter firewalls to establish persistent C2 access. File systems were encrypted and volume shadow copies destroyed. The extortion group demanded $1,384K for decryption tools.",ransomware_extortion,Ransomware Extortion
eurepoc_200652,eurepoc,2024-04-10,Technical Cyber Threat Incident,"An unauthenticated cloud storage bucket maintained by a pharmaceutical research lab was compromised by unauthorized third parties. Attackers accessed 642,000 confidential records and backend system credentials.","An unauthenticated cloud storage bucket maintained by a pharmaceutical research lab was compromised by unauthorized third parties. Attackers accessed 642,000 confidential records and backend system credentials.",unauthorized_access_hacking,Unauthorized Access Hacking
eurepoc_200653,eurepoc,2024-04-10,Technical Cyber Threat Incident,"A critical ransomware outbreak hit a aerospace defense contractor. Operators weaponized vulnerability CVE-2024-1709 in perimeter firewalls to establish persistent C2 access. File systems were encrypted and volume shadow copies destroyed. The extortion group demanded $4,469K for decryption tools.","A critical ransomware outbreak hit a aerospace defense contractor. Operators weaponized vulnerability CVE-2024-1709 in perimeter firewalls to establish persistent C2 access. File systems were encrypted and volume shadow copies destroyed. The extortion group demanded $4,469K for decryption tools.",ransomware_extortion,Ransomware Extortion
eurepoc_200654,eurepoc,2024-04-10,Technical Cyber Threat Incident,"An unauthenticated cloud storage bucket maintained by a telecommunications provider was compromised by unauthorized third parties. Attackers accessed 173,000 confidential records and backend system credentials.","An unauthenticated cloud storage bucket maintained by a telecommunications provider was compromised by unauthorized third parties. Attackers accessed 173,000 confidential records and backend system credentials.",unauthorized_access_hacking,Unauthorized Access Hacking
eurepoc_200655,eurepoc,2024-04-10,Technical Cyber Threat Incident,"Adversaries conducted destructive wiper malware and multi-vector Layer 7 DDoS attacks against a telecommunications provider. Web applications crashed under 76 million requests per second, knocking public services offline.","Adversaries conducted destructive wiper malware and multi-vector Layer 7 DDoS attacks against a telecommunications provider. Web applications crashed under 76 million requests per second, knocking public services offline.",denial_of_service_disruption,Denial Of Service Disruption
eurepoc_200656,eurepoc,2024-04-10,Technical Cyber Threat Incident,"A critical ransomware outbreak hit a regional healthcare facility. Operators weaponized vulnerability CVE-2023-4966 in perimeter firewalls to establish persistent C2 access. File systems were encrypted and volume shadow copies destroyed. The extortion group demanded $2,948K for decryption tools.","A critical ransomware outbreak hit a regional healthcare facility. Operators weaponized vulnerability CVE-2023-4966 in perimeter firewalls to establish persistent C2 access. File systems were encrypted and volume shadow copies destroyed. The extortion group demanded $2,948K for decryption tools.",ransomware_extortion,Ransomware Extortion
eurepoc_200657,eurepoc,2024-04-10,Technical Cyber Threat Incident,"An unauthenticated cloud storage bucket maintained by a regional healthcare facility was compromised by unauthorized third parties. Attackers accessed 325,000 confidential records and backend system credentials.","An unauthenticated cloud storage bucket maintained by a regional healthcare facility was compromised by unauthorized third parties. Attackers accessed 325,000 confidential records and backend system credentials.",unauthorized_access_hacking,Unauthorized Access Hacking
eurepoc_200658,eurepoc,2024-04-10,Technical Cyber Threat Incident,"A sophisticated double-extortion ransomware campaign orchestrated by APT28 (Fancy Bear) compromised the internal network of a aerospace defense contractor via compromised credentials. The actors exfiltrated 166GB of proprietary databases before deploying ransomware binaries. A ransom demand of $1,738K in Bitcoin was posted, threatening public leak on darknet forums.","A sophisticated double-extortion ransomware campaign orchestrated by APT28 (Fancy Bear) compromised the internal network of a aerospace defense contractor via compromised credentials. The actors exfiltrated 166GB of proprietary databases before deploying ransomware binaries. A ransom demand of $1,738K in Bitcoin was posted, threatening public leak on darknet forums.",ransomware_extortion,Ransomware Extortion
eurepoc_200659,eurepoc,2024-04-10,Technical Cyber Threat Incident,"An unauthenticated cloud storage bucket maintained by a government tax agency was compromised by unauthorized third parties. Attackers accessed 225,000 confidential records and backend system credentials.","An unauthenticated cloud storage bucket maintained by a government tax agency was compromised by unauthorized third parties. Attackers accessed 225,000 confidential records and backend system credentials.",unauthorized_access_hacking,Unauthorized Access Hacking
eurepoc_200660,eurepoc,2024-04-10,Technical Cyber Threat Incident,"A sophisticated double-extortion ransomware campaign orchestrated by Lazarus Group compromised the internal network of a aerospace defense contractor via compromised credentials. The actors exfiltrated 755GB of proprietary databases before deploying ransomware binaries. A ransom demand of $8,940K in Bitcoin was posted, threatening public leak on darknet forums.","A sophisticated double-extortion ransomware campaign orchestrated by Lazarus Group compromised the internal network of a aerospace defense contractor via compromised credentials. The actors exfiltrated 755GB of proprietary databases before deploying ransomware binaries. A ransom demand of $8,940K in Bitcoin was posted, threatening public leak on darknet forums.",ransomware_extortion,Ransomware Extortion
eurepoc_200661,eurepoc,2024-04-10,Technical Cyber Threat Incident,"A persistent flood of HTTP/2 Rapid Reset requests disrupted the border gateway and online authentication servers of a government tax agency, causing complete denial of service for 33 hours.","A persistent flood of HTTP/2 Rapid Reset requests disrupted the border gateway and online authentication servers of a government tax agency, causing complete denial of service for 33 hours.",denial_of_service_disruption,Denial Of Service Disruption
eurepoc_200662,eurepoc,2024-04-10,Technical Cyber Threat Incident,"A critical ransomware outbreak hit a regional healthcare facility. Operators weaponized vulnerability CVE-2023-34362 in perimeter firewalls to establish persistent C2 access. File systems were encrypted and volume shadow copies destroyed. The extortion group demanded $2,468K for decryption tools.","A critical ransomware outbreak hit a regional healthcare facility. Operators weaponized vulnerability CVE-2023-34362 in perimeter firewalls to establish persistent C2 access. File systems were encrypted and volume shadow copies destroyed. The extortion group demanded $2,468K for decryption tools.",ransomware_extortion,Ransomware Extortion
eurepoc_200663,eurepoc,2024-04-10,Technical Cyber Threat Incident,"A persistent flood of HTTP/2 Rapid Reset requests disrupted the border gateway and online authentication servers of a municipal water authority, causing complete denial of service for 28 hours.","A persistent flood of HTTP/2 Rapid Reset requests disrupted the border gateway and online authentication servers of a municipal water authority, causing complete denial of service for 28 hours.",denial_of_service_disruption,Denial Of Service Disruption
eurepoc_200664,eurepoc,2024-04-10,Technical Cyber Threat Incident,"An unauthenticated cloud storage bucket maintained by a national railway operator was compromised by unauthorized third parties. Attackers accessed 244,000 confidential records and backend system credentials.","An unauthenticated cloud storage bucket maintained by a national railway operator was compromised by unauthorized third parties. Attackers accessed 244,000 confidential records and backend system credentials.",unauthorized_access_hacking,Unauthorized Access Hacking
eurepoc_200665,eurepoc,2024-04-10,Technical Cyber Threat Incident,"State-aligned threat group BlackCat (ALPHV) breached a aerospace defense contractor using stolen session tokens. Lateral movement was detected across multiple subnets, resulting in unauthorized exfiltration of sensitive telemetry.","State-aligned threat group BlackCat (ALPHV) breached a aerospace defense contractor using stolen session tokens. Lateral movement was detected across multiple subnets, resulting in unauthorized exfiltration of sensitive telemetry.",unauthorized_access_hacking,Unauthorized Access Hacking
eurepoc_200666,eurepoc,2024-04-10,Technical Cyber Threat Incident,"Employees at a aerospace defense contractor received spoofed Microsoft 365 login requests. The Adversary-in-the-Middle (AiTM) proxy captured session cookies and bypassed MFA, facilitating unauthorized email forwarding rules.","Employees at a aerospace defense contractor received spoofed Microsoft 365 login requests. The Adversary-in-the-Middle (AiTM) proxy captured session cookies and bypassed MFA, facilitating unauthorized email forwarding rules.",phishing_social_engineering,Phishing Social Engineering
eurepoc_200667,eurepoc,2024-04-10,Technical Cyber Threat Incident,"A sophisticated double-extortion ransomware campaign orchestrated by Akira compromised the internal network of a power grid distributor via compromised credentials. The actors exfiltrated 186GB of proprietary databases before deploying ransomware binaries. A ransom demand of $2,393K in Bitcoin was posted, threatening public leak on darknet forums.","A sophisticated double-extortion ransomware campaign orchestrated by Akira compromised the internal network of a power grid distributor via compromised credentials. The actors exfiltrated 186GB of proprietary databases before deploying ransomware binaries. A ransom demand of $2,393K in Bitcoin was posted, threatening public leak on darknet forums.",ransomware_extortion,Ransomware Extortion
eurepoc_200668,eurepoc,2024-04-10,Technical Cyber Threat Incident,"A massive volumetric Distributed Denial of Service (DDoS) attack peaking at 1.1 Tbps targeted a municipal water authority. The attack exploited an amplified DNS/UDP reflection vector through a global IoT botnet, resulting in 6 hours of total service outage.","A massive volumetric Distributed Denial of Service (DDoS) attack peaking at 1.1 Tbps targeted a municipal water authority. The attack exploited an amplified DNS/UDP reflection vector through a global IoT botnet, resulting in 6 hours of total service outage.",denial_of_service_disruption,Denial Of Service Disruption
eurepoc_200669,eurepoc,2024-04-10,Technical Cyber Threat Incident,"Threat group Akira launched an extortion attack against a government tax agency. All virtual hypervisors and backup domains were encrypted. Negotiations demanded $3,763K within 48 hours to halt the auction of exfiltrated administrative files.","Threat group Akira launched an extortion attack against a government tax agency. All virtual hypervisors and backup domains were encrypted. Negotiations demanded $3,763K within 48 hours to halt the auction of exfiltrated administrative files.",ransomware_extortion,Ransomware Extortion
eurepoc_200670,eurepoc,2024-04-10,Technical Cyber Threat Incident,"Adversaries conducted destructive wiper malware and multi-vector Layer 7 DDoS attacks against a municipal water authority. Web applications crashed under 68 million requests per second, knocking public services offline.","Adversaries conducted destructive wiper malware and multi-vector Layer 7 DDoS attacks against a municipal water authority. Web applications crashed under 68 million requests per second, knocking public services offline.",denial_of_service_disruption,Denial Of Service Disruption
eurepoc_200671,eurepoc,2024-04-10,Technical Cyber Threat Incident,"Adversaries conducted destructive wiper malware and multi-vector Layer 7 DDoS attacks against a pharmaceutical research lab. Web applications crashed under 18 million requests per second, knocking public services offline.","Adversaries conducted destructive wiper malware and multi-vector Layer 7 DDoS attacks against a pharmaceutical research lab. Web applications crashed under 18 million requests per second, knocking public services offline.",denial_of_service_disruption,Denial Of Service Disruption
eurepoc_200672,eurepoc,2024-04-10,Technical Cyber Threat Incident,"Adversaries gained unauthorized system access to a telecommunications provider by exploiting CVE-2023-4966. The intrusion compromised 693,000 user credentials, establishing persistent reverse shells across the internal DMZ.","Adversaries gained unauthorized system access to a telecommunications provider by exploiting CVE-2023-4966. The intrusion compromised 693,000 user credentials, establishing persistent reverse shells across the internal DMZ.",unauthorized_access_hacking,Unauthorized Access Hacking
eurepoc_200673,eurepoc,2024-04-10,Technical Cyber Threat Incident,"Threat group APT28 (Fancy Bear) launched an extortion attack against a pharmaceutical research lab. All virtual hypervisors and backup domains were encrypted. Negotiations demanded $8,402K within 48 hours to halt the auction of exfiltrated administrative files.","Threat group APT28 (Fancy Bear) launched an extortion attack against a pharmaceutical research lab. All virtual hypervisors and backup domains were encrypted. Negotiations demanded $8,402K within 48 hours to halt the auction of exfiltrated administrative files.",ransomware_extortion,Ransomware Extortion
eurepoc_200674,eurepoc,2024-04-10,Technical Cyber Threat Incident,"A persistent flood of HTTP/2 Rapid Reset requests disrupted the border gateway and online authentication servers of a aerospace defense contractor, causing complete denial of service for 53 hours.","A persistent flood of HTTP/2 Rapid Reset requests disrupted the border gateway and online authentication servers of a aerospace defense contractor, causing complete denial of service for 53 hours.",denial_of_service_disruption,Denial Of Service Disruption
eurepoc_200675,eurepoc,2024-04-10,Technical Cyber Threat Incident,"Adversaries gained unauthorized system access to a commercial banking network by exploiting CVE-2023-20198. The intrusion compromised 322,000 user credentials, establishing persistent reverse shells across the internal DMZ.","Adversaries gained unauthorized system access to a commercial banking network by exploiting CVE-2023-20198. The intrusion compromised 322,000 user credentials, establishing persistent reverse shells across the internal DMZ.",unauthorized_access_hacking,Unauthorized Access Hacking
eurepoc_200676,eurepoc,2024-04-10,Technical Cyber Threat Incident,"Threat group APT28 (Fancy Bear) launched an extortion attack against a telecommunications provider. All virtual hypervisors and backup domains were encrypted. Negotiations demanded $2,580K within 48 hours to halt the auction of exfiltrated administrative files.","Threat group APT28 (Fancy Bear) launched an extortion attack against a telecommunications provider. All virtual hypervisors and backup domains were encrypted. Negotiations demanded $2,580K within 48 hours to halt the auction of exfiltrated administrative files.",ransomware_extortion,Ransomware Extortion
eurepoc_200677,eurepoc,2024-04-10,Technical Cyber Threat Incident,"A massive volumetric Distributed Denial of Service (DDoS) attack peaking at 0.84 Tbps targeted a telecommunications provider. The attack exploited an amplified DNS/UDP reflection vector through a global IoT botnet, resulting in 25 hours of total service outage.","A massive volumetric Distributed Denial of Service (DDoS) attack peaking at 0.84 Tbps targeted a telecommunications provider. The attack exploited an amplified DNS/UDP reflection vector through a global IoT botnet, resulting in 25 hours of total service outage.",denial_of_service_disruption,Denial Of Service Disruption
eurepoc_200678,eurepoc,2024-04-10,Technical Cyber Threat Incident,A spear-phishing campaign attributed to Sandworm targeted executives at a national railway operator. Weaponized PDF documents referencing fake regulatory audits delivered an infostealer payload harvesting domain credentials.,A spear-phishing campaign attributed to Sandworm targeted executives at a national railway operator. Weaponized PDF documents referencing fake regulatory audits delivered an infostealer payload harvesting domain credentials.,phishing_social_engineering,Phishing Social Engineering
eurepoc_200679,eurepoc,2024-04-10,Technical Cyber Threat Incident,A spear-phishing campaign attributed to Cl0p targeted executives at a telecommunications provider. Weaponized PDF documents referencing fake regulatory audits delivered an infostealer payload harvesting domain credentials.,A spear-phishing campaign attributed to Cl0p targeted executives at a telecommunications provider. Weaponized PDF documents referencing fake regulatory audits delivered an infostealer payload harvesting domain credentials.,phishing_social_engineering,Phishing Social Engineering
eurepoc_200680,eurepoc,2024-04-10,Technical Cyber Threat Incident,"Threat group LockBit 3.0 launched an extortion attack against a power grid distributor. All virtual hypervisors and backup domains were encrypted. Negotiations demanded $7,798K within 48 hours to halt the auction of exfiltrated administrative files.","Threat group LockBit 3.0 launched an extortion attack against a power grid distributor. All virtual hypervisors and backup domains were encrypted. Negotiations demanded $7,798K within 48 hours to halt the auction of exfiltrated administrative files.",ransomware_extortion,Ransomware Extortion
eurepoc_200681,eurepoc,2024-04-10,Technical Cyber Threat Incident,"A sophisticated double-extortion ransomware campaign orchestrated by Cl0p compromised the internal network of a public port logistics hub via compromised credentials. The actors exfiltrated 816GB of proprietary databases before deploying ransomware binaries. A ransom demand of $8,098K in Bitcoin was posted, threatening public leak on darknet forums.","A sophisticated double-extortion ransomware campaign orchestrated by Cl0p compromised the internal network of a public port logistics hub via compromised credentials. The actors exfiltrated 816GB of proprietary databases before deploying ransomware binaries. A ransom demand of $8,098K in Bitcoin was posted, threatening public leak on darknet forums.",ransomware_extortion,Ransomware Extortion
eurepoc_200682,eurepoc,2024-04-10,Technical Cyber Threat Incident,"A sophisticated double-extortion ransomware campaign orchestrated by LockBit 3.0 compromised the internal network of a government tax agency via compromised credentials. The actors exfiltrated 163GB of proprietary databases before deploying ransomware binaries. A ransom demand of $1,809K in Bitcoin was posted, threatening public leak on darknet forums.","A sophisticated double-extortion ransomware campaign orchestrated by LockBit 3.0 compromised the internal network of a government tax agency via compromised credentials. The actors exfiltrated 163GB of proprietary databases before deploying ransomware binaries. A ransom demand of $1,809K in Bitcoin was posted, threatening public leak on darknet forums.",ransomware_extortion,Ransomware Extortion
eurepoc_200683,eurepoc,2024-04-10,Technical Cyber Threat Incident,"An unauthenticated cloud storage bucket maintained by a regional healthcare facility was compromised by unauthorized third parties. Attackers accessed 96,000 confidential records and backend system credentials.","An unauthenticated cloud storage bucket maintained by a regional healthcare facility was compromised by unauthorized third parties. Attackers accessed 96,000 confidential records and backend system credentials.",unauthorized_access_hacking,Unauthorized Access Hacking
eurepoc_200684,eurepoc,2024-04-10,Technical Cyber Threat Incident,"Attackers distributed phishing lures disguised as urgent software patch advisories to personnel at a telecommunications provider, leading to payload execution and credential compromise.","Attackers distributed phishing lures disguised as urgent software patch advisories to personnel at a telecommunications provider, leading to payload execution and credential compromise.",phishing_social_engineering,Phishing Social Engineering
eurepoc_200685,eurepoc,2024-04-10,Technical Cyber Threat Incident,"State-aligned threat group BlackCat (ALPHV) breached a telecommunications provider using stolen session tokens. Lateral movement was detected across multiple subnets, resulting in unauthorized exfiltration of sensitive telemetry.","State-aligned threat group BlackCat (ALPHV) breached a telecommunications provider using stolen session tokens. Lateral movement was detected across multiple subnets, resulting in unauthorized exfiltration of sensitive telemetry.",unauthorized_access_hacking,Unauthorized Access Hacking
eurepoc_200686,eurepoc,2024-04-10,Technical Cyber Threat Incident,"Adversaries gained unauthorized system access to a power grid distributor by exploiting CVE-2023-2868. The intrusion compromised 579,000 user credentials, establishing persistent reverse shells across the internal DMZ.","Adversaries gained unauthorized system access to a power grid distributor by exploiting CVE-2023-2868. The intrusion compromised 579,000 user credentials, establishing persistent reverse shells across the internal DMZ.",unauthorized_access_hacking,Unauthorized Access Hacking
eurepoc_200687,eurepoc,2024-04-10,Technical Cyber Threat Incident,"Adversaries gained unauthorized system access to a power grid distributor by exploiting CVE-2023-34362. The intrusion compromised 607,000 user credentials, establishing persistent reverse shells across the internal DMZ.","Adversaries gained unauthorized system access to a power grid distributor by exploiting CVE-2023-34362. The intrusion compromised 607,000 user credentials, establishing persistent reverse shells across the internal DMZ.",unauthorized_access_hacking,Unauthorized Access Hacking
eurepoc_200688,eurepoc,2024-04-10,Technical Cyber Threat Incident,"A persistent flood of HTTP/2 Rapid Reset requests disrupted the border gateway and online authentication servers of a regional healthcare facility, causing complete denial of service for 39 hours.","A persistent flood of HTTP/2 Rapid Reset requests disrupted the border gateway and online authentication servers of a regional healthcare facility, causing complete denial of service for 39 hours.",denial_of_service_disruption,Denial Of Service Disruption
eurepoc_200689,eurepoc,2024-04-10,Technical Cyber Threat Incident,"A sophisticated double-extortion ransomware campaign orchestrated by LockBit 3.0 compromised the internal network of a public port logistics hub via compromised credentials. The actors exfiltrated 461GB of proprietary databases before deploying ransomware binaries. A ransom demand of $3,418K in Bitcoin was posted, threatening public leak on darknet forums.","A sophisticated double-extortion ransomware campaign orchestrated by LockBit 3.0 compromised the internal network of a public port logistics hub via compromised credentials. The actors exfiltrated 461GB of proprietary databases before deploying ransomware binaries. A ransom demand of $3,418K in Bitcoin was posted, threatening public leak on darknet forums.",ransomware_extortion,Ransomware Extortion
eurepoc_200690,eurepoc,2024-04-10,Technical Cyber Threat Incident,"Threat group APT28 (Fancy Bear) launched an extortion attack against a pharmaceutical research lab. All virtual hypervisors and backup domains were encrypted. Negotiations demanded $4,087K within 48 hours to halt the auction of exfiltrated administrative files.","Threat group APT28 (Fancy Bear) launched an extortion attack against a pharmaceutical research lab. All virtual hypervisors and backup domains were encrypted. Negotiations demanded $4,087K within 48 hours to halt the auction of exfiltrated administrative files.",ransomware_extortion,Ransomware Extortion
eurepoc_200691,eurepoc,2024-04-10,Technical Cyber Threat Incident,"Employees at a government tax agency received spoofed Microsoft 365 login requests. The Adversary-in-the-Middle (AiTM) proxy captured session cookies and bypassed MFA, facilitating unauthorized email forwarding rules.","Employees at a government tax agency received spoofed Microsoft 365 login requests. The Adversary-in-the-Middle (AiTM) proxy captured session cookies and bypassed MFA, facilitating unauthorized email forwarding rules.",phishing_social_engineering,Phishing Social Engineering
eurepoc_200692,eurepoc,2024-04-10,Technical Cyber Threat Incident,"Attackers distributed phishing lures disguised as urgent software patch advisories to personnel at a national railway operator, leading to payload execution and credential compromise.","Attackers distributed phishing lures disguised as urgent software patch advisories to personnel at a national railway operator, leading to payload execution and credential compromise.",phishing_social_engineering,Phishing Social Engineering
eurepoc_200693,eurepoc,2024-04-10,Technical Cyber Threat Incident,"Attackers distributed phishing lures disguised as urgent software patch advisories to personnel at a telecommunications provider, leading to payload execution and credential compromise.","Attackers distributed phishing lures disguised as urgent software patch advisories to personnel at a telecommunications provider, leading to payload execution and credential compromise.",phishing_social_engineering,Phishing Social Engineering
eurepoc_200694,eurepoc,2024-04-10,Technical Cyber Threat Incident,Threat group LockBit 3.0 launched an extortion attack against a pharmaceutical research lab. All virtual hypervisors and backup domains were encrypted. Negotiations demanded $937K within 48 hours to halt the auction of exfiltrated administrative files.,Threat group LockBit 3.0 launched an extortion attack against a pharmaceutical research lab. All virtual hypervisors and backup domains were encrypted. Negotiations demanded $937K within 48 hours to halt the auction of exfiltrated administrative files.,ransomware_extortion,Ransomware Extortion
eurepoc_200695,eurepoc,2024-04-10,Technical Cyber Threat Incident,"A critical ransomware outbreak hit a municipal water authority. Operators weaponized vulnerability CVE-2024-1709 in perimeter firewalls to establish persistent C2 access. File systems were encrypted and volume shadow copies destroyed. The extortion group demanded $6,829K for decryption tools.","A critical ransomware outbreak hit a municipal water authority. Operators weaponized vulnerability CVE-2024-1709 in perimeter firewalls to establish persistent C2 access. File systems were encrypted and volume shadow copies destroyed. The extortion group demanded $6,829K for decryption tools.",ransomware_extortion,Ransomware Extortion
eurepoc_200696,eurepoc,2024-04-10,Technical Cyber Threat Incident,"Employees at a government tax agency received spoofed Microsoft 365 login requests. The Adversary-in-the-Middle (AiTM) proxy captured session cookies and bypassed MFA, facilitating unauthorized email forwarding rules.","Employees at a government tax agency received spoofed Microsoft 365 login requests. The Adversary-in-the-Middle (AiTM) proxy captured session cookies and bypassed MFA, facilitating unauthorized email forwarding rules.",phishing_social_engineering,Phishing Social Engineering
eurepoc_200697,eurepoc,2024-04-10,Technical Cyber Threat Incident,A spear-phishing campaign attributed to APT28 (Fancy Bear) targeted executives at a telecommunications provider. Weaponized PDF documents referencing fake regulatory audits delivered an infostealer payload harvesting domain credentials.,A spear-phishing campaign attributed to APT28 (Fancy Bear) targeted executives at a telecommunications provider. Weaponized PDF documents referencing fake regulatory audits delivered an infostealer payload harvesting domain credentials.,phishing_social_engineering,Phishing Social Engineering
eurepoc_200698,eurepoc,2024-04-10,Technical Cyber Threat Incident,"A sophisticated double-extortion ransomware campaign orchestrated by Volt Typhoon compromised the internal network of a government tax agency via compromised credentials. The actors exfiltrated 302GB of proprietary databases before deploying ransomware binaries. A ransom demand of $7,110K in Bitcoin was posted, threatening public leak on darknet forums.","A sophisticated double-extortion ransomware campaign orchestrated by Volt Typhoon compromised the internal network of a government tax agency via compromised credentials. The actors exfiltrated 302GB of proprietary databases before deploying ransomware binaries. A ransom demand of $7,110K in Bitcoin was posted, threatening public leak on darknet forums.",ransomware_extortion,Ransomware Extortion
eurepoc_200699,eurepoc,2024-04-10,Technical Cyber Threat Incident,"Adversaries gained unauthorized system access to a public port logistics hub by exploiting CVE-2023-4966. The intrusion compromised 154,000 user credentials, establishing persistent reverse shells across the internal DMZ.","Adversaries gained unauthorized system access to a public port logistics hub by exploiting CVE-2023-4966. The intrusion compromised 154,000 user credentials, establishing persistent reverse shells across the internal DMZ.",unauthorized_access_hacking,Unauthorized Access Hacking
eurepoc_200700,eurepoc,2024-04-10,Technical Cyber Threat Incident,"Adversaries conducted destructive wiper malware and multi-vector Layer 7 DDoS attacks against a regional healthcare facility. Web applications crashed under 32 million requests per second, knocking public services offline.","Adversaries conducted destructive wiper malware and multi-vector Layer 7 DDoS attacks against a regional healthcare facility. Web applications crashed under 32 million requests per second, knocking public services offline.",denial_of_service_disruption,Denial Of Service Disruption
eurepoc_200701,eurepoc,2024-04-10,Technical Cyber Threat Incident,"A massive volumetric Distributed Denial of Service (DDoS) attack peaking at 2.92 Tbps targeted a government tax agency. The attack exploited an amplified DNS/UDP reflection vector through a global IoT botnet, resulting in 9 hours of total service outage.","A massive volumetric Distributed Denial of Service (DDoS) attack peaking at 2.92 Tbps targeted a government tax agency. The attack exploited an amplified DNS/UDP reflection vector through a global IoT botnet, resulting in 9 hours of total service outage.",denial_of_service_disruption,Denial Of Service Disruption
eurepoc_200702,eurepoc,2024-04-10,Technical Cyber Threat Incident,A spear-phishing campaign attributed to Akira targeted executives at a pharmaceutical research lab. Weaponized PDF documents referencing fake regulatory audits delivered an infostealer payload harvesting domain credentials.,A spear-phishing campaign attributed to Akira targeted executives at a pharmaceutical research lab. Weaponized PDF documents referencing fake regulatory audits delivered an infostealer payload harvesting domain credentials.,phishing_social_engineering,Phishing Social Engineering
eurepoc_200703,eurepoc,2024-04-10,Technical Cyber Threat Incident,"A critical ransomware outbreak hit a national railway operator. Operators weaponized vulnerability CVE-2023-20198 in perimeter firewalls to establish persistent C2 access. File systems were encrypted and volume shadow copies destroyed. The extortion group demanded $4,305K for decryption tools.","A critical ransomware outbreak hit a national railway operator. Operators weaponized vulnerability CVE-2023-20198 in perimeter firewalls to establish persistent C2 access. File systems were encrypted and volume shadow copies destroyed. The extortion group demanded $4,305K for decryption tools.",ransomware_extortion,Ransomware Extortion
eurepoc_200704,eurepoc,2024-04-10,Technical Cyber Threat Incident,"State-aligned threat group Cl0p breached a government tax agency using stolen session tokens. Lateral movement was detected across multiple subnets, resulting in unauthorized exfiltration of sensitive telemetry.","State-aligned threat group Cl0p breached a government tax agency using stolen session tokens. Lateral movement was detected across multiple subnets, resulting in unauthorized exfiltration of sensitive telemetry.",unauthorized_access_hacking,Unauthorized Access Hacking
eurepoc_200705,eurepoc,2024-04-10,Technical Cyber Threat Incident,"A critical ransomware outbreak hit a telecommunications provider. Operators weaponized vulnerability CVE-2023-20198 in perimeter firewalls to establish persistent C2 access. File systems were encrypted and volume shadow copies destroyed. The extortion group demanded $7,174K for decryption tools.","A critical ransomware outbreak hit a telecommunications provider. Operators weaponized vulnerability CVE-2023-20198 in perimeter firewalls to establish persistent C2 access. File systems were encrypted and volume shadow copies destroyed. The extortion group demanded $7,174K for decryption tools.",ransomware_extortion,Ransomware Extortion
eurepoc_200706,eurepoc,2024-04-10,Technical Cyber Threat Incident,A spear-phishing campaign attributed to BlackCat (ALPHV) targeted executives at a aerospace defense contractor. Weaponized PDF documents referencing fake regulatory audits delivered an infostealer payload harvesting domain credentials.,A spear-phishing campaign attributed to BlackCat (ALPHV) targeted executives at a aerospace defense contractor. Weaponized PDF documents referencing fake regulatory audits delivered an infostealer payload harvesting domain credentials.,phishing_social_engineering,Phishing Social Engineering
eurepoc_200707,eurepoc,2024-04-10,Technical Cyber Threat Incident,"A critical ransomware outbreak hit a telecommunications provider. Operators weaponized vulnerability CVE-2023-34362 in perimeter firewalls to establish persistent C2 access. File systems were encrypted and volume shadow copies destroyed. The extortion group demanded $4,619K for decryption tools.","A critical ransomware outbreak hit a telecommunications provider. Operators weaponized vulnerability CVE-2023-34362 in perimeter firewalls to establish persistent C2 access. File systems were encrypted and volume shadow copies destroyed. The extortion group demanded $4,619K for decryption tools.",ransomware_extortion,Ransomware Extortion
eurepoc_200708,eurepoc,2024-04-10,Technical Cyber Threat Incident,"A critical ransomware outbreak hit a pharmaceutical research lab. Operators weaponized vulnerability CVE-2023-2868 in perimeter firewalls to establish persistent C2 access. File systems were encrypted and volume shadow copies destroyed. The extortion group demanded $8,909K for decryption tools.","A critical ransomware outbreak hit a pharmaceutical research lab. Operators weaponized vulnerability CVE-2023-2868 in perimeter firewalls to establish persistent C2 access. File systems were encrypted and volume shadow copies destroyed. The extortion group demanded $8,909K for decryption tools.",ransomware_extortion,Ransomware Extortion
eurepoc_200709,eurepoc,2024-04-10,Technical Cyber Threat Incident,"Employees at a power grid distributor received spoofed Microsoft 365 login requests. The Adversary-in-the-Middle (AiTM) proxy captured session cookies and bypassed MFA, facilitating unauthorized email forwarding rules.","Employees at a power grid distributor received spoofed Microsoft 365 login requests. The Adversary-in-the-Middle (AiTM) proxy captured session cookies and bypassed MFA, facilitating unauthorized email forwarding rules.",phishing_social_engineering,Phishing Social Engineering
eurepoc_200710,eurepoc,2024-04-10,Technical Cyber Threat Incident,"Attackers distributed phishing lures disguised as urgent software patch advisories to personnel at a public port logistics hub, leading to payload execution and credential compromise.","Attackers distributed phishing lures disguised as urgent software patch advisories to personnel at a public port logistics hub, leading to payload execution and credential compromise.",phishing_social_engineering,Phishing Social Engineering
eurepoc_200711,eurepoc,2024-04-10,Technical Cyber Threat Incident,A spear-phishing campaign attributed to Sandworm targeted executives at a aerospace defense contractor. Weaponized PDF documents referencing fake regulatory audits delivered an infostealer payload harvesting domain credentials.,A spear-phishing campaign attributed to Sandworm targeted executives at a aerospace defense contractor. Weaponized PDF documents referencing fake regulatory audits delivered an infostealer payload harvesting domain credentials.,phishing_social_engineering,Phishing Social Engineering
eurepoc_200712,eurepoc,2024-04-10,Technical Cyber Threat Incident,"An unauthenticated cloud storage bucket maintained by a telecommunications provider was compromised by unauthorized third parties. Attackers accessed 328,000 confidential records and backend system credentials.","An unauthenticated cloud storage bucket maintained by a telecommunications provider was compromised by unauthorized third parties. Attackers accessed 328,000 confidential records and backend system credentials.",unauthorized_access_hacking,Unauthorized Access Hacking
eurepoc_200713,eurepoc,2024-04-10,Technical Cyber Threat Incident,"A critical ransomware outbreak hit a municipal water authority. Operators weaponized vulnerability CVE-2023-34362 in perimeter firewalls to establish persistent C2 access. File systems were encrypted and volume shadow copies destroyed. The extortion group demanded $2,395K for decryption tools.","A critical ransomware outbreak hit a municipal water authority. Operators weaponized vulnerability CVE-2023-34362 in perimeter firewalls to establish persistent C2 access. File systems were encrypted and volume shadow copies destroyed. The extortion group demanded $2,395K for decryption tools.",ransomware_extortion,Ransomware Extortion
eurepoc_200714,eurepoc,2024-04-10,Technical Cyber Threat Incident,"A sophisticated double-extortion ransomware campaign orchestrated by Akira compromised the internal network of a public port logistics hub via compromised credentials. The actors exfiltrated 842GB of proprietary databases before deploying ransomware binaries. A ransom demand of $7,095K in Bitcoin was posted, threatening public leak on darknet forums.","A sophisticated double-extortion ransomware campaign orchestrated by Akira compromised the internal network of a public port logistics hub via compromised credentials. The actors exfiltrated 842GB of proprietary databases before deploying ransomware binaries. A ransom demand of $7,095K in Bitcoin was posted, threatening public leak on darknet forums.",ransomware_extortion,Ransomware Extortion
eurepoc_200715,eurepoc,2024-04-10,Technical Cyber Threat Incident,"A massive volumetric Distributed Denial of Service (DDoS) attack peaking at 2.24 Tbps targeted a pharmaceutical research lab. The attack exploited an amplified DNS/UDP reflection vector through a global IoT botnet, resulting in 60 hours of total service outage.","A massive volumetric Distributed Denial of Service (DDoS) attack peaking at 2.24 Tbps targeted a pharmaceutical research lab. The attack exploited an amplified DNS/UDP reflection vector through a global IoT botnet, resulting in 60 hours of total service outage.",denial_of_service_disruption,Denial Of Service Disruption
eurepoc_200716,eurepoc,2024-04-10,Technical Cyber Threat Incident,"Attackers distributed phishing lures disguised as urgent software patch advisories to personnel at a pharmaceutical research lab, leading to payload execution and credential compromise.","Attackers distributed phishing lures disguised as urgent software patch advisories to personnel at a pharmaceutical research lab, leading to payload execution and credential compromise.",phishing_social_engineering,Phishing Social Engineering
eurepoc_200717,eurepoc,2024-04-10,Technical Cyber Threat Incident,A spear-phishing campaign attributed to Lazarus Group targeted executives at a government tax agency. Weaponized PDF documents referencing fake regulatory audits delivered an infostealer payload harvesting domain credentials.,A spear-phishing campaign attributed to Lazarus Group targeted executives at a government tax agency. Weaponized PDF documents referencing fake regulatory audits delivered an infostealer payload harvesting domain credentials.,phishing_social_engineering,Phishing Social Engineering
eurepoc_200718,eurepoc,2024-04-10,Technical Cyber Threat Incident,"Adversaries gained unauthorized system access to a regional healthcare facility by exploiting CVE-2023-20198. The intrusion compromised 159,000 user credentials, establishing persistent reverse shells across the internal DMZ.","Adversaries gained unauthorized system access to a regional healthcare facility by exploiting CVE-2023-20198. The intrusion compromised 159,000 user credentials, establishing persistent reverse shells across the internal DMZ.",unauthorized_access_hacking,Unauthorized Access Hacking
eurepoc_200719,eurepoc,2024-04-10,Technical Cyber Threat Incident,"Threat group BlackCat (ALPHV) launched an extortion attack against a municipal water authority. All virtual hypervisors and backup domains were encrypted. Negotiations demanded $6,696K within 48 hours to halt the auction of exfiltrated administrative files.","Threat group BlackCat (ALPHV) launched an extortion attack against a municipal water authority. All virtual hypervisors and backup domains were encrypted. Negotiations demanded $6,696K within 48 hours to halt the auction of exfiltrated administrative files.",ransomware_extortion,Ransomware Extortion
eurepoc_200720,eurepoc,2024-04-10,Technical Cyber Threat Incident,"A critical ransomware outbreak hit a regional healthcare facility. Operators weaponized vulnerability CVE-2023-20198 in perimeter firewalls to establish persistent C2 access. File systems were encrypted and volume shadow copies destroyed. The extortion group demanded $1,469K for decryption tools.","A critical ransomware outbreak hit a regional healthcare facility. Operators weaponized vulnerability CVE-2023-20198 in perimeter firewalls to establish persistent C2 access. File systems were encrypted and volume shadow copies destroyed. The extortion group demanded $1,469K for decryption tools.",ransomware_extortion,Ransomware Extortion
eurepoc_200721,eurepoc,2024-04-10,Technical Cyber Threat Incident,"A sophisticated double-extortion ransomware campaign orchestrated by BlackCat (ALPHV) compromised the internal network of a national railway operator via compromised credentials. The actors exfiltrated 220GB of proprietary databases before deploying ransomware binaries. A ransom demand of $8,225K in Bitcoin was posted, threatening public leak on darknet forums.","A sophisticated double-extortion ransomware campaign orchestrated by BlackCat (ALPHV) compromised the internal network of a national railway operator via compromised credentials. The actors exfiltrated 220GB of proprietary databases before deploying ransomware binaries. A ransom demand of $8,225K in Bitcoin was posted, threatening public leak on darknet forums.",ransomware_extortion,Ransomware Extortion
eurepoc_200722,eurepoc,2024-04-10,Technical Cyber Threat Incident,"State-aligned threat group Cl0p breached a commercial banking network using stolen session tokens. Lateral movement was detected across multiple subnets, resulting in unauthorized exfiltration of sensitive telemetry.","State-aligned threat group Cl0p breached a commercial banking network using stolen session tokens. Lateral movement was detected across multiple subnets, resulting in unauthorized exfiltration of sensitive telemetry.",unauthorized_access_hacking,Unauthorized Access Hacking
eurepoc_200723,eurepoc,2024-04-10,Technical Cyber Threat Incident,"Adversaries conducted destructive wiper malware and multi-vector Layer 7 DDoS attacks against a aerospace defense contractor. Web applications crashed under 54 million requests per second, knocking public services offline.","Adversaries conducted destructive wiper malware and multi-vector Layer 7 DDoS attacks against a aerospace defense contractor. Web applications crashed under 54 million requests per second, knocking public services offline.",denial_of_service_disruption,Denial Of Service Disruption
eurepoc_200724,eurepoc,2024-04-10,Technical Cyber Threat Incident,"A critical ransomware outbreak hit a pharmaceutical research lab. Operators weaponized vulnerability CVE-2023-4966 in perimeter firewalls to establish persistent C2 access. File systems were encrypted and volume shadow copies destroyed. The extortion group demanded $1,960K for decryption tools.","A critical ransomware outbreak hit a pharmaceutical research lab. Operators weaponized vulnerability CVE-2023-4966 in perimeter firewalls to establish persistent C2 access. File systems were encrypted and volume shadow copies destroyed. The extortion group demanded $1,960K for decryption tools.",ransomware_extortion,Ransomware Extortion
eurepoc_200725,eurepoc,2024-04-10,Technical Cyber Threat Incident,"A sophisticated double-extortion ransomware campaign orchestrated by BlackCat (ALPHV) compromised the internal network of a government tax agency via compromised credentials. The actors exfiltrated 283GB of proprietary databases before deploying ransomware binaries. A ransom demand of $6,456K in Bitcoin was posted, threatening public leak on darknet forums.","A sophisticated double-extortion ransomware campaign orchestrated by BlackCat (ALPHV) compromised the internal network of a government tax agency via compromised credentials. The actors exfiltrated 283GB of proprietary databases before deploying ransomware binaries. A ransom demand of $6,456K in Bitcoin was posted, threatening public leak on darknet forums.",ransomware_extortion,Ransomware Extortion
eurepoc_200726,eurepoc,2024-04-10,Technical Cyber Threat Incident,"An unauthenticated cloud storage bucket maintained by a aerospace defense contractor was compromised by unauthorized third parties. Attackers accessed 604,000 confidential records and backend system credentials.","An unauthenticated cloud storage bucket maintained by a aerospace defense contractor was compromised by unauthorized third parties. Attackers accessed 604,000 confidential records and backend system credentials.",unauthorized_access_hacking,Unauthorized Access Hacking
eurepoc_200727,eurepoc,2024-04-10,Technical Cyber Threat Incident,"A sophisticated double-extortion ransomware campaign orchestrated by Sandworm compromised the internal network of a aerospace defense contractor via compromised credentials. The actors exfiltrated 494GB of proprietary databases before deploying ransomware binaries. A ransom demand of $2,057K in Bitcoin was posted, threatening public leak on darknet forums.","A sophisticated double-extortion ransomware campaign orchestrated by Sandworm compromised the internal network of a aerospace defense contractor via compromised credentials. The actors exfiltrated 494GB of proprietary databases before deploying ransomware binaries. A ransom demand of $2,057K in Bitcoin was posted, threatening public leak on darknet forums.",ransomware_extortion,Ransomware Extortion
eurepoc_200728,eurepoc,2024-04-10,Technical Cyber Threat Incident,"An unauthenticated cloud storage bucket maintained by a municipal water authority was compromised by unauthorized third parties. Attackers accessed 585,000 confidential records and backend system credentials.","An unauthenticated cloud storage bucket maintained by a municipal water authority was compromised by unauthorized third parties. Attackers accessed 585,000 confidential records and backend system credentials.",unauthorized_access_hacking,Unauthorized Access Hacking
eurepoc_200729,eurepoc,2024-04-10,Technical Cyber Threat Incident,"A persistent flood of HTTP/2 Rapid Reset requests disrupted the border gateway and online authentication servers of a municipal water authority, causing complete denial of service for 4 hours.","A persistent flood of HTTP/2 Rapid Reset requests disrupted the border gateway and online authentication servers of a municipal water authority, causing complete denial of service for 4 hours.",denial_of_service_disruption,Denial Of Service Disruption
eurepoc_200730,eurepoc,2024-04-10,Technical Cyber Threat Incident,"A massive volumetric Distributed Denial of Service (DDoS) attack peaking at 3.32 Tbps targeted a national railway operator. The attack exploited an amplified DNS/UDP reflection vector through a global IoT botnet, resulting in 51 hours of total service outage.","A massive volumetric Distributed Denial of Service (DDoS) attack peaking at 3.32 Tbps targeted a national railway operator. The attack exploited an amplified DNS/UDP reflection vector through a global IoT botnet, resulting in 51 hours of total service outage.",denial_of_service_disruption,Denial Of Service Disruption
eurepoc_200731,eurepoc,2024-04-10,Technical Cyber Threat Incident,"A persistent flood of HTTP/2 Rapid Reset requests disrupted the border gateway and online authentication servers of a telecommunications provider, causing complete denial of service for 68 hours.","A persistent flood of HTTP/2 Rapid Reset requests disrupted the border gateway and online authentication servers of a telecommunications provider, causing complete denial of service for 68 hours.",denial_of_service_disruption,Denial Of Service Disruption
eurepoc_200732,eurepoc,2024-04-10,Technical Cyber Threat Incident,"A critical ransomware outbreak hit a municipal water authority. Operators weaponized vulnerability CVE-2023-4966 in perimeter firewalls to establish persistent C2 access. File systems were encrypted and volume shadow copies destroyed. The extortion group demanded $1,334K for decryption tools.","A critical ransomware outbreak hit a municipal water authority. Operators weaponized vulnerability CVE-2023-4966 in perimeter firewalls to establish persistent C2 access. File systems were encrypted and volume shadow copies destroyed. The extortion group demanded $1,334K for decryption tools.",ransomware_extortion,Ransomware Extortion
eurepoc_200733,eurepoc,2024-04-10,Technical Cyber Threat Incident,"Employees at a telecommunications provider received spoofed Microsoft 365 login requests. The Adversary-in-the-Middle (AiTM) proxy captured session cookies and bypassed MFA, facilitating unauthorized email forwarding rules.","Employees at a telecommunications provider received spoofed Microsoft 365 login requests. The Adversary-in-the-Middle (AiTM) proxy captured session cookies and bypassed MFA, facilitating unauthorized email forwarding rules.",phishing_social_engineering,Phishing Social Engineering
eurepoc_200734,eurepoc,2024-04-10,Technical Cyber Threat Incident,"Adversaries gained unauthorized system access to a public port logistics hub by exploiting CVE-2023-34362. The intrusion compromised 38,000 user credentials, establishing persistent reverse shells across the internal DMZ.","Adversaries gained unauthorized system access to a public port logistics hub by exploiting CVE-2023-34362. The intrusion compromised 38,000 user credentials, establishing persistent reverse shells across the internal DMZ.",unauthorized_access_hacking,Unauthorized Access Hacking
eurepoc_200735,eurepoc,2024-04-10,Technical Cyber Threat Incident,"A sophisticated double-extortion ransomware campaign orchestrated by BlackCat (ALPHV) compromised the internal network of a national railway operator via compromised credentials. The actors exfiltrated 205GB of proprietary databases before deploying ransomware binaries. A ransom demand of $5,783K in Bitcoin was posted, threatening public leak on darknet forums.","A sophisticated double-extortion ransomware campaign orchestrated by BlackCat (ALPHV) compromised the internal network of a national railway operator via compromised credentials. The actors exfiltrated 205GB of proprietary databases before deploying ransomware binaries. A ransom demand of $5,783K in Bitcoin was posted, threatening public leak on darknet forums.",ransomware_extortion,Ransomware Extortion
eurepoc_200736,eurepoc,2024-04-10,Technical Cyber Threat Incident,"A massive volumetric Distributed Denial of Service (DDoS) attack peaking at 2.57 Tbps targeted a public port logistics hub. The attack exploited an amplified DNS/UDP reflection vector through a global IoT botnet, resulting in 62 hours of total service outage.","A massive volumetric Distributed Denial of Service (DDoS) attack peaking at 2.57 Tbps targeted a public port logistics hub. The attack exploited an amplified DNS/UDP reflection vector through a global IoT botnet, resulting in 62 hours of total service outage.",denial_of_service_disruption,Denial Of Service Disruption
eurepoc_200737,eurepoc,2024-04-10,Technical Cyber Threat Incident,"An unauthenticated cloud storage bucket maintained by a regional healthcare facility was compromised by unauthorized third parties. Attackers accessed 297,000 confidential records and backend system credentials.","An unauthenticated cloud storage bucket maintained by a regional healthcare facility was compromised by unauthorized third parties. Attackers accessed 297,000 confidential records and backend system credentials.",unauthorized_access_hacking,Unauthorized Access Hacking
eurepoc_200738,eurepoc,2024-04-10,Technical Cyber Threat Incident,"A critical ransomware outbreak hit a national railway operator. Operators weaponized vulnerability CVE-2023-34362 in perimeter firewalls to establish persistent C2 access. File systems were encrypted and volume shadow copies destroyed. The extortion group demanded $4,745K for decryption tools.","A critical ransomware outbreak hit a national railway operator. Operators weaponized vulnerability CVE-2023-34362 in perimeter firewalls to establish persistent C2 access. File systems were encrypted and volume shadow copies destroyed. The extortion group demanded $4,745K for decryption tools.",ransomware_extortion,Ransomware Extortion
eurepoc_200739,eurepoc,2024-04-10,Technical Cyber Threat Incident,"An unauthenticated cloud storage bucket maintained by a municipal water authority was compromised by unauthorized third parties. Attackers accessed 47,000 confidential records and backend system credentials.","An unauthenticated cloud storage bucket maintained by a municipal water authority was compromised by unauthorized third parties. Attackers accessed 47,000 confidential records and backend system credentials.",unauthorized_access_hacking,Unauthorized Access Hacking
eurepoc_200740,eurepoc,2024-04-10,Technical Cyber Threat Incident,"An unauthenticated cloud storage bucket maintained by a aerospace defense contractor was compromised by unauthorized third parties. Attackers accessed 103,000 confidential records and backend system credentials.","An unauthenticated cloud storage bucket maintained by a aerospace defense contractor was compromised by unauthorized third parties. Attackers accessed 103,000 confidential records and backend system credentials.",unauthorized_access_hacking,Unauthorized Access Hacking
eurepoc_200741,eurepoc,2024-04-10,Technical Cyber Threat Incident,"Adversaries conducted destructive wiper malware and multi-vector Layer 7 DDoS attacks against a telecommunications provider. Web applications crashed under 60 million requests per second, knocking public services offline.","Adversaries conducted destructive wiper malware and multi-vector Layer 7 DDoS attacks against a telecommunications provider. Web applications crashed under 60 million requests per second, knocking public services offline.",denial_of_service_disruption,Denial Of Service Disruption
eurepoc_200742,eurepoc,2024-04-10,Technical Cyber Threat Incident,A spear-phishing campaign attributed to BlackCat (ALPHV) targeted executives at a government tax agency. Weaponized PDF documents referencing fake regulatory audits delivered an infostealer payload harvesting domain credentials.,A spear-phishing campaign attributed to BlackCat (ALPHV) targeted executives at a government tax agency. Weaponized PDF documents referencing fake regulatory audits delivered an infostealer payload harvesting domain credentials.,phishing_social_engineering,Phishing Social Engineering
eurepoc_200743,eurepoc,2024-04-10,Technical Cyber Threat Incident,"Threat group Akira launched an extortion attack against a telecommunications provider. All virtual hypervisors and backup domains were encrypted. Negotiations demanded $5,111K within 48 hours to halt the auction of exfiltrated administrative files.","Threat group Akira launched an extortion attack against a telecommunications provider. All virtual hypervisors and backup domains were encrypted. Negotiations demanded $5,111K within 48 hours to halt the auction of exfiltrated administrative files.",ransomware_extortion,Ransomware Extortion
eurepoc_200744,eurepoc,2024-04-10,Technical Cyber Threat Incident,"An unauthenticated cloud storage bucket maintained by a aerospace defense contractor was compromised by unauthorized third parties. Attackers accessed 452,000 confidential records and backend system credentials.","An unauthenticated cloud storage bucket maintained by a aerospace defense contractor was compromised by unauthorized third parties. Attackers accessed 452,000 confidential records and backend system credentials.",unauthorized_access_hacking,Unauthorized Access Hacking
eurepoc_200745,eurepoc,2024-04-10,Technical Cyber Threat Incident,"Threat group Lazarus Group launched an extortion attack against a national railway operator. All virtual hypervisors and backup domains were encrypted. Negotiations demanded $1,792K within 48 hours to halt the auction of exfiltrated administrative files.","Threat group Lazarus Group launched an extortion attack against a national railway operator. All virtual hypervisors and backup domains were encrypted. Negotiations demanded $1,792K within 48 hours to halt the auction of exfiltrated administrative files.",ransomware_extortion,Ransomware Extortion
eurepoc_200746,eurepoc,2024-04-10,Technical Cyber Threat Incident,"A persistent flood of HTTP/2 Rapid Reset requests disrupted the border gateway and online authentication servers of a telecommunications provider, causing complete denial of service for 19 hours.","A persistent flood of HTTP/2 Rapid Reset requests disrupted the border gateway and online authentication servers of a telecommunications provider, causing complete denial of service for 19 hours.",denial_of_service_disruption,Denial Of Service Disruption
eurepoc_200747,eurepoc,2024-04-10,Technical Cyber Threat Incident,"Threat group BlackCat (ALPHV) launched an extortion attack against a public port logistics hub. All virtual hypervisors and backup domains were encrypted. Negotiations demanded $5,904K within 48 hours to halt the auction of exfiltrated administrative files.","Threat group BlackCat (ALPHV) launched an extortion attack against a public port logistics hub. All virtual hypervisors and backup domains were encrypted. Negotiations demanded $5,904K within 48 hours to halt the auction of exfiltrated administrative files.",ransomware_extortion,Ransomware Extortion
eurepoc_200748,eurepoc,2024-04-10,Technical Cyber Threat Incident,"A persistent flood of HTTP/2 Rapid Reset requests disrupted the border gateway and online authentication servers of a municipal water authority, causing complete denial of service for 29 hours.","A persistent flood of HTTP/2 Rapid Reset requests disrupted the border gateway and online authentication servers of a municipal water authority, causing complete denial of service for 29 hours.",denial_of_service_disruption,Denial Of Service Disruption
eurepoc_200749,eurepoc,2024-04-10,Technical Cyber Threat Incident,"Adversaries gained unauthorized system access to a municipal water authority by exploiting CVE-2023-4966. The intrusion compromised 380,000 user credentials, establishing persistent reverse shells across the internal DMZ.","Adversaries gained unauthorized system access to a municipal water authority by exploiting CVE-2023-4966. The intrusion compromised 380,000 user credentials, establishing persistent reverse shells across the internal DMZ.",unauthorized_access_hacking,Unauthorized Access Hacking
eurepoc_200750,eurepoc,2024-04-10,Technical Cyber Threat Incident,A spear-phishing campaign attributed to BlackCat (ALPHV) targeted executives at a municipal water authority. Weaponized PDF documents referencing fake regulatory audits delivered an infostealer payload harvesting domain credentials.,A spear-phishing campaign attributed to BlackCat (ALPHV) targeted executives at a municipal water authority. Weaponized PDF documents referencing fake regulatory audits delivered an infostealer payload harvesting domain credentials.,phishing_social_engineering,Phishing Social Engineering
eurepoc_200751,eurepoc,2024-04-10,Technical Cyber Threat Incident,"Threat group Lazarus Group launched an extortion attack against a regional healthcare facility. All virtual hypervisors and backup domains were encrypted. Negotiations demanded $8,918K within 48 hours to halt the auction of exfiltrated administrative files.","Threat group Lazarus Group launched an extortion attack against a regional healthcare facility. All virtual hypervisors and backup domains were encrypted. Negotiations demanded $8,918K within 48 hours to halt the auction of exfiltrated administrative files.",ransomware_extortion,Ransomware Extortion
eurepoc_200752,eurepoc,2024-04-10,Technical Cyber Threat Incident,"A sophisticated double-extortion ransomware campaign orchestrated by Lazarus Group compromised the internal network of a aerospace defense contractor via compromised credentials. The actors exfiltrated 622GB of proprietary databases before deploying ransomware binaries. A ransom demand of $7,569K in Bitcoin was posted, threatening public leak on darknet forums.","A sophisticated double-extortion ransomware campaign orchestrated by Lazarus Group compromised the internal network of a aerospace defense contractor via compromised credentials. The actors exfiltrated 622GB of proprietary databases before deploying ransomware binaries. A ransom demand of $7,569K in Bitcoin was posted, threatening public leak on darknet forums.",ransomware_extortion,Ransomware Extortion
eurepoc_200753,eurepoc,2024-04-10,Technical Cyber Threat Incident,"A persistent flood of HTTP/2 Rapid Reset requests disrupted the border gateway and online authentication servers of a power grid distributor, causing complete denial of service for 38 hours.","A persistent flood of HTTP/2 Rapid Reset requests disrupted the border gateway and online authentication servers of a power grid distributor, causing complete denial of service for 38 hours.",denial_of_service_disruption,Denial Of Service Disruption
eurepoc_200754,eurepoc,2024-04-10,Technical Cyber Threat Incident,"Threat group Volt Typhoon launched an extortion attack against a municipal water authority. All virtual hypervisors and backup domains were encrypted. Negotiations demanded $1,887K within 48 hours to halt the auction of exfiltrated administrative files.","Threat group Volt Typhoon launched an extortion attack against a municipal water authority. All virtual hypervisors and backup domains were encrypted. Negotiations demanded $1,887K within 48 hours to halt the auction of exfiltrated administrative files.",ransomware_extortion,Ransomware Extortion
eurepoc_200755,eurepoc,2024-04-10,Technical Cyber Threat Incident,"State-aligned threat group LockBit 3.0 breached a pharmaceutical research lab using stolen session tokens. Lateral movement was detected across multiple subnets, resulting in unauthorized exfiltration of sensitive telemetry.","State-aligned threat group LockBit 3.0 breached a pharmaceutical research lab using stolen session tokens. Lateral movement was detected across multiple subnets, resulting in unauthorized exfiltration of sensitive telemetry.",unauthorized_access_hacking,Unauthorized Access Hacking
eurepoc_200756,eurepoc,2024-04-10,Technical Cyber Threat Incident,"A massive volumetric Distributed Denial of Service (DDoS) attack peaking at 1.46 Tbps targeted a pharmaceutical research lab. The attack exploited an amplified DNS/UDP reflection vector through a global IoT botnet, resulting in 33 hours of total service outage.","A massive volumetric Distributed Denial of Service (DDoS) attack peaking at 1.46 Tbps targeted a pharmaceutical research lab. The attack exploited an amplified DNS/UDP reflection vector through a global IoT botnet, resulting in 33 hours of total service outage.",denial_of_service_disruption,Denial Of Service Disruption
eurepoc_200757,eurepoc,2024-04-10,Technical Cyber Threat Incident,"A massive volumetric Distributed Denial of Service (DDoS) attack peaking at 1.05 Tbps targeted a aerospace defense contractor. The attack exploited an amplified DNS/UDP reflection vector through a global IoT botnet, resulting in 22 hours of total service outage.","A massive volumetric Distributed Denial of Service (DDoS) attack peaking at 1.05 Tbps targeted a aerospace defense contractor. The attack exploited an amplified DNS/UDP reflection vector through a global IoT botnet, resulting in 22 hours of total service outage.",denial_of_service_disruption,Denial Of Service Disruption
eurepoc_200758,eurepoc,2024-04-10,Technical Cyber Threat Incident,"Threat group APT28 (Fancy Bear) launched an extortion attack against a national railway operator. All virtual hypervisors and backup domains were encrypted. Negotiations demanded $7,042K within 48 hours to halt the auction of exfiltrated administrative files.","Threat group APT28 (Fancy Bear) launched an extortion attack against a national railway operator. All virtual hypervisors and backup domains were encrypted. Negotiations demanded $7,042K within 48 hours to halt the auction of exfiltrated administrative files.",ransomware_extortion,Ransomware Extortion
eurepoc_200759,eurepoc,2024-04-10,Technical Cyber Threat Incident,"Attackers distributed phishing lures disguised as urgent software patch advisories to personnel at a government tax agency, leading to payload execution and credential compromise.","Attackers distributed phishing lures disguised as urgent software patch advisories to personnel at a government tax agency, leading to payload execution and credential compromise.",phishing_social_engineering,Phishing Social Engineering
eurepoc_200760,eurepoc,2024-04-10,Technical Cyber Threat Incident,"An unauthenticated cloud storage bucket maintained by a municipal water authority was compromised by unauthorized third parties. Attackers accessed 641,000 confidential records and backend system credentials.","An unauthenticated cloud storage bucket maintained by a municipal water authority was compromised by unauthorized third parties. Attackers accessed 641,000 confidential records and backend system credentials.",unauthorized_access_hacking,Unauthorized Access Hacking
eurepoc_200761,eurepoc,2024-04-10,Technical Cyber Threat Incident,"A sophisticated double-extortion ransomware campaign orchestrated by Cl0p compromised the internal network of a pharmaceutical research lab via compromised credentials. The actors exfiltrated 255GB of proprietary databases before deploying ransomware binaries. A ransom demand of $1,881K in Bitcoin was posted, threatening public leak on darknet forums.","A sophisticated double-extortion ransomware campaign orchestrated by Cl0p compromised the internal network of a pharmaceutical research lab via compromised credentials. The actors exfiltrated 255GB of proprietary databases before deploying ransomware binaries. A ransom demand of $1,881K in Bitcoin was posted, threatening public leak on darknet forums.",ransomware_extortion,Ransomware Extortion
eurepoc_200762,eurepoc,2024-04-10,Technical Cyber Threat Incident,"Adversaries gained unauthorized system access to a public port logistics hub by exploiting CVE-2023-4966. The intrusion compromised 415,000 user credentials, establishing persistent reverse shells across the internal DMZ.","Adversaries gained unauthorized system access to a public port logistics hub by exploiting CVE-2023-4966. The intrusion compromised 415,000 user credentials, establishing persistent reverse shells across the internal DMZ.",unauthorized_access_hacking,Unauthorized Access Hacking
eurepoc_200763,eurepoc,2024-04-10,Technical Cyber Threat Incident,"State-aligned threat group Volt Typhoon breached a power grid distributor using stolen session tokens. Lateral movement was detected across multiple subnets, resulting in unauthorized exfiltration of sensitive telemetry.","State-aligned threat group Volt Typhoon breached a power grid distributor using stolen session tokens. Lateral movement was detected across multiple subnets, resulting in unauthorized exfiltration of sensitive telemetry.",unauthorized_access_hacking,Unauthorized Access Hacking
eurepoc_200764,eurepoc,2024-04-10,Technical Cyber Threat Incident,"A sophisticated double-extortion ransomware campaign orchestrated by LockBit 3.0 compromised the internal network of a pharmaceutical research lab via compromised credentials. The actors exfiltrated 661GB of proprietary databases before deploying ransomware binaries. A ransom demand of $8,195K in Bitcoin was posted, threatening public leak on darknet forums.","A sophisticated double-extortion ransomware campaign orchestrated by LockBit 3.0 compromised the internal network of a pharmaceutical research lab via compromised credentials. The actors exfiltrated 661GB of proprietary databases before deploying ransomware binaries. A ransom demand of $8,195K in Bitcoin was posted, threatening public leak on darknet forums.",ransomware_extortion,Ransomware Extortion
eurepoc_200765,eurepoc,2024-04-10,Technical Cyber Threat Incident,"A sophisticated double-extortion ransomware campaign orchestrated by APT28 (Fancy Bear) compromised the internal network of a government tax agency via compromised credentials. The actors exfiltrated 634GB of proprietary databases before deploying ransomware binaries. A ransom demand of $5,681K in Bitcoin was posted, threatening public leak on darknet forums.","A sophisticated double-extortion ransomware campaign orchestrated by APT28 (Fancy Bear) compromised the internal network of a government tax agency via compromised credentials. The actors exfiltrated 634GB of proprietary databases before deploying ransomware binaries. A ransom demand of $5,681K in Bitcoin was posted, threatening public leak on darknet forums.",ransomware_extortion,Ransomware Extortion
eurepoc_200766,eurepoc,2024-04-10,Technical Cyber Threat Incident,A spear-phishing campaign attributed to BlackCat (ALPHV) targeted executives at a commercial banking network. Weaponized PDF documents referencing fake regulatory audits delivered an infostealer payload harvesting domain credentials.,A spear-phishing campaign attributed to BlackCat (ALPHV) targeted executives at a commercial banking network. Weaponized PDF documents referencing fake regulatory audits delivered an infostealer payload harvesting domain credentials.,phishing_social_engineering,Phishing Social Engineering
eurepoc_200767,eurepoc,2024-04-10,Technical Cyber Threat Incident,A spear-phishing campaign attributed to Sandworm targeted executives at a aerospace defense contractor. Weaponized PDF documents referencing fake regulatory audits delivered an infostealer payload harvesting domain credentials.,A spear-phishing campaign attributed to Sandworm targeted executives at a aerospace defense contractor. Weaponized PDF documents referencing fake regulatory audits delivered an infostealer payload harvesting domain credentials.,phishing_social_engineering,Phishing Social Engineering
eurepoc_200768,eurepoc,2024-04-10,Technical Cyber Threat Incident,"Adversaries conducted destructive wiper malware and multi-vector Layer 7 DDoS attacks against a public port logistics hub. Web applications crashed under 73 million requests per second, knocking public services offline.","Adversaries conducted destructive wiper malware and multi-vector Layer 7 DDoS attacks against a public port logistics hub. Web applications crashed under 73 million requests per second, knocking public services offline.",denial_of_service_disruption,Denial Of Service Disruption
eurepoc_200769,eurepoc,2024-04-10,Technical Cyber Threat Incident,"A massive volumetric Distributed Denial of Service (DDoS) attack peaking at 0.93 Tbps targeted a power grid distributor. The attack exploited an amplified DNS/UDP reflection vector through a global IoT botnet, resulting in 56 hours of total service outage.","A massive volumetric Distributed Denial of Service (DDoS) attack peaking at 0.93 Tbps targeted a power grid distributor. The attack exploited an amplified DNS/UDP reflection vector through a global IoT botnet, resulting in 56 hours of total service outage.",denial_of_service_disruption,Denial Of Service Disruption
eurepoc_200770,eurepoc,2024-04-10,Technical Cyber Threat Incident,"A sophisticated double-extortion ransomware campaign orchestrated by Cl0p compromised the internal network of a government tax agency via compromised credentials. The actors exfiltrated 927GB of proprietary databases before deploying ransomware binaries. A ransom demand of $2,422K in Bitcoin was posted, threatening public leak on darknet forums.","A sophisticated double-extortion ransomware campaign orchestrated by Cl0p compromised the internal network of a government tax agency via compromised credentials. The actors exfiltrated 927GB of proprietary databases before deploying ransomware binaries. A ransom demand of $2,422K in Bitcoin was posted, threatening public leak on darknet forums.",ransomware_extortion,Ransomware Extortion
eurepoc_200771,eurepoc,2024-04-10,Technical Cyber Threat Incident,"A sophisticated double-extortion ransomware campaign orchestrated by LockBit 3.0 compromised the internal network of a municipal water authority via compromised credentials. The actors exfiltrated 823GB of proprietary databases before deploying ransomware binaries. A ransom demand of $2,064K in Bitcoin was posted, threatening public leak on darknet forums.","A sophisticated double-extortion ransomware campaign orchestrated by LockBit 3.0 compromised the internal network of a municipal water authority via compromised credentials. The actors exfiltrated 823GB of proprietary databases before deploying ransomware binaries. A ransom demand of $2,064K in Bitcoin was posted, threatening public leak on darknet forums.",ransomware_extortion,Ransomware Extortion
eurepoc_200772,eurepoc,2024-04-10,Technical Cyber Threat Incident,"A critical ransomware outbreak hit a municipal water authority. Operators weaponized vulnerability CVE-2024-1709 in perimeter firewalls to establish persistent C2 access. File systems were encrypted and volume shadow copies destroyed. The extortion group demanded $1,171K for decryption tools.","A critical ransomware outbreak hit a municipal water authority. Operators weaponized vulnerability CVE-2024-1709 in perimeter firewalls to establish persistent C2 access. File systems were encrypted and volume shadow copies destroyed. The extortion group demanded $1,171K for decryption tools.",ransomware_extortion,Ransomware Extortion
eurepoc_200773,eurepoc,2024-04-10,Technical Cyber Threat Incident,"An unauthenticated cloud storage bucket maintained by a pharmaceutical research lab was compromised by unauthorized third parties. Attackers accessed 30,000 confidential records and backend system credentials.","An unauthenticated cloud storage bucket maintained by a pharmaceutical research lab was compromised by unauthorized third parties. Attackers accessed 30,000 confidential records and backend system credentials.",unauthorized_access_hacking,Unauthorized Access Hacking
eurepoc_200774,eurepoc,2024-04-10,Technical Cyber Threat Incident,"Threat group Akira launched an extortion attack against a regional healthcare facility. All virtual hypervisors and backup domains were encrypted. Negotiations demanded $4,117K within 48 hours to halt the auction of exfiltrated administrative files.","Threat group Akira launched an extortion attack against a regional healthcare facility. All virtual hypervisors and backup domains were encrypted. Negotiations demanded $4,117K within 48 hours to halt the auction of exfiltrated administrative files.",ransomware_extortion,Ransomware Extortion
eurepoc_200775,eurepoc,2024-04-10,Technical Cyber Threat Incident,"Adversaries conducted destructive wiper malware and multi-vector Layer 7 DDoS attacks against a power grid distributor. Web applications crashed under 20 million requests per second, knocking public services offline.","Adversaries conducted destructive wiper malware and multi-vector Layer 7 DDoS attacks against a power grid distributor. Web applications crashed under 20 million requests per second, knocking public services offline.",denial_of_service_disruption,Denial Of Service Disruption
eurepoc_200776,eurepoc,2024-04-10,Technical Cyber Threat Incident,"A persistent flood of HTTP/2 Rapid Reset requests disrupted the border gateway and online authentication servers of a government tax agency, causing complete denial of service for 20 hours.","A persistent flood of HTTP/2 Rapid Reset requests disrupted the border gateway and online authentication servers of a government tax agency, causing complete denial of service for 20 hours.",denial_of_service_disruption,Denial Of Service Disruption
eurepoc_200777,eurepoc,2024-04-10,Technical Cyber Threat Incident,"State-aligned threat group LockBit 3.0 breached a commercial banking network using stolen session tokens. Lateral movement was detected across multiple subnets, resulting in unauthorized exfiltration of sensitive telemetry.","State-aligned threat group LockBit 3.0 breached a commercial banking network using stolen session tokens. Lateral movement was detected across multiple subnets, resulting in unauthorized exfiltration of sensitive telemetry.",unauthorized_access_hacking,Unauthorized Access Hacking
eurepoc_200778,eurepoc,2024-04-10,Technical Cyber Threat Incident,A spear-phishing campaign attributed to APT28 (Fancy Bear) targeted executives at a commercial banking network. Weaponized PDF documents referencing fake regulatory audits delivered an infostealer payload harvesting domain credentials.,A spear-phishing campaign attributed to APT28 (Fancy Bear) targeted executives at a commercial banking network. Weaponized PDF documents referencing fake regulatory audits delivered an infostealer payload harvesting domain credentials.,phishing_social_engineering,Phishing Social Engineering
eurepoc_200779,eurepoc,2024-04-10,Technical Cyber Threat Incident,"A persistent flood of HTTP/2 Rapid Reset requests disrupted the border gateway and online authentication servers of a government tax agency, causing complete denial of service for 72 hours.","A persistent flood of HTTP/2 Rapid Reset requests disrupted the border gateway and online authentication servers of a government tax agency, causing complete denial of service for 72 hours.",denial_of_service_disruption,Denial Of Service Disruption
eurepoc_200780,eurepoc,2024-04-10,Technical Cyber Threat Incident,"A sophisticated double-extortion ransomware campaign orchestrated by BlackCat (ALPHV) compromised the internal network of a commercial banking network via compromised credentials. The actors exfiltrated 260GB of proprietary databases before deploying ransomware binaries. A ransom demand of $7,219K in Bitcoin was posted, threatening public leak on darknet forums.","A sophisticated double-extortion ransomware campaign orchestrated by BlackCat (ALPHV) compromised the internal network of a commercial banking network via compromised credentials. The actors exfiltrated 260GB of proprietary databases before deploying ransomware binaries. A ransom demand of $7,219K in Bitcoin was posted, threatening public leak on darknet forums.",ransomware_extortion,Ransomware Extortion
eurepoc_200781,eurepoc,2024-04-10,Technical Cyber Threat Incident,"Adversaries conducted destructive wiper malware and multi-vector Layer 7 DDoS attacks against a pharmaceutical research lab. Web applications crashed under 59 million requests per second, knocking public services offline.","Adversaries conducted destructive wiper malware and multi-vector Layer 7 DDoS attacks against a pharmaceutical research lab. Web applications crashed under 59 million requests per second, knocking public services offline.",denial_of_service_disruption,Denial Of Service Disruption
eurepoc_200782,eurepoc,2024-04-10,Technical Cyber Threat Incident,"A sophisticated double-extortion ransomware campaign orchestrated by LockBit 3.0 compromised the internal network of a aerospace defense contractor via compromised credentials. The actors exfiltrated 659GB of proprietary databases before deploying ransomware binaries. A ransom demand of $605K in Bitcoin was posted, threatening public leak on darknet forums.","A sophisticated double-extortion ransomware campaign orchestrated by LockBit 3.0 compromised the internal network of a aerospace defense contractor via compromised credentials. The actors exfiltrated 659GB of proprietary databases before deploying ransomware binaries. A ransom demand of $605K in Bitcoin was posted, threatening public leak on darknet forums.",ransomware_extortion,Ransomware Extortion
eurepoc_200783,eurepoc,2024-04-10,Technical Cyber Threat Incident,"A critical ransomware outbreak hit a pharmaceutical research lab. Operators weaponized vulnerability CVE-2023-2868 in perimeter firewalls to establish persistent C2 access. File systems were encrypted and volume shadow copies destroyed. The extortion group demanded $7,029K for decryption tools.","A critical ransomware outbreak hit a pharmaceutical research lab. Operators weaponized vulnerability CVE-2023-2868 in perimeter firewalls to establish persistent C2 access. File systems were encrypted and volume shadow copies destroyed. The extortion group demanded $7,029K for decryption tools.",ransomware_extortion,Ransomware Extortion
eurepoc_200784,eurepoc,2024-04-10,Technical Cyber Threat Incident,"A critical ransomware outbreak hit a aerospace defense contractor. Operators weaponized vulnerability CVE-2023-20198 in perimeter firewalls to establish persistent C2 access. File systems were encrypted and volume shadow copies destroyed. The extortion group demanded $2,072K for decryption tools.","A critical ransomware outbreak hit a aerospace defense contractor. Operators weaponized vulnerability CVE-2023-20198 in perimeter firewalls to establish persistent C2 access. File systems were encrypted and volume shadow copies destroyed. The extortion group demanded $2,072K for decryption tools.",ransomware_extortion,Ransomware Extortion
eurepoc_200785,eurepoc,2024-04-10,Technical Cyber Threat Incident,"Threat group Sandworm launched an extortion attack against a pharmaceutical research lab. All virtual hypervisors and backup domains were encrypted. Negotiations demanded $2,485K within 48 hours to halt the auction of exfiltrated administrative files.","Threat group Sandworm launched an extortion attack against a pharmaceutical research lab. All virtual hypervisors and backup domains were encrypted. Negotiations demanded $2,485K within 48 hours to halt the auction of exfiltrated administrative files.",ransomware_extortion,Ransomware Extortion
eurepoc_200786,eurepoc,2024-04-10,Technical Cyber Threat Incident,"State-aligned threat group Akira breached a telecommunications provider using stolen session tokens. Lateral movement was detected across multiple subnets, resulting in unauthorized exfiltration of sensitive telemetry.","State-aligned threat group Akira breached a telecommunications provider using stolen session tokens. Lateral movement was detected across multiple subnets, resulting in unauthorized exfiltration of sensitive telemetry.",unauthorized_access_hacking,Unauthorized Access Hacking
eurepoc_200787,eurepoc,2024-04-10,Technical Cyber Threat Incident,"A massive volumetric Distributed Denial of Service (DDoS) attack peaking at 2.28 Tbps targeted a municipal water authority. The attack exploited an amplified DNS/UDP reflection vector through a global IoT botnet, resulting in 53 hours of total service outage.","A massive volumetric Distributed Denial of Service (DDoS) attack peaking at 2.28 Tbps targeted a municipal water authority. The attack exploited an amplified DNS/UDP reflection vector through a global IoT botnet, resulting in 53 hours of total service outage.",denial_of_service_disruption,Denial Of Service Disruption
eurepoc_200788,eurepoc,2024-04-10,Technical Cyber Threat Incident,"Adversaries conducted destructive wiper malware and multi-vector Layer 7 DDoS attacks against a public port logistics hub. Web applications crashed under 87 million requests per second, knocking public services offline.","Adversaries conducted destructive wiper malware and multi-vector Layer 7 DDoS attacks against a public port logistics hub. Web applications crashed under 87 million requests per second, knocking public services offline.",denial_of_service_disruption,Denial Of Service Disruption
eurepoc_200789,eurepoc,2024-04-10,Technical Cyber Threat Incident,"An unauthenticated cloud storage bucket maintained by a pharmaceutical research lab was compromised by unauthorized third parties. Attackers accessed 77,000 confidential records and backend system credentials.","An unauthenticated cloud storage bucket maintained by a pharmaceutical research lab was compromised by unauthorized third parties. Attackers accessed 77,000 confidential records and backend system credentials.",unauthorized_access_hacking,Unauthorized Access Hacking
eurepoc_200790,eurepoc,2024-04-10,Technical Cyber Threat Incident,"A persistent flood of HTTP/2 Rapid Reset requests disrupted the border gateway and online authentication servers of a public port logistics hub, causing complete denial of service for 35 hours.","A persistent flood of HTTP/2 Rapid Reset requests disrupted the border gateway and online authentication servers of a public port logistics hub, causing complete denial of service for 35 hours.",denial_of_service_disruption,Denial Of Service Disruption
eurepoc_200791,eurepoc,2024-04-10,Technical Cyber Threat Incident,A spear-phishing campaign attributed to Cl0p targeted executives at a pharmaceutical research lab. Weaponized PDF documents referencing fake regulatory audits delivered an infostealer payload harvesting domain credentials.,A spear-phishing campaign attributed to Cl0p targeted executives at a pharmaceutical research lab. Weaponized PDF documents referencing fake regulatory audits delivered an infostealer payload harvesting domain credentials.,phishing_social_engineering,Phishing Social Engineering
eurepoc_200792,eurepoc,2024-04-10,Technical Cyber Threat Incident,"Threat group Lazarus Group launched an extortion attack against a power grid distributor. All virtual hypervisors and backup domains were encrypted. Negotiations demanded $3,207K within 48 hours to halt the auction of exfiltrated administrative files.","Threat group Lazarus Group launched an extortion attack against a power grid distributor. All virtual hypervisors and backup domains were encrypted. Negotiations demanded $3,207K within 48 hours to halt the auction of exfiltrated administrative files.",ransomware_extortion,Ransomware Extortion
eurepoc_200793,eurepoc,2024-04-10,Technical Cyber Threat Incident,"Adversaries conducted destructive wiper malware and multi-vector Layer 7 DDoS attacks against a national railway operator. Web applications crashed under 22 million requests per second, knocking public services offline.","Adversaries conducted destructive wiper malware and multi-vector Layer 7 DDoS attacks against a national railway operator. Web applications crashed under 22 million requests per second, knocking public services offline.",denial_of_service_disruption,Denial Of Service Disruption
eurepoc_200794,eurepoc,2024-04-10,Technical Cyber Threat Incident,"A sophisticated double-extortion ransomware campaign orchestrated by Cl0p compromised the internal network of a national railway operator via compromised credentials. The actors exfiltrated 877GB of proprietary databases before deploying ransomware binaries. A ransom demand of $3,108K in Bitcoin was posted, threatening public leak on darknet forums.","A sophisticated double-extortion ransomware campaign orchestrated by Cl0p compromised the internal network of a national railway operator via compromised credentials. The actors exfiltrated 877GB of proprietary databases before deploying ransomware binaries. A ransom demand of $3,108K in Bitcoin was posted, threatening public leak on darknet forums.",ransomware_extortion,Ransomware Extortion
eurepoc_200795,eurepoc,2024-04-10,Technical Cyber Threat Incident,"Adversaries gained unauthorized system access to a national railway operator by exploiting CVE-2024-1709. The intrusion compromised 796,000 user credentials, establishing persistent reverse shells across the internal DMZ.","Adversaries gained unauthorized system access to a national railway operator by exploiting CVE-2024-1709. The intrusion compromised 796,000 user credentials, establishing persistent reverse shells across the internal DMZ.",unauthorized_access_hacking,Unauthorized Access Hacking
eurepoc_200796,eurepoc,2024-04-10,Technical Cyber Threat Incident,"Adversaries conducted destructive wiper malware and multi-vector Layer 7 DDoS attacks against a power grid distributor. Web applications crashed under 63 million requests per second, knocking public services offline.","Adversaries conducted destructive wiper malware and multi-vector Layer 7 DDoS attacks against a power grid distributor. Web applications crashed under 63 million requests per second, knocking public services offline.",denial_of_service_disruption,Denial Of Service Disruption
eurepoc_200797,eurepoc,2024-04-10,Technical Cyber Threat Incident,"Attackers distributed phishing lures disguised as urgent software patch advisories to personnel at a government tax agency, leading to payload execution and credential compromise.","Attackers distributed phishing lures disguised as urgent software patch advisories to personnel at a government tax agency, leading to payload execution and credential compromise.",phishing_social_engineering,Phishing Social Engineering
eurepoc_200798,eurepoc,2024-04-10,Technical Cyber Threat Incident,"A critical ransomware outbreak hit a regional healthcare facility. Operators weaponized vulnerability CVE-2023-20198 in perimeter firewalls to establish persistent C2 access. File systems were encrypted and volume shadow copies destroyed. The extortion group demanded $1,096K for decryption tools.","A critical ransomware outbreak hit a regional healthcare facility. Operators weaponized vulnerability CVE-2023-20198 in perimeter firewalls to establish persistent C2 access. File systems were encrypted and volume shadow copies destroyed. The extortion group demanded $1,096K for decryption tools.",ransomware_extortion,Ransomware Extortion
eurepoc_200799,eurepoc,2024-04-10,Technical Cyber Threat Incident,"A critical ransomware outbreak hit a municipal water authority. Operators weaponized vulnerability CVE-2023-4966 in perimeter firewalls to establish persistent C2 access. File systems were encrypted and volume shadow copies destroyed. The extortion group demanded $8,130K for decryption tools.","A critical ransomware outbreak hit a municipal water authority. Operators weaponized vulnerability CVE-2023-4966 in perimeter firewalls to establish persistent C2 access. File systems were encrypted and volume shadow copies destroyed. The extortion group demanded $8,130K for decryption tools.",ransomware_extortion,Ransomware Extortion
eurepoc_200800,eurepoc,2024-04-10,Technical Cyber Threat Incident,"An unauthenticated cloud storage bucket maintained by a power grid distributor was compromised by unauthorized third parties. Attackers accessed 313,000 confidential records and backend system credentials.","An unauthenticated cloud storage bucket maintained by a power grid distributor was compromised by unauthorized third parties. Attackers accessed 313,000 confidential records and backend system credentials.",unauthorized_access_hacking,Unauthorized Access Hacking
eurepoc_200801,eurepoc,2024-04-10,Technical Cyber Threat Incident,"A sophisticated double-extortion ransomware campaign orchestrated by Lazarus Group compromised the internal network of a national railway operator via compromised credentials. The actors exfiltrated 589GB of proprietary databases before deploying ransomware binaries. A ransom demand of $7,770K in Bitcoin was posted, threatening public leak on darknet forums.","A sophisticated double-extortion ransomware campaign orchestrated by Lazarus Group compromised the internal network of a national railway operator via compromised credentials. The actors exfiltrated 589GB of proprietary databases before deploying ransomware binaries. A ransom demand of $7,770K in Bitcoin was posted, threatening public leak on darknet forums.",ransomware_extortion,Ransomware Extortion
eurepoc_200802,eurepoc,2024-04-10,Technical Cyber Threat Incident,"Employees at a public port logistics hub received spoofed Microsoft 365 login requests. The Adversary-in-the-Middle (AiTM) proxy captured session cookies and bypassed MFA, facilitating unauthorized email forwarding rules.","Employees at a public port logistics hub received spoofed Microsoft 365 login requests. The Adversary-in-the-Middle (AiTM) proxy captured session cookies and bypassed MFA, facilitating unauthorized email forwarding rules.",phishing_social_engineering,Phishing Social Engineering
eurepoc_200803,eurepoc,2024-04-10,Technical Cyber Threat Incident,"Threat group Cl0p launched an extortion attack against a regional healthcare facility. All virtual hypervisors and backup domains were encrypted. Negotiations demanded $7,812K within 48 hours to halt the auction of exfiltrated administrative files.","Threat group Cl0p launched an extortion attack against a regional healthcare facility. All virtual hypervisors and backup domains were encrypted. Negotiations demanded $7,812K within 48 hours to halt the auction of exfiltrated administrative files.",ransomware_extortion,Ransomware Extortion
eurepoc_200804,eurepoc,2024-04-10,Technical Cyber Threat Incident,"Threat group Cl0p launched an extortion attack against a public port logistics hub. All virtual hypervisors and backup domains were encrypted. Negotiations demanded $6,785K within 48 hours to halt the auction of exfiltrated administrative files.","Threat group Cl0p launched an extortion attack against a public port logistics hub. All virtual hypervisors and backup domains were encrypted. Negotiations demanded $6,785K within 48 hours to halt the auction of exfiltrated administrative files.",ransomware_extortion,Ransomware Extortion
eurepoc_200805,eurepoc,2024-04-10,Technical Cyber Threat Incident,"Threat group BlackCat (ALPHV) launched an extortion attack against a power grid distributor. All virtual hypervisors and backup domains were encrypted. Negotiations demanded $4,635K within 48 hours to halt the auction of exfiltrated administrative files.","Threat group BlackCat (ALPHV) launched an extortion attack against a power grid distributor. All virtual hypervisors and backup domains were encrypted. Negotiations demanded $4,635K within 48 hours to halt the auction of exfiltrated administrative files.",ransomware_extortion,Ransomware Extortion
eurepoc_200806,eurepoc,2024-04-10,Technical Cyber Threat Incident,"Attackers distributed phishing lures disguised as urgent software patch advisories to personnel at a pharmaceutical research lab, leading to payload execution and credential compromise.","Attackers distributed phishing lures disguised as urgent software patch advisories to personnel at a pharmaceutical research lab, leading to payload execution and credential compromise.",phishing_social_engineering,Phishing Social Engineering
eurepoc_200807,eurepoc,2024-04-10,Technical Cyber Threat Incident,"A massive volumetric Distributed Denial of Service (DDoS) attack peaking at 2.7 Tbps targeted a regional healthcare facility. The attack exploited an amplified DNS/UDP reflection vector through a global IoT botnet, resulting in 16 hours of total service outage.","A massive volumetric Distributed Denial of Service (DDoS) attack peaking at 2.7 Tbps targeted a regional healthcare facility. The attack exploited an amplified DNS/UDP reflection vector through a global IoT botnet, resulting in 16 hours of total service outage.",denial_of_service_disruption,Denial Of Service Disruption
eurepoc_200808,eurepoc,2024-04-10,Technical Cyber Threat Incident,"Adversaries gained unauthorized system access to a telecommunications provider by exploiting CVE-2023-4966. The intrusion compromised 664,000 user credentials, establishing persistent reverse shells across the internal DMZ.","Adversaries gained unauthorized system access to a telecommunications provider by exploiting CVE-2023-4966. The intrusion compromised 664,000 user credentials, establishing persistent reverse shells across the internal DMZ.",unauthorized_access_hacking,Unauthorized Access Hacking
eurepoc_200809,eurepoc,2024-04-10,Technical Cyber Threat Incident,"Adversaries gained unauthorized system access to a public port logistics hub by exploiting CVE-2023-20198. The intrusion compromised 554,000 user credentials, establishing persistent reverse shells across the internal DMZ.","Adversaries gained unauthorized system access to a public port logistics hub by exploiting CVE-2023-20198. The intrusion compromised 554,000 user credentials, establishing persistent reverse shells across the internal DMZ.",unauthorized_access_hacking,Unauthorized Access Hacking
eurepoc_200810,eurepoc,2024-04-10,Technical Cyber Threat Incident,"Employees at a national railway operator received spoofed Microsoft 365 login requests. The Adversary-in-the-Middle (AiTM) proxy captured session cookies and bypassed MFA, facilitating unauthorized email forwarding rules.","Employees at a national railway operator received spoofed Microsoft 365 login requests. The Adversary-in-the-Middle (AiTM) proxy captured session cookies and bypassed MFA, facilitating unauthorized email forwarding rules.",phishing_social_engineering,Phishing Social Engineering
eurepoc_200811,eurepoc,2024-04-10,Technical Cyber Threat Incident,"Employees at a government tax agency received spoofed Microsoft 365 login requests. The Adversary-in-the-Middle (AiTM) proxy captured session cookies and bypassed MFA, facilitating unauthorized email forwarding rules.","Employees at a government tax agency received spoofed Microsoft 365 login requests. The Adversary-in-the-Middle (AiTM) proxy captured session cookies and bypassed MFA, facilitating unauthorized email forwarding rules.",phishing_social_engineering,Phishing Social Engineering
eurepoc_200812,eurepoc,2024-04-10,Technical Cyber Threat Incident,"A sophisticated double-extortion ransomware campaign orchestrated by Akira compromised the internal network of a aerospace defense contractor via compromised credentials. The actors exfiltrated 340GB of proprietary databases before deploying ransomware binaries. A ransom demand of $7,102K in Bitcoin was posted, threatening public leak on darknet forums.","A sophisticated double-extortion ransomware campaign orchestrated by Akira compromised the internal network of a aerospace defense contractor via compromised credentials. The actors exfiltrated 340GB of proprietary databases before deploying ransomware binaries. A ransom demand of $7,102K in Bitcoin was posted, threatening public leak on darknet forums.",ransomware_extortion,Ransomware Extortion
eurepoc_200813,eurepoc,2024-04-10,Technical Cyber Threat Incident,"A persistent flood of HTTP/2 Rapid Reset requests disrupted the border gateway and online authentication servers of a power grid distributor, causing complete denial of service for 42 hours.","A persistent flood of HTTP/2 Rapid Reset requests disrupted the border gateway and online authentication servers of a power grid distributor, causing complete denial of service for 42 hours.",denial_of_service_disruption,Denial Of Service Disruption
eurepoc_200814,eurepoc,2024-04-10,Technical Cyber Threat Incident,"Attackers distributed phishing lures disguised as urgent software patch advisories to personnel at a public port logistics hub, leading to payload execution and credential compromise.","Attackers distributed phishing lures disguised as urgent software patch advisories to personnel at a public port logistics hub, leading to payload execution and credential compromise.",phishing_social_engineering,Phishing Social Engineering
eurepoc_200815,eurepoc,2024-04-10,Technical Cyber Threat Incident,A spear-phishing campaign attributed to LockBit 3.0 targeted executives at a power grid distributor. Weaponized PDF documents referencing fake regulatory audits delivered an infostealer payload harvesting domain credentials.,A spear-phishing campaign attributed to LockBit 3.0 targeted executives at a power grid distributor. Weaponized PDF documents referencing fake regulatory audits delivered an infostealer payload harvesting domain credentials.,phishing_social_engineering,Phishing Social Engineering
eurepoc_200816,eurepoc,2024-04-10,Technical Cyber Threat Incident,"State-aligned threat group Akira breached a government tax agency using stolen session tokens. Lateral movement was detected across multiple subnets, resulting in unauthorized exfiltration of sensitive telemetry.","State-aligned threat group Akira breached a government tax agency using stolen session tokens. Lateral movement was detected across multiple subnets, resulting in unauthorized exfiltration of sensitive telemetry.",unauthorized_access_hacking,Unauthorized Access Hacking
eurepoc_200817,eurepoc,2024-04-10,Technical Cyber Threat Incident,"Threat group Lazarus Group launched an extortion attack against a pharmaceutical research lab. All virtual hypervisors and backup domains were encrypted. Negotiations demanded $1,061K within 48 hours to halt the auction of exfiltrated administrative files.","Threat group Lazarus Group launched an extortion attack against a pharmaceutical research lab. All virtual hypervisors and backup domains were encrypted. Negotiations demanded $1,061K within 48 hours to halt the auction of exfiltrated administrative files.",ransomware_extortion,Ransomware Extortion
eurepoc_200818,eurepoc,2024-04-10,Technical Cyber Threat Incident,A spear-phishing campaign attributed to LockBit 3.0 targeted executives at a commercial banking network. Weaponized PDF documents referencing fake regulatory audits delivered an infostealer payload harvesting domain credentials.,A spear-phishing campaign attributed to LockBit 3.0 targeted executives at a commercial banking network. Weaponized PDF documents referencing fake regulatory audits delivered an infostealer payload harvesting domain credentials.,phishing_social_engineering,Phishing Social Engineering
eurepoc_200819,eurepoc,2024-04-10,Technical Cyber Threat Incident,"A sophisticated double-extortion ransomware campaign orchestrated by Lazarus Group compromised the internal network of a pharmaceutical research lab via compromised credentials. The actors exfiltrated 765GB of proprietary databases before deploying ransomware binaries. A ransom demand of $5,336K in Bitcoin was posted, threatening public leak on darknet forums.","A sophisticated double-extortion ransomware campaign orchestrated by Lazarus Group compromised the internal network of a pharmaceutical research lab via compromised credentials. The actors exfiltrated 765GB of proprietary databases before deploying ransomware binaries. A ransom demand of $5,336K in Bitcoin was posted, threatening public leak on darknet forums.",ransomware_extortion,Ransomware Extortion
eurepoc_200820,eurepoc,2024-04-10,Technical Cyber Threat Incident,"A massive volumetric Distributed Denial of Service (DDoS) attack peaking at 1.84 Tbps targeted a government tax agency. The attack exploited an amplified DNS/UDP reflection vector through a global IoT botnet, resulting in 38 hours of total service outage.","A massive volumetric Distributed Denial of Service (DDoS) attack peaking at 1.84 Tbps targeted a government tax agency. The attack exploited an amplified DNS/UDP reflection vector through a global IoT botnet, resulting in 38 hours of total service outage.",denial_of_service_disruption,Denial Of Service Disruption
eurepoc_200821,eurepoc,2024-04-10,Technical Cyber Threat Incident,"State-aligned threat group Sandworm breached a public port logistics hub using stolen session tokens. Lateral movement was detected across multiple subnets, resulting in unauthorized exfiltration of sensitive telemetry.","State-aligned threat group Sandworm breached a public port logistics hub using stolen session tokens. Lateral movement was detected across multiple subnets, resulting in unauthorized exfiltration of sensitive telemetry.",unauthorized_access_hacking,Unauthorized Access Hacking
eurepoc_200822,eurepoc,2024-04-10,Technical Cyber Threat Incident,"Threat group Lazarus Group launched an extortion attack against a pharmaceutical research lab. All virtual hypervisors and backup domains were encrypted. Negotiations demanded $8,426K within 48 hours to halt the auction of exfiltrated administrative files.","Threat group Lazarus Group launched an extortion attack against a pharmaceutical research lab. All virtual hypervisors and backup domains were encrypted. Negotiations demanded $8,426K within 48 hours to halt the auction of exfiltrated administrative files.",ransomware_extortion,Ransomware Extortion
eurepoc_200823,eurepoc,2024-04-10,Technical Cyber Threat Incident,"Adversaries conducted destructive wiper malware and multi-vector Layer 7 DDoS attacks against a pharmaceutical research lab. Web applications crashed under 79 million requests per second, knocking public services offline.","Adversaries conducted destructive wiper malware and multi-vector Layer 7 DDoS attacks against a pharmaceutical research lab. Web applications crashed under 79 million requests per second, knocking public services offline.",denial_of_service_disruption,Denial Of Service Disruption
eurepoc_200824,eurepoc,2024-04-10,Technical Cyber Threat Incident,"A sophisticated double-extortion ransomware campaign orchestrated by Volt Typhoon compromised the internal network of a municipal water authority via compromised credentials. The actors exfiltrated 590GB of proprietary databases before deploying ransomware binaries. A ransom demand of $2,131K in Bitcoin was posted, threatening public leak on darknet forums.","A sophisticated double-extortion ransomware campaign orchestrated by Volt Typhoon compromised the internal network of a municipal water authority via compromised credentials. The actors exfiltrated 590GB of proprietary databases before deploying ransomware binaries. A ransom demand of $2,131K in Bitcoin was posted, threatening public leak on darknet forums.",ransomware_extortion,Ransomware Extortion
eurepoc_200825,eurepoc,2024-04-10,Technical Cyber Threat Incident,"A massive volumetric Distributed Denial of Service (DDoS) attack peaking at 3.14 Tbps targeted a pharmaceutical research lab. The attack exploited an amplified DNS/UDP reflection vector through a global IoT botnet, resulting in 69 hours of total service outage.","A massive volumetric Distributed Denial of Service (DDoS) attack peaking at 3.14 Tbps targeted a pharmaceutical research lab. The attack exploited an amplified DNS/UDP reflection vector through a global IoT botnet, resulting in 69 hours of total service outage.",denial_of_service_disruption,Denial Of Service Disruption
eurepoc_200826,eurepoc,2024-04-10,Technical Cyber Threat Incident,"An unauthenticated cloud storage bucket maintained by a pharmaceutical research lab was compromised by unauthorized third parties. Attackers accessed 176,000 confidential records and backend system credentials.","An unauthenticated cloud storage bucket maintained by a pharmaceutical research lab was compromised by unauthorized third parties. Attackers accessed 176,000 confidential records and backend system credentials.",unauthorized_access_hacking,Unauthorized Access Hacking
eurepoc_200827,eurepoc,2024-04-10,Technical Cyber Threat Incident,"Threat group Lazarus Group launched an extortion attack against a power grid distributor. All virtual hypervisors and backup domains were encrypted. Negotiations demanded $2,669K within 48 hours to halt the auction of exfiltrated administrative files.","Threat group Lazarus Group launched an extortion attack against a power grid distributor. All virtual hypervisors and backup domains were encrypted. Negotiations demanded $2,669K within 48 hours to halt the auction of exfiltrated administrative files.",ransomware_extortion,Ransomware Extortion
eurepoc_200828,eurepoc,2024-04-10,Technical Cyber Threat Incident,"Attackers distributed phishing lures disguised as urgent software patch advisories to personnel at a municipal water authority, leading to payload execution and credential compromise.","Attackers distributed phishing lures disguised as urgent software patch advisories to personnel at a municipal water authority, leading to payload execution and credential compromise.",phishing_social_engineering,Phishing Social Engineering
eurepoc_200829,eurepoc,2024-04-10,Technical Cyber Threat Incident,"An unauthenticated cloud storage bucket maintained by a regional healthcare facility was compromised by unauthorized third parties. Attackers accessed 577,000 confidential records and backend system credentials.","An unauthenticated cloud storage bucket maintained by a regional healthcare facility was compromised by unauthorized third parties. Attackers accessed 577,000 confidential records and backend system credentials.",unauthorized_access_hacking,Unauthorized Access Hacking
eurepoc_200830,eurepoc,2024-04-10,Technical Cyber Threat Incident,"A massive volumetric Distributed Denial of Service (DDoS) attack peaking at 2.13 Tbps targeted a telecommunications provider. The attack exploited an amplified DNS/UDP reflection vector through a global IoT botnet, resulting in 9 hours of total service outage.","A massive volumetric Distributed Denial of Service (DDoS) attack peaking at 2.13 Tbps targeted a telecommunications provider. The attack exploited an amplified DNS/UDP reflection vector through a global IoT botnet, resulting in 9 hours of total service outage.",denial_of_service_disruption,Denial Of Service Disruption
eurepoc_200831,eurepoc,2024-04-10,Technical Cyber Threat Incident,"State-aligned threat group Volt Typhoon breached a aerospace defense contractor using stolen session tokens. Lateral movement was detected across multiple subnets, resulting in unauthorized exfiltration of sensitive telemetry.","State-aligned threat group Volt Typhoon breached a aerospace defense contractor using stolen session tokens. Lateral movement was detected across multiple subnets, resulting in unauthorized exfiltration of sensitive telemetry.",unauthorized_access_hacking,Unauthorized Access Hacking
eurepoc_200832,eurepoc,2024-04-10,Technical Cyber Threat Incident,"State-aligned threat group BlackCat (ALPHV) breached a power grid distributor using stolen session tokens. Lateral movement was detected across multiple subnets, resulting in unauthorized exfiltration of sensitive telemetry.","State-aligned threat group BlackCat (ALPHV) breached a power grid distributor using stolen session tokens. Lateral movement was detected across multiple subnets, resulting in unauthorized exfiltration of sensitive telemetry.",unauthorized_access_hacking,Unauthorized Access Hacking
eurepoc_200833,eurepoc,2024-04-10,Technical Cyber Threat Incident,"Attackers distributed phishing lures disguised as urgent software patch advisories to personnel at a aerospace defense contractor, leading to payload execution and credential compromise.","Attackers distributed phishing lures disguised as urgent software patch advisories to personnel at a aerospace defense contractor, leading to payload execution and credential compromise.",phishing_social_engineering,Phishing Social Engineering
eurepoc_200834,eurepoc,2024-04-10,Technical Cyber Threat Incident,"A persistent flood of HTTP/2 Rapid Reset requests disrupted the border gateway and online authentication servers of a municipal water authority, causing complete denial of service for 49 hours.","A persistent flood of HTTP/2 Rapid Reset requests disrupted the border gateway and online authentication servers of a municipal water authority, causing complete denial of service for 49 hours.",denial_of_service_disruption,Denial Of Service Disruption
eurepoc_200835,eurepoc,2024-04-10,Technical Cyber Threat Incident,"A massive volumetric Distributed Denial of Service (DDoS) attack peaking at 1.55 Tbps targeted a national railway operator. The attack exploited an amplified DNS/UDP reflection vector through a global IoT botnet, resulting in 66 hours of total service outage.","A massive volumetric Distributed Denial of Service (DDoS) attack peaking at 1.55 Tbps targeted a national railway operator. The attack exploited an amplified DNS/UDP reflection vector through a global IoT botnet, resulting in 66 hours of total service outage.",denial_of_service_disruption,Denial Of Service Disruption
eurepoc_200836,eurepoc,2024-04-10,Technical Cyber Threat Incident,"An unauthenticated cloud storage bucket maintained by a aerospace defense contractor was compromised by unauthorized third parties. Attackers accessed 731,000 confidential records and backend system credentials.","An unauthenticated cloud storage bucket maintained by a aerospace defense contractor was compromised by unauthorized third parties. Attackers accessed 731,000 confidential records and backend system credentials.",unauthorized_access_hacking,Unauthorized Access Hacking
eurepoc_200837,eurepoc,2024-04-10,Technical Cyber Threat Incident,"A persistent flood of HTTP/2 Rapid Reset requests disrupted the border gateway and online authentication servers of a telecommunications provider, causing complete denial of service for 4 hours.","A persistent flood of HTTP/2 Rapid Reset requests disrupted the border gateway and online authentication servers of a telecommunications provider, causing complete denial of service for 4 hours.",denial_of_service_disruption,Denial Of Service Disruption
eurepoc_200838,eurepoc,2024-04-10,Technical Cyber Threat Incident,"Adversaries gained unauthorized system access to a power grid distributor by exploiting CVE-2024-1709. The intrusion compromised 366,000 user credentials, establishing persistent reverse shells across the internal DMZ.","Adversaries gained unauthorized system access to a power grid distributor by exploiting CVE-2024-1709. The intrusion compromised 366,000 user credentials, establishing persistent reverse shells across the internal DMZ.",unauthorized_access_hacking,Unauthorized Access Hacking
eurepoc_200839,eurepoc,2024-04-10,Technical Cyber Threat Incident,"Adversaries gained unauthorized system access to a government tax agency by exploiting CVE-2023-20198. The intrusion compromised 123,000 user credentials, establishing persistent reverse shells across the internal DMZ.","Adversaries gained unauthorized system access to a government tax agency by exploiting CVE-2023-20198. The intrusion compromised 123,000 user credentials, establishing persistent reverse shells across the internal DMZ.",unauthorized_access_hacking,Unauthorized Access Hacking
eurepoc_200840,eurepoc,2024-04-10,Technical Cyber Threat Incident,"Adversaries conducted destructive wiper malware and multi-vector Layer 7 DDoS attacks against a telecommunications provider. Web applications crashed under 49 million requests per second, knocking public services offline.","Adversaries conducted destructive wiper malware and multi-vector Layer 7 DDoS attacks against a telecommunications provider. Web applications crashed under 49 million requests per second, knocking public services offline.",denial_of_service_disruption,Denial Of Service Disruption
eurepoc_200841,eurepoc,2024-04-10,Technical Cyber Threat Incident,"A sophisticated double-extortion ransomware campaign orchestrated by Cl0p compromised the internal network of a municipal water authority via compromised credentials. The actors exfiltrated 329GB of proprietary databases before deploying ransomware binaries. A ransom demand of $2,402K in Bitcoin was posted, threatening public leak on darknet forums.","A sophisticated double-extortion ransomware campaign orchestrated by Cl0p compromised the internal network of a municipal water authority via compromised credentials. The actors exfiltrated 329GB of proprietary databases before deploying ransomware binaries. A ransom demand of $2,402K in Bitcoin was posted, threatening public leak on darknet forums.",ransomware_extortion,Ransomware Extortion
eurepoc_200842,eurepoc,2024-04-10,Technical Cyber Threat Incident,"A critical ransomware outbreak hit a government tax agency. Operators weaponized vulnerability CVE-2023-34362 in perimeter firewalls to establish persistent C2 access. File systems were encrypted and volume shadow copies destroyed. The extortion group demanded $7,672K for decryption tools.","A critical ransomware outbreak hit a government tax agency. Operators weaponized vulnerability CVE-2023-34362 in perimeter firewalls to establish persistent C2 access. File systems were encrypted and volume shadow copies destroyed. The extortion group demanded $7,672K for decryption tools.",ransomware_extortion,Ransomware Extortion
eurepoc_200843,eurepoc,2024-04-10,Technical Cyber Threat Incident,"Attackers distributed phishing lures disguised as urgent software patch advisories to personnel at a aerospace defense contractor, leading to payload execution and credential compromise.","Attackers distributed phishing lures disguised as urgent software patch advisories to personnel at a aerospace defense contractor, leading to payload execution and credential compromise.",phishing_social_engineering,Phishing Social Engineering
eurepoc_200844,eurepoc,2024-04-10,Technical Cyber Threat Incident,"A massive volumetric Distributed Denial of Service (DDoS) attack peaking at 3.21 Tbps targeted a pharmaceutical research lab. The attack exploited an amplified DNS/UDP reflection vector through a global IoT botnet, resulting in 48 hours of total service outage.","A massive volumetric Distributed Denial of Service (DDoS) attack peaking at 3.21 Tbps targeted a pharmaceutical research lab. The attack exploited an amplified DNS/UDP reflection vector through a global IoT botnet, resulting in 48 hours of total service outage.",denial_of_service_disruption,Denial Of Service Disruption
eurepoc_200845,eurepoc,2024-04-10,Technical Cyber Threat Incident,"Adversaries conducted destructive wiper malware and multi-vector Layer 7 DDoS attacks against a municipal water authority. Web applications crashed under 33 million requests per second, knocking public services offline.","Adversaries conducted destructive wiper malware and multi-vector Layer 7 DDoS attacks against a municipal water authority. Web applications crashed under 33 million requests per second, knocking public services offline.",denial_of_service_disruption,Denial Of Service Disruption
eurepoc_200846,eurepoc,2024-04-10,Technical Cyber Threat Incident,"A persistent flood of HTTP/2 Rapid Reset requests disrupted the border gateway and online authentication servers of a regional healthcare facility, causing complete denial of service for 61 hours.","A persistent flood of HTTP/2 Rapid Reset requests disrupted the border gateway and online authentication servers of a regional healthcare facility, causing complete denial of service for 61 hours.",denial_of_service_disruption,Denial Of Service Disruption
eurepoc_200847,eurepoc,2024-04-10,Technical Cyber Threat Incident,"A persistent flood of HTTP/2 Rapid Reset requests disrupted the border gateway and online authentication servers of a power grid distributor, causing complete denial of service for 39 hours.","A persistent flood of HTTP/2 Rapid Reset requests disrupted the border gateway and online authentication servers of a power grid distributor, causing complete denial of service for 39 hours.",denial_of_service_disruption,Denial Of Service Disruption
eurepoc_200848,eurepoc,2024-04-10,Technical Cyber Threat Incident,"Attackers distributed phishing lures disguised as urgent software patch advisories to personnel at a telecommunications provider, leading to payload execution and credential compromise.","Attackers distributed phishing lures disguised as urgent software patch advisories to personnel at a telecommunications provider, leading to payload execution and credential compromise.",phishing_social_engineering,Phishing Social Engineering
eurepoc_200849,eurepoc,2024-04-10,Technical Cyber Threat Incident,"Threat group Cl0p launched an extortion attack against a commercial banking network. All virtual hypervisors and backup domains were encrypted. Negotiations demanded $7,028K within 48 hours to halt the auction of exfiltrated administrative files.","Threat group Cl0p launched an extortion attack against a commercial banking network. All virtual hypervisors and backup domains were encrypted. Negotiations demanded $7,028K within 48 hours to halt the auction of exfiltrated administrative files.",ransomware_extortion,Ransomware Extortion
eurepoc_200850,eurepoc,2024-04-10,Technical Cyber Threat Incident,"A persistent flood of HTTP/2 Rapid Reset requests disrupted the border gateway and online authentication servers of a public port logistics hub, causing complete denial of service for 60 hours.","A persistent flood of HTTP/2 Rapid Reset requests disrupted the border gateway and online authentication servers of a public port logistics hub, causing complete denial of service for 60 hours.",denial_of_service_disruption,Denial Of Service Disruption
eurepoc_200851,eurepoc,2024-04-10,Technical Cyber Threat Incident,"Adversaries gained unauthorized system access to a aerospace defense contractor by exploiting CVE-2023-20198. The intrusion compromised 698,000 user credentials, establishing persistent reverse shells across the internal DMZ.","Adversaries gained unauthorized system access to a aerospace defense contractor by exploiting CVE-2023-20198. The intrusion compromised 698,000 user credentials, establishing persistent reverse shells across the internal DMZ.",unauthorized_access_hacking,Unauthorized Access Hacking
eurepoc_200852,eurepoc,2024-04-10,Technical Cyber Threat Incident,"Threat group Akira launched an extortion attack against a municipal water authority. All virtual hypervisors and backup domains were encrypted. Negotiations demanded $2,635K within 48 hours to halt the auction of exfiltrated administrative files.","Threat group Akira launched an extortion attack against a municipal water authority. All virtual hypervisors and backup domains were encrypted. Negotiations demanded $2,635K within 48 hours to halt the auction of exfiltrated administrative files.",ransomware_extortion,Ransomware Extortion
eurepoc_200853,eurepoc,2024-04-10,Technical Cyber Threat Incident,"Adversaries gained unauthorized system access to a aerospace defense contractor by exploiting CVE-2024-1709. The intrusion compromised 38,000 user credentials, establishing persistent reverse shells across the internal DMZ.","Adversaries gained unauthorized system access to a aerospace defense contractor by exploiting CVE-2024-1709. The intrusion compromised 38,000 user credentials, establishing persistent reverse shells across the internal DMZ.",unauthorized_access_hacking,Unauthorized Access Hacking
eurepoc_200854,eurepoc,2024-04-10,Technical Cyber Threat Incident,"A sophisticated double-extortion ransomware campaign orchestrated by BlackCat (ALPHV) compromised the internal network of a government tax agency via compromised credentials. The actors exfiltrated 732GB of proprietary databases before deploying ransomware binaries. A ransom demand of $1,904K in Bitcoin was posted, threatening public leak on darknet forums.","A sophisticated double-extortion ransomware campaign orchestrated by BlackCat (ALPHV) compromised the internal network of a government tax agency via compromised credentials. The actors exfiltrated 732GB of proprietary databases before deploying ransomware binaries. A ransom demand of $1,904K in Bitcoin was posted, threatening public leak on darknet forums.",ransomware_extortion,Ransomware Extortion
eurepoc_200855,eurepoc,2024-04-10,Technical Cyber Threat Incident,"A persistent flood of HTTP/2 Rapid Reset requests disrupted the border gateway and online authentication servers of a power grid distributor, causing complete denial of service for 55 hours.","A persistent flood of HTTP/2 Rapid Reset requests disrupted the border gateway and online authentication servers of a power grid distributor, causing complete denial of service for 55 hours.",denial_of_service_disruption,Denial Of Service Disruption
eurepoc_200856,eurepoc,2024-04-10,Technical Cyber Threat Incident,"Adversaries gained unauthorized system access to a national railway operator by exploiting CVE-2023-34362. The intrusion compromised 540,000 user credentials, establishing persistent reverse shells across the internal DMZ.","Adversaries gained unauthorized system access to a national railway operator by exploiting CVE-2023-34362. The intrusion compromised 540,000 user credentials, establishing persistent reverse shells across the internal DMZ.",unauthorized_access_hacking,Unauthorized Access Hacking
eurepoc_200857,eurepoc,2024-04-10,Technical Cyber Threat Incident,"State-aligned threat group Cl0p breached a national railway operator using stolen session tokens. Lateral movement was detected across multiple subnets, resulting in unauthorized exfiltration of sensitive telemetry.","State-aligned threat group Cl0p breached a national railway operator using stolen session tokens. Lateral movement was detected across multiple subnets, resulting in unauthorized exfiltration of sensitive telemetry.",unauthorized_access_hacking,Unauthorized Access Hacking
eurepoc_200858,eurepoc,2024-04-10,Technical Cyber Threat Incident,"A critical ransomware outbreak hit a municipal water authority. Operators weaponized vulnerability CVE-2024-1709 in perimeter firewalls to establish persistent C2 access. File systems were encrypted and volume shadow copies destroyed. The extortion group demanded $6,680K for decryption tools.","A critical ransomware outbreak hit a municipal water authority. Operators weaponized vulnerability CVE-2024-1709 in perimeter firewalls to establish persistent C2 access. File systems were encrypted and volume shadow copies destroyed. The extortion group demanded $6,680K for decryption tools.",ransomware_extortion,Ransomware Extortion
eurepoc_200859,eurepoc,2024-04-10,Technical Cyber Threat Incident,"Employees at a national railway operator received spoofed Microsoft 365 login requests. The Adversary-in-the-Middle (AiTM) proxy captured session cookies and bypassed MFA, facilitating unauthorized email forwarding rules.","Employees at a national railway operator received spoofed Microsoft 365 login requests. The Adversary-in-the-Middle (AiTM) proxy captured session cookies and bypassed MFA, facilitating unauthorized email forwarding rules.",phishing_social_engineering,Phishing Social Engineering
eurepoc_200860,eurepoc,2024-04-10,Technical Cyber Threat Incident,"A critical ransomware outbreak hit a pharmaceutical research lab. Operators weaponized vulnerability CVE-2023-4966 in perimeter firewalls to establish persistent C2 access. File systems were encrypted and volume shadow copies destroyed. The extortion group demanded $3,296K for decryption tools.","A critical ransomware outbreak hit a pharmaceutical research lab. Operators weaponized vulnerability CVE-2023-4966 in perimeter firewalls to establish persistent C2 access. File systems were encrypted and volume shadow copies destroyed. The extortion group demanded $3,296K for decryption tools.",ransomware_extortion,Ransomware Extortion
eurepoc_200861,eurepoc,2024-04-10,Technical Cyber Threat Incident,"An unauthenticated cloud storage bucket maintained by a public port logistics hub was compromised by unauthorized third parties. Attackers accessed 128,000 confidential records and backend system credentials.","An unauthenticated cloud storage bucket maintained by a public port logistics hub was compromised by unauthorized third parties. Attackers accessed 128,000 confidential records and backend system credentials.",unauthorized_access_hacking,Unauthorized Access Hacking
eurepoc_200862,eurepoc,2024-04-10,Technical Cyber Threat Incident,"Threat group Sandworm launched an extortion attack against a regional healthcare facility. All virtual hypervisors and backup domains were encrypted. Negotiations demanded $5,177K within 48 hours to halt the auction of exfiltrated administrative files.","Threat group Sandworm launched an extortion attack against a regional healthcare facility. All virtual hypervisors and backup domains were encrypted. Negotiations demanded $5,177K within 48 hours to halt the auction of exfiltrated administrative files.",ransomware_extortion,Ransomware Extortion
eurepoc_200863,eurepoc,2024-04-10,Technical Cyber Threat Incident,"Attackers distributed phishing lures disguised as urgent software patch advisories to personnel at a telecommunications provider, leading to payload execution and credential compromise.","Attackers distributed phishing lures disguised as urgent software patch advisories to personnel at a telecommunications provider, leading to payload execution and credential compromise.",phishing_social_engineering,Phishing Social Engineering
eurepoc_200864,eurepoc,2024-04-10,Technical Cyber Threat Incident,A spear-phishing campaign attributed to BlackCat (ALPHV) targeted executives at a pharmaceutical research lab. Weaponized PDF documents referencing fake regulatory audits delivered an infostealer payload harvesting domain credentials.,A spear-phishing campaign attributed to BlackCat (ALPHV) targeted executives at a pharmaceutical research lab. Weaponized PDF documents referencing fake regulatory audits delivered an infostealer payload harvesting domain credentials.,phishing_social_engineering,Phishing Social Engineering
eurepoc_200865,eurepoc,2024-04-10,Technical Cyber Threat Incident,"A sophisticated double-extortion ransomware campaign orchestrated by Lazarus Group compromised the internal network of a power grid distributor via compromised credentials. The actors exfiltrated 835GB of proprietary databases before deploying ransomware binaries. A ransom demand of $6,217K in Bitcoin was posted, threatening public leak on darknet forums.","A sophisticated double-extortion ransomware campaign orchestrated by Lazarus Group compromised the internal network of a power grid distributor via compromised credentials. The actors exfiltrated 835GB of proprietary databases before deploying ransomware binaries. A ransom demand of $6,217K in Bitcoin was posted, threatening public leak on darknet forums.",ransomware_extortion,Ransomware Extortion
eurepoc_200866,eurepoc,2024-04-10,Technical Cyber Threat Incident,"Adversaries conducted destructive wiper malware and multi-vector Layer 7 DDoS attacks against a telecommunications provider. Web applications crashed under 24 million requests per second, knocking public services offline.","Adversaries conducted destructive wiper malware and multi-vector Layer 7 DDoS attacks against a telecommunications provider. Web applications crashed under 24 million requests per second, knocking public services offline.",denial_of_service_disruption,Denial Of Service Disruption
eurepoc_200867,eurepoc,2024-04-10,Technical Cyber Threat Incident,"A persistent flood of HTTP/2 Rapid Reset requests disrupted the border gateway and online authentication servers of a government tax agency, causing complete denial of service for 47 hours.","A persistent flood of HTTP/2 Rapid Reset requests disrupted the border gateway and online authentication servers of a government tax agency, causing complete denial of service for 47 hours.",denial_of_service_disruption,Denial Of Service Disruption
eurepoc_200868,eurepoc,2024-04-10,Technical Cyber Threat Incident,"An unauthenticated cloud storage bucket maintained by a power grid distributor was compromised by unauthorized third parties. Attackers accessed 704,000 confidential records and backend system credentials.","An unauthenticated cloud storage bucket maintained by a power grid distributor was compromised by unauthorized third parties. Attackers accessed 704,000 confidential records and backend system credentials.",unauthorized_access_hacking,Unauthorized Access Hacking
eurepoc_200869,eurepoc,2024-04-10,Technical Cyber Threat Incident,"Employees at a public port logistics hub received spoofed Microsoft 365 login requests. The Adversary-in-the-Middle (AiTM) proxy captured session cookies and bypassed MFA, facilitating unauthorized email forwarding rules.","Employees at a public port logistics hub received spoofed Microsoft 365 login requests. The Adversary-in-the-Middle (AiTM) proxy captured session cookies and bypassed MFA, facilitating unauthorized email forwarding rules.",phishing_social_engineering,Phishing Social Engineering
eurepoc_200870,eurepoc,2024-04-10,Technical Cyber Threat Incident,Threat group APT28 (Fancy Bear) launched an extortion attack against a government tax agency. All virtual hypervisors and backup domains were encrypted. Negotiations demanded $747K within 48 hours to halt the auction of exfiltrated administrative files.,Threat group APT28 (Fancy Bear) launched an extortion attack against a government tax agency. All virtual hypervisors and backup domains were encrypted. Negotiations demanded $747K within 48 hours to halt the auction of exfiltrated administrative files.,ransomware_extortion,Ransomware Extortion
eurepoc_200871,eurepoc,2024-04-10,Technical Cyber Threat Incident,"State-aligned threat group APT28 (Fancy Bear) breached a government tax agency using stolen session tokens. Lateral movement was detected across multiple subnets, resulting in unauthorized exfiltration of sensitive telemetry.","State-aligned threat group APT28 (Fancy Bear) breached a government tax agency using stolen session tokens. Lateral movement was detected across multiple subnets, resulting in unauthorized exfiltration of sensitive telemetry.",unauthorized_access_hacking,Unauthorized Access Hacking
eurepoc_200872,eurepoc,2024-04-10,Technical Cyber Threat Incident,"Adversaries conducted destructive wiper malware and multi-vector Layer 7 DDoS attacks against a aerospace defense contractor. Web applications crashed under 92 million requests per second, knocking public services offline.","Adversaries conducted destructive wiper malware and multi-vector Layer 7 DDoS attacks against a aerospace defense contractor. Web applications crashed under 92 million requests per second, knocking public services offline.",denial_of_service_disruption,Denial Of Service Disruption
eurepoc_200873,eurepoc,2024-04-10,Technical Cyber Threat Incident,"A critical ransomware outbreak hit a telecommunications provider. Operators weaponized vulnerability CVE-2023-2868 in perimeter firewalls to establish persistent C2 access. File systems were encrypted and volume shadow copies destroyed. The extortion group demanded $6,441K for decryption tools.","A critical ransomware outbreak hit a telecommunications provider. Operators weaponized vulnerability CVE-2023-2868 in perimeter firewalls to establish persistent C2 access. File systems were encrypted and volume shadow copies destroyed. The extortion group demanded $6,441K for decryption tools.",ransomware_extortion,Ransomware Extortion
eurepoc_200874,eurepoc,2024-04-10,Technical Cyber Threat Incident,"A sophisticated double-extortion ransomware campaign orchestrated by BlackCat (ALPHV) compromised the internal network of a aerospace defense contractor via compromised credentials. The actors exfiltrated 539GB of proprietary databases before deploying ransomware binaries. A ransom demand of $5,830K in Bitcoin was posted, threatening public leak on darknet forums.","A sophisticated double-extortion ransomware campaign orchestrated by BlackCat (ALPHV) compromised the internal network of a aerospace defense contractor via compromised credentials. The actors exfiltrated 539GB of proprietary databases before deploying ransomware binaries. A ransom demand of $5,830K in Bitcoin was posted, threatening public leak on darknet forums.",ransomware_extortion,Ransomware Extortion
eurepoc_200875,eurepoc,2024-04-10,Technical Cyber Threat Incident,"A persistent flood of HTTP/2 Rapid Reset requests disrupted the border gateway and online authentication servers of a national railway operator, causing complete denial of service for 66 hours.","A persistent flood of HTTP/2 Rapid Reset requests disrupted the border gateway and online authentication servers of a national railway operator, causing complete denial of service for 66 hours.",denial_of_service_disruption,Denial Of Service Disruption
eurepoc_200876,eurepoc,2024-04-10,Technical Cyber Threat Incident,"A massive volumetric Distributed Denial of Service (DDoS) attack peaking at 3.46 Tbps targeted a regional healthcare facility. The attack exploited an amplified DNS/UDP reflection vector through a global IoT botnet, resulting in 25 hours of total service outage.","A massive volumetric Distributed Denial of Service (DDoS) attack peaking at 3.46 Tbps targeted a regional healthcare facility. The attack exploited an amplified DNS/UDP reflection vector through a global IoT botnet, resulting in 25 hours of total service outage.",denial_of_service_disruption,Denial Of Service Disruption
eurepoc_200877,eurepoc,2024-04-10,Technical Cyber Threat Incident,"Attackers distributed phishing lures disguised as urgent software patch advisories to personnel at a municipal water authority, leading to payload execution and credential compromise.","Attackers distributed phishing lures disguised as urgent software patch advisories to personnel at a municipal water authority, leading to payload execution and credential compromise.",phishing_social_engineering,Phishing Social Engineering
eurepoc_200878,eurepoc,2024-04-10,Technical Cyber Threat Incident,"State-aligned threat group APT28 (Fancy Bear) breached a public port logistics hub using stolen session tokens. Lateral movement was detected across multiple subnets, resulting in unauthorized exfiltration of sensitive telemetry.","State-aligned threat group APT28 (Fancy Bear) breached a public port logistics hub using stolen session tokens. Lateral movement was detected across multiple subnets, resulting in unauthorized exfiltration of sensitive telemetry.",unauthorized_access_hacking,Unauthorized Access Hacking
eurepoc_200879,eurepoc,2024-04-10,Technical Cyber Threat Incident,"A sophisticated double-extortion ransomware campaign orchestrated by APT28 (Fancy Bear) compromised the internal network of a municipal water authority via compromised credentials. The actors exfiltrated 432GB of proprietary databases before deploying ransomware binaries. A ransom demand of $4,662K in Bitcoin was posted, threatening public leak on darknet forums.","A sophisticated double-extortion ransomware campaign orchestrated by APT28 (Fancy Bear) compromised the internal network of a municipal water authority via compromised credentials. The actors exfiltrated 432GB of proprietary databases before deploying ransomware binaries. A ransom demand of $4,662K in Bitcoin was posted, threatening public leak on darknet forums.",ransomware_extortion,Ransomware Extortion
eurepoc_200880,eurepoc,2024-04-10,Technical Cyber Threat Incident,"A sophisticated double-extortion ransomware campaign orchestrated by APT28 (Fancy Bear) compromised the internal network of a telecommunications provider via compromised credentials. The actors exfiltrated 138GB of proprietary databases before deploying ransomware binaries. A ransom demand of $7,330K in Bitcoin was posted, threatening public leak on darknet forums.","A sophisticated double-extortion ransomware campaign orchestrated by APT28 (Fancy Bear) compromised the internal network of a telecommunications provider via compromised credentials. The actors exfiltrated 138GB of proprietary databases before deploying ransomware binaries. A ransom demand of $7,330K in Bitcoin was posted, threatening public leak on darknet forums.",ransomware_extortion,Ransomware Extortion
eurepoc_200881,eurepoc,2024-04-10,Technical Cyber Threat Incident,"A sophisticated double-extortion ransomware campaign orchestrated by Lazarus Group compromised the internal network of a power grid distributor via compromised credentials. The actors exfiltrated 134GB of proprietary databases before deploying ransomware binaries. A ransom demand of $7,532K in Bitcoin was posted, threatening public leak on darknet forums.","A sophisticated double-extortion ransomware campaign orchestrated by Lazarus Group compromised the internal network of a power grid distributor via compromised credentials. The actors exfiltrated 134GB of proprietary databases before deploying ransomware binaries. A ransom demand of $7,532K in Bitcoin was posted, threatening public leak on darknet forums.",ransomware_extortion,Ransomware Extortion
eurepoc_200882,eurepoc,2024-04-10,Technical Cyber Threat Incident,"A critical ransomware outbreak hit a power grid distributor. Operators weaponized vulnerability CVE-2023-2868 in perimeter firewalls to establish persistent C2 access. File systems were encrypted and volume shadow copies destroyed. The extortion group demanded $4,715K for decryption tools.","A critical ransomware outbreak hit a power grid distributor. Operators weaponized vulnerability CVE-2023-2868 in perimeter firewalls to establish persistent C2 access. File systems were encrypted and volume shadow copies destroyed. The extortion group demanded $4,715K for decryption tools.",ransomware_extortion,Ransomware Extortion
eurepoc_200883,eurepoc,2024-04-10,Technical Cyber Threat Incident,"A sophisticated double-extortion ransomware campaign orchestrated by LockBit 3.0 compromised the internal network of a pharmaceutical research lab via compromised credentials. The actors exfiltrated 927GB of proprietary databases before deploying ransomware binaries. A ransom demand of $5,314K in Bitcoin was posted, threatening public leak on darknet forums.","A sophisticated double-extortion ransomware campaign orchestrated by LockBit 3.0 compromised the internal network of a pharmaceutical research lab via compromised credentials. The actors exfiltrated 927GB of proprietary databases before deploying ransomware binaries. A ransom demand of $5,314K in Bitcoin was posted, threatening public leak on darknet forums.",ransomware_extortion,Ransomware Extortion
eurepoc_200884,eurepoc,2024-04-10,Technical Cyber Threat Incident,"A critical ransomware outbreak hit a aerospace defense contractor. Operators weaponized vulnerability CVE-2023-4966 in perimeter firewalls to establish persistent C2 access. File systems were encrypted and volume shadow copies destroyed. The extortion group demanded $3,659K for decryption tools.","A critical ransomware outbreak hit a aerospace defense contractor. Operators weaponized vulnerability CVE-2023-4966 in perimeter firewalls to establish persistent C2 access. File systems were encrypted and volume shadow copies destroyed. The extortion group demanded $3,659K for decryption tools.",ransomware_extortion,Ransomware Extortion
eurepoc_200885,eurepoc,2024-04-10,Technical Cyber Threat Incident,"A massive volumetric Distributed Denial of Service (DDoS) attack peaking at 1.59 Tbps targeted a commercial banking network. The attack exploited an amplified DNS/UDP reflection vector through a global IoT botnet, resulting in 46 hours of total service outage.","A massive volumetric Distributed Denial of Service (DDoS) attack peaking at 1.59 Tbps targeted a commercial banking network. The attack exploited an amplified DNS/UDP reflection vector through a global IoT botnet, resulting in 46 hours of total service outage.",denial_of_service_disruption,Denial Of Service Disruption
eurepoc_200886,eurepoc,2024-04-10,Technical Cyber Threat Incident,"Adversaries conducted destructive wiper malware and multi-vector Layer 7 DDoS attacks against a commercial banking network. Web applications crashed under 76 million requests per second, knocking public services offline.","Adversaries conducted destructive wiper malware and multi-vector Layer 7 DDoS attacks against a commercial banking network. Web applications crashed under 76 million requests per second, knocking public services offline.",denial_of_service_disruption,Denial Of Service Disruption
eurepoc_200887,eurepoc,2024-04-10,Technical Cyber Threat Incident,"A sophisticated double-extortion ransomware campaign orchestrated by BlackCat (ALPHV) compromised the internal network of a municipal water authority via compromised credentials. The actors exfiltrated 518GB of proprietary databases before deploying ransomware binaries. A ransom demand of $3,101K in Bitcoin was posted, threatening public leak on darknet forums.","A sophisticated double-extortion ransomware campaign orchestrated by BlackCat (ALPHV) compromised the internal network of a municipal water authority via compromised credentials. The actors exfiltrated 518GB of proprietary databases before deploying ransomware binaries. A ransom demand of $3,101K in Bitcoin was posted, threatening public leak on darknet forums.",ransomware_extortion,Ransomware Extortion
eurepoc_200888,eurepoc,2024-04-10,Technical Cyber Threat Incident,"Employees at a public port logistics hub received spoofed Microsoft 365 login requests. The Adversary-in-the-Middle (AiTM) proxy captured session cookies and bypassed MFA, facilitating unauthorized email forwarding rules.","Employees at a public port logistics hub received spoofed Microsoft 365 login requests. The Adversary-in-the-Middle (AiTM) proxy captured session cookies and bypassed MFA, facilitating unauthorized email forwarding rules.",phishing_social_engineering,Phishing Social Engineering
eurepoc_200889,eurepoc,2024-04-10,Technical Cyber Threat Incident,"A persistent flood of HTTP/2 Rapid Reset requests disrupted the border gateway and online authentication servers of a telecommunications provider, causing complete denial of service for 30 hours.","A persistent flood of HTTP/2 Rapid Reset requests disrupted the border gateway and online authentication servers of a telecommunications provider, causing complete denial of service for 30 hours.",denial_of_service_disruption,Denial Of Service Disruption
eurepoc_200890,eurepoc,2024-04-10,Technical Cyber Threat Incident,"A sophisticated double-extortion ransomware campaign orchestrated by Sandworm compromised the internal network of a public port logistics hub via compromised credentials. The actors exfiltrated 582GB of proprietary databases before deploying ransomware binaries. A ransom demand of $1,779K in Bitcoin was posted, threatening public leak on darknet forums.","A sophisticated double-extortion ransomware campaign orchestrated by Sandworm compromised the internal network of a public port logistics hub via compromised credentials. The actors exfiltrated 582GB of proprietary databases before deploying ransomware binaries. A ransom demand of $1,779K in Bitcoin was posted, threatening public leak on darknet forums.",ransomware_extortion,Ransomware Extortion
eurepoc_200891,eurepoc,2024-04-10,Technical Cyber Threat Incident,"Employees at a public port logistics hub received spoofed Microsoft 365 login requests. The Adversary-in-the-Middle (AiTM) proxy captured session cookies and bypassed MFA, facilitating unauthorized email forwarding rules.","Employees at a public port logistics hub received spoofed Microsoft 365 login requests. The Adversary-in-the-Middle (AiTM) proxy captured session cookies and bypassed MFA, facilitating unauthorized email forwarding rules.",phishing_social_engineering,Phishing Social Engineering
eurepoc_200892,eurepoc,2024-04-10,Technical Cyber Threat Incident,"A persistent flood of HTTP/2 Rapid Reset requests disrupted the border gateway and online authentication servers of a national railway operator, causing complete denial of service for 22 hours.","A persistent flood of HTTP/2 Rapid Reset requests disrupted the border gateway and online authentication servers of a national railway operator, causing complete denial of service for 22 hours.",denial_of_service_disruption,Denial Of Service Disruption
eurepoc_200893,eurepoc,2024-04-10,Technical Cyber Threat Incident,A spear-phishing campaign attributed to LockBit 3.0 targeted executives at a municipal water authority. Weaponized PDF documents referencing fake regulatory audits delivered an infostealer payload harvesting domain credentials.,A spear-phishing campaign attributed to LockBit 3.0 targeted executives at a municipal water authority. Weaponized PDF documents referencing fake regulatory audits delivered an infostealer payload harvesting domain credentials.,phishing_social_engineering,Phishing Social Engineering
eurepoc_200894,eurepoc,2024-04-10,Technical Cyber Threat Incident,"A critical ransomware outbreak hit a municipal water authority. Operators weaponized vulnerability CVE-2024-1709 in perimeter firewalls to establish persistent C2 access. File systems were encrypted and volume shadow copies destroyed. The extortion group demanded $7,230K for decryption tools.","A critical ransomware outbreak hit a municipal water authority. Operators weaponized vulnerability CVE-2024-1709 in perimeter firewalls to establish persistent C2 access. File systems were encrypted and volume shadow copies destroyed. The extortion group demanded $7,230K for decryption tools.",ransomware_extortion,Ransomware Extortion
eurepoc_200895,eurepoc,2024-04-10,Technical Cyber Threat Incident,"Attackers distributed phishing lures disguised as urgent software patch advisories to personnel at a government tax agency, leading to payload execution and credential compromise.","Attackers distributed phishing lures disguised as urgent software patch advisories to personnel at a government tax agency, leading to payload execution and credential compromise.",phishing_social_engineering,Phishing Social Engineering
eurepoc_200896,eurepoc,2024-04-10,Technical Cyber Threat Incident,A spear-phishing campaign attributed to Lazarus Group targeted executives at a municipal water authority. Weaponized PDF documents referencing fake regulatory audits delivered an infostealer payload harvesting domain credentials.,A spear-phishing campaign attributed to Lazarus Group targeted executives at a municipal water authority. Weaponized PDF documents referencing fake regulatory audits delivered an infostealer payload harvesting domain credentials.,phishing_social_engineering,Phishing Social Engineering
eurepoc_200897,eurepoc,2024-04-10,Technical Cyber Threat Incident,"Threat group APT28 (Fancy Bear) launched an extortion attack against a telecommunications provider. All virtual hypervisors and backup domains were encrypted. Negotiations demanded $7,655K within 48 hours to halt the auction of exfiltrated administrative files.","Threat group APT28 (Fancy Bear) launched an extortion attack against a telecommunications provider. All virtual hypervisors and backup domains were encrypted. Negotiations demanded $7,655K within 48 hours to halt the auction of exfiltrated administrative files.",ransomware_extortion,Ransomware Extortion
eurepoc_200898,eurepoc,2024-04-10,Technical Cyber Threat Incident,"Adversaries conducted destructive wiper malware and multi-vector Layer 7 DDoS attacks against a public port logistics hub. Web applications crashed under 88 million requests per second, knocking public services offline.","Adversaries conducted destructive wiper malware and multi-vector Layer 7 DDoS attacks against a public port logistics hub. Web applications crashed under 88 million requests per second, knocking public services offline.",denial_of_service_disruption,Denial Of Service Disruption
eurepoc_200899,eurepoc,2024-04-10,Technical Cyber Threat Incident,"Adversaries gained unauthorized system access to a pharmaceutical research lab by exploiting CVE-2023-4966. The intrusion compromised 264,000 user credentials, establishing persistent reverse shells across the internal DMZ.","Adversaries gained unauthorized system access to a pharmaceutical research lab by exploiting CVE-2023-4966. The intrusion compromised 264,000 user credentials, establishing persistent reverse shells across the internal DMZ.",unauthorized_access_hacking,Unauthorized Access Hacking
eurepoc_200900,eurepoc,2024-04-10,Technical Cyber Threat Incident,"A sophisticated double-extortion ransomware campaign orchestrated by Akira compromised the internal network of a commercial banking network via compromised credentials. The actors exfiltrated 779GB of proprietary databases before deploying ransomware binaries. A ransom demand of $4,769K in Bitcoin was posted, threatening public leak on darknet forums.","A sophisticated double-extortion ransomware campaign orchestrated by Akira compromised the internal network of a commercial banking network via compromised credentials. The actors exfiltrated 779GB of proprietary databases before deploying ransomware binaries. A ransom demand of $4,769K in Bitcoin was posted, threatening public leak on darknet forums.",ransomware_extortion,Ransomware Extortion
eurepoc_200901,eurepoc,2024-04-10,Technical Cyber Threat Incident,"Threat group Akira launched an extortion attack against a telecommunications provider. All virtual hypervisors and backup domains were encrypted. Negotiations demanded $5,377K within 48 hours to halt the auction of exfiltrated administrative files.","Threat group Akira launched an extortion attack against a telecommunications provider. All virtual hypervisors and backup domains were encrypted. Negotiations demanded $5,377K within 48 hours to halt the auction of exfiltrated administrative files.",ransomware_extortion,Ransomware Extortion
eurepoc_200902,eurepoc,2024-04-10,Technical Cyber Threat Incident,"A critical ransomware outbreak hit a government tax agency. Operators weaponized vulnerability CVE-2023-4966 in perimeter firewalls to establish persistent C2 access. File systems were encrypted and volume shadow copies destroyed. The extortion group demanded $5,521K for decryption tools.","A critical ransomware outbreak hit a government tax agency. Operators weaponized vulnerability CVE-2023-4966 in perimeter firewalls to establish persistent C2 access. File systems were encrypted and volume shadow copies destroyed. The extortion group demanded $5,521K for decryption tools.",ransomware_extortion,Ransomware Extortion
eurepoc_200903,eurepoc,2024-04-10,Technical Cyber Threat Incident,"A sophisticated double-extortion ransomware campaign orchestrated by Lazarus Group compromised the internal network of a commercial banking network via compromised credentials. The actors exfiltrated 325GB of proprietary databases before deploying ransomware binaries. A ransom demand of $3,148K in Bitcoin was posted, threatening public leak on darknet forums.","A sophisticated double-extortion ransomware campaign orchestrated by Lazarus Group compromised the internal network of a commercial banking network via compromised credentials. The actors exfiltrated 325GB of proprietary databases before deploying ransomware binaries. A ransom demand of $3,148K in Bitcoin was posted, threatening public leak on darknet forums.",ransomware_extortion,Ransomware Extortion
eurepoc_200904,eurepoc,2024-04-10,Technical Cyber Threat Incident,"Adversaries conducted destructive wiper malware and multi-vector Layer 7 DDoS attacks against a telecommunications provider. Web applications crashed under 22 million requests per second, knocking public services offline.","Adversaries conducted destructive wiper malware and multi-vector Layer 7 DDoS attacks against a telecommunications provider. Web applications crashed under 22 million requests per second, knocking public services offline.",denial_of_service_disruption,Denial Of Service Disruption
eurepoc_200905,eurepoc,2024-04-10,Technical Cyber Threat Incident,Threat group BlackCat (ALPHV) launched an extortion attack against a public port logistics hub. All virtual hypervisors and backup domains were encrypted. Negotiations demanded $945K within 48 hours to halt the auction of exfiltrated administrative files.,Threat group BlackCat (ALPHV) launched an extortion attack against a public port logistics hub. All virtual hypervisors and backup domains were encrypted. Negotiations demanded $945K within 48 hours to halt the auction of exfiltrated administrative files.,ransomware_extortion,Ransomware Extortion
eurepoc_200906,eurepoc,2024-04-10,Technical Cyber Threat Incident,"A critical ransomware outbreak hit a telecommunications provider. Operators weaponized vulnerability CVE-2023-2868 in perimeter firewalls to establish persistent C2 access. File systems were encrypted and volume shadow copies destroyed. The extortion group demanded $6,529K for decryption tools.","A critical ransomware outbreak hit a telecommunications provider. Operators weaponized vulnerability CVE-2023-2868 in perimeter firewalls to establish persistent C2 access. File systems were encrypted and volume shadow copies destroyed. The extortion group demanded $6,529K for decryption tools.",ransomware_extortion,Ransomware Extortion
eurepoc_200907,eurepoc,2024-04-10,Technical Cyber Threat Incident,"A sophisticated double-extortion ransomware campaign orchestrated by Volt Typhoon compromised the internal network of a telecommunications provider via compromised credentials. The actors exfiltrated 98GB of proprietary databases before deploying ransomware binaries. A ransom demand of $3,470K in Bitcoin was posted, threatening public leak on darknet forums.","A sophisticated double-extortion ransomware campaign orchestrated by Volt Typhoon compromised the internal network of a telecommunications provider via compromised credentials. The actors exfiltrated 98GB of proprietary databases before deploying ransomware binaries. A ransom demand of $3,470K in Bitcoin was posted, threatening public leak on darknet forums.",ransomware_extortion,Ransomware Extortion
eurepoc_200908,eurepoc,2024-04-10,Technical Cyber Threat Incident,"Adversaries gained unauthorized system access to a regional healthcare facility by exploiting CVE-2023-20198. The intrusion compromised 739,000 user credentials, establishing persistent reverse shells across the internal DMZ.","Adversaries gained unauthorized system access to a regional healthcare facility by exploiting CVE-2023-20198. The intrusion compromised 739,000 user credentials, establishing persistent reverse shells across the internal DMZ.",unauthorized_access_hacking,Unauthorized Access Hacking
eurepoc_200909,eurepoc,2024-04-10,Technical Cyber Threat Incident,"An unauthenticated cloud storage bucket maintained by a telecommunications provider was compromised by unauthorized third parties. Attackers accessed 611,000 confidential records and backend system credentials.","An unauthenticated cloud storage bucket maintained by a telecommunications provider was compromised by unauthorized third parties. Attackers accessed 611,000 confidential records and backend system credentials.",unauthorized_access_hacking,Unauthorized Access Hacking
eurepoc_200910,eurepoc,2024-04-10,Technical Cyber Threat Incident,"A persistent flood of HTTP/2 Rapid Reset requests disrupted the border gateway and online authentication servers of a government tax agency, causing complete denial of service for 48 hours.","A persistent flood of HTTP/2 Rapid Reset requests disrupted the border gateway and online authentication servers of a government tax agency, causing complete denial of service for 48 hours.",denial_of_service_disruption,Denial Of Service Disruption
eurepoc_200911,eurepoc,2024-04-10,Technical Cyber Threat Incident,"A critical ransomware outbreak hit a public port logistics hub. Operators weaponized vulnerability CVE-2023-4966 in perimeter firewalls to establish persistent C2 access. File systems were encrypted and volume shadow copies destroyed. The extortion group demanded $8,303K for decryption tools.","A critical ransomware outbreak hit a public port logistics hub. Operators weaponized vulnerability CVE-2023-4966 in perimeter firewalls to establish persistent C2 access. File systems were encrypted and volume shadow copies destroyed. The extortion group demanded $8,303K for decryption tools.",ransomware_extortion,Ransomware Extortion
eurepoc_200912,eurepoc,2024-04-10,Technical Cyber Threat Incident,"Threat group LockBit 3.0 launched an extortion attack against a municipal water authority. All virtual hypervisors and backup domains were encrypted. Negotiations demanded $6,187K within 48 hours to halt the auction of exfiltrated administrative files.","Threat group LockBit 3.0 launched an extortion attack against a municipal water authority. All virtual hypervisors and backup domains were encrypted. Negotiations demanded $6,187K within 48 hours to halt the auction of exfiltrated administrative files.",ransomware_extortion,Ransomware Extortion
eurepoc_200913,eurepoc,2024-04-10,Technical Cyber Threat Incident,"A massive volumetric Distributed Denial of Service (DDoS) attack peaking at 3.03 Tbps targeted a municipal water authority. The attack exploited an amplified DNS/UDP reflection vector through a global IoT botnet, resulting in 69 hours of total service outage.","A massive volumetric Distributed Denial of Service (DDoS) attack peaking at 3.03 Tbps targeted a municipal water authority. The attack exploited an amplified DNS/UDP reflection vector through a global IoT botnet, resulting in 69 hours of total service outage.",denial_of_service_disruption,Denial Of Service Disruption
eurepoc_200914,eurepoc,2024-04-10,Technical Cyber Threat Incident,"Adversaries gained unauthorized system access to a regional healthcare facility by exploiting CVE-2024-1709. The intrusion compromised 702,000 user credentials, establishing persistent reverse shells across the internal DMZ.","Adversaries gained unauthorized system access to a regional healthcare facility by exploiting CVE-2024-1709. The intrusion compromised 702,000 user credentials, establishing persistent reverse shells across the internal DMZ.",unauthorized_access_hacking,Unauthorized Access Hacking
eurepoc_200915,eurepoc,2024-04-10,Technical Cyber Threat Incident,"A critical ransomware outbreak hit a telecommunications provider. Operators weaponized vulnerability CVE-2024-1709 in perimeter firewalls to establish persistent C2 access. File systems were encrypted and volume shadow copies destroyed. The extortion group demanded $6,921K for decryption tools.","A critical ransomware outbreak hit a telecommunications provider. Operators weaponized vulnerability CVE-2024-1709 in perimeter firewalls to establish persistent C2 access. File systems were encrypted and volume shadow copies destroyed. The extortion group demanded $6,921K for decryption tools.",ransomware_extortion,Ransomware Extortion
eurepoc_200916,eurepoc,2024-04-10,Technical Cyber Threat Incident,"A critical ransomware outbreak hit a commercial banking network. Operators weaponized vulnerability CVE-2023-4966 in perimeter firewalls to establish persistent C2 access. File systems were encrypted and volume shadow copies destroyed. The extortion group demanded $4,344K for decryption tools.","A critical ransomware outbreak hit a commercial banking network. Operators weaponized vulnerability CVE-2023-4966 in perimeter firewalls to establish persistent C2 access. File systems were encrypted and volume shadow copies destroyed. The extortion group demanded $4,344K for decryption tools.",ransomware_extortion,Ransomware Extortion
eurepoc_200917,eurepoc,2024-04-10,Technical Cyber Threat Incident,"A massive volumetric Distributed Denial of Service (DDoS) attack peaking at 1.59 Tbps targeted a pharmaceutical research lab. The attack exploited an amplified DNS/UDP reflection vector through a global IoT botnet, resulting in 19 hours of total service outage.","A massive volumetric Distributed Denial of Service (DDoS) attack peaking at 1.59 Tbps targeted a pharmaceutical research lab. The attack exploited an amplified DNS/UDP reflection vector through a global IoT botnet, resulting in 19 hours of total service outage.",denial_of_service_disruption,Denial Of Service Disruption
eurepoc_200918,eurepoc,2024-04-10,Technical Cyber Threat Incident,A spear-phishing campaign attributed to LockBit 3.0 targeted executives at a pharmaceutical research lab. Weaponized PDF documents referencing fake regulatory audits delivered an infostealer payload harvesting domain credentials.,A spear-phishing campaign attributed to LockBit 3.0 targeted executives at a pharmaceutical research lab. Weaponized PDF documents referencing fake regulatory audits delivered an infostealer payload harvesting domain credentials.,phishing_social_engineering,Phishing Social Engineering
eurepoc_200919,eurepoc,2024-04-10,Technical Cyber Threat Incident,"A persistent flood of HTTP/2 Rapid Reset requests disrupted the border gateway and online authentication servers of a national railway operator, causing complete denial of service for 42 hours.","A persistent flood of HTTP/2 Rapid Reset requests disrupted the border gateway and online authentication servers of a national railway operator, causing complete denial of service for 42 hours.",denial_of_service_disruption,Denial Of Service Disruption
eurepoc_200920,eurepoc,2024-04-10,Technical Cyber Threat Incident,"A sophisticated double-extortion ransomware campaign orchestrated by APT28 (Fancy Bear) compromised the internal network of a telecommunications provider via compromised credentials. The actors exfiltrated 782GB of proprietary databases before deploying ransomware binaries. A ransom demand of $3,138K in Bitcoin was posted, threatening public leak on darknet forums.","A sophisticated double-extortion ransomware campaign orchestrated by APT28 (Fancy Bear) compromised the internal network of a telecommunications provider via compromised credentials. The actors exfiltrated 782GB of proprietary databases before deploying ransomware binaries. A ransom demand of $3,138K in Bitcoin was posted, threatening public leak on darknet forums.",ransomware_extortion,Ransomware Extortion
eurepoc_200921,eurepoc,2024-04-10,Technical Cyber Threat Incident,"A sophisticated double-extortion ransomware campaign orchestrated by Volt Typhoon compromised the internal network of a telecommunications provider via compromised credentials. The actors exfiltrated 201GB of proprietary databases before deploying ransomware binaries. A ransom demand of $5,758K in Bitcoin was posted, threatening public leak on darknet forums.","A sophisticated double-extortion ransomware campaign orchestrated by Volt Typhoon compromised the internal network of a telecommunications provider via compromised credentials. The actors exfiltrated 201GB of proprietary databases before deploying ransomware binaries. A ransom demand of $5,758K in Bitcoin was posted, threatening public leak on darknet forums.",ransomware_extortion,Ransomware Extortion
eurepoc_200922,eurepoc,2024-04-10,Technical Cyber Threat Incident,"A sophisticated double-extortion ransomware campaign orchestrated by Cl0p compromised the internal network of a public port logistics hub via compromised credentials. The actors exfiltrated 98GB of proprietary databases before deploying ransomware binaries. A ransom demand of $8,273K in Bitcoin was posted, threatening public leak on darknet forums.","A sophisticated double-extortion ransomware campaign orchestrated by Cl0p compromised the internal network of a public port logistics hub via compromised credentials. The actors exfiltrated 98GB of proprietary databases before deploying ransomware binaries. A ransom demand of $8,273K in Bitcoin was posted, threatening public leak on darknet forums.",ransomware_extortion,Ransomware Extortion
eurepoc_200923,eurepoc,2024-04-10,Technical Cyber Threat Incident,"A persistent flood of HTTP/2 Rapid Reset requests disrupted the border gateway and online authentication servers of a public port logistics hub, causing complete denial of service for 27 hours.","A persistent flood of HTTP/2 Rapid Reset requests disrupted the border gateway and online authentication servers of a public port logistics hub, causing complete denial of service for 27 hours.",denial_of_service_disruption,Denial Of Service Disruption
eurepoc_200924,eurepoc,2024-04-10,Technical Cyber Threat Incident,"A persistent flood of HTTP/2 Rapid Reset requests disrupted the border gateway and online authentication servers of a power grid distributor, causing complete denial of service for 20 hours.","A persistent flood of HTTP/2 Rapid Reset requests disrupted the border gateway and online authentication servers of a power grid distributor, causing complete denial of service for 20 hours.",denial_of_service_disruption,Denial Of Service Disruption
eurepoc_200925,eurepoc,2024-04-10,Technical Cyber Threat Incident,"Adversaries conducted destructive wiper malware and multi-vector Layer 7 DDoS attacks against a municipal water authority. Web applications crashed under 89 million requests per second, knocking public services offline.","Adversaries conducted destructive wiper malware and multi-vector Layer 7 DDoS attacks against a municipal water authority. Web applications crashed under 89 million requests per second, knocking public services offline.",denial_of_service_disruption,Denial Of Service Disruption
eurepoc_200926,eurepoc,2024-04-10,Technical Cyber Threat Incident,"Employees at a public port logistics hub received spoofed Microsoft 365 login requests. The Adversary-in-the-Middle (AiTM) proxy captured session cookies and bypassed MFA, facilitating unauthorized email forwarding rules.","Employees at a public port logistics hub received spoofed Microsoft 365 login requests. The Adversary-in-the-Middle (AiTM) proxy captured session cookies and bypassed MFA, facilitating unauthorized email forwarding rules.",phishing_social_engineering,Phishing Social Engineering
eurepoc_200927,eurepoc,2024-04-10,Technical Cyber Threat Incident,"Attackers distributed phishing lures disguised as urgent software patch advisories to personnel at a telecommunications provider, leading to payload execution and credential compromise.","Attackers distributed phishing lures disguised as urgent software patch advisories to personnel at a telecommunications provider, leading to payload execution and credential compromise.",phishing_social_engineering,Phishing Social Engineering
eurepoc_200928,eurepoc,2024-04-10,Technical Cyber Threat Incident,Threat group LockBit 3.0 launched an extortion attack against a public port logistics hub. All virtual hypervisors and backup domains were encrypted. Negotiations demanded $627K within 48 hours to halt the auction of exfiltrated administrative files.,Threat group LockBit 3.0 launched an extortion attack against a public port logistics hub. All virtual hypervisors and backup domains were encrypted. Negotiations demanded $627K within 48 hours to halt the auction of exfiltrated administrative files.,ransomware_extortion,Ransomware Extortion
eurepoc_200929,eurepoc,2024-04-10,Technical Cyber Threat Incident,"A massive volumetric Distributed Denial of Service (DDoS) attack peaking at 3.3 Tbps targeted a municipal water authority. The attack exploited an amplified DNS/UDP reflection vector through a global IoT botnet, resulting in 7 hours of total service outage.","A massive volumetric Distributed Denial of Service (DDoS) attack peaking at 3.3 Tbps targeted a municipal water authority. The attack exploited an amplified DNS/UDP reflection vector through a global IoT botnet, resulting in 7 hours of total service outage.",denial_of_service_disruption,Denial Of Service Disruption
eurepoc_200930,eurepoc,2024-04-10,Technical Cyber Threat Incident,A spear-phishing campaign attributed to Sandworm targeted executives at a commercial banking network. Weaponized PDF documents referencing fake regulatory audits delivered an infostealer payload harvesting domain credentials.,A spear-phishing campaign attributed to Sandworm targeted executives at a commercial banking network. Weaponized PDF documents referencing fake regulatory audits delivered an infostealer payload harvesting domain credentials.,phishing_social_engineering,Phishing Social Engineering
eurepoc_200931,eurepoc,2024-04-10,Technical Cyber Threat Incident,"A massive volumetric Distributed Denial of Service (DDoS) attack peaking at 3.16 Tbps targeted a commercial banking network. The attack exploited an amplified DNS/UDP reflection vector through a global IoT botnet, resulting in 33 hours of total service outage.","A massive volumetric Distributed Denial of Service (DDoS) attack peaking at 3.16 Tbps targeted a commercial banking network. The attack exploited an amplified DNS/UDP reflection vector through a global IoT botnet, resulting in 33 hours of total service outage.",denial_of_service_disruption,Denial Of Service Disruption
eurepoc_200932,eurepoc,2024-04-10,Technical Cyber Threat Incident,Threat group LockBit 3.0 launched an extortion attack against a government tax agency. All virtual hypervisors and backup domains were encrypted. Negotiations demanded $783K within 48 hours to halt the auction of exfiltrated administrative files.,Threat group LockBit 3.0 launched an extortion attack against a government tax agency. All virtual hypervisors and backup domains were encrypted. Negotiations demanded $783K within 48 hours to halt the auction of exfiltrated administrative files.,ransomware_extortion,Ransomware Extortion
eurepoc_200933,eurepoc,2024-04-10,Technical Cyber Threat Incident,"A massive volumetric Distributed Denial of Service (DDoS) attack peaking at 1.13 Tbps targeted a municipal water authority. The attack exploited an amplified DNS/UDP reflection vector through a global IoT botnet, resulting in 12 hours of total service outage.","A massive volumetric Distributed Denial of Service (DDoS) attack peaking at 1.13 Tbps targeted a municipal water authority. The attack exploited an amplified DNS/UDP reflection vector through a global IoT botnet, resulting in 12 hours of total service outage.",denial_of_service_disruption,Denial Of Service Disruption
eurepoc_200934,eurepoc,2024-04-10,Technical Cyber Threat Incident,"An unauthenticated cloud storage bucket maintained by a aerospace defense contractor was compromised by unauthorized third parties. Attackers accessed 100,000 confidential records and backend system credentials.","An unauthenticated cloud storage bucket maintained by a aerospace defense contractor was compromised by unauthorized third parties. Attackers accessed 100,000 confidential records and backend system credentials.",unauthorized_access_hacking,Unauthorized Access Hacking
eurepoc_200935,eurepoc,2024-04-10,Technical Cyber Threat Incident,"A massive volumetric Distributed Denial of Service (DDoS) attack peaking at 1.18 Tbps targeted a commercial banking network. The attack exploited an amplified DNS/UDP reflection vector through a global IoT botnet, resulting in 49 hours of total service outage.","A massive volumetric Distributed Denial of Service (DDoS) attack peaking at 1.18 Tbps targeted a commercial banking network. The attack exploited an amplified DNS/UDP reflection vector through a global IoT botnet, resulting in 49 hours of total service outage.",denial_of_service_disruption,Denial Of Service Disruption
eurepoc_200936,eurepoc,2024-04-10,Technical Cyber Threat Incident,"State-aligned threat group Volt Typhoon breached a aerospace defense contractor using stolen session tokens. Lateral movement was detected across multiple subnets, resulting in unauthorized exfiltration of sensitive telemetry.","State-aligned threat group Volt Typhoon breached a aerospace defense contractor using stolen session tokens. Lateral movement was detected across multiple subnets, resulting in unauthorized exfiltration of sensitive telemetry.",unauthorized_access_hacking,Unauthorized Access Hacking
eurepoc_200937,eurepoc,2024-04-10,Technical Cyber Threat Incident,"Adversaries conducted destructive wiper malware and multi-vector Layer 7 DDoS attacks against a telecommunications provider. Web applications crashed under 77 million requests per second, knocking public services offline.","Adversaries conducted destructive wiper malware and multi-vector Layer 7 DDoS attacks against a telecommunications provider. Web applications crashed under 77 million requests per second, knocking public services offline.",denial_of_service_disruption,Denial Of Service Disruption
eurepoc_200938,eurepoc,2024-04-10,Technical Cyber Threat Incident,"An unauthenticated cloud storage bucket maintained by a national railway operator was compromised by unauthorized third parties. Attackers accessed 482,000 confidential records and backend system credentials.","An unauthenticated cloud storage bucket maintained by a national railway operator was compromised by unauthorized third parties. Attackers accessed 482,000 confidential records and backend system credentials.",unauthorized_access_hacking,Unauthorized Access Hacking
eurepoc_200939,eurepoc,2024-04-10,Technical Cyber Threat Incident,"Adversaries conducted destructive wiper malware and multi-vector Layer 7 DDoS attacks against a government tax agency. Web applications crashed under 85 million requests per second, knocking public services offline.","Adversaries conducted destructive wiper malware and multi-vector Layer 7 DDoS attacks against a government tax agency. Web applications crashed under 85 million requests per second, knocking public services offline.",denial_of_service_disruption,Denial Of Service Disruption
eurepoc_200940,eurepoc,2024-04-10,Technical Cyber Threat Incident,"A massive volumetric Distributed Denial of Service (DDoS) attack peaking at 3.04 Tbps targeted a pharmaceutical research lab. The attack exploited an amplified DNS/UDP reflection vector through a global IoT botnet, resulting in 52 hours of total service outage.","A massive volumetric Distributed Denial of Service (DDoS) attack peaking at 3.04 Tbps targeted a pharmaceutical research lab. The attack exploited an amplified DNS/UDP reflection vector through a global IoT botnet, resulting in 52 hours of total service outage.",denial_of_service_disruption,Denial Of Service Disruption
eurepoc_200941,eurepoc,2024-04-10,Technical Cyber Threat Incident,"A sophisticated double-extortion ransomware campaign orchestrated by LockBit 3.0 compromised the internal network of a public port logistics hub via compromised credentials. The actors exfiltrated 167GB of proprietary databases before deploying ransomware binaries. A ransom demand of $7,029K in Bitcoin was posted, threatening public leak on darknet forums.","A sophisticated double-extortion ransomware campaign orchestrated by LockBit 3.0 compromised the internal network of a public port logistics hub via compromised credentials. The actors exfiltrated 167GB of proprietary databases before deploying ransomware binaries. A ransom demand of $7,029K in Bitcoin was posted, threatening public leak on darknet forums.",ransomware_extortion,Ransomware Extortion
eurepoc_200942,eurepoc,2024-04-10,Technical Cyber Threat Incident,"Attackers distributed phishing lures disguised as urgent software patch advisories to personnel at a pharmaceutical research lab, leading to payload execution and credential compromise.","Attackers distributed phishing lures disguised as urgent software patch advisories to personnel at a pharmaceutical research lab, leading to payload execution and credential compromise.",phishing_social_engineering,Phishing Social Engineering
eurepoc_200943,eurepoc,2024-04-10,Technical Cyber Threat Incident,"Adversaries conducted destructive wiper malware and multi-vector Layer 7 DDoS attacks against a public port logistics hub. Web applications crashed under 18 million requests per second, knocking public services offline.","Adversaries conducted destructive wiper malware and multi-vector Layer 7 DDoS attacks against a public port logistics hub. Web applications crashed under 18 million requests per second, knocking public services offline.",denial_of_service_disruption,Denial Of Service Disruption
eurepoc_200944,eurepoc,2024-04-10,Technical Cyber Threat Incident,"A sophisticated double-extortion ransomware campaign orchestrated by APT28 (Fancy Bear) compromised the internal network of a aerospace defense contractor via compromised credentials. The actors exfiltrated 826GB of proprietary databases before deploying ransomware binaries. A ransom demand of $7,496K in Bitcoin was posted, threatening public leak on darknet forums.","A sophisticated double-extortion ransomware campaign orchestrated by APT28 (Fancy Bear) compromised the internal network of a aerospace defense contractor via compromised credentials. The actors exfiltrated 826GB of proprietary databases before deploying ransomware binaries. A ransom demand of $7,496K in Bitcoin was posted, threatening public leak on darknet forums.",ransomware_extortion,Ransomware Extortion
eurepoc_200945,eurepoc,2024-04-10,Technical Cyber Threat Incident,"Adversaries gained unauthorized system access to a pharmaceutical research lab by exploiting CVE-2023-4966. The intrusion compromised 336,000 user credentials, establishing persistent reverse shells across the internal DMZ.","Adversaries gained unauthorized system access to a pharmaceutical research lab by exploiting CVE-2023-4966. The intrusion compromised 336,000 user credentials, establishing persistent reverse shells across the internal DMZ.",unauthorized_access_hacking,Unauthorized Access Hacking
eurepoc_200946,eurepoc,2024-04-10,Technical Cyber Threat Incident,"Adversaries gained unauthorized system access to a government tax agency by exploiting CVE-2023-4966. The intrusion compromised 374,000 user credentials, establishing persistent reverse shells across the internal DMZ.","Adversaries gained unauthorized system access to a government tax agency by exploiting CVE-2023-4966. The intrusion compromised 374,000 user credentials, establishing persistent reverse shells across the internal DMZ.",unauthorized_access_hacking,Unauthorized Access Hacking
eurepoc_200947,eurepoc,2024-04-10,Technical Cyber Threat Incident,"Employees at a telecommunications provider received spoofed Microsoft 365 login requests. The Adversary-in-the-Middle (AiTM) proxy captured session cookies and bypassed MFA, facilitating unauthorized email forwarding rules.","Employees at a telecommunications provider received spoofed Microsoft 365 login requests. The Adversary-in-the-Middle (AiTM) proxy captured session cookies and bypassed MFA, facilitating unauthorized email forwarding rules.",phishing_social_engineering,Phishing Social Engineering
eurepoc_200948,eurepoc,2024-04-10,Technical Cyber Threat Incident,"A massive volumetric Distributed Denial of Service (DDoS) attack peaking at 1.44 Tbps targeted a pharmaceutical research lab. The attack exploited an amplified DNS/UDP reflection vector through a global IoT botnet, resulting in 12 hours of total service outage.","A massive volumetric Distributed Denial of Service (DDoS) attack peaking at 1.44 Tbps targeted a pharmaceutical research lab. The attack exploited an amplified DNS/UDP reflection vector through a global IoT botnet, resulting in 12 hours of total service outage.",denial_of_service_disruption,Denial Of Service Disruption
eurepoc_200949,eurepoc,2024-04-10,Technical Cyber Threat Incident,"Threat group Lazarus Group launched an extortion attack against a commercial banking network. All virtual hypervisors and backup domains were encrypted. Negotiations demanded $7,564K within 48 hours to halt the auction of exfiltrated administrative files.","Threat group Lazarus Group launched an extortion attack against a commercial banking network. All virtual hypervisors and backup domains were encrypted. Negotiations demanded $7,564K within 48 hours to halt the auction of exfiltrated administrative files.",ransomware_extortion,Ransomware Extortion
eurepoc_200950,eurepoc,2024-04-10,Technical Cyber Threat Incident,"Adversaries conducted destructive wiper malware and multi-vector Layer 7 DDoS attacks against a national railway operator. Web applications crashed under 56 million requests per second, knocking public services offline.","Adversaries conducted destructive wiper malware and multi-vector Layer 7 DDoS attacks against a national railway operator. Web applications crashed under 56 million requests per second, knocking public services offline.",denial_of_service_disruption,Denial Of Service Disruption
eurepoc_200951,eurepoc,2024-04-10,Technical Cyber Threat Incident,"A massive volumetric Distributed Denial of Service (DDoS) attack peaking at 1.02 Tbps targeted a national railway operator. The attack exploited an amplified DNS/UDP reflection vector through a global IoT botnet, resulting in 69 hours of total service outage.","A massive volumetric Distributed Denial of Service (DDoS) attack peaking at 1.02 Tbps targeted a national railway operator. The attack exploited an amplified DNS/UDP reflection vector through a global IoT botnet, resulting in 69 hours of total service outage.",denial_of_service_disruption,Denial Of Service Disruption
eurepoc_200952,eurepoc,2024-04-10,Technical Cyber Threat Incident,"Employees at a power grid distributor received spoofed Microsoft 365 login requests. The Adversary-in-the-Middle (AiTM) proxy captured session cookies and bypassed MFA, facilitating unauthorized email forwarding rules.","Employees at a power grid distributor received spoofed Microsoft 365 login requests. The Adversary-in-the-Middle (AiTM) proxy captured session cookies and bypassed MFA, facilitating unauthorized email forwarding rules.",phishing_social_engineering,Phishing Social Engineering
eurepoc_200953,eurepoc,2024-04-10,Technical Cyber Threat Incident,A spear-phishing campaign attributed to Sandworm targeted executives at a government tax agency. Weaponized PDF documents referencing fake regulatory audits delivered an infostealer payload harvesting domain credentials.,A spear-phishing campaign attributed to Sandworm targeted executives at a government tax agency. Weaponized PDF documents referencing fake regulatory audits delivered an infostealer payload harvesting domain credentials.,phishing_social_engineering,Phishing Social Engineering
eurepoc_200954,eurepoc,2024-04-10,Technical Cyber Threat Incident,"Adversaries conducted destructive wiper malware and multi-vector Layer 7 DDoS attacks against a municipal water authority. Web applications crashed under 74 million requests per second, knocking public services offline.","Adversaries conducted destructive wiper malware and multi-vector Layer 7 DDoS attacks against a municipal water authority. Web applications crashed under 74 million requests per second, knocking public services offline.",denial_of_service_disruption,Denial Of Service Disruption
eurepoc_200955,eurepoc,2024-04-10,Technical Cyber Threat Incident,"Adversaries conducted destructive wiper malware and multi-vector Layer 7 DDoS attacks against a public port logistics hub. Web applications crashed under 40 million requests per second, knocking public services offline.","Adversaries conducted destructive wiper malware and multi-vector Layer 7 DDoS attacks against a public port logistics hub. Web applications crashed under 40 million requests per second, knocking public services offline.",denial_of_service_disruption,Denial Of Service Disruption
eurepoc_200956,eurepoc,2024-04-10,Technical Cyber Threat Incident,"An unauthenticated cloud storage bucket maintained by a regional healthcare facility was compromised by unauthorized third parties. Attackers accessed 691,000 confidential records and backend system credentials.","An unauthenticated cloud storage bucket maintained by a regional healthcare facility was compromised by unauthorized third parties. Attackers accessed 691,000 confidential records and backend system credentials.",unauthorized_access_hacking,Unauthorized Access Hacking
eurepoc_200957,eurepoc,2024-04-10,Technical Cyber Threat Incident,"Employees at a telecommunications provider received spoofed Microsoft 365 login requests. The Adversary-in-the-Middle (AiTM) proxy captured session cookies and bypassed MFA, facilitating unauthorized email forwarding rules.","Employees at a telecommunications provider received spoofed Microsoft 365 login requests. The Adversary-in-the-Middle (AiTM) proxy captured session cookies and bypassed MFA, facilitating unauthorized email forwarding rules.",phishing_social_engineering,Phishing Social Engineering
eurepoc_200958,eurepoc,2024-04-10,Technical Cyber Threat Incident,"A sophisticated double-extortion ransomware campaign orchestrated by Sandworm compromised the internal network of a government tax agency via compromised credentials. The actors exfiltrated 400GB of proprietary databases before deploying ransomware binaries. A ransom demand of $6,367K in Bitcoin was posted, threatening public leak on darknet forums.","A sophisticated double-extortion ransomware campaign orchestrated by Sandworm compromised the internal network of a government tax agency via compromised credentials. The actors exfiltrated 400GB of proprietary databases before deploying ransomware binaries. A ransom demand of $6,367K in Bitcoin was posted, threatening public leak on darknet forums.",ransomware_extortion,Ransomware Extortion
eurepoc_200959,eurepoc,2024-04-10,Technical Cyber Threat Incident,"A critical ransomware outbreak hit a government tax agency. Operators weaponized vulnerability CVE-2023-34362 in perimeter firewalls to establish persistent C2 access. File systems were encrypted and volume shadow copies destroyed. The extortion group demanded $6,986K for decryption tools.","A critical ransomware outbreak hit a government tax agency. Operators weaponized vulnerability CVE-2023-34362 in perimeter firewalls to establish persistent C2 access. File systems were encrypted and volume shadow copies destroyed. The extortion group demanded $6,986K for decryption tools.",ransomware_extortion,Ransomware Extortion
eurepoc_200960,eurepoc,2024-04-10,Technical Cyber Threat Incident,"An unauthenticated cloud storage bucket maintained by a government tax agency was compromised by unauthorized third parties. Attackers accessed 501,000 confidential records and backend system credentials.","An unauthenticated cloud storage bucket maintained by a government tax agency was compromised by unauthorized third parties. Attackers accessed 501,000 confidential records and backend system credentials.",unauthorized_access_hacking,Unauthorized Access Hacking
eurepoc_200961,eurepoc,2024-04-10,Technical Cyber Threat Incident,"An unauthenticated cloud storage bucket maintained by a national railway operator was compromised by unauthorized third parties. Attackers accessed 339,000 confidential records and backend system credentials.","An unauthenticated cloud storage bucket maintained by a national railway operator was compromised by unauthorized third parties. Attackers accessed 339,000 confidential records and backend system credentials.",unauthorized_access_hacking,Unauthorized Access Hacking
eurepoc_200962,eurepoc,2024-04-10,Technical Cyber Threat Incident,A spear-phishing campaign attributed to Cl0p targeted executives at a government tax agency. Weaponized PDF documents referencing fake regulatory audits delivered an infostealer payload harvesting domain credentials.,A spear-phishing campaign attributed to Cl0p targeted executives at a government tax agency. Weaponized PDF documents referencing fake regulatory audits delivered an infostealer payload harvesting domain credentials.,phishing_social_engineering,Phishing Social Engineering
eurepoc_200963,eurepoc,2024-04-10,Technical Cyber Threat Incident,"Adversaries conducted destructive wiper malware and multi-vector Layer 7 DDoS attacks against a pharmaceutical research lab. Web applications crashed under 90 million requests per second, knocking public services offline.","Adversaries conducted destructive wiper malware and multi-vector Layer 7 DDoS attacks against a pharmaceutical research lab. Web applications crashed under 90 million requests per second, knocking public services offline.",denial_of_service_disruption,Denial Of Service Disruption
eurepoc_200964,eurepoc,2024-04-10,Technical Cyber Threat Incident,"A sophisticated double-extortion ransomware campaign orchestrated by LockBit 3.0 compromised the internal network of a national railway operator via compromised credentials. The actors exfiltrated 232GB of proprietary databases before deploying ransomware binaries. A ransom demand of $6,168K in Bitcoin was posted, threatening public leak on darknet forums.","A sophisticated double-extortion ransomware campaign orchestrated by LockBit 3.0 compromised the internal network of a national railway operator via compromised credentials. The actors exfiltrated 232GB of proprietary databases before deploying ransomware binaries. A ransom demand of $6,168K in Bitcoin was posted, threatening public leak on darknet forums.",ransomware_extortion,Ransomware Extortion
eurepoc_200965,eurepoc,2024-04-10,Technical Cyber Threat Incident,"A massive volumetric Distributed Denial of Service (DDoS) attack peaking at 0.94 Tbps targeted a regional healthcare facility. The attack exploited an amplified DNS/UDP reflection vector through a global IoT botnet, resulting in 50 hours of total service outage.","A massive volumetric Distributed Denial of Service (DDoS) attack peaking at 0.94 Tbps targeted a regional healthcare facility. The attack exploited an amplified DNS/UDP reflection vector through a global IoT botnet, resulting in 50 hours of total service outage.",denial_of_service_disruption,Denial Of Service Disruption
eurepoc_200966,eurepoc,2024-04-10,Technical Cyber Threat Incident,"Employees at a power grid distributor received spoofed Microsoft 365 login requests. The Adversary-in-the-Middle (AiTM) proxy captured session cookies and bypassed MFA, facilitating unauthorized email forwarding rules.","Employees at a power grid distributor received spoofed Microsoft 365 login requests. The Adversary-in-the-Middle (AiTM) proxy captured session cookies and bypassed MFA, facilitating unauthorized email forwarding rules.",phishing_social_engineering,Phishing Social Engineering
eurepoc_200967,eurepoc,2024-04-10,Technical Cyber Threat Incident,"Employees at a public port logistics hub received spoofed Microsoft 365 login requests. The Adversary-in-the-Middle (AiTM) proxy captured session cookies and bypassed MFA, facilitating unauthorized email forwarding rules.","Employees at a public port logistics hub received spoofed Microsoft 365 login requests. The Adversary-in-the-Middle (AiTM) proxy captured session cookies and bypassed MFA, facilitating unauthorized email forwarding rules.",phishing_social_engineering,Phishing Social Engineering
eurepoc_200968,eurepoc,2024-04-10,Technical Cyber Threat Incident,"Threat group APT28 (Fancy Bear) launched an extortion attack against a national railway operator. All virtual hypervisors and backup domains were encrypted. Negotiations demanded $5,800K within 48 hours to halt the auction of exfiltrated administrative files.","Threat group APT28 (Fancy Bear) launched an extortion attack against a national railway operator. All virtual hypervisors and backup domains were encrypted. Negotiations demanded $5,800K within 48 hours to halt the auction of exfiltrated administrative files.",ransomware_extortion,Ransomware Extortion
eurepoc_200969,eurepoc,2024-04-10,Technical Cyber Threat Incident,A spear-phishing campaign attributed to LockBit 3.0 targeted executives at a commercial banking network. Weaponized PDF documents referencing fake regulatory audits delivered an infostealer payload harvesting domain credentials.,A spear-phishing campaign attributed to LockBit 3.0 targeted executives at a commercial banking network. Weaponized PDF documents referencing fake regulatory audits delivered an infostealer payload harvesting domain credentials.,phishing_social_engineering,Phishing Social Engineering
eurepoc_200970,eurepoc,2024-04-10,Technical Cyber Threat Incident,"Adversaries gained unauthorized system access to a aerospace defense contractor by exploiting CVE-2023-34362. The intrusion compromised 680,000 user credentials, establishing persistent reverse shells across the internal DMZ.","Adversaries gained unauthorized system access to a aerospace defense contractor by exploiting CVE-2023-34362. The intrusion compromised 680,000 user credentials, establishing persistent reverse shells across the internal DMZ.",unauthorized_access_hacking,Unauthorized Access Hacking
eurepoc_200971,eurepoc,2024-04-10,Technical Cyber Threat Incident,"A persistent flood of HTTP/2 Rapid Reset requests disrupted the border gateway and online authentication servers of a municipal water authority, causing complete denial of service for 67 hours.","A persistent flood of HTTP/2 Rapid Reset requests disrupted the border gateway and online authentication servers of a municipal water authority, causing complete denial of service for 67 hours.",denial_of_service_disruption,Denial Of Service Disruption
eurepoc_200972,eurepoc,2024-04-10,Technical Cyber Threat Incident,"A persistent flood of HTTP/2 Rapid Reset requests disrupted the border gateway and online authentication servers of a public port logistics hub, causing complete denial of service for 21 hours.","A persistent flood of HTTP/2 Rapid Reset requests disrupted the border gateway and online authentication servers of a public port logistics hub, causing complete denial of service for 21 hours.",denial_of_service_disruption,Denial Of Service Disruption
eurepoc_200973,eurepoc,2024-04-10,Technical Cyber Threat Incident,"Attackers distributed phishing lures disguised as urgent software patch advisories to personnel at a telecommunications provider, leading to payload execution and credential compromise.","Attackers distributed phishing lures disguised as urgent software patch advisories to personnel at a telecommunications provider, leading to payload execution and credential compromise.",phishing_social_engineering,Phishing Social Engineering
eurepoc_200974,eurepoc,2024-04-10,Technical Cyber Threat Incident,"Attackers distributed phishing lures disguised as urgent software patch advisories to personnel at a commercial banking network, leading to payload execution and credential compromise.","Attackers distributed phishing lures disguised as urgent software patch advisories to personnel at a commercial banking network, leading to payload execution and credential compromise.",phishing_social_engineering,Phishing Social Engineering
eurepoc_200975,eurepoc,2024-04-10,Technical Cyber Threat Incident,"Employees at a municipal water authority received spoofed Microsoft 365 login requests. The Adversary-in-the-Middle (AiTM) proxy captured session cookies and bypassed MFA, facilitating unauthorized email forwarding rules.","Employees at a municipal water authority received spoofed Microsoft 365 login requests. The Adversary-in-the-Middle (AiTM) proxy captured session cookies and bypassed MFA, facilitating unauthorized email forwarding rules.",phishing_social_engineering,Phishing Social Engineering
eurepoc_200976,eurepoc,2024-04-10,Technical Cyber Threat Incident,"A critical ransomware outbreak hit a commercial banking network. Operators weaponized vulnerability CVE-2023-4966 in perimeter firewalls to establish persistent C2 access. File systems were encrypted and volume shadow copies destroyed. The extortion group demanded $5,091K for decryption tools.","A critical ransomware outbreak hit a commercial banking network. Operators weaponized vulnerability CVE-2023-4966 in perimeter firewalls to establish persistent C2 access. File systems were encrypted and volume shadow copies destroyed. The extortion group demanded $5,091K for decryption tools.",ransomware_extortion,Ransomware Extortion
eurepoc_200977,eurepoc,2024-04-10,Technical Cyber Threat Incident,"Adversaries gained unauthorized system access to a regional healthcare facility by exploiting CVE-2023-20198. The intrusion compromised 651,000 user credentials, establishing persistent reverse shells across the internal DMZ.","Adversaries gained unauthorized system access to a regional healthcare facility by exploiting CVE-2023-20198. The intrusion compromised 651,000 user credentials, establishing persistent reverse shells across the internal DMZ.",unauthorized_access_hacking,Unauthorized Access Hacking
eurepoc_200978,eurepoc,2024-04-10,Technical Cyber Threat Incident,"Adversaries conducted destructive wiper malware and multi-vector Layer 7 DDoS attacks against a government tax agency. Web applications crashed under 60 million requests per second, knocking public services offline.","Adversaries conducted destructive wiper malware and multi-vector Layer 7 DDoS attacks against a government tax agency. Web applications crashed under 60 million requests per second, knocking public services offline.",denial_of_service_disruption,Denial Of Service Disruption
eurepoc_200979,eurepoc,2024-04-10,Technical Cyber Threat Incident,"State-aligned threat group LockBit 3.0 breached a commercial banking network using stolen session tokens. Lateral movement was detected across multiple subnets, resulting in unauthorized exfiltration of sensitive telemetry.","State-aligned threat group LockBit 3.0 breached a commercial banking network using stolen session tokens. Lateral movement was detected across multiple subnets, resulting in unauthorized exfiltration of sensitive telemetry.",unauthorized_access_hacking,Unauthorized Access Hacking
eurepoc_200980,eurepoc,2024-04-10,Technical Cyber Threat Incident,"Threat group Lazarus Group launched an extortion attack against a aerospace defense contractor. All virtual hypervisors and backup domains were encrypted. Negotiations demanded $6,490K within 48 hours to halt the auction of exfiltrated administrative files.","Threat group Lazarus Group launched an extortion attack against a aerospace defense contractor. All virtual hypervisors and backup domains were encrypted. Negotiations demanded $6,490K within 48 hours to halt the auction of exfiltrated administrative files.",ransomware_extortion,Ransomware Extortion
eurepoc_200981,eurepoc,2024-04-10,Technical Cyber Threat Incident,"A massive volumetric Distributed Denial of Service (DDoS) attack peaking at 1.68 Tbps targeted a aerospace defense contractor. The attack exploited an amplified DNS/UDP reflection vector through a global IoT botnet, resulting in 30 hours of total service outage.","A massive volumetric Distributed Denial of Service (DDoS) attack peaking at 1.68 Tbps targeted a aerospace defense contractor. The attack exploited an amplified DNS/UDP reflection vector through a global IoT botnet, resulting in 30 hours of total service outage.",denial_of_service_disruption,Denial Of Service Disruption
eurepoc_200982,eurepoc,2024-04-10,Technical Cyber Threat Incident,"Threat group BlackCat (ALPHV) launched an extortion attack against a pharmaceutical research lab. All virtual hypervisors and backup domains were encrypted. Negotiations demanded $2,605K within 48 hours to halt the auction of exfiltrated administrative files.","Threat group BlackCat (ALPHV) launched an extortion attack against a pharmaceutical research lab. All virtual hypervisors and backup domains were encrypted. Negotiations demanded $2,605K within 48 hours to halt the auction of exfiltrated administrative files.",ransomware_extortion,Ransomware Extortion
eurepoc_200983,eurepoc,2024-04-10,Technical Cyber Threat Incident,"Adversaries gained unauthorized system access to a national railway operator by exploiting CVE-2023-20198. The intrusion compromised 223,000 user credentials, establishing persistent reverse shells across the internal DMZ.","Adversaries gained unauthorized system access to a national railway operator by exploiting CVE-2023-20198. The intrusion compromised 223,000 user credentials, establishing persistent reverse shells across the internal DMZ.",unauthorized_access_hacking,Unauthorized Access Hacking
eurepoc_200984,eurepoc,2024-04-10,Technical Cyber Threat Incident,"Adversaries conducted destructive wiper malware and multi-vector Layer 7 DDoS attacks against a national railway operator. Web applications crashed under 84 million requests per second, knocking public services offline.","Adversaries conducted destructive wiper malware and multi-vector Layer 7 DDoS attacks against a national railway operator. Web applications crashed under 84 million requests per second, knocking public services offline.",denial_of_service_disruption,Denial Of Service Disruption
eurepoc_200985,eurepoc,2024-04-10,Technical Cyber Threat Incident,"A sophisticated double-extortion ransomware campaign orchestrated by Volt Typhoon compromised the internal network of a government tax agency via compromised credentials. The actors exfiltrated 430GB of proprietary databases before deploying ransomware binaries. A ransom demand of $3,536K in Bitcoin was posted, threatening public leak on darknet forums.","A sophisticated double-extortion ransomware campaign orchestrated by Volt Typhoon compromised the internal network of a government tax agency via compromised credentials. The actors exfiltrated 430GB of proprietary databases before deploying ransomware binaries. A ransom demand of $3,536K in Bitcoin was posted, threatening public leak on darknet forums.",ransomware_extortion,Ransomware Extortion
eurepoc_200986,eurepoc,2024-04-10,Technical Cyber Threat Incident,"A persistent flood of HTTP/2 Rapid Reset requests disrupted the border gateway and online authentication servers of a power grid distributor, causing complete denial of service for 35 hours.","A persistent flood of HTTP/2 Rapid Reset requests disrupted the border gateway and online authentication servers of a power grid distributor, causing complete denial of service for 35 hours.",denial_of_service_disruption,Denial Of Service Disruption
eurepoc_200987,eurepoc,2024-04-10,Technical Cyber Threat Incident,"Adversaries conducted destructive wiper malware and multi-vector Layer 7 DDoS attacks against a regional healthcare facility. Web applications crashed under 26 million requests per second, knocking public services offline.","Adversaries conducted destructive wiper malware and multi-vector Layer 7 DDoS attacks against a regional healthcare facility. Web applications crashed under 26 million requests per second, knocking public services offline.",denial_of_service_disruption,Denial Of Service Disruption
eurepoc_200988,eurepoc,2024-04-10,Technical Cyber Threat Incident,"A massive volumetric Distributed Denial of Service (DDoS) attack peaking at 1.06 Tbps targeted a public port logistics hub. The attack exploited an amplified DNS/UDP reflection vector through a global IoT botnet, resulting in 67 hours of total service outage.","A massive volumetric Distributed Denial of Service (DDoS) attack peaking at 1.06 Tbps targeted a public port logistics hub. The attack exploited an amplified DNS/UDP reflection vector through a global IoT botnet, resulting in 67 hours of total service outage.",denial_of_service_disruption,Denial Of Service Disruption
eurepoc_200989,eurepoc,2024-04-10,Technical Cyber Threat Incident,"An unauthenticated cloud storage bucket maintained by a regional healthcare facility was compromised by unauthorized third parties. Attackers accessed 649,000 confidential records and backend system credentials.","An unauthenticated cloud storage bucket maintained by a regional healthcare facility was compromised by unauthorized third parties. Attackers accessed 649,000 confidential records and backend system credentials.",unauthorized_access_hacking,Unauthorized Access Hacking
eurepoc_200990,eurepoc,2024-04-10,Technical Cyber Threat Incident,"A critical ransomware outbreak hit a commercial banking network. Operators weaponized vulnerability CVE-2023-20198 in perimeter firewalls to establish persistent C2 access. File systems were encrypted and volume shadow copies destroyed. The extortion group demanded $1,935K for decryption tools.","A critical ransomware outbreak hit a commercial banking network. Operators weaponized vulnerability CVE-2023-20198 in perimeter firewalls to establish persistent C2 access. File systems were encrypted and volume shadow copies destroyed. The extortion group demanded $1,935K for decryption tools.",ransomware_extortion,Ransomware Extortion
eurepoc_200991,eurepoc,2024-04-10,Technical Cyber Threat Incident,"Threat group LockBit 3.0 launched an extortion attack against a commercial banking network. All virtual hypervisors and backup domains were encrypted. Negotiations demanded $8,088K within 48 hours to halt the auction of exfiltrated administrative files.","Threat group LockBit 3.0 launched an extortion attack against a commercial banking network. All virtual hypervisors and backup domains were encrypted. Negotiations demanded $8,088K within 48 hours to halt the auction of exfiltrated administrative files.",ransomware_extortion,Ransomware Extortion
eurepoc_200992,eurepoc,2024-04-10,Technical Cyber Threat Incident,"A critical ransomware outbreak hit a aerospace defense contractor. Operators weaponized vulnerability CVE-2023-2868 in perimeter firewalls to establish persistent C2 access. File systems were encrypted and volume shadow copies destroyed. The extortion group demanded $6,966K for decryption tools.","A critical ransomware outbreak hit a aerospace defense contractor. Operators weaponized vulnerability CVE-2023-2868 in perimeter firewalls to establish persistent C2 access. File systems were encrypted and volume shadow copies destroyed. The extortion group demanded $6,966K for decryption tools.",ransomware_extortion,Ransomware Extortion
eurepoc_200993,eurepoc,2024-04-10,Technical Cyber Threat Incident,"Adversaries gained unauthorized system access to a telecommunications provider by exploiting CVE-2023-2868. The intrusion compromised 530,000 user credentials, establishing persistent reverse shells across the internal DMZ.","Adversaries gained unauthorized system access to a telecommunications provider by exploiting CVE-2023-2868. The intrusion compromised 530,000 user credentials, establishing persistent reverse shells across the internal DMZ.",unauthorized_access_hacking,Unauthorized Access Hacking
eurepoc_200994,eurepoc,2024-04-10,Technical Cyber Threat Incident,"A sophisticated double-extortion ransomware campaign orchestrated by Cl0p compromised the internal network of a commercial banking network via compromised credentials. The actors exfiltrated 577GB of proprietary databases before deploying ransomware binaries. A ransom demand of $6,437K in Bitcoin was posted, threatening public leak on darknet forums.","A sophisticated double-extortion ransomware campaign orchestrated by Cl0p compromised the internal network of a commercial banking network via compromised credentials. The actors exfiltrated 577GB of proprietary databases before deploying ransomware binaries. A ransom demand of $6,437K in Bitcoin was posted, threatening public leak on darknet forums.",ransomware_extortion,Ransomware Extortion
eurepoc_200995,eurepoc,2024-04-10,Technical Cyber Threat Incident,"A critical ransomware outbreak hit a municipal water authority. Operators weaponized vulnerability CVE-2023-4966 in perimeter firewalls to establish persistent C2 access. File systems were encrypted and volume shadow copies destroyed. The extortion group demanded $6,079K for decryption tools.","A critical ransomware outbreak hit a municipal water authority. Operators weaponized vulnerability CVE-2023-4966 in perimeter firewalls to establish persistent C2 access. File systems were encrypted and volume shadow copies destroyed. The extortion group demanded $6,079K for decryption tools.",ransomware_extortion,Ransomware Extortion
eurepoc_200996,eurepoc,2024-04-10,Technical Cyber Threat Incident,"A persistent flood of HTTP/2 Rapid Reset requests disrupted the border gateway and online authentication servers of a municipal water authority, causing complete denial of service for 37 hours.","A persistent flood of HTTP/2 Rapid Reset requests disrupted the border gateway and online authentication servers of a municipal water authority, causing complete denial of service for 37 hours.",denial_of_service_disruption,Denial Of Service Disruption
eurepoc_200997,eurepoc,2024-04-10,Technical Cyber Threat Incident,A spear-phishing campaign attributed to Volt Typhoon targeted executives at a aerospace defense contractor. Weaponized PDF documents referencing fake regulatory audits delivered an infostealer payload harvesting domain credentials.,A spear-phishing campaign attributed to Volt Typhoon targeted executives at a aerospace defense contractor. Weaponized PDF documents referencing fake regulatory audits delivered an infostealer payload harvesting domain credentials.,phishing_social_engineering,Phishing Social Engineering
eurepoc_200998,eurepoc,2024-04-10,Technical Cyber Threat Incident,"Attackers distributed phishing lures disguised as urgent software patch advisories to personnel at a municipal water authority, leading to payload execution and credential compromise.","Attackers distributed phishing lures disguised as urgent software patch advisories to personnel at a municipal water authority, leading to payload execution and credential compromise.",phishing_social_engineering,Phishing Social Engineering
eurepoc_200999,eurepoc,2024-04-10,Technical Cyber Threat Incident,"Adversaries conducted destructive wiper malware and multi-vector Layer 7 DDoS attacks against a regional healthcare facility. Web applications crashed under 33 million requests per second, knocking public services offline.","Adversaries conducted destructive wiper malware and multi-vector Layer 7 DDoS attacks against a regional healthcare facility. Web applications crashed under 33 million requests per second, knocking public services offline.",denial_of_service_disruption,Denial Of Service Disruption
eurepoc_201000,eurepoc,2024-04-10,Technical Cyber Threat Incident,"State-aligned threat group BlackCat (ALPHV) breached a aerospace defense contractor using stolen session tokens. Lateral movement was detected across multiple subnets, resulting in unauthorized exfiltration of sensitive telemetry.","State-aligned threat group BlackCat (ALPHV) breached a aerospace defense contractor using stolen session tokens. Lateral movement was detected across multiple subnets, resulting in unauthorized exfiltration of sensitive telemetry.",unauthorized_access_hacking,Unauthorized Access Hacking
eurepoc_201001,eurepoc,2024-04-10,Technical Cyber Threat Incident,"State-aligned threat group Sandworm breached a municipal water authority using stolen session tokens. Lateral movement was detected across multiple subnets, resulting in unauthorized exfiltration of sensitive telemetry.","State-aligned threat group Sandworm breached a municipal water authority using stolen session tokens. Lateral movement was detected across multiple subnets, resulting in unauthorized exfiltration of sensitive telemetry.",unauthorized_access_hacking,Unauthorized Access Hacking
eurepoc_201002,eurepoc,2024-04-10,Technical Cyber Threat Incident,"Threat group Lazarus Group launched an extortion attack against a aerospace defense contractor. All virtual hypervisors and backup domains were encrypted. Negotiations demanded $2,751K within 48 hours to halt the auction of exfiltrated administrative files.","Threat group Lazarus Group launched an extortion attack against a aerospace defense contractor. All virtual hypervisors and backup domains were encrypted. Negotiations demanded $2,751K within 48 hours to halt the auction of exfiltrated administrative files.",ransomware_extortion,Ransomware Extortion
eurepoc_201003,eurepoc,2024-04-10,Technical Cyber Threat Incident,"Threat group Sandworm launched an extortion attack against a national railway operator. All virtual hypervisors and backup domains were encrypted. Negotiations demanded $6,036K within 48 hours to halt the auction of exfiltrated administrative files.","Threat group Sandworm launched an extortion attack against a national railway operator. All virtual hypervisors and backup domains were encrypted. Negotiations demanded $6,036K within 48 hours to halt the auction of exfiltrated administrative files.",ransomware_extortion,Ransomware Extortion
eurepoc_201004,eurepoc,2024-04-10,Technical Cyber Threat Incident,"Adversaries gained unauthorized system access to a commercial banking network by exploiting CVE-2024-1709. The intrusion compromised 784,000 user credentials, establishing persistent reverse shells across the internal DMZ.","Adversaries gained unauthorized system access to a commercial banking network by exploiting CVE-2024-1709. The intrusion compromised 784,000 user credentials, establishing persistent reverse shells across the internal DMZ.",unauthorized_access_hacking,Unauthorized Access Hacking
eurepoc_201005,eurepoc,2024-04-10,Technical Cyber Threat Incident,A spear-phishing campaign attributed to LockBit 3.0 targeted executives at a public port logistics hub. Weaponized PDF documents referencing fake regulatory audits delivered an infostealer payload harvesting domain credentials.,A spear-phishing campaign attributed to LockBit 3.0 targeted executives at a public port logistics hub. Weaponized PDF documents referencing fake regulatory audits delivered an infostealer payload harvesting domain credentials.,phishing_social_engineering,Phishing Social Engineering
eurepoc_201006,eurepoc,2024-04-10,Technical Cyber Threat Incident,"State-aligned threat group Lazarus Group breached a municipal water authority using stolen session tokens. Lateral movement was detected across multiple subnets, resulting in unauthorized exfiltration of sensitive telemetry.","State-aligned threat group Lazarus Group breached a municipal water authority using stolen session tokens. Lateral movement was detected across multiple subnets, resulting in unauthorized exfiltration of sensitive telemetry.",unauthorized_access_hacking,Unauthorized Access Hacking
eurepoc_201007,eurepoc,2024-04-10,Technical Cyber Threat Incident,"A critical ransomware outbreak hit a power grid distributor. Operators weaponized vulnerability CVE-2023-4966 in perimeter firewalls to establish persistent C2 access. File systems were encrypted and volume shadow copies destroyed. The extortion group demanded $2,217K for decryption tools.","A critical ransomware outbreak hit a power grid distributor. Operators weaponized vulnerability CVE-2023-4966 in perimeter firewalls to establish persistent C2 access. File systems were encrypted and volume shadow copies destroyed. The extortion group demanded $2,217K for decryption tools.",ransomware_extortion,Ransomware Extortion
eurepoc_201008,eurepoc,2024-04-10,Technical Cyber Threat Incident,"Attackers distributed phishing lures disguised as urgent software patch advisories to personnel at a government tax agency, leading to payload execution and credential compromise.","Attackers distributed phishing lures disguised as urgent software patch advisories to personnel at a government tax agency, leading to payload execution and credential compromise.",phishing_social_engineering,Phishing Social Engineering
eurepoc_201009,eurepoc,2024-04-10,Technical Cyber Threat Incident,A spear-phishing campaign attributed to BlackCat (ALPHV) targeted executives at a regional healthcare facility. Weaponized PDF documents referencing fake regulatory audits delivered an infostealer payload harvesting domain credentials.,A spear-phishing campaign attributed to BlackCat (ALPHV) targeted executives at a regional healthcare facility. Weaponized PDF documents referencing fake regulatory audits delivered an infostealer payload harvesting domain credentials.,phishing_social_engineering,Phishing Social Engineering
eurepoc_201010,eurepoc,2024-04-10,Technical Cyber Threat Incident,"Adversaries gained unauthorized system access to a regional healthcare facility by exploiting CVE-2023-4966. The intrusion compromised 268,000 user credentials, establishing persistent reverse shells across the internal DMZ.","Adversaries gained unauthorized system access to a regional healthcare facility by exploiting CVE-2023-4966. The intrusion compromised 268,000 user credentials, establishing persistent reverse shells across the internal DMZ.",unauthorized_access_hacking,Unauthorized Access Hacking
eurepoc_201011,eurepoc,2024-04-10,Technical Cyber Threat Incident,"State-aligned threat group Cl0p breached a government tax agency using stolen session tokens. Lateral movement was detected across multiple subnets, resulting in unauthorized exfiltration of sensitive telemetry.","State-aligned threat group Cl0p breached a government tax agency using stolen session tokens. Lateral movement was detected across multiple subnets, resulting in unauthorized exfiltration of sensitive telemetry.",unauthorized_access_hacking,Unauthorized Access Hacking
eurepoc_201012,eurepoc,2024-04-10,Technical Cyber Threat Incident,"Employees at a public port logistics hub received spoofed Microsoft 365 login requests. The Adversary-in-the-Middle (AiTM) proxy captured session cookies and bypassed MFA, facilitating unauthorized email forwarding rules.","Employees at a public port logistics hub received spoofed Microsoft 365 login requests. The Adversary-in-the-Middle (AiTM) proxy captured session cookies and bypassed MFA, facilitating unauthorized email forwarding rules.",phishing_social_engineering,Phishing Social Engineering
eurepoc_201013,eurepoc,2024-04-10,Technical Cyber Threat Incident,"A massive volumetric Distributed Denial of Service (DDoS) attack peaking at 0.83 Tbps targeted a municipal water authority. The attack exploited an amplified DNS/UDP reflection vector through a global IoT botnet, resulting in 6 hours of total service outage.","A massive volumetric Distributed Denial of Service (DDoS) attack peaking at 0.83 Tbps targeted a municipal water authority. The attack exploited an amplified DNS/UDP reflection vector through a global IoT botnet, resulting in 6 hours of total service outage.",denial_of_service_disruption,Denial Of Service Disruption
eurepoc_201014,eurepoc,2024-04-10,Technical Cyber Threat Incident,"An unauthenticated cloud storage bucket maintained by a commercial banking network was compromised by unauthorized third parties. Attackers accessed 132,000 confidential records and backend system credentials.","An unauthenticated cloud storage bucket maintained by a commercial banking network was compromised by unauthorized third parties. Attackers accessed 132,000 confidential records and backend system credentials.",unauthorized_access_hacking,Unauthorized Access Hacking
eurepoc_201015,eurepoc,2024-04-10,Technical Cyber Threat Incident,"Adversaries gained unauthorized system access to a pharmaceutical research lab by exploiting CVE-2023-2868. The intrusion compromised 294,000 user credentials, establishing persistent reverse shells across the internal DMZ.","Adversaries gained unauthorized system access to a pharmaceutical research lab by exploiting CVE-2023-2868. The intrusion compromised 294,000 user credentials, establishing persistent reverse shells across the internal DMZ.",unauthorized_access_hacking,Unauthorized Access Hacking
eurepoc_201016,eurepoc,2024-04-10,Technical Cyber Threat Incident,"A sophisticated double-extortion ransomware campaign orchestrated by Cl0p compromised the internal network of a public port logistics hub via compromised credentials. The actors exfiltrated 719GB of proprietary databases before deploying ransomware binaries. A ransom demand of $1,084K in Bitcoin was posted, threatening public leak on darknet forums.","A sophisticated double-extortion ransomware campaign orchestrated by Cl0p compromised the internal network of a public port logistics hub via compromised credentials. The actors exfiltrated 719GB of proprietary databases before deploying ransomware binaries. A ransom demand of $1,084K in Bitcoin was posted, threatening public leak on darknet forums.",ransomware_extortion,Ransomware Extortion
eurepoc_201017,eurepoc,2024-04-10,Technical Cyber Threat Incident,"Adversaries gained unauthorized system access to a aerospace defense contractor by exploiting CVE-2023-20198. The intrusion compromised 154,000 user credentials, establishing persistent reverse shells across the internal DMZ.","Adversaries gained unauthorized system access to a aerospace defense contractor by exploiting CVE-2023-20198. The intrusion compromised 154,000 user credentials, establishing persistent reverse shells across the internal DMZ.",unauthorized_access_hacking,Unauthorized Access Hacking
eurepoc_201018,eurepoc,2024-04-10,Technical Cyber Threat Incident,A spear-phishing campaign attributed to APT28 (Fancy Bear) targeted executives at a public port logistics hub. Weaponized PDF documents referencing fake regulatory audits delivered an infostealer payload harvesting domain credentials.,A spear-phishing campaign attributed to APT28 (Fancy Bear) targeted executives at a public port logistics hub. Weaponized PDF documents referencing fake regulatory audits delivered an infostealer payload harvesting domain credentials.,phishing_social_engineering,Phishing Social Engineering
eurepoc_201019,eurepoc,2024-04-10,Technical Cyber Threat Incident,"Adversaries gained unauthorized system access to a national railway operator by exploiting CVE-2023-4966. The intrusion compromised 615,000 user credentials, establishing persistent reverse shells across the internal DMZ.","Adversaries gained unauthorized system access to a national railway operator by exploiting CVE-2023-4966. The intrusion compromised 615,000 user credentials, establishing persistent reverse shells across the internal DMZ.",unauthorized_access_hacking,Unauthorized Access Hacking
eurepoc_201020,eurepoc,2024-04-10,Technical Cyber Threat Incident,"Adversaries gained unauthorized system access to a pharmaceutical research lab by exploiting CVE-2023-2868. The intrusion compromised 76,000 user credentials, establishing persistent reverse shells across the internal DMZ.","Adversaries gained unauthorized system access to a pharmaceutical research lab by exploiting CVE-2023-2868. The intrusion compromised 76,000 user credentials, establishing persistent reverse shells across the internal DMZ.",unauthorized_access_hacking,Unauthorized Access Hacking
eurepoc_201021,eurepoc,2024-04-10,Technical Cyber Threat Incident,"State-aligned threat group Cl0p breached a pharmaceutical research lab using stolen session tokens. Lateral movement was detected across multiple subnets, resulting in unauthorized exfiltration of sensitive telemetry.","State-aligned threat group Cl0p breached a pharmaceutical research lab using stolen session tokens. Lateral movement was detected across multiple subnets, resulting in unauthorized exfiltration of sensitive telemetry.",unauthorized_access_hacking,Unauthorized Access Hacking
eurepoc_201022,eurepoc,2024-04-10,Technical Cyber Threat Incident,"A sophisticated double-extortion ransomware campaign orchestrated by Volt Typhoon compromised the internal network of a government tax agency via compromised credentials. The actors exfiltrated 653GB of proprietary databases before deploying ransomware binaries. A ransom demand of $6,078K in Bitcoin was posted, threatening public leak on darknet forums.","A sophisticated double-extortion ransomware campaign orchestrated by Volt Typhoon compromised the internal network of a government tax agency via compromised credentials. The actors exfiltrated 653GB of proprietary databases before deploying ransomware binaries. A ransom demand of $6,078K in Bitcoin was posted, threatening public leak on darknet forums.",ransomware_extortion,Ransomware Extortion
eurepoc_201023,eurepoc,2024-04-10,Technical Cyber Threat Incident,"A persistent flood of HTTP/2 Rapid Reset requests disrupted the border gateway and online authentication servers of a power grid distributor, causing complete denial of service for 6 hours.","A persistent flood of HTTP/2 Rapid Reset requests disrupted the border gateway and online authentication servers of a power grid distributor, causing complete denial of service for 6 hours.",denial_of_service_disruption,Denial Of Service Disruption
eurepoc_201024,eurepoc,2024-04-10,Technical Cyber Threat Incident,"Threat group BlackCat (ALPHV) launched an extortion attack against a public port logistics hub. All virtual hypervisors and backup domains were encrypted. Negotiations demanded $8,737K within 48 hours to halt the auction of exfiltrated administrative files.","Threat group BlackCat (ALPHV) launched an extortion attack against a public port logistics hub. All virtual hypervisors and backup domains were encrypted. Negotiations demanded $8,737K within 48 hours to halt the auction of exfiltrated administrative files.",ransomware_extortion,Ransomware Extortion
eurepoc_201025,eurepoc,2024-04-10,Technical Cyber Threat Incident,"Threat group APT28 (Fancy Bear) launched an extortion attack against a telecommunications provider. All virtual hypervisors and backup domains were encrypted. Negotiations demanded $6,144K within 48 hours to halt the auction of exfiltrated administrative files.","Threat group APT28 (Fancy Bear) launched an extortion attack against a telecommunications provider. All virtual hypervisors and backup domains were encrypted. Negotiations demanded $6,144K within 48 hours to halt the auction of exfiltrated administrative files.",ransomware_extortion,Ransomware Extortion
eurepoc_201026,eurepoc,2024-04-10,Technical Cyber Threat Incident,"An unauthenticated cloud storage bucket maintained by a government tax agency was compromised by unauthorized third parties. Attackers accessed 23,000 confidential records and backend system credentials.","An unauthenticated cloud storage bucket maintained by a government tax agency was compromised by unauthorized third parties. Attackers accessed 23,000 confidential records and backend system credentials.",unauthorized_access_hacking,Unauthorized Access Hacking
eurepoc_201027,eurepoc,2024-04-10,Technical Cyber Threat Incident,"A persistent flood of HTTP/2 Rapid Reset requests disrupted the border gateway and online authentication servers of a pharmaceutical research lab, causing complete denial of service for 52 hours.","A persistent flood of HTTP/2 Rapid Reset requests disrupted the border gateway and online authentication servers of a pharmaceutical research lab, causing complete denial of service for 52 hours.",denial_of_service_disruption,Denial Of Service Disruption
eurepoc_201028,eurepoc,2024-04-10,Technical Cyber Threat Incident,"Employees at a pharmaceutical research lab received spoofed Microsoft 365 login requests. The Adversary-in-the-Middle (AiTM) proxy captured session cookies and bypassed MFA, facilitating unauthorized email forwarding rules.","Employees at a pharmaceutical research lab received spoofed Microsoft 365 login requests. The Adversary-in-the-Middle (AiTM) proxy captured session cookies and bypassed MFA, facilitating unauthorized email forwarding rules.",phishing_social_engineering,Phishing Social Engineering
eurepoc_201029,eurepoc,2024-04-10,Technical Cyber Threat Incident,A spear-phishing campaign attributed to Volt Typhoon targeted executives at a public port logistics hub. Weaponized PDF documents referencing fake regulatory audits delivered an infostealer payload harvesting domain credentials.,A spear-phishing campaign attributed to Volt Typhoon targeted executives at a public port logistics hub. Weaponized PDF documents referencing fake regulatory audits delivered an infostealer payload harvesting domain credentials.,phishing_social_engineering,Phishing Social Engineering
eurepoc_201030,eurepoc,2024-04-10,Technical Cyber Threat Incident,"Adversaries conducted destructive wiper malware and multi-vector Layer 7 DDoS attacks against a national railway operator. Web applications crashed under 39 million requests per second, knocking public services offline.","Adversaries conducted destructive wiper malware and multi-vector Layer 7 DDoS attacks against a national railway operator. Web applications crashed under 39 million requests per second, knocking public services offline.",denial_of_service_disruption,Denial Of Service Disruption
eurepoc_201031,eurepoc,2024-04-10,Technical Cyber Threat Incident,"Threat group LockBit 3.0 launched an extortion attack against a government tax agency. All virtual hypervisors and backup domains were encrypted. Negotiations demanded $3,191K within 48 hours to halt the auction of exfiltrated administrative files.","Threat group LockBit 3.0 launched an extortion attack against a government tax agency. All virtual hypervisors and backup domains were encrypted. Negotiations demanded $3,191K within 48 hours to halt the auction of exfiltrated administrative files.",ransomware_extortion,Ransomware Extortion
eurepoc_201032,eurepoc,2024-04-10,Technical Cyber Threat Incident,"An unauthenticated cloud storage bucket maintained by a pharmaceutical research lab was compromised by unauthorized third parties. Attackers accessed 426,000 confidential records and backend system credentials.","An unauthenticated cloud storage bucket maintained by a pharmaceutical research lab was compromised by unauthorized third parties. Attackers accessed 426,000 confidential records and backend system credentials.",unauthorized_access_hacking,Unauthorized Access Hacking
eurepoc_201033,eurepoc,2024-04-10,Technical Cyber Threat Incident,"Adversaries conducted destructive wiper malware and multi-vector Layer 7 DDoS attacks against a public port logistics hub. Web applications crashed under 80 million requests per second, knocking public services offline.","Adversaries conducted destructive wiper malware and multi-vector Layer 7 DDoS attacks against a public port logistics hub. Web applications crashed under 80 million requests per second, knocking public services offline.",denial_of_service_disruption,Denial Of Service Disruption
eurepoc_201034,eurepoc,2024-04-10,Technical Cyber Threat Incident,"A massive volumetric Distributed Denial of Service (DDoS) attack peaking at 2.98 Tbps targeted a government tax agency. The attack exploited an amplified DNS/UDP reflection vector through a global IoT botnet, resulting in 29 hours of total service outage.","A massive volumetric Distributed Denial of Service (DDoS) attack peaking at 2.98 Tbps targeted a government tax agency. The attack exploited an amplified DNS/UDP reflection vector through a global IoT botnet, resulting in 29 hours of total service outage.",denial_of_service_disruption,Denial Of Service Disruption
eurepoc_201035,eurepoc,2024-04-10,Technical Cyber Threat Incident,"An unauthenticated cloud storage bucket maintained by a commercial banking network was compromised by unauthorized third parties. Attackers accessed 103,000 confidential records and backend system credentials.","An unauthenticated cloud storage bucket maintained by a commercial banking network was compromised by unauthorized third parties. Attackers accessed 103,000 confidential records and backend system credentials.",unauthorized_access_hacking,Unauthorized Access Hacking
eurepoc_201036,eurepoc,2024-04-10,Technical Cyber Threat Incident,"Threat group BlackCat (ALPHV) launched an extortion attack against a commercial banking network. All virtual hypervisors and backup domains were encrypted. Negotiations demanded $2,321K within 48 hours to halt the auction of exfiltrated administrative files.","Threat group BlackCat (ALPHV) launched an extortion attack against a commercial banking network. All virtual hypervisors and backup domains were encrypted. Negotiations demanded $2,321K within 48 hours to halt the auction of exfiltrated administrative files.",ransomware_extortion,Ransomware Extortion
eurepoc_201037,eurepoc,2024-04-10,Technical Cyber Threat Incident,"Adversaries gained unauthorized system access to a commercial banking network by exploiting CVE-2023-20198. The intrusion compromised 681,000 user credentials, establishing persistent reverse shells across the internal DMZ.","Adversaries gained unauthorized system access to a commercial banking network by exploiting CVE-2023-20198. The intrusion compromised 681,000 user credentials, establishing persistent reverse shells across the internal DMZ.",unauthorized_access_hacking,Unauthorized Access Hacking
eurepoc_201038,eurepoc,2024-04-10,Technical Cyber Threat Incident,"A persistent flood of HTTP/2 Rapid Reset requests disrupted the border gateway and online authentication servers of a municipal water authority, causing complete denial of service for 8 hours.","A persistent flood of HTTP/2 Rapid Reset requests disrupted the border gateway and online authentication servers of a municipal water authority, causing complete denial of service for 8 hours.",denial_of_service_disruption,Denial Of Service Disruption
eurepoc_201039,eurepoc,2024-04-10,Technical Cyber Threat Incident,"A sophisticated double-extortion ransomware campaign orchestrated by BlackCat (ALPHV) compromised the internal network of a national railway operator via compromised credentials. The actors exfiltrated 690GB of proprietary databases before deploying ransomware binaries. A ransom demand of $6,017K in Bitcoin was posted, threatening public leak on darknet forums.","A sophisticated double-extortion ransomware campaign orchestrated by BlackCat (ALPHV) compromised the internal network of a national railway operator via compromised credentials. The actors exfiltrated 690GB of proprietary databases before deploying ransomware binaries. A ransom demand of $6,017K in Bitcoin was posted, threatening public leak on darknet forums.",ransomware_extortion,Ransomware Extortion
eurepoc_201040,eurepoc,2024-04-10,Technical Cyber Threat Incident,"A sophisticated double-extortion ransomware campaign orchestrated by LockBit 3.0 compromised the internal network of a municipal water authority via compromised credentials. The actors exfiltrated 651GB of proprietary databases before deploying ransomware binaries. A ransom demand of $1,758K in Bitcoin was posted, threatening public leak on darknet forums.","A sophisticated double-extortion ransomware campaign orchestrated by LockBit 3.0 compromised the internal network of a municipal water authority via compromised credentials. The actors exfiltrated 651GB of proprietary databases before deploying ransomware binaries. A ransom demand of $1,758K in Bitcoin was posted, threatening public leak on darknet forums.",ransomware_extortion,Ransomware Extortion
eurepoc_201041,eurepoc,2024-04-10,Technical Cyber Threat Incident,"State-aligned threat group LockBit 3.0 breached a aerospace defense contractor using stolen session tokens. Lateral movement was detected across multiple subnets, resulting in unauthorized exfiltration of sensitive telemetry.","State-aligned threat group LockBit 3.0 breached a aerospace defense contractor using stolen session tokens. Lateral movement was detected across multiple subnets, resulting in unauthorized exfiltration of sensitive telemetry.",unauthorized_access_hacking,Unauthorized Access Hacking
eurepoc_201042,eurepoc,2024-04-10,Technical Cyber Threat Incident,"Attackers distributed phishing lures disguised as urgent software patch advisories to personnel at a pharmaceutical research lab, leading to payload execution and credential compromise.","Attackers distributed phishing lures disguised as urgent software patch advisories to personnel at a pharmaceutical research lab, leading to payload execution and credential compromise.",phishing_social_engineering,Phishing Social Engineering
eurepoc_201043,eurepoc,2024-04-10,Technical Cyber Threat Incident,"Adversaries gained unauthorized system access to a regional healthcare facility by exploiting CVE-2023-2868. The intrusion compromised 379,000 user credentials, establishing persistent reverse shells across the internal DMZ.","Adversaries gained unauthorized system access to a regional healthcare facility by exploiting CVE-2023-2868. The intrusion compromised 379,000 user credentials, establishing persistent reverse shells across the internal DMZ.",unauthorized_access_hacking,Unauthorized Access Hacking
eurepoc_201044,eurepoc,2024-04-10,Technical Cyber Threat Incident,"Threat group Volt Typhoon launched an extortion attack against a municipal water authority. All virtual hypervisors and backup domains were encrypted. Negotiations demanded $3,958K within 48 hours to halt the auction of exfiltrated administrative files.","Threat group Volt Typhoon launched an extortion attack against a municipal water authority. All virtual hypervisors and backup domains were encrypted. Negotiations demanded $3,958K within 48 hours to halt the auction of exfiltrated administrative files.",ransomware_extortion,Ransomware Extortion
eurepoc_201045,eurepoc,2024-04-10,Technical Cyber Threat Incident,A spear-phishing campaign attributed to Lazarus Group targeted executives at a pharmaceutical research lab. Weaponized PDF documents referencing fake regulatory audits delivered an infostealer payload harvesting domain credentials.,A spear-phishing campaign attributed to Lazarus Group targeted executives at a pharmaceutical research lab. Weaponized PDF documents referencing fake regulatory audits delivered an infostealer payload harvesting domain credentials.,phishing_social_engineering,Phishing Social Engineering
eurepoc_201046,eurepoc,2024-04-10,Technical Cyber Threat Incident,"Adversaries gained unauthorized system access to a power grid distributor by exploiting CVE-2024-1709. The intrusion compromised 64,000 user credentials, establishing persistent reverse shells across the internal DMZ.","Adversaries gained unauthorized system access to a power grid distributor by exploiting CVE-2024-1709. The intrusion compromised 64,000 user credentials, establishing persistent reverse shells across the internal DMZ.",unauthorized_access_hacking,Unauthorized Access Hacking
eurepoc_201047,eurepoc,2024-04-10,Technical Cyber Threat Incident,"Adversaries conducted destructive wiper malware and multi-vector Layer 7 DDoS attacks against a telecommunications provider. Web applications crashed under 33 million requests per second, knocking public services offline.","Adversaries conducted destructive wiper malware and multi-vector Layer 7 DDoS attacks against a telecommunications provider. Web applications crashed under 33 million requests per second, knocking public services offline.",denial_of_service_disruption,Denial Of Service Disruption
eurepoc_201048,eurepoc,2024-04-10,Technical Cyber Threat Incident,"Threat group LockBit 3.0 launched an extortion attack against a municipal water authority. All virtual hypervisors and backup domains were encrypted. Negotiations demanded $4,480K within 48 hours to halt the auction of exfiltrated administrative files.","Threat group LockBit 3.0 launched an extortion attack against a municipal water authority. All virtual hypervisors and backup domains were encrypted. Negotiations demanded $4,480K within 48 hours to halt the auction of exfiltrated administrative files.",ransomware_extortion,Ransomware Extortion
eurepoc_201049,eurepoc,2024-04-10,Technical Cyber Threat Incident,"Employees at a national railway operator received spoofed Microsoft 365 login requests. The Adversary-in-the-Middle (AiTM) proxy captured session cookies and bypassed MFA, facilitating unauthorized email forwarding rules.","Employees at a national railway operator received spoofed Microsoft 365 login requests. The Adversary-in-the-Middle (AiTM) proxy captured session cookies and bypassed MFA, facilitating unauthorized email forwarding rules.",phishing_social_engineering,Phishing Social Engineering
eurepoc_201050,eurepoc,2024-04-10,Technical Cyber Threat Incident,"State-aligned threat group BlackCat (ALPHV) breached a telecommunications provider using stolen session tokens. Lateral movement was detected across multiple subnets, resulting in unauthorized exfiltration of sensitive telemetry.","State-aligned threat group BlackCat (ALPHV) breached a telecommunications provider using stolen session tokens. Lateral movement was detected across multiple subnets, resulting in unauthorized exfiltration of sensitive telemetry.",unauthorized_access_hacking,Unauthorized Access Hacking
eurepoc_201051,eurepoc,2024-04-10,Technical Cyber Threat Incident,"Attackers distributed phishing lures disguised as urgent software patch advisories to personnel at a public port logistics hub, leading to payload execution and credential compromise.","Attackers distributed phishing lures disguised as urgent software patch advisories to personnel at a public port logistics hub, leading to payload execution and credential compromise.",phishing_social_engineering,Phishing Social Engineering
eurepoc_201052,eurepoc,2024-04-10,Technical Cyber Threat Incident,A spear-phishing campaign attributed to Volt Typhoon targeted executives at a municipal water authority. Weaponized PDF documents referencing fake regulatory audits delivered an infostealer payload harvesting domain credentials.,A spear-phishing campaign attributed to Volt Typhoon targeted executives at a municipal water authority. Weaponized PDF documents referencing fake regulatory audits delivered an infostealer payload harvesting domain credentials.,phishing_social_engineering,Phishing Social Engineering
eurepoc_201053,eurepoc,2024-04-10,Technical Cyber Threat Incident,"A critical ransomware outbreak hit a aerospace defense contractor. Operators weaponized vulnerability CVE-2023-20198 in perimeter firewalls to establish persistent C2 access. File systems were encrypted and volume shadow copies destroyed. The extortion group demanded $8,277K for decryption tools.","A critical ransomware outbreak hit a aerospace defense contractor. Operators weaponized vulnerability CVE-2023-20198 in perimeter firewalls to establish persistent C2 access. File systems were encrypted and volume shadow copies destroyed. The extortion group demanded $8,277K for decryption tools.",ransomware_extortion,Ransomware Extortion
eurepoc_201054,eurepoc,2024-04-10,Technical Cyber Threat Incident,"A sophisticated double-extortion ransomware campaign orchestrated by APT28 (Fancy Bear) compromised the internal network of a municipal water authority via compromised credentials. The actors exfiltrated 624GB of proprietary databases before deploying ransomware binaries. A ransom demand of $4,243K in Bitcoin was posted, threatening public leak on darknet forums.","A sophisticated double-extortion ransomware campaign orchestrated by APT28 (Fancy Bear) compromised the internal network of a municipal water authority via compromised credentials. The actors exfiltrated 624GB of proprietary databases before deploying ransomware binaries. A ransom demand of $4,243K in Bitcoin was posted, threatening public leak on darknet forums.",ransomware_extortion,Ransomware Extortion
eurepoc_201055,eurepoc,2024-04-10,Technical Cyber Threat Incident,"A critical ransomware outbreak hit a government tax agency. Operators weaponized vulnerability CVE-2023-20198 in perimeter firewalls to establish persistent C2 access. File systems were encrypted and volume shadow copies destroyed. The extortion group demanded $3,842K for decryption tools.","A critical ransomware outbreak hit a government tax agency. Operators weaponized vulnerability CVE-2023-20198 in perimeter firewalls to establish persistent C2 access. File systems were encrypted and volume shadow copies destroyed. The extortion group demanded $3,842K for decryption tools.",ransomware_extortion,Ransomware Extortion
eurepoc_201056,eurepoc,2024-04-10,Technical Cyber Threat Incident,"A massive volumetric Distributed Denial of Service (DDoS) attack peaking at 1.91 Tbps targeted a national railway operator. The attack exploited an amplified DNS/UDP reflection vector through a global IoT botnet, resulting in 42 hours of total service outage.","A massive volumetric Distributed Denial of Service (DDoS) attack peaking at 1.91 Tbps targeted a national railway operator. The attack exploited an amplified DNS/UDP reflection vector through a global IoT botnet, resulting in 42 hours of total service outage.",denial_of_service_disruption,Denial Of Service Disruption
eurepoc_201057,eurepoc,2024-04-10,Technical Cyber Threat Incident,"A persistent flood of HTTP/2 Rapid Reset requests disrupted the border gateway and online authentication servers of a telecommunications provider, causing complete denial of service for 27 hours.","A persistent flood of HTTP/2 Rapid Reset requests disrupted the border gateway and online authentication servers of a telecommunications provider, causing complete denial of service for 27 hours.",denial_of_service_disruption,Denial Of Service Disruption
eurepoc_201058,eurepoc,2024-04-10,Technical Cyber Threat Incident,"Adversaries conducted destructive wiper malware and multi-vector Layer 7 DDoS attacks against a pharmaceutical research lab. Web applications crashed under 89 million requests per second, knocking public services offline.","Adversaries conducted destructive wiper malware and multi-vector Layer 7 DDoS attacks against a pharmaceutical research lab. Web applications crashed under 89 million requests per second, knocking public services offline.",denial_of_service_disruption,Denial Of Service Disruption
eurepoc_201059,eurepoc,2024-04-10,Technical Cyber Threat Incident,"Threat group Sandworm launched an extortion attack against a public port logistics hub. All virtual hypervisors and backup domains were encrypted. Negotiations demanded $4,484K within 48 hours to halt the auction of exfiltrated administrative files.","Threat group Sandworm launched an extortion attack against a public port logistics hub. All virtual hypervisors and backup domains were encrypted. Negotiations demanded $4,484K within 48 hours to halt the auction of exfiltrated administrative files.",ransomware_extortion,Ransomware Extortion
eurepoc_201060,eurepoc,2024-04-10,Technical Cyber Threat Incident,"A critical ransomware outbreak hit a public port logistics hub. Operators weaponized vulnerability CVE-2023-34362 in perimeter firewalls to establish persistent C2 access. File systems were encrypted and volume shadow copies destroyed. The extortion group demanded $5,599K for decryption tools.","A critical ransomware outbreak hit a public port logistics hub. Operators weaponized vulnerability CVE-2023-34362 in perimeter firewalls to establish persistent C2 access. File systems were encrypted and volume shadow copies destroyed. The extortion group demanded $5,599K for decryption tools.",ransomware_extortion,Ransomware Extortion
eurepoc_201061,eurepoc,2024-04-10,Technical Cyber Threat Incident,"Adversaries conducted destructive wiper malware and multi-vector Layer 7 DDoS attacks against a government tax agency. Web applications crashed under 71 million requests per second, knocking public services offline.","Adversaries conducted destructive wiper malware and multi-vector Layer 7 DDoS attacks against a government tax agency. Web applications crashed under 71 million requests per second, knocking public services offline.",denial_of_service_disruption,Denial Of Service Disruption
eurepoc_201062,eurepoc,2024-04-10,Technical Cyber Threat Incident,"A massive volumetric Distributed Denial of Service (DDoS) attack peaking at 1.31 Tbps targeted a commercial banking network. The attack exploited an amplified DNS/UDP reflection vector through a global IoT botnet, resulting in 21 hours of total service outage.","A massive volumetric Distributed Denial of Service (DDoS) attack peaking at 1.31 Tbps targeted a commercial banking network. The attack exploited an amplified DNS/UDP reflection vector through a global IoT botnet, resulting in 21 hours of total service outage.",denial_of_service_disruption,Denial Of Service Disruption
eurepoc_201063,eurepoc,2024-04-10,Technical Cyber Threat Incident,"An unauthenticated cloud storage bucket maintained by a commercial banking network was compromised by unauthorized third parties. Attackers accessed 241,000 confidential records and backend system credentials.","An unauthenticated cloud storage bucket maintained by a commercial banking network was compromised by unauthorized third parties. Attackers accessed 241,000 confidential records and backend system credentials.",unauthorized_access_hacking,Unauthorized Access Hacking
eurepoc_201064,eurepoc,2024-04-10,Technical Cyber Threat Incident,"A critical ransomware outbreak hit a power grid distributor. Operators weaponized vulnerability CVE-2023-2868 in perimeter firewalls to establish persistent C2 access. File systems were encrypted and volume shadow copies destroyed. The extortion group demanded $4,777K for decryption tools.","A critical ransomware outbreak hit a power grid distributor. Operators weaponized vulnerability CVE-2023-2868 in perimeter firewalls to establish persistent C2 access. File systems were encrypted and volume shadow copies destroyed. The extortion group demanded $4,777K for decryption tools.",ransomware_extortion,Ransomware Extortion
eurepoc_201065,eurepoc,2024-04-10,Technical Cyber Threat Incident,"State-aligned threat group LockBit 3.0 breached a aerospace defense contractor using stolen session tokens. Lateral movement was detected across multiple subnets, resulting in unauthorized exfiltration of sensitive telemetry.","State-aligned threat group LockBit 3.0 breached a aerospace defense contractor using stolen session tokens. Lateral movement was detected across multiple subnets, resulting in unauthorized exfiltration of sensitive telemetry.",unauthorized_access_hacking,Unauthorized Access Hacking
eurepoc_201066,eurepoc,2024-04-10,Technical Cyber Threat Incident,"A sophisticated double-extortion ransomware campaign orchestrated by APT28 (Fancy Bear) compromised the internal network of a government tax agency via compromised credentials. The actors exfiltrated 918GB of proprietary databases before deploying ransomware binaries. A ransom demand of $6,915K in Bitcoin was posted, threatening public leak on darknet forums.","A sophisticated double-extortion ransomware campaign orchestrated by APT28 (Fancy Bear) compromised the internal network of a government tax agency via compromised credentials. The actors exfiltrated 918GB of proprietary databases before deploying ransomware binaries. A ransom demand of $6,915K in Bitcoin was posted, threatening public leak on darknet forums.",ransomware_extortion,Ransomware Extortion
eurepoc_201067,eurepoc,2024-04-10,Technical Cyber Threat Incident,"A massive volumetric Distributed Denial of Service (DDoS) attack peaking at 1.48 Tbps targeted a regional healthcare facility. The attack exploited an amplified DNS/UDP reflection vector through a global IoT botnet, resulting in 51 hours of total service outage.","A massive volumetric Distributed Denial of Service (DDoS) attack peaking at 1.48 Tbps targeted a regional healthcare facility. The attack exploited an amplified DNS/UDP reflection vector through a global IoT botnet, resulting in 51 hours of total service outage.",denial_of_service_disruption,Denial Of Service Disruption
eurepoc_201068,eurepoc,2024-04-10,Technical Cyber Threat Incident,"Attackers distributed phishing lures disguised as urgent software patch advisories to personnel at a aerospace defense contractor, leading to payload execution and credential compromise.","Attackers distributed phishing lures disguised as urgent software patch advisories to personnel at a aerospace defense contractor, leading to payload execution and credential compromise.",phishing_social_engineering,Phishing Social Engineering
eurepoc_201069,eurepoc,2024-04-10,Technical Cyber Threat Incident,"A sophisticated double-extortion ransomware campaign orchestrated by Volt Typhoon compromised the internal network of a power grid distributor via compromised credentials. The actors exfiltrated 234GB of proprietary databases before deploying ransomware binaries. A ransom demand of $8,268K in Bitcoin was posted, threatening public leak on darknet forums.","A sophisticated double-extortion ransomware campaign orchestrated by Volt Typhoon compromised the internal network of a power grid distributor via compromised credentials. The actors exfiltrated 234GB of proprietary databases before deploying ransomware binaries. A ransom demand of $8,268K in Bitcoin was posted, threatening public leak on darknet forums.",ransomware_extortion,Ransomware Extortion
eurepoc_201070,eurepoc,2024-04-10,Technical Cyber Threat Incident,"A persistent flood of HTTP/2 Rapid Reset requests disrupted the border gateway and online authentication servers of a government tax agency, causing complete denial of service for 53 hours.","A persistent flood of HTTP/2 Rapid Reset requests disrupted the border gateway and online authentication servers of a government tax agency, causing complete denial of service for 53 hours.",denial_of_service_disruption,Denial Of Service Disruption
eurepoc_201071,eurepoc,2024-04-10,Technical Cyber Threat Incident,"A critical ransomware outbreak hit a power grid distributor. Operators weaponized vulnerability CVE-2023-34362 in perimeter firewalls to establish persistent C2 access. File systems were encrypted and volume shadow copies destroyed. The extortion group demanded $5,036K for decryption tools.","A critical ransomware outbreak hit a power grid distributor. Operators weaponized vulnerability CVE-2023-34362 in perimeter firewalls to establish persistent C2 access. File systems were encrypted and volume shadow copies destroyed. The extortion group demanded $5,036K for decryption tools.",ransomware_extortion,Ransomware Extortion
eurepoc_201072,eurepoc,2024-04-10,Technical Cyber Threat Incident,"A critical ransomware outbreak hit a government tax agency. Operators weaponized vulnerability CVE-2023-2868 in perimeter firewalls to establish persistent C2 access. File systems were encrypted and volume shadow copies destroyed. The extortion group demanded $7,319K for decryption tools.","A critical ransomware outbreak hit a government tax agency. Operators weaponized vulnerability CVE-2023-2868 in perimeter firewalls to establish persistent C2 access. File systems were encrypted and volume shadow copies destroyed. The extortion group demanded $7,319K for decryption tools.",ransomware_extortion,Ransomware Extortion
eurepoc_201073,eurepoc,2024-04-10,Technical Cyber Threat Incident,"An unauthenticated cloud storage bucket maintained by a regional healthcare facility was compromised by unauthorized third parties. Attackers accessed 621,000 confidential records and backend system credentials.","An unauthenticated cloud storage bucket maintained by a regional healthcare facility was compromised by unauthorized third parties. Attackers accessed 621,000 confidential records and backend system credentials.",unauthorized_access_hacking,Unauthorized Access Hacking
eurepoc_201074,eurepoc,2024-04-10,Technical Cyber Threat Incident,"Adversaries conducted destructive wiper malware and multi-vector Layer 7 DDoS attacks against a government tax agency. Web applications crashed under 33 million requests per second, knocking public services offline.","Adversaries conducted destructive wiper malware and multi-vector Layer 7 DDoS attacks against a government tax agency. Web applications crashed under 33 million requests per second, knocking public services offline.",denial_of_service_disruption,Denial Of Service Disruption
eurepoc_201075,eurepoc,2024-04-10,Technical Cyber Threat Incident,"A sophisticated double-extortion ransomware campaign orchestrated by APT28 (Fancy Bear) compromised the internal network of a regional healthcare facility via compromised credentials. The actors exfiltrated 407GB of proprietary databases before deploying ransomware binaries. A ransom demand of $5,605K in Bitcoin was posted, threatening public leak on darknet forums.","A sophisticated double-extortion ransomware campaign orchestrated by APT28 (Fancy Bear) compromised the internal network of a regional healthcare facility via compromised credentials. The actors exfiltrated 407GB of proprietary databases before deploying ransomware binaries. A ransom demand of $5,605K in Bitcoin was posted, threatening public leak on darknet forums.",ransomware_extortion,Ransomware Extortion
eurepoc_201076,eurepoc,2024-04-10,Technical Cyber Threat Incident,"A sophisticated double-extortion ransomware campaign orchestrated by Akira compromised the internal network of a municipal water authority via compromised credentials. The actors exfiltrated 752GB of proprietary databases before deploying ransomware binaries. A ransom demand of $4,243K in Bitcoin was posted, threatening public leak on darknet forums.","A sophisticated double-extortion ransomware campaign orchestrated by Akira compromised the internal network of a municipal water authority via compromised credentials. The actors exfiltrated 752GB of proprietary databases before deploying ransomware binaries. A ransom demand of $4,243K in Bitcoin was posted, threatening public leak on darknet forums.",ransomware_extortion,Ransomware Extortion
eurepoc_201077,eurepoc,2024-04-10,Technical Cyber Threat Incident,"Adversaries gained unauthorized system access to a aerospace defense contractor by exploiting CVE-2023-20198. The intrusion compromised 463,000 user credentials, establishing persistent reverse shells across the internal DMZ.","Adversaries gained unauthorized system access to a aerospace defense contractor by exploiting CVE-2023-20198. The intrusion compromised 463,000 user credentials, establishing persistent reverse shells across the internal DMZ.",unauthorized_access_hacking,Unauthorized Access Hacking
eurepoc_201078,eurepoc,2024-04-10,Technical Cyber Threat Incident,"State-aligned threat group Lazarus Group breached a aerospace defense contractor using stolen session tokens. Lateral movement was detected across multiple subnets, resulting in unauthorized exfiltration of sensitive telemetry.","State-aligned threat group Lazarus Group breached a aerospace defense contractor using stolen session tokens. Lateral movement was detected across multiple subnets, resulting in unauthorized exfiltration of sensitive telemetry.",unauthorized_access_hacking,Unauthorized Access Hacking
eurepoc_201079,eurepoc,2024-04-10,Technical Cyber Threat Incident,"Adversaries conducted destructive wiper malware and multi-vector Layer 7 DDoS attacks against a commercial banking network. Web applications crashed under 50 million requests per second, knocking public services offline.","Adversaries conducted destructive wiper malware and multi-vector Layer 7 DDoS attacks against a commercial banking network. Web applications crashed under 50 million requests per second, knocking public services offline.",denial_of_service_disruption,Denial Of Service Disruption
eurepoc_201080,eurepoc,2024-04-10,Technical Cyber Threat Incident,"Employees at a regional healthcare facility received spoofed Microsoft 365 login requests. The Adversary-in-the-Middle (AiTM) proxy captured session cookies and bypassed MFA, facilitating unauthorized email forwarding rules.","Employees at a regional healthcare facility received spoofed Microsoft 365 login requests. The Adversary-in-the-Middle (AiTM) proxy captured session cookies and bypassed MFA, facilitating unauthorized email forwarding rules.",phishing_social_engineering,Phishing Social Engineering
eurepoc_201081,eurepoc,2024-04-10,Technical Cyber Threat Incident,"Adversaries conducted destructive wiper malware and multi-vector Layer 7 DDoS attacks against a regional healthcare facility. Web applications crashed under 36 million requests per second, knocking public services offline.","Adversaries conducted destructive wiper malware and multi-vector Layer 7 DDoS attacks against a regional healthcare facility. Web applications crashed under 36 million requests per second, knocking public services offline.",denial_of_service_disruption,Denial Of Service Disruption
eurepoc_201082,eurepoc,2024-04-10,Technical Cyber Threat Incident,"A critical ransomware outbreak hit a aerospace defense contractor. Operators weaponized vulnerability CVE-2023-34362 in perimeter firewalls to establish persistent C2 access. File systems were encrypted and volume shadow copies destroyed. The extortion group demanded $1,248K for decryption tools.","A critical ransomware outbreak hit a aerospace defense contractor. Operators weaponized vulnerability CVE-2023-34362 in perimeter firewalls to establish persistent C2 access. File systems were encrypted and volume shadow copies destroyed. The extortion group demanded $1,248K for decryption tools.",ransomware_extortion,Ransomware Extortion
eurepoc_201083,eurepoc,2024-04-10,Technical Cyber Threat Incident,"A critical ransomware outbreak hit a regional healthcare facility. Operators weaponized vulnerability CVE-2023-2868 in perimeter firewalls to establish persistent C2 access. File systems were encrypted and volume shadow copies destroyed. The extortion group demanded $6,560K for decryption tools.","A critical ransomware outbreak hit a regional healthcare facility. Operators weaponized vulnerability CVE-2023-2868 in perimeter firewalls to establish persistent C2 access. File systems were encrypted and volume shadow copies destroyed. The extortion group demanded $6,560K for decryption tools.",ransomware_extortion,Ransomware Extortion
eurepoc_201084,eurepoc,2024-04-10,Technical Cyber Threat Incident,"Employees at a power grid distributor received spoofed Microsoft 365 login requests. The Adversary-in-the-Middle (AiTM) proxy captured session cookies and bypassed MFA, facilitating unauthorized email forwarding rules.","Employees at a power grid distributor received spoofed Microsoft 365 login requests. The Adversary-in-the-Middle (AiTM) proxy captured session cookies and bypassed MFA, facilitating unauthorized email forwarding rules.",phishing_social_engineering,Phishing Social Engineering
eurepoc_201085,eurepoc,2024-04-10,Technical Cyber Threat Incident,"Adversaries conducted destructive wiper malware and multi-vector Layer 7 DDoS attacks against a power grid distributor. Web applications crashed under 84 million requests per second, knocking public services offline.","Adversaries conducted destructive wiper malware and multi-vector Layer 7 DDoS attacks against a power grid distributor. Web applications crashed under 84 million requests per second, knocking public services offline.",denial_of_service_disruption,Denial Of Service Disruption
eurepoc_201086,eurepoc,2024-04-10,Technical Cyber Threat Incident,"A sophisticated double-extortion ransomware campaign orchestrated by Lazarus Group compromised the internal network of a government tax agency via compromised credentials. The actors exfiltrated 500GB of proprietary databases before deploying ransomware binaries. A ransom demand of $3,887K in Bitcoin was posted, threatening public leak on darknet forums.","A sophisticated double-extortion ransomware campaign orchestrated by Lazarus Group compromised the internal network of a government tax agency via compromised credentials. The actors exfiltrated 500GB of proprietary databases before deploying ransomware binaries. A ransom demand of $3,887K in Bitcoin was posted, threatening public leak on darknet forums.",ransomware_extortion,Ransomware Extortion
eurepoc_201087,eurepoc,2024-04-10,Technical Cyber Threat Incident,"A critical ransomware outbreak hit a public port logistics hub. Operators weaponized vulnerability CVE-2023-2868 in perimeter firewalls to establish persistent C2 access. File systems were encrypted and volume shadow copies destroyed. The extortion group demanded $5,237K for decryption tools.","A critical ransomware outbreak hit a public port logistics hub. Operators weaponized vulnerability CVE-2023-2868 in perimeter firewalls to establish persistent C2 access. File systems were encrypted and volume shadow copies destroyed. The extortion group demanded $5,237K for decryption tools.",ransomware_extortion,Ransomware Extortion
eurepoc_201088,eurepoc,2024-04-10,Technical Cyber Threat Incident,"A massive volumetric Distributed Denial of Service (DDoS) attack peaking at 2.68 Tbps targeted a government tax agency. The attack exploited an amplified DNS/UDP reflection vector through a global IoT botnet, resulting in 5 hours of total service outage.","A massive volumetric Distributed Denial of Service (DDoS) attack peaking at 2.68 Tbps targeted a government tax agency. The attack exploited an amplified DNS/UDP reflection vector through a global IoT botnet, resulting in 5 hours of total service outage.",denial_of_service_disruption,Denial Of Service Disruption
eurepoc_201089,eurepoc,2024-04-10,Technical Cyber Threat Incident,"A critical ransomware outbreak hit a aerospace defense contractor. Operators weaponized vulnerability CVE-2023-20198 in perimeter firewalls to establish persistent C2 access. File systems were encrypted and volume shadow copies destroyed. The extortion group demanded $2,297K for decryption tools.","A critical ransomware outbreak hit a aerospace defense contractor. Operators weaponized vulnerability CVE-2023-20198 in perimeter firewalls to establish persistent C2 access. File systems were encrypted and volume shadow copies destroyed. The extortion group demanded $2,297K for decryption tools.",ransomware_extortion,Ransomware Extortion
eurepoc_201090,eurepoc,2024-04-10,Technical Cyber Threat Incident,"Adversaries gained unauthorized system access to a municipal water authority by exploiting CVE-2023-4966. The intrusion compromised 639,000 user credentials, establishing persistent reverse shells across the internal DMZ.","Adversaries gained unauthorized system access to a municipal water authority by exploiting CVE-2023-4966. The intrusion compromised 639,000 user credentials, establishing persistent reverse shells across the internal DMZ.",unauthorized_access_hacking,Unauthorized Access Hacking
eurepoc_201091,eurepoc,2024-04-10,Technical Cyber Threat Incident,"A critical ransomware outbreak hit a telecommunications provider. Operators weaponized vulnerability CVE-2023-2868 in perimeter firewalls to establish persistent C2 access. File systems were encrypted and volume shadow copies destroyed. The extortion group demanded $3,318K for decryption tools.","A critical ransomware outbreak hit a telecommunications provider. Operators weaponized vulnerability CVE-2023-2868 in perimeter firewalls to establish persistent C2 access. File systems were encrypted and volume shadow copies destroyed. The extortion group demanded $3,318K for decryption tools.",ransomware_extortion,Ransomware Extortion
eurepoc_201092,eurepoc,2024-04-10,Technical Cyber Threat Incident,"A sophisticated double-extortion ransomware campaign orchestrated by Akira compromised the internal network of a telecommunications provider via compromised credentials. The actors exfiltrated 75GB of proprietary databases before deploying ransomware binaries. A ransom demand of $2,457K in Bitcoin was posted, threatening public leak on darknet forums.","A sophisticated double-extortion ransomware campaign orchestrated by Akira compromised the internal network of a telecommunications provider via compromised credentials. The actors exfiltrated 75GB of proprietary databases before deploying ransomware binaries. A ransom demand of $2,457K in Bitcoin was posted, threatening public leak on darknet forums.",ransomware_extortion,Ransomware Extortion
eurepoc_201093,eurepoc,2024-04-10,Technical Cyber Threat Incident,"Adversaries conducted destructive wiper malware and multi-vector Layer 7 DDoS attacks against a municipal water authority. Web applications crashed under 86 million requests per second, knocking public services offline.","Adversaries conducted destructive wiper malware and multi-vector Layer 7 DDoS attacks against a municipal water authority. Web applications crashed under 86 million requests per second, knocking public services offline.",denial_of_service_disruption,Denial Of Service Disruption
eurepoc_201094,eurepoc,2024-04-10,Technical Cyber Threat Incident,"A sophisticated double-extortion ransomware campaign orchestrated by Akira compromised the internal network of a municipal water authority via compromised credentials. The actors exfiltrated 903GB of proprietary databases before deploying ransomware binaries. A ransom demand of $5,828K in Bitcoin was posted, threatening public leak on darknet forums.","A sophisticated double-extortion ransomware campaign orchestrated by Akira compromised the internal network of a municipal water authority via compromised credentials. The actors exfiltrated 903GB of proprietary databases before deploying ransomware binaries. A ransom demand of $5,828K in Bitcoin was posted, threatening public leak on darknet forums.",ransomware_extortion,Ransomware Extortion
eurepoc_201095,eurepoc,2024-04-10,Technical Cyber Threat Incident,"Threat group Sandworm launched an extortion attack against a telecommunications provider. All virtual hypervisors and backup domains were encrypted. Negotiations demanded $7,381K within 48 hours to halt the auction of exfiltrated administrative files.","Threat group Sandworm launched an extortion attack against a telecommunications provider. All virtual hypervisors and backup domains were encrypted. Negotiations demanded $7,381K within 48 hours to halt the auction of exfiltrated administrative files.",ransomware_extortion,Ransomware Extortion
eurepoc_201096,eurepoc,2024-04-10,Technical Cyber Threat Incident,"A sophisticated double-extortion ransomware campaign orchestrated by BlackCat (ALPHV) compromised the internal network of a government tax agency via compromised credentials. The actors exfiltrated 88GB of proprietary databases before deploying ransomware binaries. A ransom demand of $6,844K in Bitcoin was posted, threatening public leak on darknet forums.","A sophisticated double-extortion ransomware campaign orchestrated by BlackCat (ALPHV) compromised the internal network of a government tax agency via compromised credentials. The actors exfiltrated 88GB of proprietary databases before deploying ransomware binaries. A ransom demand of $6,844K in Bitcoin was posted, threatening public leak on darknet forums.",ransomware_extortion,Ransomware Extortion
eurepoc_201097,eurepoc,2024-04-10,Technical Cyber Threat Incident,"A sophisticated double-extortion ransomware campaign orchestrated by Cl0p compromised the internal network of a power grid distributor via compromised credentials. The actors exfiltrated 521GB of proprietary databases before deploying ransomware binaries. A ransom demand of $6,135K in Bitcoin was posted, threatening public leak on darknet forums.","A sophisticated double-extortion ransomware campaign orchestrated by Cl0p compromised the internal network of a power grid distributor via compromised credentials. The actors exfiltrated 521GB of proprietary databases before deploying ransomware binaries. A ransom demand of $6,135K in Bitcoin was posted, threatening public leak on darknet forums.",ransomware_extortion,Ransomware Extortion
eurepoc_201098,eurepoc,2024-04-10,Technical Cyber Threat Incident,"A sophisticated double-extortion ransomware campaign orchestrated by Volt Typhoon compromised the internal network of a municipal water authority via compromised credentials. The actors exfiltrated 732GB of proprietary databases before deploying ransomware binaries. A ransom demand of $7,135K in Bitcoin was posted, threatening public leak on darknet forums.","A sophisticated double-extortion ransomware campaign orchestrated by Volt Typhoon compromised the internal network of a municipal water authority via compromised credentials. The actors exfiltrated 732GB of proprietary databases before deploying ransomware binaries. A ransom demand of $7,135K in Bitcoin was posted, threatening public leak on darknet forums.",ransomware_extortion,Ransomware Extortion
eurepoc_201099,eurepoc,2024-04-10,Technical Cyber Threat Incident,"Threat group Cl0p launched an extortion attack against a municipal water authority. All virtual hypervisors and backup domains were encrypted. Negotiations demanded $4,228K within 48 hours to halt the auction of exfiltrated administrative files.","Threat group Cl0p launched an extortion attack against a municipal water authority. All virtual hypervisors and backup domains were encrypted. Negotiations demanded $4,228K within 48 hours to halt the auction of exfiltrated administrative files.",ransomware_extortion,Ransomware Extortion
eurepoc_201100,eurepoc,2024-04-10,Technical Cyber Threat Incident,"An unauthenticated cloud storage bucket maintained by a aerospace defense contractor was compromised by unauthorized third parties. Attackers accessed 281,000 confidential records and backend system credentials.","An unauthenticated cloud storage bucket maintained by a aerospace defense contractor was compromised by unauthorized third parties. Attackers accessed 281,000 confidential records and backend system credentials.",unauthorized_access_hacking,Unauthorized Access Hacking
eurepoc_201101,eurepoc,2024-04-10,Technical Cyber Threat Incident,"Employees at a public port logistics hub received spoofed Microsoft 365 login requests. The Adversary-in-the-Middle (AiTM) proxy captured session cookies and bypassed MFA, facilitating unauthorized email forwarding rules.","Employees at a public port logistics hub received spoofed Microsoft 365 login requests. The Adversary-in-the-Middle (AiTM) proxy captured session cookies and bypassed MFA, facilitating unauthorized email forwarding rules.",phishing_social_engineering,Phishing Social Engineering
eurepoc_201102,eurepoc,2024-04-10,Technical Cyber Threat Incident,"State-aligned threat group BlackCat (ALPHV) breached a commercial banking network using stolen session tokens. Lateral movement was detected across multiple subnets, resulting in unauthorized exfiltration of sensitive telemetry.","State-aligned threat group BlackCat (ALPHV) breached a commercial banking network using stolen session tokens. Lateral movement was detected across multiple subnets, resulting in unauthorized exfiltration of sensitive telemetry.",unauthorized_access_hacking,Unauthorized Access Hacking
eurepoc_201103,eurepoc,2024-04-10,Technical Cyber Threat Incident,"A massive volumetric Distributed Denial of Service (DDoS) attack peaking at 2.01 Tbps targeted a pharmaceutical research lab. The attack exploited an amplified DNS/UDP reflection vector through a global IoT botnet, resulting in 31 hours of total service outage.","A massive volumetric Distributed Denial of Service (DDoS) attack peaking at 2.01 Tbps targeted a pharmaceutical research lab. The attack exploited an amplified DNS/UDP reflection vector through a global IoT botnet, resulting in 31 hours of total service outage.",denial_of_service_disruption,Denial Of Service Disruption
eurepoc_201104,eurepoc,2024-04-10,Technical Cyber Threat Incident,"A persistent flood of HTTP/2 Rapid Reset requests disrupted the border gateway and online authentication servers of a regional healthcare facility, causing complete denial of service for 35 hours.","A persistent flood of HTTP/2 Rapid Reset requests disrupted the border gateway and online authentication servers of a regional healthcare facility, causing complete denial of service for 35 hours.",denial_of_service_disruption,Denial Of Service Disruption
eurepoc_201105,eurepoc,2024-04-10,Technical Cyber Threat Incident,"A massive volumetric Distributed Denial of Service (DDoS) attack peaking at 1.99 Tbps targeted a telecommunications provider. The attack exploited an amplified DNS/UDP reflection vector through a global IoT botnet, resulting in 63 hours of total service outage.","A massive volumetric Distributed Denial of Service (DDoS) attack peaking at 1.99 Tbps targeted a telecommunications provider. The attack exploited an amplified DNS/UDP reflection vector through a global IoT botnet, resulting in 63 hours of total service outage.",denial_of_service_disruption,Denial Of Service Disruption
eurepoc_201106,eurepoc,2024-04-10,Technical Cyber Threat Incident,"A sophisticated double-extortion ransomware campaign orchestrated by Lazarus Group compromised the internal network of a pharmaceutical research lab via compromised credentials. The actors exfiltrated 163GB of proprietary databases before deploying ransomware binaries. A ransom demand of $7,070K in Bitcoin was posted, threatening public leak on darknet forums.","A sophisticated double-extortion ransomware campaign orchestrated by Lazarus Group compromised the internal network of a pharmaceutical research lab via compromised credentials. The actors exfiltrated 163GB of proprietary databases before deploying ransomware binaries. A ransom demand of $7,070K in Bitcoin was posted, threatening public leak on darknet forums.",ransomware_extortion,Ransomware Extortion
eurepoc_201107,eurepoc,2024-04-10,Technical Cyber Threat Incident,"Adversaries gained unauthorized system access to a national railway operator by exploiting CVE-2023-2868. The intrusion compromised 736,000 user credentials, establishing persistent reverse shells across the internal DMZ.","Adversaries gained unauthorized system access to a national railway operator by exploiting CVE-2023-2868. The intrusion compromised 736,000 user credentials, establishing persistent reverse shells across the internal DMZ.",unauthorized_access_hacking,Unauthorized Access Hacking
eurepoc_201108,eurepoc,2024-04-10,Technical Cyber Threat Incident,"An unauthenticated cloud storage bucket maintained by a national railway operator was compromised by unauthorized third parties. Attackers accessed 470,000 confidential records and backend system credentials.","An unauthenticated cloud storage bucket maintained by a national railway operator was compromised by unauthorized third parties. Attackers accessed 470,000 confidential records and backend system credentials.",unauthorized_access_hacking,Unauthorized Access Hacking
eurepoc_201109,eurepoc,2024-04-10,Technical Cyber Threat Incident,"Threat group Cl0p launched an extortion attack against a pharmaceutical research lab. All virtual hypervisors and backup domains were encrypted. Negotiations demanded $6,918K within 48 hours to halt the auction of exfiltrated administrative files.","Threat group Cl0p launched an extortion attack against a pharmaceutical research lab. All virtual hypervisors and backup domains were encrypted. Negotiations demanded $6,918K within 48 hours to halt the auction of exfiltrated administrative files.",ransomware_extortion,Ransomware Extortion
eurepoc_201110,eurepoc,2024-04-10,Technical Cyber Threat Incident,"Adversaries gained unauthorized system access to a public port logistics hub by exploiting CVE-2023-4966. The intrusion compromised 196,000 user credentials, establishing persistent reverse shells across the internal DMZ.","Adversaries gained unauthorized system access to a public port logistics hub by exploiting CVE-2023-4966. The intrusion compromised 196,000 user credentials, establishing persistent reverse shells across the internal DMZ.",unauthorized_access_hacking,Unauthorized Access Hacking
eurepoc_201111,eurepoc,2024-04-10,Technical Cyber Threat Incident,"Employees at a pharmaceutical research lab received spoofed Microsoft 365 login requests. The Adversary-in-the-Middle (AiTM) proxy captured session cookies and bypassed MFA, facilitating unauthorized email forwarding rules.","Employees at a pharmaceutical research lab received spoofed Microsoft 365 login requests. The Adversary-in-the-Middle (AiTM) proxy captured session cookies and bypassed MFA, facilitating unauthorized email forwarding rules.",phishing_social_engineering,Phishing Social Engineering
eurepoc_201112,eurepoc,2024-04-10,Technical Cyber Threat Incident,"A critical ransomware outbreak hit a aerospace defense contractor. Operators weaponized vulnerability CVE-2023-34362 in perimeter firewalls to establish persistent C2 access. File systems were encrypted and volume shadow copies destroyed. The extortion group demanded $2,881K for decryption tools.","A critical ransomware outbreak hit a aerospace defense contractor. Operators weaponized vulnerability CVE-2023-34362 in perimeter firewalls to establish persistent C2 access. File systems were encrypted and volume shadow copies destroyed. The extortion group demanded $2,881K for decryption tools.",ransomware_extortion,Ransomware Extortion
eurepoc_201113,eurepoc,2024-04-10,Technical Cyber Threat Incident,"A persistent flood of HTTP/2 Rapid Reset requests disrupted the border gateway and online authentication servers of a pharmaceutical research lab, causing complete denial of service for 45 hours.","A persistent flood of HTTP/2 Rapid Reset requests disrupted the border gateway and online authentication servers of a pharmaceutical research lab, causing complete denial of service for 45 hours.",denial_of_service_disruption,Denial Of Service Disruption
eurepoc_201114,eurepoc,2024-04-10,Technical Cyber Threat Incident,"A persistent flood of HTTP/2 Rapid Reset requests disrupted the border gateway and online authentication servers of a municipal water authority, causing complete denial of service for 34 hours.","A persistent flood of HTTP/2 Rapid Reset requests disrupted the border gateway and online authentication servers of a municipal water authority, causing complete denial of service for 34 hours.",denial_of_service_disruption,Denial Of Service Disruption
eurepoc_201115,eurepoc,2024-04-10,Technical Cyber Threat Incident,"A sophisticated double-extortion ransomware campaign orchestrated by Akira compromised the internal network of a public port logistics hub via compromised credentials. The actors exfiltrated 355GB of proprietary databases before deploying ransomware binaries. A ransom demand of $4,362K in Bitcoin was posted, threatening public leak on darknet forums.","A sophisticated double-extortion ransomware campaign orchestrated by Akira compromised the internal network of a public port logistics hub via compromised credentials. The actors exfiltrated 355GB of proprietary databases before deploying ransomware binaries. A ransom demand of $4,362K in Bitcoin was posted, threatening public leak on darknet forums.",ransomware_extortion,Ransomware Extortion
eurepoc_201116,eurepoc,2024-04-10,Technical Cyber Threat Incident,"Threat group Volt Typhoon launched an extortion attack against a pharmaceutical research lab. All virtual hypervisors and backup domains were encrypted. Negotiations demanded $5,625K within 48 hours to halt the auction of exfiltrated administrative files.","Threat group Volt Typhoon launched an extortion attack against a pharmaceutical research lab. All virtual hypervisors and backup domains were encrypted. Negotiations demanded $5,625K within 48 hours to halt the auction of exfiltrated administrative files.",ransomware_extortion,Ransomware Extortion
eurepoc_201117,eurepoc,2024-04-10,Technical Cyber Threat Incident,"State-aligned threat group Sandworm breached a pharmaceutical research lab using stolen session tokens. Lateral movement was detected across multiple subnets, resulting in unauthorized exfiltration of sensitive telemetry.","State-aligned threat group Sandworm breached a pharmaceutical research lab using stolen session tokens. Lateral movement was detected across multiple subnets, resulting in unauthorized exfiltration of sensitive telemetry.",unauthorized_access_hacking,Unauthorized Access Hacking
eurepoc_201118,eurepoc,2024-04-10,Technical Cyber Threat Incident,"Adversaries gained unauthorized system access to a aerospace defense contractor by exploiting CVE-2023-2868. The intrusion compromised 97,000 user credentials, establishing persistent reverse shells across the internal DMZ.","Adversaries gained unauthorized system access to a aerospace defense contractor by exploiting CVE-2023-2868. The intrusion compromised 97,000 user credentials, establishing persistent reverse shells across the internal DMZ.",unauthorized_access_hacking,Unauthorized Access Hacking
eurepoc_201119,eurepoc,2024-04-10,Technical Cyber Threat Incident,"State-aligned threat group Akira breached a power grid distributor using stolen session tokens. Lateral movement was detected across multiple subnets, resulting in unauthorized exfiltration of sensitive telemetry.","State-aligned threat group Akira breached a power grid distributor using stolen session tokens. Lateral movement was detected across multiple subnets, resulting in unauthorized exfiltration of sensitive telemetry.",unauthorized_access_hacking,Unauthorized Access Hacking
eurepoc_201120,eurepoc,2024-04-10,Technical Cyber Threat Incident,"Adversaries gained unauthorized system access to a municipal water authority by exploiting CVE-2023-20198. The intrusion compromised 295,000 user credentials, establishing persistent reverse shells across the internal DMZ.","Adversaries gained unauthorized system access to a municipal water authority by exploiting CVE-2023-20198. The intrusion compromised 295,000 user credentials, establishing persistent reverse shells across the internal DMZ.",unauthorized_access_hacking,Unauthorized Access Hacking
eurepoc_201121,eurepoc,2024-04-10,Technical Cyber Threat Incident,"Threat group Cl0p launched an extortion attack against a government tax agency. All virtual hypervisors and backup domains were encrypted. Negotiations demanded $4,683K within 48 hours to halt the auction of exfiltrated administrative files.","Threat group Cl0p launched an extortion attack against a government tax agency. All virtual hypervisors and backup domains were encrypted. Negotiations demanded $4,683K within 48 hours to halt the auction of exfiltrated administrative files.",ransomware_extortion,Ransomware Extortion
eurepoc_201122,eurepoc,2024-04-10,Technical Cyber Threat Incident,"Adversaries gained unauthorized system access to a aerospace defense contractor by exploiting CVE-2023-34362. The intrusion compromised 714,000 user credentials, establishing persistent reverse shells across the internal DMZ.","Adversaries gained unauthorized system access to a aerospace defense contractor by exploiting CVE-2023-34362. The intrusion compromised 714,000 user credentials, establishing persistent reverse shells across the internal DMZ.",unauthorized_access_hacking,Unauthorized Access Hacking
eurepoc_201123,eurepoc,2024-04-10,Technical Cyber Threat Incident,"A sophisticated double-extortion ransomware campaign orchestrated by Cl0p compromised the internal network of a commercial banking network via compromised credentials. The actors exfiltrated 781GB of proprietary databases before deploying ransomware binaries. A ransom demand of $8,930K in Bitcoin was posted, threatening public leak on darknet forums.","A sophisticated double-extortion ransomware campaign orchestrated by Cl0p compromised the internal network of a commercial banking network via compromised credentials. The actors exfiltrated 781GB of proprietary databases before deploying ransomware binaries. A ransom demand of $8,930K in Bitcoin was posted, threatening public leak on darknet forums.",ransomware_extortion,Ransomware Extortion
eurepoc_201124,eurepoc,2024-04-10,Technical Cyber Threat Incident,"Adversaries conducted destructive wiper malware and multi-vector Layer 7 DDoS attacks against a municipal water authority. Web applications crashed under 28 million requests per second, knocking public services offline.","Adversaries conducted destructive wiper malware and multi-vector Layer 7 DDoS attacks against a municipal water authority. Web applications crashed under 28 million requests per second, knocking public services offline.",denial_of_service_disruption,Denial Of Service Disruption
eurepoc_201125,eurepoc,2024-04-10,Technical Cyber Threat Incident,"Adversaries conducted destructive wiper malware and multi-vector Layer 7 DDoS attacks against a commercial banking network. Web applications crashed under 41 million requests per second, knocking public services offline.","Adversaries conducted destructive wiper malware and multi-vector Layer 7 DDoS attacks against a commercial banking network. Web applications crashed under 41 million requests per second, knocking public services offline.",denial_of_service_disruption,Denial Of Service Disruption
eurepoc_201126,eurepoc,2024-04-10,Technical Cyber Threat Incident,"Threat group APT28 (Fancy Bear) launched an extortion attack against a public port logistics hub. All virtual hypervisors and backup domains were encrypted. Negotiations demanded $6,810K within 48 hours to halt the auction of exfiltrated administrative files.","Threat group APT28 (Fancy Bear) launched an extortion attack against a public port logistics hub. All virtual hypervisors and backup domains were encrypted. Negotiations demanded $6,810K within 48 hours to halt the auction of exfiltrated administrative files.",ransomware_extortion,Ransomware Extortion
eurepoc_201127,eurepoc,2024-04-10,Technical Cyber Threat Incident,"Adversaries gained unauthorized system access to a pharmaceutical research lab by exploiting CVE-2023-34362. The intrusion compromised 134,000 user credentials, establishing persistent reverse shells across the internal DMZ.","Adversaries gained unauthorized system access to a pharmaceutical research lab by exploiting CVE-2023-34362. The intrusion compromised 134,000 user credentials, establishing persistent reverse shells across the internal DMZ.",unauthorized_access_hacking,Unauthorized Access Hacking
eurepoc_201128,eurepoc,2024-04-10,Technical Cyber Threat Incident,"Adversaries gained unauthorized system access to a power grid distributor by exploiting CVE-2024-1709. The intrusion compromised 286,000 user credentials, establishing persistent reverse shells across the internal DMZ.","Adversaries gained unauthorized system access to a power grid distributor by exploiting CVE-2024-1709. The intrusion compromised 286,000 user credentials, establishing persistent reverse shells across the internal DMZ.",unauthorized_access_hacking,Unauthorized Access Hacking
eurepoc_201129,eurepoc,2024-04-10,Technical Cyber Threat Incident,"A massive volumetric Distributed Denial of Service (DDoS) attack peaking at 2.5 Tbps targeted a aerospace defense contractor. The attack exploited an amplified DNS/UDP reflection vector through a global IoT botnet, resulting in 27 hours of total service outage.","A massive volumetric Distributed Denial of Service (DDoS) attack peaking at 2.5 Tbps targeted a aerospace defense contractor. The attack exploited an amplified DNS/UDP reflection vector through a global IoT botnet, resulting in 27 hours of total service outage.",denial_of_service_disruption,Denial Of Service Disruption
eurepoc_201130,eurepoc,2024-04-10,Technical Cyber Threat Incident,"A critical ransomware outbreak hit a national railway operator. Operators weaponized vulnerability CVE-2023-20198 in perimeter firewalls to establish persistent C2 access. File systems were encrypted and volume shadow copies destroyed. The extortion group demanded $7,405K for decryption tools.","A critical ransomware outbreak hit a national railway operator. Operators weaponized vulnerability CVE-2023-20198 in perimeter firewalls to establish persistent C2 access. File systems were encrypted and volume shadow copies destroyed. The extortion group demanded $7,405K for decryption tools.",ransomware_extortion,Ransomware Extortion
eurepoc_201131,eurepoc,2024-04-10,Technical Cyber Threat Incident,"Employees at a government tax agency received spoofed Microsoft 365 login requests. The Adversary-in-the-Middle (AiTM) proxy captured session cookies and bypassed MFA, facilitating unauthorized email forwarding rules.","Employees at a government tax agency received spoofed Microsoft 365 login requests. The Adversary-in-the-Middle (AiTM) proxy captured session cookies and bypassed MFA, facilitating unauthorized email forwarding rules.",phishing_social_engineering,Phishing Social Engineering
eurepoc_201132,eurepoc,2024-04-10,Technical Cyber Threat Incident,"A massive volumetric Distributed Denial of Service (DDoS) attack peaking at 2.38 Tbps targeted a pharmaceutical research lab. The attack exploited an amplified DNS/UDP reflection vector through a global IoT botnet, resulting in 55 hours of total service outage.","A massive volumetric Distributed Denial of Service (DDoS) attack peaking at 2.38 Tbps targeted a pharmaceutical research lab. The attack exploited an amplified DNS/UDP reflection vector through a global IoT botnet, resulting in 55 hours of total service outage.",denial_of_service_disruption,Denial Of Service Disruption
eurepoc_201133,eurepoc,2024-04-10,Technical Cyber Threat Incident,"Threat group BlackCat (ALPHV) launched an extortion attack against a pharmaceutical research lab. All virtual hypervisors and backup domains were encrypted. Negotiations demanded $3,137K within 48 hours to halt the auction of exfiltrated administrative files.","Threat group BlackCat (ALPHV) launched an extortion attack against a pharmaceutical research lab. All virtual hypervisors and backup domains were encrypted. Negotiations demanded $3,137K within 48 hours to halt the auction of exfiltrated administrative files.",ransomware_extortion,Ransomware Extortion
eurepoc_201134,eurepoc,2024-04-10,Technical Cyber Threat Incident,"A critical ransomware outbreak hit a telecommunications provider. Operators weaponized vulnerability CVE-2023-4966 in perimeter firewalls to establish persistent C2 access. File systems were encrypted and volume shadow copies destroyed. The extortion group demanded $5,509K for decryption tools.","A critical ransomware outbreak hit a telecommunications provider. Operators weaponized vulnerability CVE-2023-4966 in perimeter firewalls to establish persistent C2 access. File systems were encrypted and volume shadow copies destroyed. The extortion group demanded $5,509K for decryption tools.",ransomware_extortion,Ransomware Extortion
eurepoc_201135,eurepoc,2024-04-10,Technical Cyber Threat Incident,"An unauthenticated cloud storage bucket maintained by a commercial banking network was compromised by unauthorized third parties. Attackers accessed 424,000 confidential records and backend system credentials.","An unauthenticated cloud storage bucket maintained by a commercial banking network was compromised by unauthorized third parties. Attackers accessed 424,000 confidential records and backend system credentials.",unauthorized_access_hacking,Unauthorized Access Hacking
eurepoc_201136,eurepoc,2024-04-10,Technical Cyber Threat Incident,"An unauthenticated cloud storage bucket maintained by a aerospace defense contractor was compromised by unauthorized third parties. Attackers accessed 630,000 confidential records and backend system credentials.","An unauthenticated cloud storage bucket maintained by a aerospace defense contractor was compromised by unauthorized third parties. Attackers accessed 630,000 confidential records and backend system credentials.",unauthorized_access_hacking,Unauthorized Access Hacking
eurepoc_201137,eurepoc,2024-04-10,Technical Cyber Threat Incident,"A critical ransomware outbreak hit a commercial banking network. Operators weaponized vulnerability CVE-2023-4966 in perimeter firewalls to establish persistent C2 access. File systems were encrypted and volume shadow copies destroyed. The extortion group demanded $2,584K for decryption tools.","A critical ransomware outbreak hit a commercial banking network. Operators weaponized vulnerability CVE-2023-4966 in perimeter firewalls to establish persistent C2 access. File systems were encrypted and volume shadow copies destroyed. The extortion group demanded $2,584K for decryption tools.",ransomware_extortion,Ransomware Extortion
eurepoc_201138,eurepoc,2024-04-10,Technical Cyber Threat Incident,"Adversaries gained unauthorized system access to a municipal water authority by exploiting CVE-2024-1709. The intrusion compromised 640,000 user credentials, establishing persistent reverse shells across the internal DMZ.","Adversaries gained unauthorized system access to a municipal water authority by exploiting CVE-2024-1709. The intrusion compromised 640,000 user credentials, establishing persistent reverse shells across the internal DMZ.",unauthorized_access_hacking,Unauthorized Access Hacking
eurepoc_201139,eurepoc,2024-04-10,Technical Cyber Threat Incident,"Attackers distributed phishing lures disguised as urgent software patch advisories to personnel at a regional healthcare facility, leading to payload execution and credential compromise.","Attackers distributed phishing lures disguised as urgent software patch advisories to personnel at a regional healthcare facility, leading to payload execution and credential compromise.",phishing_social_engineering,Phishing Social Engineering
eurepoc_201140,eurepoc,2024-04-10,Technical Cyber Threat Incident,"Employees at a national railway operator received spoofed Microsoft 365 login requests. The Adversary-in-the-Middle (AiTM) proxy captured session cookies and bypassed MFA, facilitating unauthorized email forwarding rules.","Employees at a national railway operator received spoofed Microsoft 365 login requests. The Adversary-in-the-Middle (AiTM) proxy captured session cookies and bypassed MFA, facilitating unauthorized email forwarding rules.",phishing_social_engineering,Phishing Social Engineering
eurepoc_201141,eurepoc,2024-04-10,Technical Cyber Threat Incident,"State-aligned threat group BlackCat (ALPHV) breached a aerospace defense contractor using stolen session tokens. Lateral movement was detected across multiple subnets, resulting in unauthorized exfiltration of sensitive telemetry.","State-aligned threat group BlackCat (ALPHV) breached a aerospace defense contractor using stolen session tokens. Lateral movement was detected across multiple subnets, resulting in unauthorized exfiltration of sensitive telemetry.",unauthorized_access_hacking,Unauthorized Access Hacking
eurepoc_201142,eurepoc,2024-04-10,Technical Cyber Threat Incident,A spear-phishing campaign attributed to Volt Typhoon targeted executives at a pharmaceutical research lab. Weaponized PDF documents referencing fake regulatory audits delivered an infostealer payload harvesting domain credentials.,A spear-phishing campaign attributed to Volt Typhoon targeted executives at a pharmaceutical research lab. Weaponized PDF documents referencing fake regulatory audits delivered an infostealer payload harvesting domain credentials.,phishing_social_engineering,Phishing Social Engineering
eurepoc_201143,eurepoc,2024-04-10,Technical Cyber Threat Incident,"Adversaries gained unauthorized system access to a municipal water authority by exploiting CVE-2023-4966. The intrusion compromised 20,000 user credentials, establishing persistent reverse shells across the internal DMZ.","Adversaries gained unauthorized system access to a municipal water authority by exploiting CVE-2023-4966. The intrusion compromised 20,000 user credentials, establishing persistent reverse shells across the internal DMZ.",unauthorized_access_hacking,Unauthorized Access Hacking
eurepoc_201144,eurepoc,2024-04-10,Technical Cyber Threat Incident,"Threat group Lazarus Group launched an extortion attack against a aerospace defense contractor. All virtual hypervisors and backup domains were encrypted. Negotiations demanded $7,999K within 48 hours to halt the auction of exfiltrated administrative files.","Threat group Lazarus Group launched an extortion attack against a aerospace defense contractor. All virtual hypervisors and backup domains were encrypted. Negotiations demanded $7,999K within 48 hours to halt the auction of exfiltrated administrative files.",ransomware_extortion,Ransomware Extortion
eurepoc_201145,eurepoc,2024-04-10,Technical Cyber Threat Incident,"Threat group Volt Typhoon launched an extortion attack against a aerospace defense contractor. All virtual hypervisors and backup domains were encrypted. Negotiations demanded $5,349K within 48 hours to halt the auction of exfiltrated administrative files.","Threat group Volt Typhoon launched an extortion attack against a aerospace defense contractor. All virtual hypervisors and backup domains were encrypted. Negotiations demanded $5,349K within 48 hours to halt the auction of exfiltrated administrative files.",ransomware_extortion,Ransomware Extortion
eurepoc_201146,eurepoc,2024-04-10,Technical Cyber Threat Incident,"Threat group Volt Typhoon launched an extortion attack against a public port logistics hub. All virtual hypervisors and backup domains were encrypted. Negotiations demanded $8,421K within 48 hours to halt the auction of exfiltrated administrative files.","Threat group Volt Typhoon launched an extortion attack against a public port logistics hub. All virtual hypervisors and backup domains were encrypted. Negotiations demanded $8,421K within 48 hours to halt the auction of exfiltrated administrative files.",ransomware_extortion,Ransomware Extortion
eurepoc_201147,eurepoc,2024-04-10,Technical Cyber Threat Incident,"A critical ransomware outbreak hit a regional healthcare facility. Operators weaponized vulnerability CVE-2023-34362 in perimeter firewalls to establish persistent C2 access. File systems were encrypted and volume shadow copies destroyed. The extortion group demanded $2,616K for decryption tools.","A critical ransomware outbreak hit a regional healthcare facility. Operators weaponized vulnerability CVE-2023-34362 in perimeter firewalls to establish persistent C2 access. File systems were encrypted and volume shadow copies destroyed. The extortion group demanded $2,616K for decryption tools.",ransomware_extortion,Ransomware Extortion
eurepoc_201148,eurepoc,2024-04-10,Technical Cyber Threat Incident,"Threat group LockBit 3.0 launched an extortion attack against a aerospace defense contractor. All virtual hypervisors and backup domains were encrypted. Negotiations demanded $8,719K within 48 hours to halt the auction of exfiltrated administrative files.","Threat group LockBit 3.0 launched an extortion attack against a aerospace defense contractor. All virtual hypervisors and backup domains were encrypted. Negotiations demanded $8,719K within 48 hours to halt the auction of exfiltrated administrative files.",ransomware_extortion,Ransomware Extortion
eurepoc_201149,eurepoc,2024-04-10,Technical Cyber Threat Incident,"A massive volumetric Distributed Denial of Service (DDoS) attack peaking at 2.65 Tbps targeted a power grid distributor. The attack exploited an amplified DNS/UDP reflection vector through a global IoT botnet, resulting in 41 hours of total service outage.","A massive volumetric Distributed Denial of Service (DDoS) attack peaking at 2.65 Tbps targeted a power grid distributor. The attack exploited an amplified DNS/UDP reflection vector through a global IoT botnet, resulting in 41 hours of total service outage.",denial_of_service_disruption,Denial Of Service Disruption
eurepoc_201150,eurepoc,2024-04-10,Technical Cyber Threat Incident,"A critical ransomware outbreak hit a pharmaceutical research lab. Operators weaponized vulnerability CVE-2024-1709 in perimeter firewalls to establish persistent C2 access. File systems were encrypted and volume shadow copies destroyed. The extortion group demanded $5,667K for decryption tools.","A critical ransomware outbreak hit a pharmaceutical research lab. Operators weaponized vulnerability CVE-2024-1709 in perimeter firewalls to establish persistent C2 access. File systems were encrypted and volume shadow copies destroyed. The extortion group demanded $5,667K for decryption tools.",ransomware_extortion,Ransomware Extortion
eurepoc_201151,eurepoc,2024-04-10,Technical Cyber Threat Incident,"A critical ransomware outbreak hit a municipal water authority. Operators weaponized vulnerability CVE-2023-34362 in perimeter firewalls to establish persistent C2 access. File systems were encrypted and volume shadow copies destroyed. The extortion group demanded $4,560K for decryption tools.","A critical ransomware outbreak hit a municipal water authority. Operators weaponized vulnerability CVE-2023-34362 in perimeter firewalls to establish persistent C2 access. File systems were encrypted and volume shadow copies destroyed. The extortion group demanded $4,560K for decryption tools.",ransomware_extortion,Ransomware Extortion
eurepoc_201152,eurepoc,2024-04-10,Technical Cyber Threat Incident,"Employees at a telecommunications provider received spoofed Microsoft 365 login requests. The Adversary-in-the-Middle (AiTM) proxy captured session cookies and bypassed MFA, facilitating unauthorized email forwarding rules.","Employees at a telecommunications provider received spoofed Microsoft 365 login requests. The Adversary-in-the-Middle (AiTM) proxy captured session cookies and bypassed MFA, facilitating unauthorized email forwarding rules.",phishing_social_engineering,Phishing Social Engineering
eurepoc_201153,eurepoc,2024-04-10,Technical Cyber Threat Incident,"Adversaries gained unauthorized system access to a aerospace defense contractor by exploiting CVE-2024-1709. The intrusion compromised 597,000 user credentials, establishing persistent reverse shells across the internal DMZ.","Adversaries gained unauthorized system access to a aerospace defense contractor by exploiting CVE-2024-1709. The intrusion compromised 597,000 user credentials, establishing persistent reverse shells across the internal DMZ.",unauthorized_access_hacking,Unauthorized Access Hacking
eurepoc_201154,eurepoc,2024-04-10,Technical Cyber Threat Incident,"A massive volumetric Distributed Denial of Service (DDoS) attack peaking at 3.49 Tbps targeted a telecommunications provider. The attack exploited an amplified DNS/UDP reflection vector through a global IoT botnet, resulting in 27 hours of total service outage.","A massive volumetric Distributed Denial of Service (DDoS) attack peaking at 3.49 Tbps targeted a telecommunications provider. The attack exploited an amplified DNS/UDP reflection vector through a global IoT botnet, resulting in 27 hours of total service outage.",denial_of_service_disruption,Denial Of Service Disruption
eurepoc_201155,eurepoc,2024-04-10,Technical Cyber Threat Incident,"Adversaries conducted destructive wiper malware and multi-vector Layer 7 DDoS attacks against a regional healthcare facility. Web applications crashed under 46 million requests per second, knocking public services offline.","Adversaries conducted destructive wiper malware and multi-vector Layer 7 DDoS attacks against a regional healthcare facility. Web applications crashed under 46 million requests per second, knocking public services offline.",denial_of_service_disruption,Denial Of Service Disruption
eurepoc_201156,eurepoc,2024-04-10,Technical Cyber Threat Incident,"Adversaries gained unauthorized system access to a public port logistics hub by exploiting CVE-2023-34362. The intrusion compromised 537,000 user credentials, establishing persistent reverse shells across the internal DMZ.","Adversaries gained unauthorized system access to a public port logistics hub by exploiting CVE-2023-34362. The intrusion compromised 537,000 user credentials, establishing persistent reverse shells across the internal DMZ.",unauthorized_access_hacking,Unauthorized Access Hacking
eurepoc_201157,eurepoc,2024-04-10,Technical Cyber Threat Incident,"Threat group LockBit 3.0 launched an extortion attack against a pharmaceutical research lab. All virtual hypervisors and backup domains were encrypted. Negotiations demanded $8,828K within 48 hours to halt the auction of exfiltrated administrative files.","Threat group LockBit 3.0 launched an extortion attack against a pharmaceutical research lab. All virtual hypervisors and backup domains were encrypted. Negotiations demanded $8,828K within 48 hours to halt the auction of exfiltrated administrative files.",ransomware_extortion,Ransomware Extortion
eurepoc_201158,eurepoc,2024-04-10,Technical Cyber Threat Incident,"Threat group LockBit 3.0 launched an extortion attack against a pharmaceutical research lab. All virtual hypervisors and backup domains were encrypted. Negotiations demanded $4,713K within 48 hours to halt the auction of exfiltrated administrative files.","Threat group LockBit 3.0 launched an extortion attack against a pharmaceutical research lab. All virtual hypervisors and backup domains were encrypted. Negotiations demanded $4,713K within 48 hours to halt the auction of exfiltrated administrative files.",ransomware_extortion,Ransomware Extortion
eurepoc_201159,eurepoc,2024-04-10,Technical Cyber Threat Incident,"Adversaries gained unauthorized system access to a commercial banking network by exploiting CVE-2023-20198. The intrusion compromised 20,000 user credentials, establishing persistent reverse shells across the internal DMZ.","Adversaries gained unauthorized system access to a commercial banking network by exploiting CVE-2023-20198. The intrusion compromised 20,000 user credentials, establishing persistent reverse shells across the internal DMZ.",unauthorized_access_hacking,Unauthorized Access Hacking
eurepoc_201160,eurepoc,2024-04-10,Technical Cyber Threat Incident,"Threat group Cl0p launched an extortion attack against a commercial banking network. All virtual hypervisors and backup domains were encrypted. Negotiations demanded $8,601K within 48 hours to halt the auction of exfiltrated administrative files.","Threat group Cl0p launched an extortion attack against a commercial banking network. All virtual hypervisors and backup domains were encrypted. Negotiations demanded $8,601K within 48 hours to halt the auction of exfiltrated administrative files.",ransomware_extortion,Ransomware Extortion
eurepoc_201161,eurepoc,2024-04-10,Technical Cyber Threat Incident,"A sophisticated double-extortion ransomware campaign orchestrated by APT28 (Fancy Bear) compromised the internal network of a national railway operator via compromised credentials. The actors exfiltrated 316GB of proprietary databases before deploying ransomware binaries. A ransom demand of $8,343K in Bitcoin was posted, threatening public leak on darknet forums.","A sophisticated double-extortion ransomware campaign orchestrated by APT28 (Fancy Bear) compromised the internal network of a national railway operator via compromised credentials. The actors exfiltrated 316GB of proprietary databases before deploying ransomware binaries. A ransom demand of $8,343K in Bitcoin was posted, threatening public leak on darknet forums.",ransomware_extortion,Ransomware Extortion
eurepoc_201162,eurepoc,2024-04-10,Technical Cyber Threat Incident,A spear-phishing campaign attributed to Akira targeted executives at a public port logistics hub. Weaponized PDF documents referencing fake regulatory audits delivered an infostealer payload harvesting domain credentials.,A spear-phishing campaign attributed to Akira targeted executives at a public port logistics hub. Weaponized PDF documents referencing fake regulatory audits delivered an infostealer payload harvesting domain credentials.,phishing_social_engineering,Phishing Social Engineering
eurepoc_201163,eurepoc,2024-04-10,Technical Cyber Threat Incident,"Employees at a government tax agency received spoofed Microsoft 365 login requests. The Adversary-in-the-Middle (AiTM) proxy captured session cookies and bypassed MFA, facilitating unauthorized email forwarding rules.","Employees at a government tax agency received spoofed Microsoft 365 login requests. The Adversary-in-the-Middle (AiTM) proxy captured session cookies and bypassed MFA, facilitating unauthorized email forwarding rules.",phishing_social_engineering,Phishing Social Engineering
eurepoc_201164,eurepoc,2024-04-10,Technical Cyber Threat Incident,"A massive volumetric Distributed Denial of Service (DDoS) attack peaking at 1.62 Tbps targeted a telecommunications provider. The attack exploited an amplified DNS/UDP reflection vector through a global IoT botnet, resulting in 18 hours of total service outage.","A massive volumetric Distributed Denial of Service (DDoS) attack peaking at 1.62 Tbps targeted a telecommunications provider. The attack exploited an amplified DNS/UDP reflection vector through a global IoT botnet, resulting in 18 hours of total service outage.",denial_of_service_disruption,Denial Of Service Disruption
eurepoc_201165,eurepoc,2024-04-10,Technical Cyber Threat Incident,"Adversaries conducted destructive wiper malware and multi-vector Layer 7 DDoS attacks against a public port logistics hub. Web applications crashed under 55 million requests per second, knocking public services offline.","Adversaries conducted destructive wiper malware and multi-vector Layer 7 DDoS attacks against a public port logistics hub. Web applications crashed under 55 million requests per second, knocking public services offline.",denial_of_service_disruption,Denial Of Service Disruption
eurepoc_201166,eurepoc,2024-04-10,Technical Cyber Threat Incident,"Attackers distributed phishing lures disguised as urgent software patch advisories to personnel at a municipal water authority, leading to payload execution and credential compromise.","Attackers distributed phishing lures disguised as urgent software patch advisories to personnel at a municipal water authority, leading to payload execution and credential compromise.",phishing_social_engineering,Phishing Social Engineering
eurepoc_201167,eurepoc,2024-04-10,Technical Cyber Threat Incident,"Employees at a aerospace defense contractor received spoofed Microsoft 365 login requests. The Adversary-in-the-Middle (AiTM) proxy captured session cookies and bypassed MFA, facilitating unauthorized email forwarding rules.","Employees at a aerospace defense contractor received spoofed Microsoft 365 login requests. The Adversary-in-the-Middle (AiTM) proxy captured session cookies and bypassed MFA, facilitating unauthorized email forwarding rules.",phishing_social_engineering,Phishing Social Engineering
eurepoc_201168,eurepoc,2024-04-10,Technical Cyber Threat Incident,"A sophisticated double-extortion ransomware campaign orchestrated by APT28 (Fancy Bear) compromised the internal network of a public port logistics hub via compromised credentials. The actors exfiltrated 436GB of proprietary databases before deploying ransomware binaries. A ransom demand of $1,476K in Bitcoin was posted, threatening public leak on darknet forums.","A sophisticated double-extortion ransomware campaign orchestrated by APT28 (Fancy Bear) compromised the internal network of a public port logistics hub via compromised credentials. The actors exfiltrated 436GB of proprietary databases before deploying ransomware binaries. A ransom demand of $1,476K in Bitcoin was posted, threatening public leak on darknet forums.",ransomware_extortion,Ransomware Extortion
eurepoc_201169,eurepoc,2024-04-10,Technical Cyber Threat Incident,"Employees at a power grid distributor received spoofed Microsoft 365 login requests. The Adversary-in-the-Middle (AiTM) proxy captured session cookies and bypassed MFA, facilitating unauthorized email forwarding rules.","Employees at a power grid distributor received spoofed Microsoft 365 login requests. The Adversary-in-the-Middle (AiTM) proxy captured session cookies and bypassed MFA, facilitating unauthorized email forwarding rules.",phishing_social_engineering,Phishing Social Engineering
eurepoc_201170,eurepoc,2024-04-10,Technical Cyber Threat Incident,"Threat group LockBit 3.0 launched an extortion attack against a public port logistics hub. All virtual hypervisors and backup domains were encrypted. Negotiations demanded $1,017K within 48 hours to halt the auction of exfiltrated administrative files.","Threat group LockBit 3.0 launched an extortion attack against a public port logistics hub. All virtual hypervisors and backup domains were encrypted. Negotiations demanded $1,017K within 48 hours to halt the auction of exfiltrated administrative files.",ransomware_extortion,Ransomware Extortion
eurepoc_201171,eurepoc,2024-04-10,Technical Cyber Threat Incident,"An unauthenticated cloud storage bucket maintained by a aerospace defense contractor was compromised by unauthorized third parties. Attackers accessed 364,000 confidential records and backend system credentials.","An unauthenticated cloud storage bucket maintained by a aerospace defense contractor was compromised by unauthorized third parties. Attackers accessed 364,000 confidential records and backend system credentials.",unauthorized_access_hacking,Unauthorized Access Hacking
eurepoc_201172,eurepoc,2024-04-10,Technical Cyber Threat Incident,"A persistent flood of HTTP/2 Rapid Reset requests disrupted the border gateway and online authentication servers of a municipal water authority, causing complete denial of service for 49 hours.","A persistent flood of HTTP/2 Rapid Reset requests disrupted the border gateway and online authentication servers of a municipal water authority, causing complete denial of service for 49 hours.",denial_of_service_disruption,Denial Of Service Disruption
eurepoc_201173,eurepoc,2024-04-10,Technical Cyber Threat Incident,"State-aligned threat group Akira breached a government tax agency using stolen session tokens. Lateral movement was detected across multiple subnets, resulting in unauthorized exfiltration of sensitive telemetry.","State-aligned threat group Akira breached a government tax agency using stolen session tokens. Lateral movement was detected across multiple subnets, resulting in unauthorized exfiltration of sensitive telemetry.",unauthorized_access_hacking,Unauthorized Access Hacking
eurepoc_201174,eurepoc,2024-04-10,Technical Cyber Threat Incident,"A critical ransomware outbreak hit a public port logistics hub. Operators weaponized vulnerability CVE-2023-20198 in perimeter firewalls to establish persistent C2 access. File systems were encrypted and volume shadow copies destroyed. The extortion group demanded $8,692K for decryption tools.","A critical ransomware outbreak hit a public port logistics hub. Operators weaponized vulnerability CVE-2023-20198 in perimeter firewalls to establish persistent C2 access. File systems were encrypted and volume shadow copies destroyed. The extortion group demanded $8,692K for decryption tools.",ransomware_extortion,Ransomware Extortion
eurepoc_201175,eurepoc,2024-04-10,Technical Cyber Threat Incident,"Threat group APT28 (Fancy Bear) launched an extortion attack against a municipal water authority. All virtual hypervisors and backup domains were encrypted. Negotiations demanded $6,452K within 48 hours to halt the auction of exfiltrated administrative files.","Threat group APT28 (Fancy Bear) launched an extortion attack against a municipal water authority. All virtual hypervisors and backup domains were encrypted. Negotiations demanded $6,452K within 48 hours to halt the auction of exfiltrated administrative files.",ransomware_extortion,Ransomware Extortion
eurepoc_201176,eurepoc,2024-04-10,Technical Cyber Threat Incident,"A sophisticated double-extortion ransomware campaign orchestrated by APT28 (Fancy Bear) compromised the internal network of a government tax agency via compromised credentials. The actors exfiltrated 179GB of proprietary databases before deploying ransomware binaries. A ransom demand of $2,164K in Bitcoin was posted, threatening public leak on darknet forums.","A sophisticated double-extortion ransomware campaign orchestrated by APT28 (Fancy Bear) compromised the internal network of a government tax agency via compromised credentials. The actors exfiltrated 179GB of proprietary databases before deploying ransomware binaries. A ransom demand of $2,164K in Bitcoin was posted, threatening public leak on darknet forums.",ransomware_extortion,Ransomware Extortion
eurepoc_201177,eurepoc,2024-04-10,Technical Cyber Threat Incident,"State-aligned threat group Sandworm breached a public port logistics hub using stolen session tokens. Lateral movement was detected across multiple subnets, resulting in unauthorized exfiltration of sensitive telemetry.","State-aligned threat group Sandworm breached a public port logistics hub using stolen session tokens. Lateral movement was detected across multiple subnets, resulting in unauthorized exfiltration of sensitive telemetry.",unauthorized_access_hacking,Unauthorized Access Hacking
eurepoc_201178,eurepoc,2024-04-10,Technical Cyber Threat Incident,"State-aligned threat group Lazarus Group breached a power grid distributor using stolen session tokens. Lateral movement was detected across multiple subnets, resulting in unauthorized exfiltration of sensitive telemetry.","State-aligned threat group Lazarus Group breached a power grid distributor using stolen session tokens. Lateral movement was detected across multiple subnets, resulting in unauthorized exfiltration of sensitive telemetry.",unauthorized_access_hacking,Unauthorized Access Hacking
eurepoc_201179,eurepoc,2024-04-10,Technical Cyber Threat Incident,"A critical ransomware outbreak hit a regional healthcare facility. Operators weaponized vulnerability CVE-2023-34362 in perimeter firewalls to establish persistent C2 access. File systems were encrypted and volume shadow copies destroyed. The extortion group demanded $1,964K for decryption tools.","A critical ransomware outbreak hit a regional healthcare facility. Operators weaponized vulnerability CVE-2023-34362 in perimeter firewalls to establish persistent C2 access. File systems were encrypted and volume shadow copies destroyed. The extortion group demanded $1,964K for decryption tools.",ransomware_extortion,Ransomware Extortion
eurepoc_201180,eurepoc,2024-04-10,Technical Cyber Threat Incident,"A persistent flood of HTTP/2 Rapid Reset requests disrupted the border gateway and online authentication servers of a national railway operator, causing complete denial of service for 14 hours.","A persistent flood of HTTP/2 Rapid Reset requests disrupted the border gateway and online authentication servers of a national railway operator, causing complete denial of service for 14 hours.",denial_of_service_disruption,Denial Of Service Disruption
eurepoc_201181,eurepoc,2024-04-10,Technical Cyber Threat Incident,"A critical ransomware outbreak hit a commercial banking network. Operators weaponized vulnerability CVE-2023-34362 in perimeter firewalls to establish persistent C2 access. File systems were encrypted and volume shadow copies destroyed. The extortion group demanded $2,254K for decryption tools.","A critical ransomware outbreak hit a commercial banking network. Operators weaponized vulnerability CVE-2023-34362 in perimeter firewalls to establish persistent C2 access. File systems were encrypted and volume shadow copies destroyed. The extortion group demanded $2,254K for decryption tools.",ransomware_extortion,Ransomware Extortion
eurepoc_201182,eurepoc,2024-04-10,Technical Cyber Threat Incident,"Adversaries conducted destructive wiper malware and multi-vector Layer 7 DDoS attacks against a public port logistics hub. Web applications crashed under 52 million requests per second, knocking public services offline.","Adversaries conducted destructive wiper malware and multi-vector Layer 7 DDoS attacks against a public port logistics hub. Web applications crashed under 52 million requests per second, knocking public services offline.",denial_of_service_disruption,Denial Of Service Disruption
eurepoc_201183,eurepoc,2024-04-10,Technical Cyber Threat Incident,"Threat group Lazarus Group launched an extortion attack against a aerospace defense contractor. All virtual hypervisors and backup domains were encrypted. Negotiations demanded $8,147K within 48 hours to halt the auction of exfiltrated administrative files.","Threat group Lazarus Group launched an extortion attack against a aerospace defense contractor. All virtual hypervisors and backup domains were encrypted. Negotiations demanded $8,147K within 48 hours to halt the auction of exfiltrated administrative files.",ransomware_extortion,Ransomware Extortion
eurepoc_201184,eurepoc,2024-04-10,Technical Cyber Threat Incident,"A sophisticated double-extortion ransomware campaign orchestrated by BlackCat (ALPHV) compromised the internal network of a pharmaceutical research lab via compromised credentials. The actors exfiltrated 384GB of proprietary databases before deploying ransomware binaries. A ransom demand of $8,156K in Bitcoin was posted, threatening public leak on darknet forums.","A sophisticated double-extortion ransomware campaign orchestrated by BlackCat (ALPHV) compromised the internal network of a pharmaceutical research lab via compromised credentials. The actors exfiltrated 384GB of proprietary databases before deploying ransomware binaries. A ransom demand of $8,156K in Bitcoin was posted, threatening public leak on darknet forums.",ransomware_extortion,Ransomware Extortion
eurepoc_201185,eurepoc,2024-04-10,Technical Cyber Threat Incident,A spear-phishing campaign attributed to BlackCat (ALPHV) targeted executives at a municipal water authority. Weaponized PDF documents referencing fake regulatory audits delivered an infostealer payload harvesting domain credentials.,A spear-phishing campaign attributed to BlackCat (ALPHV) targeted executives at a municipal water authority. Weaponized PDF documents referencing fake regulatory audits delivered an infostealer payload harvesting domain credentials.,phishing_social_engineering,Phishing Social Engineering
eurepoc_201186,eurepoc,2024-04-10,Technical Cyber Threat Incident,"A persistent flood of HTTP/2 Rapid Reset requests disrupted the border gateway and online authentication servers of a national railway operator, causing complete denial of service for 46 hours.","A persistent flood of HTTP/2 Rapid Reset requests disrupted the border gateway and online authentication servers of a national railway operator, causing complete denial of service for 46 hours.",denial_of_service_disruption,Denial Of Service Disruption
eurepoc_201187,eurepoc,2024-04-10,Technical Cyber Threat Incident,"Adversaries gained unauthorized system access to a aerospace defense contractor by exploiting CVE-2023-4966. The intrusion compromised 509,000 user credentials, establishing persistent reverse shells across the internal DMZ.","Adversaries gained unauthorized system access to a aerospace defense contractor by exploiting CVE-2023-4966. The intrusion compromised 509,000 user credentials, establishing persistent reverse shells across the internal DMZ.",unauthorized_access_hacking,Unauthorized Access Hacking
eurepoc_201188,eurepoc,2024-04-10,Technical Cyber Threat Incident,"An unauthenticated cloud storage bucket maintained by a telecommunications provider was compromised by unauthorized third parties. Attackers accessed 599,000 confidential records and backend system credentials.","An unauthenticated cloud storage bucket maintained by a telecommunications provider was compromised by unauthorized third parties. Attackers accessed 599,000 confidential records and backend system credentials.",unauthorized_access_hacking,Unauthorized Access Hacking
eurepoc_201189,eurepoc,2024-04-10,Technical Cyber Threat Incident,"State-aligned threat group Volt Typhoon breached a municipal water authority using stolen session tokens. Lateral movement was detected across multiple subnets, resulting in unauthorized exfiltration of sensitive telemetry.","State-aligned threat group Volt Typhoon breached a municipal water authority using stolen session tokens. Lateral movement was detected across multiple subnets, resulting in unauthorized exfiltration of sensitive telemetry.",unauthorized_access_hacking,Unauthorized Access Hacking
eurepoc_201190,eurepoc,2024-04-10,Technical Cyber Threat Incident,"Adversaries gained unauthorized system access to a public port logistics hub by exploiting CVE-2023-4966. The intrusion compromised 616,000 user credentials, establishing persistent reverse shells across the internal DMZ.","Adversaries gained unauthorized system access to a public port logistics hub by exploiting CVE-2023-4966. The intrusion compromised 616,000 user credentials, establishing persistent reverse shells across the internal DMZ.",unauthorized_access_hacking,Unauthorized Access Hacking
eurepoc_201191,eurepoc,2024-04-10,Technical Cyber Threat Incident,"Threat group Sandworm launched an extortion attack against a power grid distributor. All virtual hypervisors and backup domains were encrypted. Negotiations demanded $4,523K within 48 hours to halt the auction of exfiltrated administrative files.","Threat group Sandworm launched an extortion attack against a power grid distributor. All virtual hypervisors and backup domains were encrypted. Negotiations demanded $4,523K within 48 hours to halt the auction of exfiltrated administrative files.",ransomware_extortion,Ransomware Extortion
eurepoc_201192,eurepoc,2024-04-10,Technical Cyber Threat Incident,"A persistent flood of HTTP/2 Rapid Reset requests disrupted the border gateway and online authentication servers of a government tax agency, causing complete denial of service for 44 hours.","A persistent flood of HTTP/2 Rapid Reset requests disrupted the border gateway and online authentication servers of a government tax agency, causing complete denial of service for 44 hours.",denial_of_service_disruption,Denial Of Service Disruption
eurepoc_201193,eurepoc,2024-04-10,Technical Cyber Threat Incident,"Adversaries conducted destructive wiper malware and multi-vector Layer 7 DDoS attacks against a municipal water authority. Web applications crashed under 54 million requests per second, knocking public services offline.","Adversaries conducted destructive wiper malware and multi-vector Layer 7 DDoS attacks against a municipal water authority. Web applications crashed under 54 million requests per second, knocking public services offline.",denial_of_service_disruption,Denial Of Service Disruption
eurepoc_201194,eurepoc,2024-04-10,Technical Cyber Threat Incident,"A persistent flood of HTTP/2 Rapid Reset requests disrupted the border gateway and online authentication servers of a power grid distributor, causing complete denial of service for 13 hours.","A persistent flood of HTTP/2 Rapid Reset requests disrupted the border gateway and online authentication servers of a power grid distributor, causing complete denial of service for 13 hours.",denial_of_service_disruption,Denial Of Service Disruption
eurepoc_201195,eurepoc,2024-04-10,Technical Cyber Threat Incident,"A massive volumetric Distributed Denial of Service (DDoS) attack peaking at 1.48 Tbps targeted a public port logistics hub. The attack exploited an amplified DNS/UDP reflection vector through a global IoT botnet, resulting in 42 hours of total service outage.","A massive volumetric Distributed Denial of Service (DDoS) attack peaking at 1.48 Tbps targeted a public port logistics hub. The attack exploited an amplified DNS/UDP reflection vector through a global IoT botnet, resulting in 42 hours of total service outage.",denial_of_service_disruption,Denial Of Service Disruption
eurepoc_201196,eurepoc,2024-04-10,Technical Cyber Threat Incident,"Attackers distributed phishing lures disguised as urgent software patch advisories to personnel at a regional healthcare facility, leading to payload execution and credential compromise.","Attackers distributed phishing lures disguised as urgent software patch advisories to personnel at a regional healthcare facility, leading to payload execution and credential compromise.",phishing_social_engineering,Phishing Social Engineering
eurepoc_201197,eurepoc,2024-04-10,Technical Cyber Threat Incident,"Adversaries conducted destructive wiper malware and multi-vector Layer 7 DDoS attacks against a municipal water authority. Web applications crashed under 30 million requests per second, knocking public services offline.","Adversaries conducted destructive wiper malware and multi-vector Layer 7 DDoS attacks against a municipal water authority. Web applications crashed under 30 million requests per second, knocking public services offline.",denial_of_service_disruption,Denial Of Service Disruption
eurepoc_201198,eurepoc,2024-04-10,Technical Cyber Threat Incident,"A persistent flood of HTTP/2 Rapid Reset requests disrupted the border gateway and online authentication servers of a telecommunications provider, causing complete denial of service for 58 hours.","A persistent flood of HTTP/2 Rapid Reset requests disrupted the border gateway and online authentication servers of a telecommunications provider, causing complete denial of service for 58 hours.",denial_of_service_disruption,Denial Of Service Disruption
eurepoc_201199,eurepoc,2024-04-10,Technical Cyber Threat Incident,"State-aligned threat group LockBit 3.0 breached a telecommunications provider using stolen session tokens. Lateral movement was detected across multiple subnets, resulting in unauthorized exfiltration of sensitive telemetry.","State-aligned threat group LockBit 3.0 breached a telecommunications provider using stolen session tokens. Lateral movement was detected across multiple subnets, resulting in unauthorized exfiltration of sensitive telemetry.",unauthorized_access_hacking,Unauthorized Access Hacking
eurepoc_201200,eurepoc,2024-04-10,Technical Cyber Threat Incident,A critical ransomware outbreak hit a commercial banking network. Operators weaponized vulnerability CVE-2023-20198 in perimeter firewalls to establish persistent C2 access. File systems were encrypted and volume shadow copies destroyed. The extortion group demanded $778K for decryption tools.,A critical ransomware outbreak hit a commercial banking network. Operators weaponized vulnerability CVE-2023-20198 in perimeter firewalls to establish persistent C2 access. File systems were encrypted and volume shadow copies destroyed. The extortion group demanded $778K for decryption tools.,ransomware_extortion,Ransomware Extortion
eurepoc_201201,eurepoc,2024-04-10,Technical Cyber Threat Incident,"Threat group Cl0p launched an extortion attack against a power grid distributor. All virtual hypervisors and backup domains were encrypted. Negotiations demanded $2,285K within 48 hours to halt the auction of exfiltrated administrative files.","Threat group Cl0p launched an extortion attack against a power grid distributor. All virtual hypervisors and backup domains were encrypted. Negotiations demanded $2,285K within 48 hours to halt the auction of exfiltrated administrative files.",ransomware_extortion,Ransomware Extortion
eurepoc_201202,eurepoc,2024-04-10,Technical Cyber Threat Incident,"Adversaries conducted destructive wiper malware and multi-vector Layer 7 DDoS attacks against a public port logistics hub. Web applications crashed under 69 million requests per second, knocking public services offline.","Adversaries conducted destructive wiper malware and multi-vector Layer 7 DDoS attacks against a public port logistics hub. Web applications crashed under 69 million requests per second, knocking public services offline.",denial_of_service_disruption,Denial Of Service Disruption
eurepoc_201203,eurepoc,2024-04-10,Technical Cyber Threat Incident,"A persistent flood of HTTP/2 Rapid Reset requests disrupted the border gateway and online authentication servers of a regional healthcare facility, causing complete denial of service for 40 hours.","A persistent flood of HTTP/2 Rapid Reset requests disrupted the border gateway and online authentication servers of a regional healthcare facility, causing complete denial of service for 40 hours.",denial_of_service_disruption,Denial Of Service Disruption
eurepoc_201204,eurepoc,2024-04-10,Technical Cyber Threat Incident,"An unauthenticated cloud storage bucket maintained by a national railway operator was compromised by unauthorized third parties. Attackers accessed 664,000 confidential records and backend system credentials.","An unauthenticated cloud storage bucket maintained by a national railway operator was compromised by unauthorized third parties. Attackers accessed 664,000 confidential records and backend system credentials.",unauthorized_access_hacking,Unauthorized Access Hacking
eurepoc_201205,eurepoc,2024-04-10,Technical Cyber Threat Incident,"A massive volumetric Distributed Denial of Service (DDoS) attack peaking at 1.09 Tbps targeted a pharmaceutical research lab. The attack exploited an amplified DNS/UDP reflection vector through a global IoT botnet, resulting in 61 hours of total service outage.","A massive volumetric Distributed Denial of Service (DDoS) attack peaking at 1.09 Tbps targeted a pharmaceutical research lab. The attack exploited an amplified DNS/UDP reflection vector through a global IoT botnet, resulting in 61 hours of total service outage.",denial_of_service_disruption,Denial Of Service Disruption
eurepoc_201206,eurepoc,2024-04-10,Technical Cyber Threat Incident,"A massive volumetric Distributed Denial of Service (DDoS) attack peaking at 1.93 Tbps targeted a municipal water authority. The attack exploited an amplified DNS/UDP reflection vector through a global IoT botnet, resulting in 42 hours of total service outage.","A massive volumetric Distributed Denial of Service (DDoS) attack peaking at 1.93 Tbps targeted a municipal water authority. The attack exploited an amplified DNS/UDP reflection vector through a global IoT botnet, resulting in 42 hours of total service outage.",denial_of_service_disruption,Denial Of Service Disruption
eurepoc_201207,eurepoc,2024-04-10,Technical Cyber Threat Incident,A spear-phishing campaign attributed to Sandworm targeted executives at a power grid distributor. Weaponized PDF documents referencing fake regulatory audits delivered an infostealer payload harvesting domain credentials.,A spear-phishing campaign attributed to Sandworm targeted executives at a power grid distributor. Weaponized PDF documents referencing fake regulatory audits delivered an infostealer payload harvesting domain credentials.,phishing_social_engineering,Phishing Social Engineering
eurepoc_201208,eurepoc,2024-04-10,Technical Cyber Threat Incident,Threat group LockBit 3.0 launched an extortion attack against a pharmaceutical research lab. All virtual hypervisors and backup domains were encrypted. Negotiations demanded $834K within 48 hours to halt the auction of exfiltrated administrative files.,Threat group LockBit 3.0 launched an extortion attack against a pharmaceutical research lab. All virtual hypervisors and backup domains were encrypted. Negotiations demanded $834K within 48 hours to halt the auction of exfiltrated administrative files.,ransomware_extortion,Ransomware Extortion
eurepoc_201209,eurepoc,2024-04-10,Technical Cyber Threat Incident,"A persistent flood of HTTP/2 Rapid Reset requests disrupted the border gateway and online authentication servers of a municipal water authority, causing complete denial of service for 71 hours.","A persistent flood of HTTP/2 Rapid Reset requests disrupted the border gateway and online authentication servers of a municipal water authority, causing complete denial of service for 71 hours.",denial_of_service_disruption,Denial Of Service Disruption
eurepoc_201210,eurepoc,2024-04-10,Technical Cyber Threat Incident,A spear-phishing campaign attributed to Akira targeted executives at a national railway operator. Weaponized PDF documents referencing fake regulatory audits delivered an infostealer payload harvesting domain credentials.,A spear-phishing campaign attributed to Akira targeted executives at a national railway operator. Weaponized PDF documents referencing fake regulatory audits delivered an infostealer payload harvesting domain credentials.,phishing_social_engineering,Phishing Social Engineering
eurepoc_201211,eurepoc,2024-04-10,Technical Cyber Threat Incident,"State-aligned threat group LockBit 3.0 breached a national railway operator using stolen session tokens. Lateral movement was detected across multiple subnets, resulting in unauthorized exfiltration of sensitive telemetry.","State-aligned threat group LockBit 3.0 breached a national railway operator using stolen session tokens. Lateral movement was detected across multiple subnets, resulting in unauthorized exfiltration of sensitive telemetry.",unauthorized_access_hacking,Unauthorized Access Hacking
eurepoc_201212,eurepoc,2024-04-10,Technical Cyber Threat Incident,"Attackers distributed phishing lures disguised as urgent software patch advisories to personnel at a public port logistics hub, leading to payload execution and credential compromise.","Attackers distributed phishing lures disguised as urgent software patch advisories to personnel at a public port logistics hub, leading to payload execution and credential compromise.",phishing_social_engineering,Phishing Social Engineering
eurepoc_201213,eurepoc,2024-04-10,Technical Cyber Threat Incident,"A sophisticated double-extortion ransomware campaign orchestrated by Sandworm compromised the internal network of a public port logistics hub via compromised credentials. The actors exfiltrated 819GB of proprietary databases before deploying ransomware binaries. A ransom demand of $8,200K in Bitcoin was posted, threatening public leak on darknet forums.","A sophisticated double-extortion ransomware campaign orchestrated by Sandworm compromised the internal network of a public port logistics hub via compromised credentials. The actors exfiltrated 819GB of proprietary databases before deploying ransomware binaries. A ransom demand of $8,200K in Bitcoin was posted, threatening public leak on darknet forums.",ransomware_extortion,Ransomware Extortion
eurepoc_201214,eurepoc,2024-04-10,Technical Cyber Threat Incident,"A sophisticated double-extortion ransomware campaign orchestrated by Lazarus Group compromised the internal network of a municipal water authority via compromised credentials. The actors exfiltrated 884GB of proprietary databases before deploying ransomware binaries. A ransom demand of $3,647K in Bitcoin was posted, threatening public leak on darknet forums.","A sophisticated double-extortion ransomware campaign orchestrated by Lazarus Group compromised the internal network of a municipal water authority via compromised credentials. The actors exfiltrated 884GB of proprietary databases before deploying ransomware binaries. A ransom demand of $3,647K in Bitcoin was posted, threatening public leak on darknet forums.",ransomware_extortion,Ransomware Extortion
eurepoc_201215,eurepoc,2024-04-10,Technical Cyber Threat Incident,"Threat group Akira launched an extortion attack against a pharmaceutical research lab. All virtual hypervisors and backup domains were encrypted. Negotiations demanded $7,873K within 48 hours to halt the auction of exfiltrated administrative files.","Threat group Akira launched an extortion attack against a pharmaceutical research lab. All virtual hypervisors and backup domains were encrypted. Negotiations demanded $7,873K within 48 hours to halt the auction of exfiltrated administrative files.",ransomware_extortion,Ransomware Extortion
eurepoc_201216,eurepoc,2024-04-10,Technical Cyber Threat Incident,"State-aligned threat group Akira breached a national railway operator using stolen session tokens. Lateral movement was detected across multiple subnets, resulting in unauthorized exfiltration of sensitive telemetry.","State-aligned threat group Akira breached a national railway operator using stolen session tokens. Lateral movement was detected across multiple subnets, resulting in unauthorized exfiltration of sensitive telemetry.",unauthorized_access_hacking,Unauthorized Access Hacking
eurepoc_201217,eurepoc,2024-04-10,Technical Cyber Threat Incident,"A sophisticated double-extortion ransomware campaign orchestrated by Lazarus Group compromised the internal network of a pharmaceutical research lab via compromised credentials. The actors exfiltrated 71GB of proprietary databases before deploying ransomware binaries. A ransom demand of $8,361K in Bitcoin was posted, threatening public leak on darknet forums.","A sophisticated double-extortion ransomware campaign orchestrated by Lazarus Group compromised the internal network of a pharmaceutical research lab via compromised credentials. The actors exfiltrated 71GB of proprietary databases before deploying ransomware binaries. A ransom demand of $8,361K in Bitcoin was posted, threatening public leak on darknet forums.",ransomware_extortion,Ransomware Extortion
eurepoc_201218,eurepoc,2024-04-10,Technical Cyber Threat Incident,"Adversaries gained unauthorized system access to a national railway operator by exploiting CVE-2023-34362. The intrusion compromised 372,000 user credentials, establishing persistent reverse shells across the internal DMZ.","Adversaries gained unauthorized system access to a national railway operator by exploiting CVE-2023-34362. The intrusion compromised 372,000 user credentials, establishing persistent reverse shells across the internal DMZ.",unauthorized_access_hacking,Unauthorized Access Hacking
eurepoc_201219,eurepoc,2024-04-10,Technical Cyber Threat Incident,"Adversaries gained unauthorized system access to a power grid distributor by exploiting CVE-2023-20198. The intrusion compromised 704,000 user credentials, establishing persistent reverse shells across the internal DMZ.","Adversaries gained unauthorized system access to a power grid distributor by exploiting CVE-2023-20198. The intrusion compromised 704,000 user credentials, establishing persistent reverse shells across the internal DMZ.",unauthorized_access_hacking,Unauthorized Access Hacking
eurepoc_201220,eurepoc,2024-04-10,Technical Cyber Threat Incident,"Threat group Sandworm launched an extortion attack against a municipal water authority. All virtual hypervisors and backup domains were encrypted. Negotiations demanded $5,533K within 48 hours to halt the auction of exfiltrated administrative files.","Threat group Sandworm launched an extortion attack against a municipal water authority. All virtual hypervisors and backup domains were encrypted. Negotiations demanded $5,533K within 48 hours to halt the auction of exfiltrated administrative files.",ransomware_extortion,Ransomware Extortion
eurepoc_201221,eurepoc,2024-04-10,Technical Cyber Threat Incident,"A sophisticated double-extortion ransomware campaign orchestrated by Sandworm compromised the internal network of a telecommunications provider via compromised credentials. The actors exfiltrated 367GB of proprietary databases before deploying ransomware binaries. A ransom demand of $2,217K in Bitcoin was posted, threatening public leak on darknet forums.","A sophisticated double-extortion ransomware campaign orchestrated by Sandworm compromised the internal network of a telecommunications provider via compromised credentials. The actors exfiltrated 367GB of proprietary databases before deploying ransomware binaries. A ransom demand of $2,217K in Bitcoin was posted, threatening public leak on darknet forums.",ransomware_extortion,Ransomware Extortion
eurepoc_201222,eurepoc,2024-04-10,Technical Cyber Threat Incident,"Attackers distributed phishing lures disguised as urgent software patch advisories to personnel at a government tax agency, leading to payload execution and credential compromise.","Attackers distributed phishing lures disguised as urgent software patch advisories to personnel at a government tax agency, leading to payload execution and credential compromise.",phishing_social_engineering,Phishing Social Engineering
eurepoc_201223,eurepoc,2024-04-10,Technical Cyber Threat Incident,"Threat group LockBit 3.0 launched an extortion attack against a municipal water authority. All virtual hypervisors and backup domains were encrypted. Negotiations demanded $5,432K within 48 hours to halt the auction of exfiltrated administrative files.","Threat group LockBit 3.0 launched an extortion attack against a municipal water authority. All virtual hypervisors and backup domains were encrypted. Negotiations demanded $5,432K within 48 hours to halt the auction of exfiltrated administrative files.",ransomware_extortion,Ransomware Extortion
eurepoc_201224,eurepoc,2024-04-10,Technical Cyber Threat Incident,"A sophisticated double-extortion ransomware campaign orchestrated by Volt Typhoon compromised the internal network of a national railway operator via compromised credentials. The actors exfiltrated 201GB of proprietary databases before deploying ransomware binaries. A ransom demand of $6,730K in Bitcoin was posted, threatening public leak on darknet forums.","A sophisticated double-extortion ransomware campaign orchestrated by Volt Typhoon compromised the internal network of a national railway operator via compromised credentials. The actors exfiltrated 201GB of proprietary databases before deploying ransomware binaries. A ransom demand of $6,730K in Bitcoin was posted, threatening public leak on darknet forums.",ransomware_extortion,Ransomware Extortion
eurepoc_201225,eurepoc,2024-04-10,Technical Cyber Threat Incident,"Adversaries gained unauthorized system access to a telecommunications provider by exploiting CVE-2023-34362. The intrusion compromised 339,000 user credentials, establishing persistent reverse shells across the internal DMZ.","Adversaries gained unauthorized system access to a telecommunications provider by exploiting CVE-2023-34362. The intrusion compromised 339,000 user credentials, establishing persistent reverse shells across the internal DMZ.",unauthorized_access_hacking,Unauthorized Access Hacking
eurepoc_201226,eurepoc,2024-04-10,Technical Cyber Threat Incident,"Adversaries conducted destructive wiper malware and multi-vector Layer 7 DDoS attacks against a government tax agency. Web applications crashed under 21 million requests per second, knocking public services offline.","Adversaries conducted destructive wiper malware and multi-vector Layer 7 DDoS attacks against a government tax agency. Web applications crashed under 21 million requests per second, knocking public services offline.",denial_of_service_disruption,Denial Of Service Disruption
eurepoc_201227,eurepoc,2024-04-10,Technical Cyber Threat Incident,"A massive volumetric Distributed Denial of Service (DDoS) attack peaking at 1.66 Tbps targeted a municipal water authority. The attack exploited an amplified DNS/UDP reflection vector through a global IoT botnet, resulting in 65 hours of total service outage.","A massive volumetric Distributed Denial of Service (DDoS) attack peaking at 1.66 Tbps targeted a municipal water authority. The attack exploited an amplified DNS/UDP reflection vector through a global IoT botnet, resulting in 65 hours of total service outage.",denial_of_service_disruption,Denial Of Service Disruption
eurepoc_201228,eurepoc,2024-04-10,Technical Cyber Threat Incident,"A critical ransomware outbreak hit a power grid distributor. Operators weaponized vulnerability CVE-2023-20198 in perimeter firewalls to establish persistent C2 access. File systems were encrypted and volume shadow copies destroyed. The extortion group demanded $5,628K for decryption tools.","A critical ransomware outbreak hit a power grid distributor. Operators weaponized vulnerability CVE-2023-20198 in perimeter firewalls to establish persistent C2 access. File systems were encrypted and volume shadow copies destroyed. The extortion group demanded $5,628K for decryption tools.",ransomware_extortion,Ransomware Extortion
eurepoc_201229,eurepoc,2024-04-10,Technical Cyber Threat Incident,A spear-phishing campaign attributed to APT28 (Fancy Bear) targeted executives at a telecommunications provider. Weaponized PDF documents referencing fake regulatory audits delivered an infostealer payload harvesting domain credentials.,A spear-phishing campaign attributed to APT28 (Fancy Bear) targeted executives at a telecommunications provider. Weaponized PDF documents referencing fake regulatory audits delivered an infostealer payload harvesting domain credentials.,phishing_social_engineering,Phishing Social Engineering
eurepoc_201230,eurepoc,2024-04-10,Technical Cyber Threat Incident,"State-aligned threat group Volt Typhoon breached a commercial banking network using stolen session tokens. Lateral movement was detected across multiple subnets, resulting in unauthorized exfiltration of sensitive telemetry.","State-aligned threat group Volt Typhoon breached a commercial banking network using stolen session tokens. Lateral movement was detected across multiple subnets, resulting in unauthorized exfiltration of sensitive telemetry.",unauthorized_access_hacking,Unauthorized Access Hacking
eurepoc_201231,eurepoc,2024-04-10,Technical Cyber Threat Incident,"A persistent flood of HTTP/2 Rapid Reset requests disrupted the border gateway and online authentication servers of a aerospace defense contractor, causing complete denial of service for 24 hours.","A persistent flood of HTTP/2 Rapid Reset requests disrupted the border gateway and online authentication servers of a aerospace defense contractor, causing complete denial of service for 24 hours.",denial_of_service_disruption,Denial Of Service Disruption
eurepoc_201232,eurepoc,2024-04-10,Technical Cyber Threat Incident,A spear-phishing campaign attributed to Lazarus Group targeted executives at a public port logistics hub. Weaponized PDF documents referencing fake regulatory audits delivered an infostealer payload harvesting domain credentials.,A spear-phishing campaign attributed to Lazarus Group targeted executives at a public port logistics hub. Weaponized PDF documents referencing fake regulatory audits delivered an infostealer payload harvesting domain credentials.,phishing_social_engineering,Phishing Social Engineering
eurepoc_201233,eurepoc,2024-04-10,Technical Cyber Threat Incident,"A massive volumetric Distributed Denial of Service (DDoS) attack peaking at 3.13 Tbps targeted a national railway operator. The attack exploited an amplified DNS/UDP reflection vector through a global IoT botnet, resulting in 47 hours of total service outage.","A massive volumetric Distributed Denial of Service (DDoS) attack peaking at 3.13 Tbps targeted a national railway operator. The attack exploited an amplified DNS/UDP reflection vector through a global IoT botnet, resulting in 47 hours of total service outage.",denial_of_service_disruption,Denial Of Service Disruption
eurepoc_201234,eurepoc,2024-04-10,Technical Cyber Threat Incident,"A critical ransomware outbreak hit a municipal water authority. Operators weaponized vulnerability CVE-2023-20198 in perimeter firewalls to establish persistent C2 access. File systems were encrypted and volume shadow copies destroyed. The extortion group demanded $7,137K for decryption tools.","A critical ransomware outbreak hit a municipal water authority. Operators weaponized vulnerability CVE-2023-20198 in perimeter firewalls to establish persistent C2 access. File systems were encrypted and volume shadow copies destroyed. The extortion group demanded $7,137K for decryption tools.",ransomware_extortion,Ransomware Extortion
eurepoc_201235,eurepoc,2024-04-10,Technical Cyber Threat Incident,"A persistent flood of HTTP/2 Rapid Reset requests disrupted the border gateway and online authentication servers of a commercial banking network, causing complete denial of service for 39 hours.","A persistent flood of HTTP/2 Rapid Reset requests disrupted the border gateway and online authentication servers of a commercial banking network, causing complete denial of service for 39 hours.",denial_of_service_disruption,Denial Of Service Disruption
eurepoc_201236,eurepoc,2024-04-10,Technical Cyber Threat Incident,"State-aligned threat group LockBit 3.0 breached a power grid distributor using stolen session tokens. Lateral movement was detected across multiple subnets, resulting in unauthorized exfiltration of sensitive telemetry.","State-aligned threat group LockBit 3.0 breached a power grid distributor using stolen session tokens. Lateral movement was detected across multiple subnets, resulting in unauthorized exfiltration of sensitive telemetry.",unauthorized_access_hacking,Unauthorized Access Hacking
eurepoc_201237,eurepoc,2024-04-10,Technical Cyber Threat Incident,"A critical ransomware outbreak hit a pharmaceutical research lab. Operators weaponized vulnerability CVE-2023-2868 in perimeter firewalls to establish persistent C2 access. File systems were encrypted and volume shadow copies destroyed. The extortion group demanded $6,312K for decryption tools.","A critical ransomware outbreak hit a pharmaceutical research lab. Operators weaponized vulnerability CVE-2023-2868 in perimeter firewalls to establish persistent C2 access. File systems were encrypted and volume shadow copies destroyed. The extortion group demanded $6,312K for decryption tools.",ransomware_extortion,Ransomware Extortion
eurepoc_201238,eurepoc,2024-04-10,Technical Cyber Threat Incident,"An unauthenticated cloud storage bucket maintained by a public port logistics hub was compromised by unauthorized third parties. Attackers accessed 32,000 confidential records and backend system credentials.","An unauthenticated cloud storage bucket maintained by a public port logistics hub was compromised by unauthorized third parties. Attackers accessed 32,000 confidential records and backend system credentials.",unauthorized_access_hacking,Unauthorized Access Hacking
eurepoc_201239,eurepoc,2024-04-10,Technical Cyber Threat Incident,"Threat group Volt Typhoon launched an extortion attack against a national railway operator. All virtual hypervisors and backup domains were encrypted. Negotiations demanded $5,541K within 48 hours to halt the auction of exfiltrated administrative files.","Threat group Volt Typhoon launched an extortion attack against a national railway operator. All virtual hypervisors and backup domains were encrypted. Negotiations demanded $5,541K within 48 hours to halt the auction of exfiltrated administrative files.",ransomware_extortion,Ransomware Extortion
eurepoc_201240,eurepoc,2024-04-10,Technical Cyber Threat Incident,"Adversaries conducted destructive wiper malware and multi-vector Layer 7 DDoS attacks against a government tax agency. Web applications crashed under 29 million requests per second, knocking public services offline.","Adversaries conducted destructive wiper malware and multi-vector Layer 7 DDoS attacks against a government tax agency. Web applications crashed under 29 million requests per second, knocking public services offline.",denial_of_service_disruption,Denial Of Service Disruption
eurepoc_201241,eurepoc,2024-04-10,Technical Cyber Threat Incident,A spear-phishing campaign attributed to Sandworm targeted executives at a municipal water authority. Weaponized PDF documents referencing fake regulatory audits delivered an infostealer payload harvesting domain credentials.,A spear-phishing campaign attributed to Sandworm targeted executives at a municipal water authority. Weaponized PDF documents referencing fake regulatory audits delivered an infostealer payload harvesting domain credentials.,phishing_social_engineering,Phishing Social Engineering
eurepoc_201242,eurepoc,2024-04-10,Technical Cyber Threat Incident,"A persistent flood of HTTP/2 Rapid Reset requests disrupted the border gateway and online authentication servers of a pharmaceutical research lab, causing complete denial of service for 28 hours.","A persistent flood of HTTP/2 Rapid Reset requests disrupted the border gateway and online authentication servers of a pharmaceutical research lab, causing complete denial of service for 28 hours.",denial_of_service_disruption,Denial Of Service Disruption
eurepoc_201243,eurepoc,2024-04-10,Technical Cyber Threat Incident,"A critical ransomware outbreak hit a power grid distributor. Operators weaponized vulnerability CVE-2023-20198 in perimeter firewalls to establish persistent C2 access. File systems were encrypted and volume shadow copies destroyed. The extortion group demanded $7,738K for decryption tools.","A critical ransomware outbreak hit a power grid distributor. Operators weaponized vulnerability CVE-2023-20198 in perimeter firewalls to establish persistent C2 access. File systems were encrypted and volume shadow copies destroyed. The extortion group demanded $7,738K for decryption tools.",ransomware_extortion,Ransomware Extortion
eurepoc_201244,eurepoc,2024-04-10,Technical Cyber Threat Incident,"Adversaries conducted destructive wiper malware and multi-vector Layer 7 DDoS attacks against a power grid distributor. Web applications crashed under 90 million requests per second, knocking public services offline.","Adversaries conducted destructive wiper malware and multi-vector Layer 7 DDoS attacks against a power grid distributor. Web applications crashed under 90 million requests per second, knocking public services offline.",denial_of_service_disruption,Denial Of Service Disruption
eurepoc_201245,eurepoc,2024-04-10,Technical Cyber Threat Incident,"Employees at a power grid distributor received spoofed Microsoft 365 login requests. The Adversary-in-the-Middle (AiTM) proxy captured session cookies and bypassed MFA, facilitating unauthorized email forwarding rules.","Employees at a power grid distributor received spoofed Microsoft 365 login requests. The Adversary-in-the-Middle (AiTM) proxy captured session cookies and bypassed MFA, facilitating unauthorized email forwarding rules.",phishing_social_engineering,Phishing Social Engineering
eurepoc_201246,eurepoc,2024-04-10,Technical Cyber Threat Incident,"A sophisticated double-extortion ransomware campaign orchestrated by LockBit 3.0 compromised the internal network of a public port logistics hub via compromised credentials. The actors exfiltrated 763GB of proprietary databases before deploying ransomware binaries. A ransom demand of $5,880K in Bitcoin was posted, threatening public leak on darknet forums.","A sophisticated double-extortion ransomware campaign orchestrated by LockBit 3.0 compromised the internal network of a public port logistics hub via compromised credentials. The actors exfiltrated 763GB of proprietary databases before deploying ransomware binaries. A ransom demand of $5,880K in Bitcoin was posted, threatening public leak on darknet forums.",ransomware_extortion,Ransomware Extortion
eurepoc_201247,eurepoc,2024-04-10,Technical Cyber Threat Incident,"Attackers distributed phishing lures disguised as urgent software patch advisories to personnel at a telecommunications provider, leading to payload execution and credential compromise.","Attackers distributed phishing lures disguised as urgent software patch advisories to personnel at a telecommunications provider, leading to payload execution and credential compromise.",phishing_social_engineering,Phishing Social Engineering
eurepoc_201248,eurepoc,2024-04-10,Technical Cyber Threat Incident,"A sophisticated double-extortion ransomware campaign orchestrated by Sandworm compromised the internal network of a regional healthcare facility via compromised credentials. The actors exfiltrated 420GB of proprietary databases before deploying ransomware binaries. A ransom demand of $3,263K in Bitcoin was posted, threatening public leak on darknet forums.","A sophisticated double-extortion ransomware campaign orchestrated by Sandworm compromised the internal network of a regional healthcare facility via compromised credentials. The actors exfiltrated 420GB of proprietary databases before deploying ransomware binaries. A ransom demand of $3,263K in Bitcoin was posted, threatening public leak on darknet forums.",ransomware_extortion,Ransomware Extortion
eurepoc_201249,eurepoc,2024-04-10,Technical Cyber Threat Incident,"Threat group APT28 (Fancy Bear) launched an extortion attack against a commercial banking network. All virtual hypervisors and backup domains were encrypted. Negotiations demanded $8,943K within 48 hours to halt the auction of exfiltrated administrative files.","Threat group APT28 (Fancy Bear) launched an extortion attack against a commercial banking network. All virtual hypervisors and backup domains were encrypted. Negotiations demanded $8,943K within 48 hours to halt the auction of exfiltrated administrative files.",ransomware_extortion,Ransomware Extortion
eurepoc_201250,eurepoc,2024-04-10,Technical Cyber Threat Incident,"Threat group Cl0p launched an extortion attack against a telecommunications provider. All virtual hypervisors and backup domains were encrypted. Negotiations demanded $8,796K within 48 hours to halt the auction of exfiltrated administrative files.","Threat group Cl0p launched an extortion attack against a telecommunications provider. All virtual hypervisors and backup domains were encrypted. Negotiations demanded $8,796K within 48 hours to halt the auction of exfiltrated administrative files.",ransomware_extortion,Ransomware Extortion
eurepoc_201251,eurepoc,2024-04-10,Technical Cyber Threat Incident,"A massive volumetric Distributed Denial of Service (DDoS) attack peaking at 3.07 Tbps targeted a power grid distributor. The attack exploited an amplified DNS/UDP reflection vector through a global IoT botnet, resulting in 52 hours of total service outage.","A massive volumetric Distributed Denial of Service (DDoS) attack peaking at 3.07 Tbps targeted a power grid distributor. The attack exploited an amplified DNS/UDP reflection vector through a global IoT botnet, resulting in 52 hours of total service outage.",denial_of_service_disruption,Denial Of Service Disruption
eurepoc_201252,eurepoc,2024-04-10,Technical Cyber Threat Incident,"A massive volumetric Distributed Denial of Service (DDoS) attack peaking at 3.07 Tbps targeted a municipal water authority. The attack exploited an amplified DNS/UDP reflection vector through a global IoT botnet, resulting in 34 hours of total service outage.","A massive volumetric Distributed Denial of Service (DDoS) attack peaking at 3.07 Tbps targeted a municipal water authority. The attack exploited an amplified DNS/UDP reflection vector through a global IoT botnet, resulting in 34 hours of total service outage.",denial_of_service_disruption,Denial Of Service Disruption
eurepoc_201253,eurepoc,2024-04-10,Technical Cyber Threat Incident,"An unauthenticated cloud storage bucket maintained by a national railway operator was compromised by unauthorized third parties. Attackers accessed 42,000 confidential records and backend system credentials.","An unauthenticated cloud storage bucket maintained by a national railway operator was compromised by unauthorized third parties. Attackers accessed 42,000 confidential records and backend system credentials.",unauthorized_access_hacking,Unauthorized Access Hacking
eurepoc_201254,eurepoc,2024-04-10,Technical Cyber Threat Incident,"A massive volumetric Distributed Denial of Service (DDoS) attack peaking at 0.9 Tbps targeted a pharmaceutical research lab. The attack exploited an amplified DNS/UDP reflection vector through a global IoT botnet, resulting in 16 hours of total service outage.","A massive volumetric Distributed Denial of Service (DDoS) attack peaking at 0.9 Tbps targeted a pharmaceutical research lab. The attack exploited an amplified DNS/UDP reflection vector through a global IoT botnet, resulting in 16 hours of total service outage.",denial_of_service_disruption,Denial Of Service Disruption
eurepoc_201255,eurepoc,2024-04-10,Technical Cyber Threat Incident,"Threat group LockBit 3.0 launched an extortion attack against a aerospace defense contractor. All virtual hypervisors and backup domains were encrypted. Negotiations demanded $3,050K within 48 hours to halt the auction of exfiltrated administrative files.","Threat group LockBit 3.0 launched an extortion attack against a aerospace defense contractor. All virtual hypervisors and backup domains were encrypted. Negotiations demanded $3,050K within 48 hours to halt the auction of exfiltrated administrative files.",ransomware_extortion,Ransomware Extortion
eurepoc_201256,eurepoc,2024-04-10,Technical Cyber Threat Incident,"A sophisticated double-extortion ransomware campaign orchestrated by Akira compromised the internal network of a aerospace defense contractor via compromised credentials. The actors exfiltrated 491GB of proprietary databases before deploying ransomware binaries. A ransom demand of $4,809K in Bitcoin was posted, threatening public leak on darknet forums.","A sophisticated double-extortion ransomware campaign orchestrated by Akira compromised the internal network of a aerospace defense contractor via compromised credentials. The actors exfiltrated 491GB of proprietary databases before deploying ransomware binaries. A ransom demand of $4,809K in Bitcoin was posted, threatening public leak on darknet forums.",ransomware_extortion,Ransomware Extortion
eurepoc_201257,eurepoc,2024-04-10,Technical Cyber Threat Incident,"A sophisticated double-extortion ransomware campaign orchestrated by APT28 (Fancy Bear) compromised the internal network of a telecommunications provider via compromised credentials. The actors exfiltrated 113GB of proprietary databases before deploying ransomware binaries. A ransom demand of $1,144K in Bitcoin was posted, threatening public leak on darknet forums.","A sophisticated double-extortion ransomware campaign orchestrated by APT28 (Fancy Bear) compromised the internal network of a telecommunications provider via compromised credentials. The actors exfiltrated 113GB of proprietary databases before deploying ransomware binaries. A ransom demand of $1,144K in Bitcoin was posted, threatening public leak on darknet forums.",ransomware_extortion,Ransomware Extortion
eurepoc_201258,eurepoc,2024-04-10,Technical Cyber Threat Incident,"A sophisticated double-extortion ransomware campaign orchestrated by LockBit 3.0 compromised the internal network of a government tax agency via compromised credentials. The actors exfiltrated 802GB of proprietary databases before deploying ransomware binaries. A ransom demand of $5,681K in Bitcoin was posted, threatening public leak on darknet forums.","A sophisticated double-extortion ransomware campaign orchestrated by LockBit 3.0 compromised the internal network of a government tax agency via compromised credentials. The actors exfiltrated 802GB of proprietary databases before deploying ransomware binaries. A ransom demand of $5,681K in Bitcoin was posted, threatening public leak on darknet forums.",ransomware_extortion,Ransomware Extortion
eurepoc_201259,eurepoc,2024-04-10,Technical Cyber Threat Incident,"Threat group Volt Typhoon launched an extortion attack against a government tax agency. All virtual hypervisors and backup domains were encrypted. Negotiations demanded $8,441K within 48 hours to halt the auction of exfiltrated administrative files.","Threat group Volt Typhoon launched an extortion attack against a government tax agency. All virtual hypervisors and backup domains were encrypted. Negotiations demanded $8,441K within 48 hours to halt the auction of exfiltrated administrative files.",ransomware_extortion,Ransomware Extortion
eurepoc_201260,eurepoc,2024-04-10,Technical Cyber Threat Incident,"Adversaries gained unauthorized system access to a national railway operator by exploiting CVE-2023-4966. The intrusion compromised 45,000 user credentials, establishing persistent reverse shells across the internal DMZ.","Adversaries gained unauthorized system access to a national railway operator by exploiting CVE-2023-4966. The intrusion compromised 45,000 user credentials, establishing persistent reverse shells across the internal DMZ.",unauthorized_access_hacking,Unauthorized Access Hacking
eurepoc_201261,eurepoc,2024-04-10,Technical Cyber Threat Incident,"A persistent flood of HTTP/2 Rapid Reset requests disrupted the border gateway and online authentication servers of a aerospace defense contractor, causing complete denial of service for 44 hours.","A persistent flood of HTTP/2 Rapid Reset requests disrupted the border gateway and online authentication servers of a aerospace defense contractor, causing complete denial of service for 44 hours.",denial_of_service_disruption,Denial Of Service Disruption
eurepoc_201262,eurepoc,2024-04-10,Technical Cyber Threat Incident,"An unauthenticated cloud storage bucket maintained by a municipal water authority was compromised by unauthorized third parties. Attackers accessed 417,000 confidential records and backend system credentials.","An unauthenticated cloud storage bucket maintained by a municipal water authority was compromised by unauthorized third parties. Attackers accessed 417,000 confidential records and backend system credentials.",unauthorized_access_hacking,Unauthorized Access Hacking
eurepoc_201263,eurepoc,2024-04-10,Technical Cyber Threat Incident,"Threat group Sandworm launched an extortion attack against a municipal water authority. All virtual hypervisors and backup domains were encrypted. Negotiations demanded $2,241K within 48 hours to halt the auction of exfiltrated administrative files.","Threat group Sandworm launched an extortion attack against a municipal water authority. All virtual hypervisors and backup domains were encrypted. Negotiations demanded $2,241K within 48 hours to halt the auction of exfiltrated administrative files.",ransomware_extortion,Ransomware Extortion
eurepoc_201264,eurepoc,2024-04-10,Technical Cyber Threat Incident,"State-aligned threat group Cl0p breached a public port logistics hub using stolen session tokens. Lateral movement was detected across multiple subnets, resulting in unauthorized exfiltration of sensitive telemetry.","State-aligned threat group Cl0p breached a public port logistics hub using stolen session tokens. Lateral movement was detected across multiple subnets, resulting in unauthorized exfiltration of sensitive telemetry.",unauthorized_access_hacking,Unauthorized Access Hacking
eurepoc_201265,eurepoc,2024-04-10,Technical Cyber Threat Incident,"State-aligned threat group LockBit 3.0 breached a public port logistics hub using stolen session tokens. Lateral movement was detected across multiple subnets, resulting in unauthorized exfiltration of sensitive telemetry.","State-aligned threat group LockBit 3.0 breached a public port logistics hub using stolen session tokens. Lateral movement was detected across multiple subnets, resulting in unauthorized exfiltration of sensitive telemetry.",unauthorized_access_hacking,Unauthorized Access Hacking
eurepoc_201266,eurepoc,2024-04-10,Technical Cyber Threat Incident,"State-aligned threat group Lazarus Group breached a aerospace defense contractor using stolen session tokens. Lateral movement was detected across multiple subnets, resulting in unauthorized exfiltration of sensitive telemetry.","State-aligned threat group Lazarus Group breached a aerospace defense contractor using stolen session tokens. Lateral movement was detected across multiple subnets, resulting in unauthorized exfiltration of sensitive telemetry.",unauthorized_access_hacking,Unauthorized Access Hacking
eurepoc_201267,eurepoc,2024-04-10,Technical Cyber Threat Incident,"A sophisticated double-extortion ransomware campaign orchestrated by Lazarus Group compromised the internal network of a power grid distributor via compromised credentials. The actors exfiltrated 458GB of proprietary databases before deploying ransomware binaries. A ransom demand of $2,536K in Bitcoin was posted, threatening public leak on darknet forums.","A sophisticated double-extortion ransomware campaign orchestrated by Lazarus Group compromised the internal network of a power grid distributor via compromised credentials. The actors exfiltrated 458GB of proprietary databases before deploying ransomware binaries. A ransom demand of $2,536K in Bitcoin was posted, threatening public leak on darknet forums.",ransomware_extortion,Ransomware Extortion
eurepoc_201268,eurepoc,2024-04-10,Technical Cyber Threat Incident,"Adversaries gained unauthorized system access to a government tax agency by exploiting CVE-2023-20198. The intrusion compromised 384,000 user credentials, establishing persistent reverse shells across the internal DMZ.","Adversaries gained unauthorized system access to a government tax agency by exploiting CVE-2023-20198. The intrusion compromised 384,000 user credentials, establishing persistent reverse shells across the internal DMZ.",unauthorized_access_hacking,Unauthorized Access Hacking
eurepoc_201269,eurepoc,2024-04-10,Technical Cyber Threat Incident,"State-aligned threat group Cl0p breached a telecommunications provider using stolen session tokens. Lateral movement was detected across multiple subnets, resulting in unauthorized exfiltration of sensitive telemetry.","State-aligned threat group Cl0p breached a telecommunications provider using stolen session tokens. Lateral movement was detected across multiple subnets, resulting in unauthorized exfiltration of sensitive telemetry.",unauthorized_access_hacking,Unauthorized Access Hacking
eurepoc_201270,eurepoc,2024-04-10,Technical Cyber Threat Incident,"Adversaries conducted destructive wiper malware and multi-vector Layer 7 DDoS attacks against a government tax agency. Web applications crashed under 45 million requests per second, knocking public services offline.","Adversaries conducted destructive wiper malware and multi-vector Layer 7 DDoS attacks against a government tax agency. Web applications crashed under 45 million requests per second, knocking public services offline.",denial_of_service_disruption,Denial Of Service Disruption
eurepoc_201271,eurepoc,2024-04-10,Technical Cyber Threat Incident,"Adversaries gained unauthorized system access to a aerospace defense contractor by exploiting CVE-2023-34362. The intrusion compromised 255,000 user credentials, establishing persistent reverse shells across the internal DMZ.","Adversaries gained unauthorized system access to a aerospace defense contractor by exploiting CVE-2023-34362. The intrusion compromised 255,000 user credentials, establishing persistent reverse shells across the internal DMZ.",unauthorized_access_hacking,Unauthorized Access Hacking
eurepoc_201272,eurepoc,2024-04-10,Technical Cyber Threat Incident,"State-aligned threat group Lazarus Group breached a national railway operator using stolen session tokens. Lateral movement was detected across multiple subnets, resulting in unauthorized exfiltration of sensitive telemetry.","State-aligned threat group Lazarus Group breached a national railway operator using stolen session tokens. Lateral movement was detected across multiple subnets, resulting in unauthorized exfiltration of sensitive telemetry.",unauthorized_access_hacking,Unauthorized Access Hacking
eurepoc_201273,eurepoc,2024-04-10,Technical Cyber Threat Incident,"Attackers distributed phishing lures disguised as urgent software patch advisories to personnel at a government tax agency, leading to payload execution and credential compromise.","Attackers distributed phishing lures disguised as urgent software patch advisories to personnel at a government tax agency, leading to payload execution and credential compromise.",phishing_social_engineering,Phishing Social Engineering
eurepoc_201274,eurepoc,2024-04-10,Technical Cyber Threat Incident,"A critical ransomware outbreak hit a regional healthcare facility. Operators weaponized vulnerability CVE-2023-4966 in perimeter firewalls to establish persistent C2 access. File systems were encrypted and volume shadow copies destroyed. The extortion group demanded $6,045K for decryption tools.","A critical ransomware outbreak hit a regional healthcare facility. Operators weaponized vulnerability CVE-2023-4966 in perimeter firewalls to establish persistent C2 access. File systems were encrypted and volume shadow copies destroyed. The extortion group demanded $6,045K for decryption tools.",ransomware_extortion,Ransomware Extortion
eurepoc_201275,eurepoc,2024-04-10,Technical Cyber Threat Incident,"A massive volumetric Distributed Denial of Service (DDoS) attack peaking at 3.28 Tbps targeted a power grid distributor. The attack exploited an amplified DNS/UDP reflection vector through a global IoT botnet, resulting in 57 hours of total service outage.","A massive volumetric Distributed Denial of Service (DDoS) attack peaking at 3.28 Tbps targeted a power grid distributor. The attack exploited an amplified DNS/UDP reflection vector through a global IoT botnet, resulting in 57 hours of total service outage.",denial_of_service_disruption,Denial Of Service Disruption
eurepoc_201276,eurepoc,2024-04-10,Technical Cyber Threat Incident,A spear-phishing campaign attributed to Akira targeted executives at a national railway operator. Weaponized PDF documents referencing fake regulatory audits delivered an infostealer payload harvesting domain credentials.,A spear-phishing campaign attributed to Akira targeted executives at a national railway operator. Weaponized PDF documents referencing fake regulatory audits delivered an infostealer payload harvesting domain credentials.,phishing_social_engineering,Phishing Social Engineering
eurepoc_201277,eurepoc,2024-04-10,Technical Cyber Threat Incident,"A massive volumetric Distributed Denial of Service (DDoS) attack peaking at 1.3 Tbps targeted a commercial banking network. The attack exploited an amplified DNS/UDP reflection vector through a global IoT botnet, resulting in 66 hours of total service outage.","A massive volumetric Distributed Denial of Service (DDoS) attack peaking at 1.3 Tbps targeted a commercial banking network. The attack exploited an amplified DNS/UDP reflection vector through a global IoT botnet, resulting in 66 hours of total service outage.",denial_of_service_disruption,Denial Of Service Disruption
eurepoc_201278,eurepoc,2024-04-10,Technical Cyber Threat Incident,"A sophisticated double-extortion ransomware campaign orchestrated by Volt Typhoon compromised the internal network of a power grid distributor via compromised credentials. The actors exfiltrated 538GB of proprietary databases before deploying ransomware binaries. A ransom demand of $7,257K in Bitcoin was posted, threatening public leak on darknet forums.","A sophisticated double-extortion ransomware campaign orchestrated by Volt Typhoon compromised the internal network of a power grid distributor via compromised credentials. The actors exfiltrated 538GB of proprietary databases before deploying ransomware binaries. A ransom demand of $7,257K in Bitcoin was posted, threatening public leak on darknet forums.",ransomware_extortion,Ransomware Extortion
eurepoc_201279,eurepoc,2024-04-10,Technical Cyber Threat Incident,"State-aligned threat group LockBit 3.0 breached a national railway operator using stolen session tokens. Lateral movement was detected across multiple subnets, resulting in unauthorized exfiltration of sensitive telemetry.","State-aligned threat group LockBit 3.0 breached a national railway operator using stolen session tokens. Lateral movement was detected across multiple subnets, resulting in unauthorized exfiltration of sensitive telemetry.",unauthorized_access_hacking,Unauthorized Access Hacking
eurepoc_201280,eurepoc,2024-04-10,Technical Cyber Threat Incident,A critical ransomware outbreak hit a public port logistics hub. Operators weaponized vulnerability CVE-2023-34362 in perimeter firewalls to establish persistent C2 access. File systems were encrypted and volume shadow copies destroyed. The extortion group demanded $672K for decryption tools.,A critical ransomware outbreak hit a public port logistics hub. Operators weaponized vulnerability CVE-2023-34362 in perimeter firewalls to establish persistent C2 access. File systems were encrypted and volume shadow copies destroyed. The extortion group demanded $672K for decryption tools.,ransomware_extortion,Ransomware Extortion
eurepoc_201281,eurepoc,2024-04-10,Technical Cyber Threat Incident,"A critical ransomware outbreak hit a aerospace defense contractor. Operators weaponized vulnerability CVE-2023-2868 in perimeter firewalls to establish persistent C2 access. File systems were encrypted and volume shadow copies destroyed. The extortion group demanded $2,739K for decryption tools.","A critical ransomware outbreak hit a aerospace defense contractor. Operators weaponized vulnerability CVE-2023-2868 in perimeter firewalls to establish persistent C2 access. File systems were encrypted and volume shadow copies destroyed. The extortion group demanded $2,739K for decryption tools.",ransomware_extortion,Ransomware Extortion
eurepoc_201282,eurepoc,2024-04-10,Technical Cyber Threat Incident,"Threat group Sandworm launched an extortion attack against a public port logistics hub. All virtual hypervisors and backup domains were encrypted. Negotiations demanded $7,361K within 48 hours to halt the auction of exfiltrated administrative files.","Threat group Sandworm launched an extortion attack against a public port logistics hub. All virtual hypervisors and backup domains were encrypted. Negotiations demanded $7,361K within 48 hours to halt the auction of exfiltrated administrative files.",ransomware_extortion,Ransomware Extortion
eurepoc_201283,eurepoc,2024-04-10,Technical Cyber Threat Incident,"A sophisticated double-extortion ransomware campaign orchestrated by Sandworm compromised the internal network of a national railway operator via compromised credentials. The actors exfiltrated 739GB of proprietary databases before deploying ransomware binaries. A ransom demand of $8,577K in Bitcoin was posted, threatening public leak on darknet forums.","A sophisticated double-extortion ransomware campaign orchestrated by Sandworm compromised the internal network of a national railway operator via compromised credentials. The actors exfiltrated 739GB of proprietary databases before deploying ransomware binaries. A ransom demand of $8,577K in Bitcoin was posted, threatening public leak on darknet forums.",ransomware_extortion,Ransomware Extortion
eurepoc_201284,eurepoc,2024-04-10,Technical Cyber Threat Incident,"Adversaries gained unauthorized system access to a municipal water authority by exploiting CVE-2023-34362. The intrusion compromised 68,000 user credentials, establishing persistent reverse shells across the internal DMZ.","Adversaries gained unauthorized system access to a municipal water authority by exploiting CVE-2023-34362. The intrusion compromised 68,000 user credentials, establishing persistent reverse shells across the internal DMZ.",unauthorized_access_hacking,Unauthorized Access Hacking
eurepoc_201285,eurepoc,2024-04-10,Technical Cyber Threat Incident,"An unauthenticated cloud storage bucket maintained by a power grid distributor was compromised by unauthorized third parties. Attackers accessed 432,000 confidential records and backend system credentials.","An unauthenticated cloud storage bucket maintained by a power grid distributor was compromised by unauthorized third parties. Attackers accessed 432,000 confidential records and backend system credentials.",unauthorized_access_hacking,Unauthorized Access Hacking
eurepoc_201286,eurepoc,2024-04-10,Technical Cyber Threat Incident,"A sophisticated double-extortion ransomware campaign orchestrated by Sandworm compromised the internal network of a municipal water authority via compromised credentials. The actors exfiltrated 782GB of proprietary databases before deploying ransomware binaries. A ransom demand of $3,958K in Bitcoin was posted, threatening public leak on darknet forums.","A sophisticated double-extortion ransomware campaign orchestrated by Sandworm compromised the internal network of a municipal water authority via compromised credentials. The actors exfiltrated 782GB of proprietary databases before deploying ransomware binaries. A ransom demand of $3,958K in Bitcoin was posted, threatening public leak on darknet forums.",ransomware_extortion,Ransomware Extortion
eurepoc_201287,eurepoc,2024-04-10,Technical Cyber Threat Incident,"State-aligned threat group APT28 (Fancy Bear) breached a pharmaceutical research lab using stolen session tokens. Lateral movement was detected across multiple subnets, resulting in unauthorized exfiltration of sensitive telemetry.","State-aligned threat group APT28 (Fancy Bear) breached a pharmaceutical research lab using stolen session tokens. Lateral movement was detected across multiple subnets, resulting in unauthorized exfiltration of sensitive telemetry.",unauthorized_access_hacking,Unauthorized Access Hacking
eurepoc_201288,eurepoc,2024-04-10,Technical Cyber Threat Incident,"A critical ransomware outbreak hit a regional healthcare facility. Operators weaponized vulnerability CVE-2024-1709 in perimeter firewalls to establish persistent C2 access. File systems were encrypted and volume shadow copies destroyed. The extortion group demanded $6,023K for decryption tools.","A critical ransomware outbreak hit a regional healthcare facility. Operators weaponized vulnerability CVE-2024-1709 in perimeter firewalls to establish persistent C2 access. File systems were encrypted and volume shadow copies destroyed. The extortion group demanded $6,023K for decryption tools.",ransomware_extortion,Ransomware Extortion
eurepoc_201289,eurepoc,2024-04-10,Technical Cyber Threat Incident,A spear-phishing campaign attributed to LockBit 3.0 targeted executives at a public port logistics hub. Weaponized PDF documents referencing fake regulatory audits delivered an infostealer payload harvesting domain credentials.,A spear-phishing campaign attributed to LockBit 3.0 targeted executives at a public port logistics hub. Weaponized PDF documents referencing fake regulatory audits delivered an infostealer payload harvesting domain credentials.,phishing_social_engineering,Phishing Social Engineering
eurepoc_201290,eurepoc,2024-04-10,Technical Cyber Threat Incident,"A sophisticated double-extortion ransomware campaign orchestrated by Akira compromised the internal network of a regional healthcare facility via compromised credentials. The actors exfiltrated 675GB of proprietary databases before deploying ransomware binaries. A ransom demand of $6,805K in Bitcoin was posted, threatening public leak on darknet forums.","A sophisticated double-extortion ransomware campaign orchestrated by Akira compromised the internal network of a regional healthcare facility via compromised credentials. The actors exfiltrated 675GB of proprietary databases before deploying ransomware binaries. A ransom demand of $6,805K in Bitcoin was posted, threatening public leak on darknet forums.",ransomware_extortion,Ransomware Extortion
eurepoc_201291,eurepoc,2024-04-10,Technical Cyber Threat Incident,"Threat group BlackCat (ALPHV) launched an extortion attack against a public port logistics hub. All virtual hypervisors and backup domains were encrypted. Negotiations demanded $7,057K within 48 hours to halt the auction of exfiltrated administrative files.","Threat group BlackCat (ALPHV) launched an extortion attack against a public port logistics hub. All virtual hypervisors and backup domains were encrypted. Negotiations demanded $7,057K within 48 hours to halt the auction of exfiltrated administrative files.",ransomware_extortion,Ransomware Extortion
eurepoc_201292,eurepoc,2024-04-10,Technical Cyber Threat Incident,"Attackers distributed phishing lures disguised as urgent software patch advisories to personnel at a government tax agency, leading to payload execution and credential compromise.","Attackers distributed phishing lures disguised as urgent software patch advisories to personnel at a government tax agency, leading to payload execution and credential compromise.",phishing_social_engineering,Phishing Social Engineering
eurepoc_201293,eurepoc,2024-04-10,Technical Cyber Threat Incident,"Adversaries gained unauthorized system access to a government tax agency by exploiting CVE-2023-2868. The intrusion compromised 407,000 user credentials, establishing persistent reverse shells across the internal DMZ.","Adversaries gained unauthorized system access to a government tax agency by exploiting CVE-2023-2868. The intrusion compromised 407,000 user credentials, establishing persistent reverse shells across the internal DMZ.",unauthorized_access_hacking,Unauthorized Access Hacking
eurepoc_201294,eurepoc,2024-04-10,Technical Cyber Threat Incident,"Adversaries gained unauthorized system access to a telecommunications provider by exploiting CVE-2023-2868. The intrusion compromised 543,000 user credentials, establishing persistent reverse shells across the internal DMZ.","Adversaries gained unauthorized system access to a telecommunications provider by exploiting CVE-2023-2868. The intrusion compromised 543,000 user credentials, establishing persistent reverse shells across the internal DMZ.",unauthorized_access_hacking,Unauthorized Access Hacking
eurepoc_201295,eurepoc,2024-04-10,Technical Cyber Threat Incident,"An unauthenticated cloud storage bucket maintained by a pharmaceutical research lab was compromised by unauthorized third parties. Attackers accessed 417,000 confidential records and backend system credentials.","An unauthenticated cloud storage bucket maintained by a pharmaceutical research lab was compromised by unauthorized third parties. Attackers accessed 417,000 confidential records and backend system credentials.",unauthorized_access_hacking,Unauthorized Access Hacking
eurepoc_201296,eurepoc,2024-04-10,Technical Cyber Threat Incident,"Adversaries conducted destructive wiper malware and multi-vector Layer 7 DDoS attacks against a power grid distributor. Web applications crashed under 85 million requests per second, knocking public services offline.","Adversaries conducted destructive wiper malware and multi-vector Layer 7 DDoS attacks against a power grid distributor. Web applications crashed under 85 million requests per second, knocking public services offline.",denial_of_service_disruption,Denial Of Service Disruption
eurepoc_201297,eurepoc,2024-04-10,Technical Cyber Threat Incident,"Attackers distributed phishing lures disguised as urgent software patch advisories to personnel at a power grid distributor, leading to payload execution and credential compromise.","Attackers distributed phishing lures disguised as urgent software patch advisories to personnel at a power grid distributor, leading to payload execution and credential compromise.",phishing_social_engineering,Phishing Social Engineering
eurepoc_201298,eurepoc,2024-04-10,Technical Cyber Threat Incident,"A sophisticated double-extortion ransomware campaign orchestrated by APT28 (Fancy Bear) compromised the internal network of a municipal water authority via compromised credentials. The actors exfiltrated 451GB of proprietary databases before deploying ransomware binaries. A ransom demand of $7,903K in Bitcoin was posted, threatening public leak on darknet forums.","A sophisticated double-extortion ransomware campaign orchestrated by APT28 (Fancy Bear) compromised the internal network of a municipal water authority via compromised credentials. The actors exfiltrated 451GB of proprietary databases before deploying ransomware binaries. A ransom demand of $7,903K in Bitcoin was posted, threatening public leak on darknet forums.",ransomware_extortion,Ransomware Extortion
eurepoc_201299,eurepoc,2024-04-10,Technical Cyber Threat Incident,"A critical ransomware outbreak hit a power grid distributor. Operators weaponized vulnerability CVE-2024-1709 in perimeter firewalls to establish persistent C2 access. File systems were encrypted and volume shadow copies destroyed. The extortion group demanded $6,690K for decryption tools.","A critical ransomware outbreak hit a power grid distributor. Operators weaponized vulnerability CVE-2024-1709 in perimeter firewalls to establish persistent C2 access. File systems were encrypted and volume shadow copies destroyed. The extortion group demanded $6,690K for decryption tools.",ransomware_extortion,Ransomware Extortion
eurepoc_201300,eurepoc,2024-04-10,Technical Cyber Threat Incident,"A sophisticated double-extortion ransomware campaign orchestrated by LockBit 3.0 compromised the internal network of a commercial banking network via compromised credentials. The actors exfiltrated 481GB of proprietary databases before deploying ransomware binaries. A ransom demand of $4,107K in Bitcoin was posted, threatening public leak on darknet forums.","A sophisticated double-extortion ransomware campaign orchestrated by LockBit 3.0 compromised the internal network of a commercial banking network via compromised credentials. The actors exfiltrated 481GB of proprietary databases before deploying ransomware binaries. A ransom demand of $4,107K in Bitcoin was posted, threatening public leak on darknet forums.",ransomware_extortion,Ransomware Extortion
eurepoc_201301,eurepoc,2024-04-10,Technical Cyber Threat Incident,"An unauthenticated cloud storage bucket maintained by a national railway operator was compromised by unauthorized third parties. Attackers accessed 755,000 confidential records and backend system credentials.","An unauthenticated cloud storage bucket maintained by a national railway operator was compromised by unauthorized third parties. Attackers accessed 755,000 confidential records and backend system credentials.",unauthorized_access_hacking,Unauthorized Access Hacking
eurepoc_201302,eurepoc,2024-04-10,Technical Cyber Threat Incident,"Adversaries gained unauthorized system access to a pharmaceutical research lab by exploiting CVE-2023-4966. The intrusion compromised 429,000 user credentials, establishing persistent reverse shells across the internal DMZ.","Adversaries gained unauthorized system access to a pharmaceutical research lab by exploiting CVE-2023-4966. The intrusion compromised 429,000 user credentials, establishing persistent reverse shells across the internal DMZ.",unauthorized_access_hacking,Unauthorized Access Hacking
eurepoc_201303,eurepoc,2024-04-10,Technical Cyber Threat Incident,"A critical ransomware outbreak hit a telecommunications provider. Operators weaponized vulnerability CVE-2023-4966 in perimeter firewalls to establish persistent C2 access. File systems were encrypted and volume shadow copies destroyed. The extortion group demanded $2,758K for decryption tools.","A critical ransomware outbreak hit a telecommunications provider. Operators weaponized vulnerability CVE-2023-4966 in perimeter firewalls to establish persistent C2 access. File systems were encrypted and volume shadow copies destroyed. The extortion group demanded $2,758K for decryption tools.",ransomware_extortion,Ransomware Extortion
eurepoc_201304,eurepoc,2024-04-10,Technical Cyber Threat Incident,"Adversaries gained unauthorized system access to a municipal water authority by exploiting CVE-2023-2868. The intrusion compromised 61,000 user credentials, establishing persistent reverse shells across the internal DMZ.","Adversaries gained unauthorized system access to a municipal water authority by exploiting CVE-2023-2868. The intrusion compromised 61,000 user credentials, establishing persistent reverse shells across the internal DMZ.",unauthorized_access_hacking,Unauthorized Access Hacking
eurepoc_201305,eurepoc,2024-04-10,Technical Cyber Threat Incident,"Threat group BlackCat (ALPHV) launched an extortion attack against a national railway operator. All virtual hypervisors and backup domains were encrypted. Negotiations demanded $5,192K within 48 hours to halt the auction of exfiltrated administrative files.","Threat group BlackCat (ALPHV) launched an extortion attack against a national railway operator. All virtual hypervisors and backup domains were encrypted. Negotiations demanded $5,192K within 48 hours to halt the auction of exfiltrated administrative files.",ransomware_extortion,Ransomware Extortion
eurepoc_201306,eurepoc,2024-04-10,Technical Cyber Threat Incident,"A massive volumetric Distributed Denial of Service (DDoS) attack peaking at 2.57 Tbps targeted a municipal water authority. The attack exploited an amplified DNS/UDP reflection vector through a global IoT botnet, resulting in 29 hours of total service outage.","A massive volumetric Distributed Denial of Service (DDoS) attack peaking at 2.57 Tbps targeted a municipal water authority. The attack exploited an amplified DNS/UDP reflection vector through a global IoT botnet, resulting in 29 hours of total service outage.",denial_of_service_disruption,Denial Of Service Disruption
eurepoc_201307,eurepoc,2024-04-10,Technical Cyber Threat Incident,A spear-phishing campaign attributed to Akira targeted executives at a pharmaceutical research lab. Weaponized PDF documents referencing fake regulatory audits delivered an infostealer payload harvesting domain credentials.,A spear-phishing campaign attributed to Akira targeted executives at a pharmaceutical research lab. Weaponized PDF documents referencing fake regulatory audits delivered an infostealer payload harvesting domain credentials.,phishing_social_engineering,Phishing Social Engineering
eurepoc_201308,eurepoc,2024-04-10,Technical Cyber Threat Incident,"Adversaries conducted destructive wiper malware and multi-vector Layer 7 DDoS attacks against a public port logistics hub. Web applications crashed under 54 million requests per second, knocking public services offline.","Adversaries conducted destructive wiper malware and multi-vector Layer 7 DDoS attacks against a public port logistics hub. Web applications crashed under 54 million requests per second, knocking public services offline.",denial_of_service_disruption,Denial Of Service Disruption
eurepoc_201309,eurepoc,2024-04-10,Technical Cyber Threat Incident,"A sophisticated double-extortion ransomware campaign orchestrated by LockBit 3.0 compromised the internal network of a power grid distributor via compromised credentials. The actors exfiltrated 162GB of proprietary databases before deploying ransomware binaries. A ransom demand of $1,257K in Bitcoin was posted, threatening public leak on darknet forums.","A sophisticated double-extortion ransomware campaign orchestrated by LockBit 3.0 compromised the internal network of a power grid distributor via compromised credentials. The actors exfiltrated 162GB of proprietary databases before deploying ransomware binaries. A ransom demand of $1,257K in Bitcoin was posted, threatening public leak on darknet forums.",ransomware_extortion,Ransomware Extortion
eurepoc_201310,eurepoc,2024-04-10,Technical Cyber Threat Incident,"Attackers distributed phishing lures disguised as urgent software patch advisories to personnel at a power grid distributor, leading to payload execution and credential compromise.","Attackers distributed phishing lures disguised as urgent software patch advisories to personnel at a power grid distributor, leading to payload execution and credential compromise.",phishing_social_engineering,Phishing Social Engineering
eurepoc_201311,eurepoc,2024-04-10,Technical Cyber Threat Incident,"Attackers distributed phishing lures disguised as urgent software patch advisories to personnel at a public port logistics hub, leading to payload execution and credential compromise.","Attackers distributed phishing lures disguised as urgent software patch advisories to personnel at a public port logistics hub, leading to payload execution and credential compromise.",phishing_social_engineering,Phishing Social Engineering
eurepoc_201312,eurepoc,2024-04-10,Technical Cyber Threat Incident,"A massive volumetric Distributed Denial of Service (DDoS) attack peaking at 2.56 Tbps targeted a power grid distributor. The attack exploited an amplified DNS/UDP reflection vector through a global IoT botnet, resulting in 33 hours of total service outage.","A massive volumetric Distributed Denial of Service (DDoS) attack peaking at 2.56 Tbps targeted a power grid distributor. The attack exploited an amplified DNS/UDP reflection vector through a global IoT botnet, resulting in 33 hours of total service outage.",denial_of_service_disruption,Denial Of Service Disruption
eurepoc_201313,eurepoc,2024-04-10,Technical Cyber Threat Incident,"State-aligned threat group BlackCat (ALPHV) breached a public port logistics hub using stolen session tokens. Lateral movement was detected across multiple subnets, resulting in unauthorized exfiltration of sensitive telemetry.","State-aligned threat group BlackCat (ALPHV) breached a public port logistics hub using stolen session tokens. Lateral movement was detected across multiple subnets, resulting in unauthorized exfiltration of sensitive telemetry.",unauthorized_access_hacking,Unauthorized Access Hacking
eurepoc_201314,eurepoc,2024-04-10,Technical Cyber Threat Incident,"An unauthenticated cloud storage bucket maintained by a regional healthcare facility was compromised by unauthorized third parties. Attackers accessed 67,000 confidential records and backend system credentials.","An unauthenticated cloud storage bucket maintained by a regional healthcare facility was compromised by unauthorized third parties. Attackers accessed 67,000 confidential records and backend system credentials.",unauthorized_access_hacking,Unauthorized Access Hacking
eurepoc_201315,eurepoc,2024-04-10,Technical Cyber Threat Incident,"A critical ransomware outbreak hit a commercial banking network. Operators weaponized vulnerability CVE-2023-34362 in perimeter firewalls to establish persistent C2 access. File systems were encrypted and volume shadow copies destroyed. The extortion group demanded $1,559K for decryption tools.","A critical ransomware outbreak hit a commercial banking network. Operators weaponized vulnerability CVE-2023-34362 in perimeter firewalls to establish persistent C2 access. File systems were encrypted and volume shadow copies destroyed. The extortion group demanded $1,559K for decryption tools.",ransomware_extortion,Ransomware Extortion
eurepoc_201316,eurepoc,2024-04-10,Technical Cyber Threat Incident,"Threat group Sandworm launched an extortion attack against a regional healthcare facility. All virtual hypervisors and backup domains were encrypted. Negotiations demanded $1,845K within 48 hours to halt the auction of exfiltrated administrative files.","Threat group Sandworm launched an extortion attack against a regional healthcare facility. All virtual hypervisors and backup domains were encrypted. Negotiations demanded $1,845K within 48 hours to halt the auction of exfiltrated administrative files.",ransomware_extortion,Ransomware Extortion
eurepoc_201317,eurepoc,2024-04-10,Technical Cyber Threat Incident,"A sophisticated double-extortion ransomware campaign orchestrated by Sandworm compromised the internal network of a public port logistics hub via compromised credentials. The actors exfiltrated 820GB of proprietary databases before deploying ransomware binaries. A ransom demand of $8,908K in Bitcoin was posted, threatening public leak on darknet forums.","A sophisticated double-extortion ransomware campaign orchestrated by Sandworm compromised the internal network of a public port logistics hub via compromised credentials. The actors exfiltrated 820GB of proprietary databases before deploying ransomware binaries. A ransom demand of $8,908K in Bitcoin was posted, threatening public leak on darknet forums.",ransomware_extortion,Ransomware Extortion
eurepoc_201318,eurepoc,2024-04-10,Technical Cyber Threat Incident,"State-aligned threat group Akira breached a regional healthcare facility using stolen session tokens. Lateral movement was detected across multiple subnets, resulting in unauthorized exfiltration of sensitive telemetry.","State-aligned threat group Akira breached a regional healthcare facility using stolen session tokens. Lateral movement was detected across multiple subnets, resulting in unauthorized exfiltration of sensitive telemetry.",unauthorized_access_hacking,Unauthorized Access Hacking
eurepoc_201319,eurepoc,2024-04-10,Technical Cyber Threat Incident,"An unauthenticated cloud storage bucket maintained by a power grid distributor was compromised by unauthorized third parties. Attackers accessed 282,000 confidential records and backend system credentials.","An unauthenticated cloud storage bucket maintained by a power grid distributor was compromised by unauthorized third parties. Attackers accessed 282,000 confidential records and backend system credentials.",unauthorized_access_hacking,Unauthorized Access Hacking
eurepoc_201320,eurepoc,2024-04-10,Technical Cyber Threat Incident,"State-aligned threat group Cl0p breached a municipal water authority using stolen session tokens. Lateral movement was detected across multiple subnets, resulting in unauthorized exfiltration of sensitive telemetry.","State-aligned threat group Cl0p breached a municipal water authority using stolen session tokens. Lateral movement was detected across multiple subnets, resulting in unauthorized exfiltration of sensitive telemetry.",unauthorized_access_hacking,Unauthorized Access Hacking
eurepoc_201321,eurepoc,2024-04-10,Technical Cyber Threat Incident,"A critical ransomware outbreak hit a government tax agency. Operators weaponized vulnerability CVE-2023-34362 in perimeter firewalls to establish persistent C2 access. File systems were encrypted and volume shadow copies destroyed. The extortion group demanded $7,858K for decryption tools.","A critical ransomware outbreak hit a government tax agency. Operators weaponized vulnerability CVE-2023-34362 in perimeter firewalls to establish persistent C2 access. File systems were encrypted and volume shadow copies destroyed. The extortion group demanded $7,858K for decryption tools.",ransomware_extortion,Ransomware Extortion
eurepoc_201322,eurepoc,2024-04-10,Technical Cyber Threat Incident,"Attackers distributed phishing lures disguised as urgent software patch advisories to personnel at a pharmaceutical research lab, leading to payload execution and credential compromise.","Attackers distributed phishing lures disguised as urgent software patch advisories to personnel at a pharmaceutical research lab, leading to payload execution and credential compromise.",phishing_social_engineering,Phishing Social Engineering
eurepoc_201323,eurepoc,2024-04-10,Technical Cyber Threat Incident,"Attackers distributed phishing lures disguised as urgent software patch advisories to personnel at a regional healthcare facility, leading to payload execution and credential compromise.","Attackers distributed phishing lures disguised as urgent software patch advisories to personnel at a regional healthcare facility, leading to payload execution and credential compromise.",phishing_social_engineering,Phishing Social Engineering
eurepoc_201324,eurepoc,2024-04-10,Technical Cyber Threat Incident,"Adversaries gained unauthorized system access to a commercial banking network by exploiting CVE-2024-1709. The intrusion compromised 168,000 user credentials, establishing persistent reverse shells across the internal DMZ.","Adversaries gained unauthorized system access to a commercial banking network by exploiting CVE-2024-1709. The intrusion compromised 168,000 user credentials, establishing persistent reverse shells across the internal DMZ.",unauthorized_access_hacking,Unauthorized Access Hacking
eurepoc_201325,eurepoc,2024-04-10,Technical Cyber Threat Incident,"An unauthenticated cloud storage bucket maintained by a power grid distributor was compromised by unauthorized third parties. Attackers accessed 100,000 confidential records and backend system credentials.","An unauthenticated cloud storage bucket maintained by a power grid distributor was compromised by unauthorized third parties. Attackers accessed 100,000 confidential records and backend system credentials.",unauthorized_access_hacking,Unauthorized Access Hacking
eurepoc_201326,eurepoc,2024-04-10,Technical Cyber Threat Incident,"A persistent flood of HTTP/2 Rapid Reset requests disrupted the border gateway and online authentication servers of a national railway operator, causing complete denial of service for 50 hours.","A persistent flood of HTTP/2 Rapid Reset requests disrupted the border gateway and online authentication servers of a national railway operator, causing complete denial of service for 50 hours.",denial_of_service_disruption,Denial Of Service Disruption
eurepoc_201327,eurepoc,2024-04-10,Technical Cyber Threat Incident,"A critical ransomware outbreak hit a national railway operator. Operators weaponized vulnerability CVE-2023-34362 in perimeter firewalls to establish persistent C2 access. File systems were encrypted and volume shadow copies destroyed. The extortion group demanded $1,350K for decryption tools.","A critical ransomware outbreak hit a national railway operator. Operators weaponized vulnerability CVE-2023-34362 in perimeter firewalls to establish persistent C2 access. File systems were encrypted and volume shadow copies destroyed. The extortion group demanded $1,350K for decryption tools.",ransomware_extortion,Ransomware Extortion
eurepoc_201328,eurepoc,2024-04-10,Technical Cyber Threat Incident,"Adversaries gained unauthorized system access to a regional healthcare facility by exploiting CVE-2023-2868. The intrusion compromised 344,000 user credentials, establishing persistent reverse shells across the internal DMZ.","Adversaries gained unauthorized system access to a regional healthcare facility by exploiting CVE-2023-2868. The intrusion compromised 344,000 user credentials, establishing persistent reverse shells across the internal DMZ.",unauthorized_access_hacking,Unauthorized Access Hacking
eurepoc_201329,eurepoc,2024-04-10,Technical Cyber Threat Incident,"Threat group Akira launched an extortion attack against a national railway operator. All virtual hypervisors and backup domains were encrypted. Negotiations demanded $4,772K within 48 hours to halt the auction of exfiltrated administrative files.","Threat group Akira launched an extortion attack against a national railway operator. All virtual hypervisors and backup domains were encrypted. Negotiations demanded $4,772K within 48 hours to halt the auction of exfiltrated administrative files.",ransomware_extortion,Ransomware Extortion
eurepoc_201330,eurepoc,2024-04-10,Technical Cyber Threat Incident,"An unauthenticated cloud storage bucket maintained by a municipal water authority was compromised by unauthorized third parties. Attackers accessed 138,000 confidential records and backend system credentials.","An unauthenticated cloud storage bucket maintained by a municipal water authority was compromised by unauthorized third parties. Attackers accessed 138,000 confidential records and backend system credentials.",unauthorized_access_hacking,Unauthorized Access Hacking
eurepoc_201331,eurepoc,2024-04-10,Technical Cyber Threat Incident,"Employees at a national railway operator received spoofed Microsoft 365 login requests. The Adversary-in-the-Middle (AiTM) proxy captured session cookies and bypassed MFA, facilitating unauthorized email forwarding rules.","Employees at a national railway operator received spoofed Microsoft 365 login requests. The Adversary-in-the-Middle (AiTM) proxy captured session cookies and bypassed MFA, facilitating unauthorized email forwarding rules.",phishing_social_engineering,Phishing Social Engineering
eurepoc_201332,eurepoc,2024-04-10,Technical Cyber Threat Incident,"An unauthenticated cloud storage bucket maintained by a power grid distributor was compromised by unauthorized third parties. Attackers accessed 789,000 confidential records and backend system credentials.","An unauthenticated cloud storage bucket maintained by a power grid distributor was compromised by unauthorized third parties. Attackers accessed 789,000 confidential records and backend system credentials.",unauthorized_access_hacking,Unauthorized Access Hacking
eurepoc_201333,eurepoc,2024-04-10,Technical Cyber Threat Incident,"An unauthenticated cloud storage bucket maintained by a national railway operator was compromised by unauthorized third parties. Attackers accessed 97,000 confidential records and backend system credentials.","An unauthenticated cloud storage bucket maintained by a national railway operator was compromised by unauthorized third parties. Attackers accessed 97,000 confidential records and backend system credentials.",unauthorized_access_hacking,Unauthorized Access Hacking
eurepoc_201334,eurepoc,2024-04-10,Technical Cyber Threat Incident,"A persistent flood of HTTP/2 Rapid Reset requests disrupted the border gateway and online authentication servers of a pharmaceutical research lab, causing complete denial of service for 33 hours.","A persistent flood of HTTP/2 Rapid Reset requests disrupted the border gateway and online authentication servers of a pharmaceutical research lab, causing complete denial of service for 33 hours.",denial_of_service_disruption,Denial Of Service Disruption
eurepoc_201335,eurepoc,2024-04-10,Technical Cyber Threat Incident,"Adversaries gained unauthorized system access to a aerospace defense contractor by exploiting CVE-2023-34362. The intrusion compromised 227,000 user credentials, establishing persistent reverse shells across the internal DMZ.","Adversaries gained unauthorized system access to a aerospace defense contractor by exploiting CVE-2023-34362. The intrusion compromised 227,000 user credentials, establishing persistent reverse shells across the internal DMZ.",unauthorized_access_hacking,Unauthorized Access Hacking
eurepoc_201336,eurepoc,2024-04-10,Technical Cyber Threat Incident,"A massive volumetric Distributed Denial of Service (DDoS) attack peaking at 0.81 Tbps targeted a aerospace defense contractor. The attack exploited an amplified DNS/UDP reflection vector through a global IoT botnet, resulting in 5 hours of total service outage.","A massive volumetric Distributed Denial of Service (DDoS) attack peaking at 0.81 Tbps targeted a aerospace defense contractor. The attack exploited an amplified DNS/UDP reflection vector through a global IoT botnet, resulting in 5 hours of total service outage.",denial_of_service_disruption,Denial Of Service Disruption
eurepoc_201337,eurepoc,2024-04-10,Technical Cyber Threat Incident,"A massive volumetric Distributed Denial of Service (DDoS) attack peaking at 1.86 Tbps targeted a national railway operator. The attack exploited an amplified DNS/UDP reflection vector through a global IoT botnet, resulting in 25 hours of total service outage.","A massive volumetric Distributed Denial of Service (DDoS) attack peaking at 1.86 Tbps targeted a national railway operator. The attack exploited an amplified DNS/UDP reflection vector through a global IoT botnet, resulting in 25 hours of total service outage.",denial_of_service_disruption,Denial Of Service Disruption
eurepoc_201338,eurepoc,2024-04-10,Technical Cyber Threat Incident,"A persistent flood of HTTP/2 Rapid Reset requests disrupted the border gateway and online authentication servers of a power grid distributor, causing complete denial of service for 45 hours.","A persistent flood of HTTP/2 Rapid Reset requests disrupted the border gateway and online authentication servers of a power grid distributor, causing complete denial of service for 45 hours.",denial_of_service_disruption,Denial Of Service Disruption
eurepoc_201339,eurepoc,2024-04-10,Technical Cyber Threat Incident,"A critical ransomware outbreak hit a pharmaceutical research lab. Operators weaponized vulnerability CVE-2023-20198 in perimeter firewalls to establish persistent C2 access. File systems were encrypted and volume shadow copies destroyed. The extortion group demanded $7,475K for decryption tools.","A critical ransomware outbreak hit a pharmaceutical research lab. Operators weaponized vulnerability CVE-2023-20198 in perimeter firewalls to establish persistent C2 access. File systems were encrypted and volume shadow copies destroyed. The extortion group demanded $7,475K for decryption tools.",ransomware_extortion,Ransomware Extortion
eurepoc_201340,eurepoc,2024-04-10,Technical Cyber Threat Incident,"A massive volumetric Distributed Denial of Service (DDoS) attack peaking at 0.88 Tbps targeted a regional healthcare facility. The attack exploited an amplified DNS/UDP reflection vector through a global IoT botnet, resulting in 63 hours of total service outage.","A massive volumetric Distributed Denial of Service (DDoS) attack peaking at 0.88 Tbps targeted a regional healthcare facility. The attack exploited an amplified DNS/UDP reflection vector through a global IoT botnet, resulting in 63 hours of total service outage.",denial_of_service_disruption,Denial Of Service Disruption
eurepoc_201341,eurepoc,2024-04-10,Technical Cyber Threat Incident,"State-aligned threat group APT28 (Fancy Bear) breached a public port logistics hub using stolen session tokens. Lateral movement was detected across multiple subnets, resulting in unauthorized exfiltration of sensitive telemetry.","State-aligned threat group APT28 (Fancy Bear) breached a public port logistics hub using stolen session tokens. Lateral movement was detected across multiple subnets, resulting in unauthorized exfiltration of sensitive telemetry.",unauthorized_access_hacking,Unauthorized Access Hacking
eurepoc_201342,eurepoc,2024-04-10,Technical Cyber Threat Incident,"A critical ransomware outbreak hit a government tax agency. Operators weaponized vulnerability CVE-2023-2868 in perimeter firewalls to establish persistent C2 access. File systems were encrypted and volume shadow copies destroyed. The extortion group demanded $4,222K for decryption tools.","A critical ransomware outbreak hit a government tax agency. Operators weaponized vulnerability CVE-2023-2868 in perimeter firewalls to establish persistent C2 access. File systems were encrypted and volume shadow copies destroyed. The extortion group demanded $4,222K for decryption tools.",ransomware_extortion,Ransomware Extortion
eurepoc_201343,eurepoc,2024-04-10,Technical Cyber Threat Incident,"Threat group Lazarus Group launched an extortion attack against a national railway operator. All virtual hypervisors and backup domains were encrypted. Negotiations demanded $3,613K within 48 hours to halt the auction of exfiltrated administrative files.","Threat group Lazarus Group launched an extortion attack against a national railway operator. All virtual hypervisors and backup domains were encrypted. Negotiations demanded $3,613K within 48 hours to halt the auction of exfiltrated administrative files.",ransomware_extortion,Ransomware Extortion
eurepoc_201344,eurepoc,2024-04-10,Technical Cyber Threat Incident,"A critical ransomware outbreak hit a national railway operator. Operators weaponized vulnerability CVE-2023-20198 in perimeter firewalls to establish persistent C2 access. File systems were encrypted and volume shadow copies destroyed. The extortion group demanded $1,163K for decryption tools.","A critical ransomware outbreak hit a national railway operator. Operators weaponized vulnerability CVE-2023-20198 in perimeter firewalls to establish persistent C2 access. File systems were encrypted and volume shadow copies destroyed. The extortion group demanded $1,163K for decryption tools.",ransomware_extortion,Ransomware Extortion
eurepoc_201345,eurepoc,2024-04-10,Technical Cyber Threat Incident,"A critical ransomware outbreak hit a aerospace defense contractor. Operators weaponized vulnerability CVE-2023-2868 in perimeter firewalls to establish persistent C2 access. File systems were encrypted and volume shadow copies destroyed. The extortion group demanded $5,829K for decryption tools.","A critical ransomware outbreak hit a aerospace defense contractor. Operators weaponized vulnerability CVE-2023-2868 in perimeter firewalls to establish persistent C2 access. File systems were encrypted and volume shadow copies destroyed. The extortion group demanded $5,829K for decryption tools.",ransomware_extortion,Ransomware Extortion
eurepoc_201346,eurepoc,2024-04-10,Technical Cyber Threat Incident,"A persistent flood of HTTP/2 Rapid Reset requests disrupted the border gateway and online authentication servers of a commercial banking network, causing complete denial of service for 30 hours.","A persistent flood of HTTP/2 Rapid Reset requests disrupted the border gateway and online authentication servers of a commercial banking network, causing complete denial of service for 30 hours.",denial_of_service_disruption,Denial Of Service Disruption
eurepoc_201347,eurepoc,2024-04-10,Technical Cyber Threat Incident,"A sophisticated double-extortion ransomware campaign orchestrated by APT28 (Fancy Bear) compromised the internal network of a national railway operator via compromised credentials. The actors exfiltrated 569GB of proprietary databases before deploying ransomware binaries. A ransom demand of $8,767K in Bitcoin was posted, threatening public leak on darknet forums.","A sophisticated double-extortion ransomware campaign orchestrated by APT28 (Fancy Bear) compromised the internal network of a national railway operator via compromised credentials. The actors exfiltrated 569GB of proprietary databases before deploying ransomware binaries. A ransom demand of $8,767K in Bitcoin was posted, threatening public leak on darknet forums.",ransomware_extortion,Ransomware Extortion
eurepoc_201348,eurepoc,2024-04-10,Technical Cyber Threat Incident,"Attackers distributed phishing lures disguised as urgent software patch advisories to personnel at a telecommunications provider, leading to payload execution and credential compromise.","Attackers distributed phishing lures disguised as urgent software patch advisories to personnel at a telecommunications provider, leading to payload execution and credential compromise.",phishing_social_engineering,Phishing Social Engineering
eurepoc_201349,eurepoc,2024-04-10,Technical Cyber Threat Incident,"A critical ransomware outbreak hit a pharmaceutical research lab. Operators weaponized vulnerability CVE-2023-20198 in perimeter firewalls to establish persistent C2 access. File systems were encrypted and volume shadow copies destroyed. The extortion group demanded $5,301K for decryption tools.","A critical ransomware outbreak hit a pharmaceutical research lab. Operators weaponized vulnerability CVE-2023-20198 in perimeter firewalls to establish persistent C2 access. File systems were encrypted and volume shadow copies destroyed. The extortion group demanded $5,301K for decryption tools.",ransomware_extortion,Ransomware Extortion
eurepoc_201350,eurepoc,2024-04-10,Technical Cyber Threat Incident,A spear-phishing campaign attributed to BlackCat (ALPHV) targeted executives at a government tax agency. Weaponized PDF documents referencing fake regulatory audits delivered an infostealer payload harvesting domain credentials.,A spear-phishing campaign attributed to BlackCat (ALPHV) targeted executives at a government tax agency. Weaponized PDF documents referencing fake regulatory audits delivered an infostealer payload harvesting domain credentials.,phishing_social_engineering,Phishing Social Engineering
eurepoc_201351,eurepoc,2024-04-10,Technical Cyber Threat Incident,"Employees at a government tax agency received spoofed Microsoft 365 login requests. The Adversary-in-the-Middle (AiTM) proxy captured session cookies and bypassed MFA, facilitating unauthorized email forwarding rules.","Employees at a government tax agency received spoofed Microsoft 365 login requests. The Adversary-in-the-Middle (AiTM) proxy captured session cookies and bypassed MFA, facilitating unauthorized email forwarding rules.",phishing_social_engineering,Phishing Social Engineering
eurepoc_201352,eurepoc,2024-04-10,Technical Cyber Threat Incident,"A sophisticated double-extortion ransomware campaign orchestrated by Sandworm compromised the internal network of a public port logistics hub via compromised credentials. The actors exfiltrated 690GB of proprietary databases before deploying ransomware binaries. A ransom demand of $1,228K in Bitcoin was posted, threatening public leak on darknet forums.","A sophisticated double-extortion ransomware campaign orchestrated by Sandworm compromised the internal network of a public port logistics hub via compromised credentials. The actors exfiltrated 690GB of proprietary databases before deploying ransomware binaries. A ransom demand of $1,228K in Bitcoin was posted, threatening public leak on darknet forums.",ransomware_extortion,Ransomware Extortion
eurepoc_201353,eurepoc,2024-04-10,Technical Cyber Threat Incident,"A critical ransomware outbreak hit a regional healthcare facility. Operators weaponized vulnerability CVE-2023-20198 in perimeter firewalls to establish persistent C2 access. File systems were encrypted and volume shadow copies destroyed. The extortion group demanded $2,387K for decryption tools.","A critical ransomware outbreak hit a regional healthcare facility. Operators weaponized vulnerability CVE-2023-20198 in perimeter firewalls to establish persistent C2 access. File systems were encrypted and volume shadow copies destroyed. The extortion group demanded $2,387K for decryption tools.",ransomware_extortion,Ransomware Extortion
eurepoc_201354,eurepoc,2024-04-10,Technical Cyber Threat Incident,"Attackers distributed phishing lures disguised as urgent software patch advisories to personnel at a national railway operator, leading to payload execution and credential compromise.","Attackers distributed phishing lures disguised as urgent software patch advisories to personnel at a national railway operator, leading to payload execution and credential compromise.",phishing_social_engineering,Phishing Social Engineering
eurepoc_201355,eurepoc,2024-04-10,Technical Cyber Threat Incident,"A persistent flood of HTTP/2 Rapid Reset requests disrupted the border gateway and online authentication servers of a public port logistics hub, causing complete denial of service for 29 hours.","A persistent flood of HTTP/2 Rapid Reset requests disrupted the border gateway and online authentication servers of a public port logistics hub, causing complete denial of service for 29 hours.",denial_of_service_disruption,Denial Of Service Disruption
eurepoc_201356,eurepoc,2024-04-10,Technical Cyber Threat Incident,"Threat group APT28 (Fancy Bear) launched an extortion attack against a national railway operator. All virtual hypervisors and backup domains were encrypted. Negotiations demanded $2,667K within 48 hours to halt the auction of exfiltrated administrative files.","Threat group APT28 (Fancy Bear) launched an extortion attack against a national railway operator. All virtual hypervisors and backup domains were encrypted. Negotiations demanded $2,667K within 48 hours to halt the auction of exfiltrated administrative files.",ransomware_extortion,Ransomware Extortion
eurepoc_201357,eurepoc,2024-04-10,Technical Cyber Threat Incident,"An unauthenticated cloud storage bucket maintained by a national railway operator was compromised by unauthorized third parties. Attackers accessed 547,000 confidential records and backend system credentials.","An unauthenticated cloud storage bucket maintained by a national railway operator was compromised by unauthorized third parties. Attackers accessed 547,000 confidential records and backend system credentials.",unauthorized_access_hacking,Unauthorized Access Hacking
eurepoc_201358,eurepoc,2024-04-10,Technical Cyber Threat Incident,"An unauthenticated cloud storage bucket maintained by a telecommunications provider was compromised by unauthorized third parties. Attackers accessed 663,000 confidential records and backend system credentials.","An unauthenticated cloud storage bucket maintained by a telecommunications provider was compromised by unauthorized third parties. Attackers accessed 663,000 confidential records and backend system credentials.",unauthorized_access_hacking,Unauthorized Access Hacking
eurepoc_201359,eurepoc,2024-04-10,Technical Cyber Threat Incident,"A persistent flood of HTTP/2 Rapid Reset requests disrupted the border gateway and online authentication servers of a national railway operator, causing complete denial of service for 57 hours.","A persistent flood of HTTP/2 Rapid Reset requests disrupted the border gateway and online authentication servers of a national railway operator, causing complete denial of service for 57 hours.",denial_of_service_disruption,Denial Of Service Disruption
eurepoc_201360,eurepoc,2024-04-10,Technical Cyber Threat Incident,"An unauthenticated cloud storage bucket maintained by a power grid distributor was compromised by unauthorized third parties. Attackers accessed 565,000 confidential records and backend system credentials.","An unauthenticated cloud storage bucket maintained by a power grid distributor was compromised by unauthorized third parties. Attackers accessed 565,000 confidential records and backend system credentials.",unauthorized_access_hacking,Unauthorized Access Hacking
eurepoc_201361,eurepoc,2024-04-10,Technical Cyber Threat Incident,"Attackers distributed phishing lures disguised as urgent software patch advisories to personnel at a pharmaceutical research lab, leading to payload execution and credential compromise.","Attackers distributed phishing lures disguised as urgent software patch advisories to personnel at a pharmaceutical research lab, leading to payload execution and credential compromise.",phishing_social_engineering,Phishing Social Engineering
eurepoc_201362,eurepoc,2024-04-10,Technical Cyber Threat Incident,"State-aligned threat group BlackCat (ALPHV) breached a municipal water authority using stolen session tokens. Lateral movement was detected across multiple subnets, resulting in unauthorized exfiltration of sensitive telemetry.","State-aligned threat group BlackCat (ALPHV) breached a municipal water authority using stolen session tokens. Lateral movement was detected across multiple subnets, resulting in unauthorized exfiltration of sensitive telemetry.",unauthorized_access_hacking,Unauthorized Access Hacking
eurepoc_201363,eurepoc,2024-04-10,Technical Cyber Threat Incident,"A critical ransomware outbreak hit a government tax agency. Operators weaponized vulnerability CVE-2023-20198 in perimeter firewalls to establish persistent C2 access. File systems were encrypted and volume shadow copies destroyed. The extortion group demanded $1,601K for decryption tools.","A critical ransomware outbreak hit a government tax agency. Operators weaponized vulnerability CVE-2023-20198 in perimeter firewalls to establish persistent C2 access. File systems were encrypted and volume shadow copies destroyed. The extortion group demanded $1,601K for decryption tools.",ransomware_extortion,Ransomware Extortion
eurepoc_201364,eurepoc,2024-04-10,Technical Cyber Threat Incident,"Threat group Akira launched an extortion attack against a regional healthcare facility. All virtual hypervisors and backup domains were encrypted. Negotiations demanded $8,259K within 48 hours to halt the auction of exfiltrated administrative files.","Threat group Akira launched an extortion attack against a regional healthcare facility. All virtual hypervisors and backup domains were encrypted. Negotiations demanded $8,259K within 48 hours to halt the auction of exfiltrated administrative files.",ransomware_extortion,Ransomware Extortion
eurepoc_201365,eurepoc,2024-04-10,Technical Cyber Threat Incident,"Threat group Lazarus Group launched an extortion attack against a commercial banking network. All virtual hypervisors and backup domains were encrypted. Negotiations demanded $6,490K within 48 hours to halt the auction of exfiltrated administrative files.","Threat group Lazarus Group launched an extortion attack against a commercial banking network. All virtual hypervisors and backup domains were encrypted. Negotiations demanded $6,490K within 48 hours to halt the auction of exfiltrated administrative files.",ransomware_extortion,Ransomware Extortion
eurepoc_201366,eurepoc,2024-04-10,Technical Cyber Threat Incident,"A sophisticated double-extortion ransomware campaign orchestrated by Lazarus Group compromised the internal network of a telecommunications provider via compromised credentials. The actors exfiltrated 673GB of proprietary databases before deploying ransomware binaries. A ransom demand of $8,991K in Bitcoin was posted, threatening public leak on darknet forums.","A sophisticated double-extortion ransomware campaign orchestrated by Lazarus Group compromised the internal network of a telecommunications provider via compromised credentials. The actors exfiltrated 673GB of proprietary databases before deploying ransomware binaries. A ransom demand of $8,991K in Bitcoin was posted, threatening public leak on darknet forums.",ransomware_extortion,Ransomware Extortion
eurepoc_201367,eurepoc,2024-04-10,Technical Cyber Threat Incident,"An unauthenticated cloud storage bucket maintained by a regional healthcare facility was compromised by unauthorized third parties. Attackers accessed 75,000 confidential records and backend system credentials.","An unauthenticated cloud storage bucket maintained by a regional healthcare facility was compromised by unauthorized third parties. Attackers accessed 75,000 confidential records and backend system credentials.",unauthorized_access_hacking,Unauthorized Access Hacking
eurepoc_201368,eurepoc,2024-04-10,Technical Cyber Threat Incident,"Threat group Akira launched an extortion attack against a commercial banking network. All virtual hypervisors and backup domains were encrypted. Negotiations demanded $2,762K within 48 hours to halt the auction of exfiltrated administrative files.","Threat group Akira launched an extortion attack against a commercial banking network. All virtual hypervisors and backup domains were encrypted. Negotiations demanded $2,762K within 48 hours to halt the auction of exfiltrated administrative files.",ransomware_extortion,Ransomware Extortion
eurepoc_201369,eurepoc,2024-04-10,Technical Cyber Threat Incident,"Attackers distributed phishing lures disguised as urgent software patch advisories to personnel at a power grid distributor, leading to payload execution and credential compromise.","Attackers distributed phishing lures disguised as urgent software patch advisories to personnel at a power grid distributor, leading to payload execution and credential compromise.",phishing_social_engineering,Phishing Social Engineering
eurepoc_201370,eurepoc,2024-04-10,Technical Cyber Threat Incident,"A critical ransomware outbreak hit a pharmaceutical research lab. Operators weaponized vulnerability CVE-2023-4966 in perimeter firewalls to establish persistent C2 access. File systems were encrypted and volume shadow copies destroyed. The extortion group demanded $4,101K for decryption tools.","A critical ransomware outbreak hit a pharmaceutical research lab. Operators weaponized vulnerability CVE-2023-4966 in perimeter firewalls to establish persistent C2 access. File systems were encrypted and volume shadow copies destroyed. The extortion group demanded $4,101K for decryption tools.",ransomware_extortion,Ransomware Extortion
eurepoc_201371,eurepoc,2024-04-10,Technical Cyber Threat Incident,"Employees at a telecommunications provider received spoofed Microsoft 365 login requests. The Adversary-in-the-Middle (AiTM) proxy captured session cookies and bypassed MFA, facilitating unauthorized email forwarding rules.","Employees at a telecommunications provider received spoofed Microsoft 365 login requests. The Adversary-in-the-Middle (AiTM) proxy captured session cookies and bypassed MFA, facilitating unauthorized email forwarding rules.",phishing_social_engineering,Phishing Social Engineering
eurepoc_201372,eurepoc,2024-04-10,Technical Cyber Threat Incident,"A massive volumetric Distributed Denial of Service (DDoS) attack peaking at 2.9 Tbps targeted a municipal water authority. The attack exploited an amplified DNS/UDP reflection vector through a global IoT botnet, resulting in 60 hours of total service outage.","A massive volumetric Distributed Denial of Service (DDoS) attack peaking at 2.9 Tbps targeted a municipal water authority. The attack exploited an amplified DNS/UDP reflection vector through a global IoT botnet, resulting in 60 hours of total service outage.",denial_of_service_disruption,Denial Of Service Disruption
eurepoc_201373,eurepoc,2024-04-10,Technical Cyber Threat Incident,"Adversaries conducted destructive wiper malware and multi-vector Layer 7 DDoS attacks against a power grid distributor. Web applications crashed under 75 million requests per second, knocking public services offline.","Adversaries conducted destructive wiper malware and multi-vector Layer 7 DDoS attacks against a power grid distributor. Web applications crashed under 75 million requests per second, knocking public services offline.",denial_of_service_disruption,Denial Of Service Disruption
eurepoc_201374,eurepoc,2024-04-10,Technical Cyber Threat Incident,"An unauthenticated cloud storage bucket maintained by a telecommunications provider was compromised by unauthorized third parties. Attackers accessed 222,000 confidential records and backend system credentials.","An unauthenticated cloud storage bucket maintained by a telecommunications provider was compromised by unauthorized third parties. Attackers accessed 222,000 confidential records and backend system credentials.",unauthorized_access_hacking,Unauthorized Access Hacking
eurepoc_201375,eurepoc,2024-04-10,Technical Cyber Threat Incident,"A critical ransomware outbreak hit a telecommunications provider. Operators weaponized vulnerability CVE-2023-4966 in perimeter firewalls to establish persistent C2 access. File systems were encrypted and volume shadow copies destroyed. The extortion group demanded $8,767K for decryption tools.","A critical ransomware outbreak hit a telecommunications provider. Operators weaponized vulnerability CVE-2023-4966 in perimeter firewalls to establish persistent C2 access. File systems were encrypted and volume shadow copies destroyed. The extortion group demanded $8,767K for decryption tools.",ransomware_extortion,Ransomware Extortion
eurepoc_201376,eurepoc,2024-04-10,Technical Cyber Threat Incident,"Employees at a government tax agency received spoofed Microsoft 365 login requests. The Adversary-in-the-Middle (AiTM) proxy captured session cookies and bypassed MFA, facilitating unauthorized email forwarding rules.","Employees at a government tax agency received spoofed Microsoft 365 login requests. The Adversary-in-the-Middle (AiTM) proxy captured session cookies and bypassed MFA, facilitating unauthorized email forwarding rules.",phishing_social_engineering,Phishing Social Engineering
eurepoc_201377,eurepoc,2024-04-10,Technical Cyber Threat Incident,"Adversaries gained unauthorized system access to a public port logistics hub by exploiting CVE-2023-20198. The intrusion compromised 219,000 user credentials, establishing persistent reverse shells across the internal DMZ.","Adversaries gained unauthorized system access to a public port logistics hub by exploiting CVE-2023-20198. The intrusion compromised 219,000 user credentials, establishing persistent reverse shells across the internal DMZ.",unauthorized_access_hacking,Unauthorized Access Hacking
eurepoc_201378,eurepoc,2024-04-10,Technical Cyber Threat Incident,"Threat group APT28 (Fancy Bear) launched an extortion attack against a regional healthcare facility. All virtual hypervisors and backup domains were encrypted. Negotiations demanded $8,864K within 48 hours to halt the auction of exfiltrated administrative files.","Threat group APT28 (Fancy Bear) launched an extortion attack against a regional healthcare facility. All virtual hypervisors and backup domains were encrypted. Negotiations demanded $8,864K within 48 hours to halt the auction of exfiltrated administrative files.",ransomware_extortion,Ransomware Extortion
eurepoc_201379,eurepoc,2024-04-10,Technical Cyber Threat Incident,"A critical ransomware outbreak hit a public port logistics hub. Operators weaponized vulnerability CVE-2024-1709 in perimeter firewalls to establish persistent C2 access. File systems were encrypted and volume shadow copies destroyed. The extortion group demanded $2,315K for decryption tools.","A critical ransomware outbreak hit a public port logistics hub. Operators weaponized vulnerability CVE-2024-1709 in perimeter firewalls to establish persistent C2 access. File systems were encrypted and volume shadow copies destroyed. The extortion group demanded $2,315K for decryption tools.",ransomware_extortion,Ransomware Extortion
eurepoc_201380,eurepoc,2024-04-10,Technical Cyber Threat Incident,"State-aligned threat group Lazarus Group breached a regional healthcare facility using stolen session tokens. Lateral movement was detected across multiple subnets, resulting in unauthorized exfiltration of sensitive telemetry.","State-aligned threat group Lazarus Group breached a regional healthcare facility using stolen session tokens. Lateral movement was detected across multiple subnets, resulting in unauthorized exfiltration of sensitive telemetry.",unauthorized_access_hacking,Unauthorized Access Hacking
eurepoc_201381,eurepoc,2024-04-10,Technical Cyber Threat Incident,"Attackers distributed phishing lures disguised as urgent software patch advisories to personnel at a public port logistics hub, leading to payload execution and credential compromise.","Attackers distributed phishing lures disguised as urgent software patch advisories to personnel at a public port logistics hub, leading to payload execution and credential compromise.",phishing_social_engineering,Phishing Social Engineering
eurepoc_201382,eurepoc,2024-04-10,Technical Cyber Threat Incident,"A persistent flood of HTTP/2 Rapid Reset requests disrupted the border gateway and online authentication servers of a regional healthcare facility, causing complete denial of service for 67 hours.","A persistent flood of HTTP/2 Rapid Reset requests disrupted the border gateway and online authentication servers of a regional healthcare facility, causing complete denial of service for 67 hours.",denial_of_service_disruption,Denial Of Service Disruption
eurepoc_201383,eurepoc,2024-04-10,Technical Cyber Threat Incident,"A sophisticated double-extortion ransomware campaign orchestrated by LockBit 3.0 compromised the internal network of a telecommunications provider via compromised credentials. The actors exfiltrated 480GB of proprietary databases before deploying ransomware binaries. A ransom demand of $8,253K in Bitcoin was posted, threatening public leak on darknet forums.","A sophisticated double-extortion ransomware campaign orchestrated by LockBit 3.0 compromised the internal network of a telecommunications provider via compromised credentials. The actors exfiltrated 480GB of proprietary databases before deploying ransomware binaries. A ransom demand of $8,253K in Bitcoin was posted, threatening public leak on darknet forums.",ransomware_extortion,Ransomware Extortion
eurepoc_201384,eurepoc,2024-04-10,Technical Cyber Threat Incident,"A critical ransomware outbreak hit a municipal water authority. Operators weaponized vulnerability CVE-2023-4966 in perimeter firewalls to establish persistent C2 access. File systems were encrypted and volume shadow copies destroyed. The extortion group demanded $7,895K for decryption tools.","A critical ransomware outbreak hit a municipal water authority. Operators weaponized vulnerability CVE-2023-4966 in perimeter firewalls to establish persistent C2 access. File systems were encrypted and volume shadow copies destroyed. The extortion group demanded $7,895K for decryption tools.",ransomware_extortion,Ransomware Extortion
eurepoc_201385,eurepoc,2024-04-10,Technical Cyber Threat Incident,"A sophisticated double-extortion ransomware campaign orchestrated by APT28 (Fancy Bear) compromised the internal network of a public port logistics hub via compromised credentials. The actors exfiltrated 143GB of proprietary databases before deploying ransomware binaries. A ransom demand of $8,843K in Bitcoin was posted, threatening public leak on darknet forums.","A sophisticated double-extortion ransomware campaign orchestrated by APT28 (Fancy Bear) compromised the internal network of a public port logistics hub via compromised credentials. The actors exfiltrated 143GB of proprietary databases before deploying ransomware binaries. A ransom demand of $8,843K in Bitcoin was posted, threatening public leak on darknet forums.",ransomware_extortion,Ransomware Extortion
eurepoc_201386,eurepoc,2024-04-10,Technical Cyber Threat Incident,"Threat group Volt Typhoon launched an extortion attack against a power grid distributor. All virtual hypervisors and backup domains were encrypted. Negotiations demanded $5,081K within 48 hours to halt the auction of exfiltrated administrative files.","Threat group Volt Typhoon launched an extortion attack against a power grid distributor. All virtual hypervisors and backup domains were encrypted. Negotiations demanded $5,081K within 48 hours to halt the auction of exfiltrated administrative files.",ransomware_extortion,Ransomware Extortion
eurepoc_201387,eurepoc,2024-04-10,Technical Cyber Threat Incident,"An unauthenticated cloud storage bucket maintained by a pharmaceutical research lab was compromised by unauthorized third parties. Attackers accessed 296,000 confidential records and backend system credentials.","An unauthenticated cloud storage bucket maintained by a pharmaceutical research lab was compromised by unauthorized third parties. Attackers accessed 296,000 confidential records and backend system credentials.",unauthorized_access_hacking,Unauthorized Access Hacking
eurepoc_201388,eurepoc,2024-04-10,Technical Cyber Threat Incident,"Threat group Sandworm launched an extortion attack against a government tax agency. All virtual hypervisors and backup domains were encrypted. Negotiations demanded $3,927K within 48 hours to halt the auction of exfiltrated administrative files.","Threat group Sandworm launched an extortion attack against a government tax agency. All virtual hypervisors and backup domains were encrypted. Negotiations demanded $3,927K within 48 hours to halt the auction of exfiltrated administrative files.",ransomware_extortion,Ransomware Extortion
eurepoc_201389,eurepoc,2024-04-10,Technical Cyber Threat Incident,"A massive volumetric Distributed Denial of Service (DDoS) attack peaking at 1.76 Tbps targeted a commercial banking network. The attack exploited an amplified DNS/UDP reflection vector through a global IoT botnet, resulting in 72 hours of total service outage.","A massive volumetric Distributed Denial of Service (DDoS) attack peaking at 1.76 Tbps targeted a commercial banking network. The attack exploited an amplified DNS/UDP reflection vector through a global IoT botnet, resulting in 72 hours of total service outage.",denial_of_service_disruption,Denial Of Service Disruption
eurepoc_201390,eurepoc,2024-04-10,Technical Cyber Threat Incident,"State-aligned threat group Akira breached a aerospace defense contractor using stolen session tokens. Lateral movement was detected across multiple subnets, resulting in unauthorized exfiltration of sensitive telemetry.","State-aligned threat group Akira breached a aerospace defense contractor using stolen session tokens. Lateral movement was detected across multiple subnets, resulting in unauthorized exfiltration of sensitive telemetry.",unauthorized_access_hacking,Unauthorized Access Hacking
eurepoc_201391,eurepoc,2024-04-10,Technical Cyber Threat Incident,"An unauthenticated cloud storage bucket maintained by a telecommunications provider was compromised by unauthorized third parties. Attackers accessed 669,000 confidential records and backend system credentials.","An unauthenticated cloud storage bucket maintained by a telecommunications provider was compromised by unauthorized third parties. Attackers accessed 669,000 confidential records and backend system credentials.",unauthorized_access_hacking,Unauthorized Access Hacking
eurepoc_201392,eurepoc,2024-04-10,Technical Cyber Threat Incident,"State-aligned threat group Cl0p breached a power grid distributor using stolen session tokens. Lateral movement was detected across multiple subnets, resulting in unauthorized exfiltration of sensitive telemetry.","State-aligned threat group Cl0p breached a power grid distributor using stolen session tokens. Lateral movement was detected across multiple subnets, resulting in unauthorized exfiltration of sensitive telemetry.",unauthorized_access_hacking,Unauthorized Access Hacking
eurepoc_201393,eurepoc,2024-04-10,Technical Cyber Threat Incident,"A massive volumetric Distributed Denial of Service (DDoS) attack peaking at 1.53 Tbps targeted a national railway operator. The attack exploited an amplified DNS/UDP reflection vector through a global IoT botnet, resulting in 27 hours of total service outage.","A massive volumetric Distributed Denial of Service (DDoS) attack peaking at 1.53 Tbps targeted a national railway operator. The attack exploited an amplified DNS/UDP reflection vector through a global IoT botnet, resulting in 27 hours of total service outage.",denial_of_service_disruption,Denial Of Service Disruption
eurepoc_201394,eurepoc,2024-04-10,Technical Cyber Threat Incident,"Adversaries gained unauthorized system access to a commercial banking network by exploiting CVE-2023-2868. The intrusion compromised 626,000 user credentials, establishing persistent reverse shells across the internal DMZ.","Adversaries gained unauthorized system access to a commercial banking network by exploiting CVE-2023-2868. The intrusion compromised 626,000 user credentials, establishing persistent reverse shells across the internal DMZ.",unauthorized_access_hacking,Unauthorized Access Hacking
eurepoc_201395,eurepoc,2024-04-10,Technical Cyber Threat Incident,"A sophisticated double-extortion ransomware campaign orchestrated by Cl0p compromised the internal network of a public port logistics hub via compromised credentials. The actors exfiltrated 873GB of proprietary databases before deploying ransomware binaries. A ransom demand of $8,473K in Bitcoin was posted, threatening public leak on darknet forums.","A sophisticated double-extortion ransomware campaign orchestrated by Cl0p compromised the internal network of a public port logistics hub via compromised credentials. The actors exfiltrated 873GB of proprietary databases before deploying ransomware binaries. A ransom demand of $8,473K in Bitcoin was posted, threatening public leak on darknet forums.",ransomware_extortion,Ransomware Extortion
eurepoc_201396,eurepoc,2024-04-10,Technical Cyber Threat Incident,"A sophisticated double-extortion ransomware campaign orchestrated by LockBit 3.0 compromised the internal network of a power grid distributor via compromised credentials. The actors exfiltrated 457GB of proprietary databases before deploying ransomware binaries. A ransom demand of $8,049K in Bitcoin was posted, threatening public leak on darknet forums.","A sophisticated double-extortion ransomware campaign orchestrated by LockBit 3.0 compromised the internal network of a power grid distributor via compromised credentials. The actors exfiltrated 457GB of proprietary databases before deploying ransomware binaries. A ransom demand of $8,049K in Bitcoin was posted, threatening public leak on darknet forums.",ransomware_extortion,Ransomware Extortion
eurepoc_201397,eurepoc,2024-04-10,Technical Cyber Threat Incident,"Threat group Volt Typhoon launched an extortion attack against a public port logistics hub. All virtual hypervisors and backup domains were encrypted. Negotiations demanded $5,866K within 48 hours to halt the auction of exfiltrated administrative files.","Threat group Volt Typhoon launched an extortion attack against a public port logistics hub. All virtual hypervisors and backup domains were encrypted. Negotiations demanded $5,866K within 48 hours to halt the auction of exfiltrated administrative files.",ransomware_extortion,Ransomware Extortion
eurepoc_201398,eurepoc,2024-04-10,Technical Cyber Threat Incident,Threat group Sandworm launched an extortion attack against a telecommunications provider. All virtual hypervisors and backup domains were encrypted. Negotiations demanded $739K within 48 hours to halt the auction of exfiltrated administrative files.,Threat group Sandworm launched an extortion attack against a telecommunications provider. All virtual hypervisors and backup domains were encrypted. Negotiations demanded $739K within 48 hours to halt the auction of exfiltrated administrative files.,ransomware_extortion,Ransomware Extortion
eurepoc_201399,eurepoc,2024-04-10,Technical Cyber Threat Incident,"State-aligned threat group LockBit 3.0 breached a municipal water authority using stolen session tokens. Lateral movement was detected across multiple subnets, resulting in unauthorized exfiltration of sensitive telemetry.","State-aligned threat group LockBit 3.0 breached a municipal water authority using stolen session tokens. Lateral movement was detected across multiple subnets, resulting in unauthorized exfiltration of sensitive telemetry.",unauthorized_access_hacking,Unauthorized Access Hacking
eurepoc_201400,eurepoc,2024-04-10,Technical Cyber Threat Incident,"Adversaries gained unauthorized system access to a public port logistics hub by exploiting CVE-2023-34362. The intrusion compromised 790,000 user credentials, establishing persistent reverse shells across the internal DMZ.","Adversaries gained unauthorized system access to a public port logistics hub by exploiting CVE-2023-34362. The intrusion compromised 790,000 user credentials, establishing persistent reverse shells across the internal DMZ.",unauthorized_access_hacking,Unauthorized Access Hacking
eurepoc_201401,eurepoc,2024-04-10,Technical Cyber Threat Incident,"Adversaries conducted destructive wiper malware and multi-vector Layer 7 DDoS attacks against a government tax agency. Web applications crashed under 24 million requests per second, knocking public services offline.","Adversaries conducted destructive wiper malware and multi-vector Layer 7 DDoS attacks against a government tax agency. Web applications crashed under 24 million requests per second, knocking public services offline.",denial_of_service_disruption,Denial Of Service Disruption
eurepoc_201402,eurepoc,2024-04-10,Technical Cyber Threat Incident,"Attackers distributed phishing lures disguised as urgent software patch advisories to personnel at a telecommunications provider, leading to payload execution and credential compromise.","Attackers distributed phishing lures disguised as urgent software patch advisories to personnel at a telecommunications provider, leading to payload execution and credential compromise.",phishing_social_engineering,Phishing Social Engineering
eurepoc_201403,eurepoc,2024-04-10,Technical Cyber Threat Incident,"A critical ransomware outbreak hit a municipal water authority. Operators weaponized vulnerability CVE-2023-2868 in perimeter firewalls to establish persistent C2 access. File systems were encrypted and volume shadow copies destroyed. The extortion group demanded $1,803K for decryption tools.","A critical ransomware outbreak hit a municipal water authority. Operators weaponized vulnerability CVE-2023-2868 in perimeter firewalls to establish persistent C2 access. File systems were encrypted and volume shadow copies destroyed. The extortion group demanded $1,803K for decryption tools.",ransomware_extortion,Ransomware Extortion
eurepoc_201404,eurepoc,2024-04-10,Technical Cyber Threat Incident,"An unauthenticated cloud storage bucket maintained by a regional healthcare facility was compromised by unauthorized third parties. Attackers accessed 178,000 confidential records and backend system credentials.","An unauthenticated cloud storage bucket maintained by a regional healthcare facility was compromised by unauthorized third parties. Attackers accessed 178,000 confidential records and backend system credentials.",unauthorized_access_hacking,Unauthorized Access Hacking
eurepoc_201405,eurepoc,2024-04-10,Technical Cyber Threat Incident,"Employees at a national railway operator received spoofed Microsoft 365 login requests. The Adversary-in-the-Middle (AiTM) proxy captured session cookies and bypassed MFA, facilitating unauthorized email forwarding rules.","Employees at a national railway operator received spoofed Microsoft 365 login requests. The Adversary-in-the-Middle (AiTM) proxy captured session cookies and bypassed MFA, facilitating unauthorized email forwarding rules.",phishing_social_engineering,Phishing Social Engineering
eurepoc_201406,eurepoc,2024-04-10,Technical Cyber Threat Incident,"Threat group BlackCat (ALPHV) launched an extortion attack against a pharmaceutical research lab. All virtual hypervisors and backup domains were encrypted. Negotiations demanded $7,519K within 48 hours to halt the auction of exfiltrated administrative files.","Threat group BlackCat (ALPHV) launched an extortion attack against a pharmaceutical research lab. All virtual hypervisors and backup domains were encrypted. Negotiations demanded $7,519K within 48 hours to halt the auction of exfiltrated administrative files.",ransomware_extortion,Ransomware Extortion
eurepoc_201407,eurepoc,2024-04-10,Technical Cyber Threat Incident,"A sophisticated double-extortion ransomware campaign orchestrated by Akira compromised the internal network of a national railway operator via compromised credentials. The actors exfiltrated 740GB of proprietary databases before deploying ransomware binaries. A ransom demand of $2,417K in Bitcoin was posted, threatening public leak on darknet forums.","A sophisticated double-extortion ransomware campaign orchestrated by Akira compromised the internal network of a national railway operator via compromised credentials. The actors exfiltrated 740GB of proprietary databases before deploying ransomware binaries. A ransom demand of $2,417K in Bitcoin was posted, threatening public leak on darknet forums.",ransomware_extortion,Ransomware Extortion
eurepoc_201408,eurepoc,2024-04-10,Technical Cyber Threat Incident,"State-aligned threat group LockBit 3.0 breached a municipal water authority using stolen session tokens. Lateral movement was detected across multiple subnets, resulting in unauthorized exfiltration of sensitive telemetry.","State-aligned threat group LockBit 3.0 breached a municipal water authority using stolen session tokens. Lateral movement was detected across multiple subnets, resulting in unauthorized exfiltration of sensitive telemetry.",unauthorized_access_hacking,Unauthorized Access Hacking
eurepoc_201409,eurepoc,2024-04-10,Technical Cyber Threat Incident,"Adversaries gained unauthorized system access to a commercial banking network by exploiting CVE-2023-2868. The intrusion compromised 738,000 user credentials, establishing persistent reverse shells across the internal DMZ.","Adversaries gained unauthorized system access to a commercial banking network by exploiting CVE-2023-2868. The intrusion compromised 738,000 user credentials, establishing persistent reverse shells across the internal DMZ.",unauthorized_access_hacking,Unauthorized Access Hacking
eurepoc_201410,eurepoc,2024-04-10,Technical Cyber Threat Incident,"A persistent flood of HTTP/2 Rapid Reset requests disrupted the border gateway and online authentication servers of a power grid distributor, causing complete denial of service for 39 hours.","A persistent flood of HTTP/2 Rapid Reset requests disrupted the border gateway and online authentication servers of a power grid distributor, causing complete denial of service for 39 hours.",denial_of_service_disruption,Denial Of Service Disruption
eurepoc_201411,eurepoc,2024-04-10,Technical Cyber Threat Incident,"A critical ransomware outbreak hit a national railway operator. Operators weaponized vulnerability CVE-2023-4966 in perimeter firewalls to establish persistent C2 access. File systems were encrypted and volume shadow copies destroyed. The extortion group demanded $4,691K for decryption tools.","A critical ransomware outbreak hit a national railway operator. Operators weaponized vulnerability CVE-2023-4966 in perimeter firewalls to establish persistent C2 access. File systems were encrypted and volume shadow copies destroyed. The extortion group demanded $4,691K for decryption tools.",ransomware_extortion,Ransomware Extortion
eurepoc_201412,eurepoc,2024-04-10,Technical Cyber Threat Incident,A spear-phishing campaign attributed to LockBit 3.0 targeted executives at a government tax agency. Weaponized PDF documents referencing fake regulatory audits delivered an infostealer payload harvesting domain credentials.,A spear-phishing campaign attributed to LockBit 3.0 targeted executives at a government tax agency. Weaponized PDF documents referencing fake regulatory audits delivered an infostealer payload harvesting domain credentials.,phishing_social_engineering,Phishing Social Engineering
eurepoc_201413,eurepoc,2024-04-10,Technical Cyber Threat Incident,"An unauthenticated cloud storage bucket maintained by a municipal water authority was compromised by unauthorized third parties. Attackers accessed 110,000 confidential records and backend system credentials.","An unauthenticated cloud storage bucket maintained by a municipal water authority was compromised by unauthorized third parties. Attackers accessed 110,000 confidential records and backend system credentials.",unauthorized_access_hacking,Unauthorized Access Hacking
eurepoc_201414,eurepoc,2024-04-10,Technical Cyber Threat Incident,"Employees at a commercial banking network received spoofed Microsoft 365 login requests. The Adversary-in-the-Middle (AiTM) proxy captured session cookies and bypassed MFA, facilitating unauthorized email forwarding rules.","Employees at a commercial banking network received spoofed Microsoft 365 login requests. The Adversary-in-the-Middle (AiTM) proxy captured session cookies and bypassed MFA, facilitating unauthorized email forwarding rules.",phishing_social_engineering,Phishing Social Engineering
eurepoc_201415,eurepoc,2024-04-10,Technical Cyber Threat Incident,"Adversaries gained unauthorized system access to a government tax agency by exploiting CVE-2024-1709. The intrusion compromised 62,000 user credentials, establishing persistent reverse shells across the internal DMZ.","Adversaries gained unauthorized system access to a government tax agency by exploiting CVE-2024-1709. The intrusion compromised 62,000 user credentials, establishing persistent reverse shells across the internal DMZ.",unauthorized_access_hacking,Unauthorized Access Hacking
eurepoc_201416,eurepoc,2024-04-10,Technical Cyber Threat Incident,"Threat group Lazarus Group launched an extortion attack against a public port logistics hub. All virtual hypervisors and backup domains were encrypted. Negotiations demanded $4,924K within 48 hours to halt the auction of exfiltrated administrative files.","Threat group Lazarus Group launched an extortion attack against a public port logistics hub. All virtual hypervisors and backup domains were encrypted. Negotiations demanded $4,924K within 48 hours to halt the auction of exfiltrated administrative files.",ransomware_extortion,Ransomware Extortion
eurepoc_201417,eurepoc,2024-04-10,Technical Cyber Threat Incident,"A sophisticated double-extortion ransomware campaign orchestrated by LockBit 3.0 compromised the internal network of a power grid distributor via compromised credentials. The actors exfiltrated 156GB of proprietary databases before deploying ransomware binaries. A ransom demand of $4,282K in Bitcoin was posted, threatening public leak on darknet forums.","A sophisticated double-extortion ransomware campaign orchestrated by LockBit 3.0 compromised the internal network of a power grid distributor via compromised credentials. The actors exfiltrated 156GB of proprietary databases before deploying ransomware binaries. A ransom demand of $4,282K in Bitcoin was posted, threatening public leak on darknet forums.",ransomware_extortion,Ransomware Extortion
eurepoc_201418,eurepoc,2024-04-10,Technical Cyber Threat Incident,"Attackers distributed phishing lures disguised as urgent software patch advisories to personnel at a power grid distributor, leading to payload execution and credential compromise.","Attackers distributed phishing lures disguised as urgent software patch advisories to personnel at a power grid distributor, leading to payload execution and credential compromise.",phishing_social_engineering,Phishing Social Engineering
eurepoc_201419,eurepoc,2024-04-10,Technical Cyber Threat Incident,"State-aligned threat group LockBit 3.0 breached a power grid distributor using stolen session tokens. Lateral movement was detected across multiple subnets, resulting in unauthorized exfiltration of sensitive telemetry.","State-aligned threat group LockBit 3.0 breached a power grid distributor using stolen session tokens. Lateral movement was detected across multiple subnets, resulting in unauthorized exfiltration of sensitive telemetry.",unauthorized_access_hacking,Unauthorized Access Hacking
eurepoc_201420,eurepoc,2024-04-10,Technical Cyber Threat Incident,"State-aligned threat group Lazarus Group breached a national railway operator using stolen session tokens. Lateral movement was detected across multiple subnets, resulting in unauthorized exfiltration of sensitive telemetry.","State-aligned threat group Lazarus Group breached a national railway operator using stolen session tokens. Lateral movement was detected across multiple subnets, resulting in unauthorized exfiltration of sensitive telemetry.",unauthorized_access_hacking,Unauthorized Access Hacking
eurepoc_201421,eurepoc,2024-04-10,Technical Cyber Threat Incident,"State-aligned threat group LockBit 3.0 breached a power grid distributor using stolen session tokens. Lateral movement was detected across multiple subnets, resulting in unauthorized exfiltration of sensitive telemetry.","State-aligned threat group LockBit 3.0 breached a power grid distributor using stolen session tokens. Lateral movement was detected across multiple subnets, resulting in unauthorized exfiltration of sensitive telemetry.",unauthorized_access_hacking,Unauthorized Access Hacking
eurepoc_201422,eurepoc,2024-04-10,Technical Cyber Threat Incident,"A persistent flood of HTTP/2 Rapid Reset requests disrupted the border gateway and online authentication servers of a national railway operator, causing complete denial of service for 8 hours.","A persistent flood of HTTP/2 Rapid Reset requests disrupted the border gateway and online authentication servers of a national railway operator, causing complete denial of service for 8 hours.",denial_of_service_disruption,Denial Of Service Disruption
eurepoc_201423,eurepoc,2024-04-10,Technical Cyber Threat Incident,"Threat group LockBit 3.0 launched an extortion attack against a aerospace defense contractor. All virtual hypervisors and backup domains were encrypted. Negotiations demanded $2,207K within 48 hours to halt the auction of exfiltrated administrative files.","Threat group LockBit 3.0 launched an extortion attack against a aerospace defense contractor. All virtual hypervisors and backup domains were encrypted. Negotiations demanded $2,207K within 48 hours to halt the auction of exfiltrated administrative files.",ransomware_extortion,Ransomware Extortion
eurepoc_201424,eurepoc,2024-04-10,Technical Cyber Threat Incident,"A massive volumetric Distributed Denial of Service (DDoS) attack peaking at 1.59 Tbps targeted a power grid distributor. The attack exploited an amplified DNS/UDP reflection vector through a global IoT botnet, resulting in 27 hours of total service outage.","A massive volumetric Distributed Denial of Service (DDoS) attack peaking at 1.59 Tbps targeted a power grid distributor. The attack exploited an amplified DNS/UDP reflection vector through a global IoT botnet, resulting in 27 hours of total service outage.",denial_of_service_disruption,Denial Of Service Disruption
eurepoc_201425,eurepoc,2024-04-10,Technical Cyber Threat Incident,"Attackers distributed phishing lures disguised as urgent software patch advisories to personnel at a regional healthcare facility, leading to payload execution and credential compromise.","Attackers distributed phishing lures disguised as urgent software patch advisories to personnel at a regional healthcare facility, leading to payload execution and credential compromise.",phishing_social_engineering,Phishing Social Engineering
eurepoc_201426,eurepoc,2024-04-10,Technical Cyber Threat Incident,"Adversaries gained unauthorized system access to a public port logistics hub by exploiting CVE-2023-20198. The intrusion compromised 371,000 user credentials, establishing persistent reverse shells across the internal DMZ.","Adversaries gained unauthorized system access to a public port logistics hub by exploiting CVE-2023-20198. The intrusion compromised 371,000 user credentials, establishing persistent reverse shells across the internal DMZ.",unauthorized_access_hacking,Unauthorized Access Hacking
eurepoc_201427,eurepoc,2024-04-10,Technical Cyber Threat Incident,"A persistent flood of HTTP/2 Rapid Reset requests disrupted the border gateway and online authentication servers of a telecommunications provider, causing complete denial of service for 52 hours.","A persistent flood of HTTP/2 Rapid Reset requests disrupted the border gateway and online authentication servers of a telecommunications provider, causing complete denial of service for 52 hours.",denial_of_service_disruption,Denial Of Service Disruption
eurepoc_201428,eurepoc,2024-04-10,Technical Cyber Threat Incident,"Adversaries gained unauthorized system access to a government tax agency by exploiting CVE-2023-34362. The intrusion compromised 40,000 user credentials, establishing persistent reverse shells across the internal DMZ.","Adversaries gained unauthorized system access to a government tax agency by exploiting CVE-2023-34362. The intrusion compromised 40,000 user credentials, establishing persistent reverse shells across the internal DMZ.",unauthorized_access_hacking,Unauthorized Access Hacking
eurepoc_201429,eurepoc,2024-04-10,Technical Cyber Threat Incident,"State-aligned threat group Sandworm breached a government tax agency using stolen session tokens. Lateral movement was detected across multiple subnets, resulting in unauthorized exfiltration of sensitive telemetry.","State-aligned threat group Sandworm breached a government tax agency using stolen session tokens. Lateral movement was detected across multiple subnets, resulting in unauthorized exfiltration of sensitive telemetry.",unauthorized_access_hacking,Unauthorized Access Hacking
eurepoc_201430,eurepoc,2024-04-10,Technical Cyber Threat Incident,"Attackers distributed phishing lures disguised as urgent software patch advisories to personnel at a national railway operator, leading to payload execution and credential compromise.","Attackers distributed phishing lures disguised as urgent software patch advisories to personnel at a national railway operator, leading to payload execution and credential compromise.",phishing_social_engineering,Phishing Social Engineering
eurepoc_201431,eurepoc,2024-04-10,Technical Cyber Threat Incident,"A critical ransomware outbreak hit a municipal water authority. Operators weaponized vulnerability CVE-2023-20198 in perimeter firewalls to establish persistent C2 access. File systems were encrypted and volume shadow copies destroyed. The extortion group demanded $3,821K for decryption tools.","A critical ransomware outbreak hit a municipal water authority. Operators weaponized vulnerability CVE-2023-20198 in perimeter firewalls to establish persistent C2 access. File systems were encrypted and volume shadow copies destroyed. The extortion group demanded $3,821K for decryption tools.",ransomware_extortion,Ransomware Extortion
eurepoc_201432,eurepoc,2024-04-10,Technical Cyber Threat Incident,"A massive volumetric Distributed Denial of Service (DDoS) attack peaking at 1.18 Tbps targeted a government tax agency. The attack exploited an amplified DNS/UDP reflection vector through a global IoT botnet, resulting in 35 hours of total service outage.","A massive volumetric Distributed Denial of Service (DDoS) attack peaking at 1.18 Tbps targeted a government tax agency. The attack exploited an amplified DNS/UDP reflection vector through a global IoT botnet, resulting in 35 hours of total service outage.",denial_of_service_disruption,Denial Of Service Disruption
eurepoc_201433,eurepoc,2024-04-10,Technical Cyber Threat Incident,"Threat group Cl0p launched an extortion attack against a power grid distributor. All virtual hypervisors and backup domains were encrypted. Negotiations demanded $7,515K within 48 hours to halt the auction of exfiltrated administrative files.","Threat group Cl0p launched an extortion attack against a power grid distributor. All virtual hypervisors and backup domains were encrypted. Negotiations demanded $7,515K within 48 hours to halt the auction of exfiltrated administrative files.",ransomware_extortion,Ransomware Extortion
eurepoc_201434,eurepoc,2024-04-10,Technical Cyber Threat Incident,"A sophisticated double-extortion ransomware campaign orchestrated by Lazarus Group compromised the internal network of a aerospace defense contractor via compromised credentials. The actors exfiltrated 603GB of proprietary databases before deploying ransomware binaries. A ransom demand of $3,731K in Bitcoin was posted, threatening public leak on darknet forums.","A sophisticated double-extortion ransomware campaign orchestrated by Lazarus Group compromised the internal network of a aerospace defense contractor via compromised credentials. The actors exfiltrated 603GB of proprietary databases before deploying ransomware binaries. A ransom demand of $3,731K in Bitcoin was posted, threatening public leak on darknet forums.",ransomware_extortion,Ransomware Extortion
eurepoc_201435,eurepoc,2024-04-10,Technical Cyber Threat Incident,"State-aligned threat group Lazarus Group breached a national railway operator using stolen session tokens. Lateral movement was detected across multiple subnets, resulting in unauthorized exfiltration of sensitive telemetry.","State-aligned threat group Lazarus Group breached a national railway operator using stolen session tokens. Lateral movement was detected across multiple subnets, resulting in unauthorized exfiltration of sensitive telemetry.",unauthorized_access_hacking,Unauthorized Access Hacking
eurepoc_201436,eurepoc,2024-04-10,Technical Cyber Threat Incident,"Employees at a pharmaceutical research lab received spoofed Microsoft 365 login requests. The Adversary-in-the-Middle (AiTM) proxy captured session cookies and bypassed MFA, facilitating unauthorized email forwarding rules.","Employees at a pharmaceutical research lab received spoofed Microsoft 365 login requests. The Adversary-in-the-Middle (AiTM) proxy captured session cookies and bypassed MFA, facilitating unauthorized email forwarding rules.",phishing_social_engineering,Phishing Social Engineering
eurepoc_201437,eurepoc,2024-04-10,Technical Cyber Threat Incident,"A critical ransomware outbreak hit a commercial banking network. Operators weaponized vulnerability CVE-2023-2868 in perimeter firewalls to establish persistent C2 access. File systems were encrypted and volume shadow copies destroyed. The extortion group demanded $5,635K for decryption tools.","A critical ransomware outbreak hit a commercial banking network. Operators weaponized vulnerability CVE-2023-2868 in perimeter firewalls to establish persistent C2 access. File systems were encrypted and volume shadow copies destroyed. The extortion group demanded $5,635K for decryption tools.",ransomware_extortion,Ransomware Extortion
eurepoc_201438,eurepoc,2024-04-10,Technical Cyber Threat Incident,"State-aligned threat group Cl0p breached a power grid distributor using stolen session tokens. Lateral movement was detected across multiple subnets, resulting in unauthorized exfiltration of sensitive telemetry.","State-aligned threat group Cl0p breached a power grid distributor using stolen session tokens. Lateral movement was detected across multiple subnets, resulting in unauthorized exfiltration of sensitive telemetry.",unauthorized_access_hacking,Unauthorized Access Hacking
eurepoc_201439,eurepoc,2024-04-10,Technical Cyber Threat Incident,"A persistent flood of HTTP/2 Rapid Reset requests disrupted the border gateway and online authentication servers of a power grid distributor, causing complete denial of service for 26 hours.","A persistent flood of HTTP/2 Rapid Reset requests disrupted the border gateway and online authentication servers of a power grid distributor, causing complete denial of service for 26 hours.",denial_of_service_disruption,Denial Of Service Disruption
eurepoc_201440,eurepoc,2024-04-10,Technical Cyber Threat Incident,"Employees at a national railway operator received spoofed Microsoft 365 login requests. The Adversary-in-the-Middle (AiTM) proxy captured session cookies and bypassed MFA, facilitating unauthorized email forwarding rules.","Employees at a national railway operator received spoofed Microsoft 365 login requests. The Adversary-in-the-Middle (AiTM) proxy captured session cookies and bypassed MFA, facilitating unauthorized email forwarding rules.",phishing_social_engineering,Phishing Social Engineering
eurepoc_201441,eurepoc,2024-04-10,Technical Cyber Threat Incident,"An unauthenticated cloud storage bucket maintained by a commercial banking network was compromised by unauthorized third parties. Attackers accessed 27,000 confidential records and backend system credentials.","An unauthenticated cloud storage bucket maintained by a commercial banking network was compromised by unauthorized third parties. Attackers accessed 27,000 confidential records and backend system credentials.",unauthorized_access_hacking,Unauthorized Access Hacking
eurepoc_201442,eurepoc,2024-04-10,Technical Cyber Threat Incident,"A persistent flood of HTTP/2 Rapid Reset requests disrupted the border gateway and online authentication servers of a national railway operator, causing complete denial of service for 17 hours.","A persistent flood of HTTP/2 Rapid Reset requests disrupted the border gateway and online authentication servers of a national railway operator, causing complete denial of service for 17 hours.",denial_of_service_disruption,Denial Of Service Disruption
eurepoc_201443,eurepoc,2024-04-10,Technical Cyber Threat Incident,"A critical ransomware outbreak hit a telecommunications provider. Operators weaponized vulnerability CVE-2023-4966 in perimeter firewalls to establish persistent C2 access. File systems were encrypted and volume shadow copies destroyed. The extortion group demanded $5,572K for decryption tools.","A critical ransomware outbreak hit a telecommunications provider. Operators weaponized vulnerability CVE-2023-4966 in perimeter firewalls to establish persistent C2 access. File systems were encrypted and volume shadow copies destroyed. The extortion group demanded $5,572K for decryption tools.",ransomware_extortion,Ransomware Extortion
eurepoc_201444,eurepoc,2024-04-10,Technical Cyber Threat Incident,"A critical ransomware outbreak hit a telecommunications provider. Operators weaponized vulnerability CVE-2023-34362 in perimeter firewalls to establish persistent C2 access. File systems were encrypted and volume shadow copies destroyed. The extortion group demanded $4,257K for decryption tools.","A critical ransomware outbreak hit a telecommunications provider. Operators weaponized vulnerability CVE-2023-34362 in perimeter firewalls to establish persistent C2 access. File systems were encrypted and volume shadow copies destroyed. The extortion group demanded $4,257K for decryption tools.",ransomware_extortion,Ransomware Extortion
eurepoc_201445,eurepoc,2024-04-10,Technical Cyber Threat Incident,"State-aligned threat group BlackCat (ALPHV) breached a government tax agency using stolen session tokens. Lateral movement was detected across multiple subnets, resulting in unauthorized exfiltration of sensitive telemetry.","State-aligned threat group BlackCat (ALPHV) breached a government tax agency using stolen session tokens. Lateral movement was detected across multiple subnets, resulting in unauthorized exfiltration of sensitive telemetry.",unauthorized_access_hacking,Unauthorized Access Hacking
eurepoc_201446,eurepoc,2024-04-10,Technical Cyber Threat Incident,"Attackers distributed phishing lures disguised as urgent software patch advisories to personnel at a government tax agency, leading to payload execution and credential compromise.","Attackers distributed phishing lures disguised as urgent software patch advisories to personnel at a government tax agency, leading to payload execution and credential compromise.",phishing_social_engineering,Phishing Social Engineering
eurepoc_201447,eurepoc,2024-04-10,Technical Cyber Threat Incident,"State-aligned threat group Volt Typhoon breached a public port logistics hub using stolen session tokens. Lateral movement was detected across multiple subnets, resulting in unauthorized exfiltration of sensitive telemetry.","State-aligned threat group Volt Typhoon breached a public port logistics hub using stolen session tokens. Lateral movement was detected across multiple subnets, resulting in unauthorized exfiltration of sensitive telemetry.",unauthorized_access_hacking,Unauthorized Access Hacking
eurepoc_201448,eurepoc,2024-04-10,Technical Cyber Threat Incident,"A massive volumetric Distributed Denial of Service (DDoS) attack peaking at 2.14 Tbps targeted a commercial banking network. The attack exploited an amplified DNS/UDP reflection vector through a global IoT botnet, resulting in 71 hours of total service outage.","A massive volumetric Distributed Denial of Service (DDoS) attack peaking at 2.14 Tbps targeted a commercial banking network. The attack exploited an amplified DNS/UDP reflection vector through a global IoT botnet, resulting in 71 hours of total service outage.",denial_of_service_disruption,Denial Of Service Disruption
eurepoc_201449,eurepoc,2024-04-10,Technical Cyber Threat Incident,"A critical ransomware outbreak hit a national railway operator. Operators weaponized vulnerability CVE-2023-20198 in perimeter firewalls to establish persistent C2 access. File systems were encrypted and volume shadow copies destroyed. The extortion group demanded $6,637K for decryption tools.","A critical ransomware outbreak hit a national railway operator. Operators weaponized vulnerability CVE-2023-20198 in perimeter firewalls to establish persistent C2 access. File systems were encrypted and volume shadow copies destroyed. The extortion group demanded $6,637K for decryption tools.",ransomware_extortion,Ransomware Extortion
eurepoc_201450,eurepoc,2024-04-10,Technical Cyber Threat Incident,"A critical ransomware outbreak hit a public port logistics hub. Operators weaponized vulnerability CVE-2024-1709 in perimeter firewalls to establish persistent C2 access. File systems were encrypted and volume shadow copies destroyed. The extortion group demanded $3,711K for decryption tools.","A critical ransomware outbreak hit a public port logistics hub. Operators weaponized vulnerability CVE-2024-1709 in perimeter firewalls to establish persistent C2 access. File systems were encrypted and volume shadow copies destroyed. The extortion group demanded $3,711K for decryption tools.",ransomware_extortion,Ransomware Extortion
eurepoc_201451,eurepoc,2024-04-10,Technical Cyber Threat Incident,A spear-phishing campaign attributed to APT28 (Fancy Bear) targeted executives at a pharmaceutical research lab. Weaponized PDF documents referencing fake regulatory audits delivered an infostealer payload harvesting domain credentials.,A spear-phishing campaign attributed to APT28 (Fancy Bear) targeted executives at a pharmaceutical research lab. Weaponized PDF documents referencing fake regulatory audits delivered an infostealer payload harvesting domain credentials.,phishing_social_engineering,Phishing Social Engineering
eurepoc_201452,eurepoc,2024-04-10,Technical Cyber Threat Incident,"A persistent flood of HTTP/2 Rapid Reset requests disrupted the border gateway and online authentication servers of a pharmaceutical research lab, causing complete denial of service for 7 hours.","A persistent flood of HTTP/2 Rapid Reset requests disrupted the border gateway and online authentication servers of a pharmaceutical research lab, causing complete denial of service for 7 hours.",denial_of_service_disruption,Denial Of Service Disruption
eurepoc_201453,eurepoc,2024-04-10,Technical Cyber Threat Incident,"A persistent flood of HTTP/2 Rapid Reset requests disrupted the border gateway and online authentication servers of a telecommunications provider, causing complete denial of service for 55 hours.","A persistent flood of HTTP/2 Rapid Reset requests disrupted the border gateway and online authentication servers of a telecommunications provider, causing complete denial of service for 55 hours.",denial_of_service_disruption,Denial Of Service Disruption
eurepoc_201454,eurepoc,2024-04-10,Technical Cyber Threat Incident,"Threat group Sandworm launched an extortion attack against a public port logistics hub. All virtual hypervisors and backup domains were encrypted. Negotiations demanded $8,485K within 48 hours to halt the auction of exfiltrated administrative files.","Threat group Sandworm launched an extortion attack against a public port logistics hub. All virtual hypervisors and backup domains were encrypted. Negotiations demanded $8,485K within 48 hours to halt the auction of exfiltrated administrative files.",ransomware_extortion,Ransomware Extortion
eurepoc_201455,eurepoc,2024-04-10,Technical Cyber Threat Incident,"State-aligned threat group Lazarus Group breached a telecommunications provider using stolen session tokens. Lateral movement was detected across multiple subnets, resulting in unauthorized exfiltration of sensitive telemetry.","State-aligned threat group Lazarus Group breached a telecommunications provider using stolen session tokens. Lateral movement was detected across multiple subnets, resulting in unauthorized exfiltration of sensitive telemetry.",unauthorized_access_hacking,Unauthorized Access Hacking
eurepoc_201456,eurepoc,2024-04-10,Technical Cyber Threat Incident,"Adversaries conducted destructive wiper malware and multi-vector Layer 7 DDoS attacks against a commercial banking network. Web applications crashed under 81 million requests per second, knocking public services offline.","Adversaries conducted destructive wiper malware and multi-vector Layer 7 DDoS attacks against a commercial banking network. Web applications crashed under 81 million requests per second, knocking public services offline.",denial_of_service_disruption,Denial Of Service Disruption
eurepoc_201457,eurepoc,2024-04-10,Technical Cyber Threat Incident,A critical ransomware outbreak hit a municipal water authority. Operators weaponized vulnerability CVE-2023-4966 in perimeter firewalls to establish persistent C2 access. File systems were encrypted and volume shadow copies destroyed. The extortion group demanded $890K for decryption tools.,A critical ransomware outbreak hit a municipal water authority. Operators weaponized vulnerability CVE-2023-4966 in perimeter firewalls to establish persistent C2 access. File systems were encrypted and volume shadow copies destroyed. The extortion group demanded $890K for decryption tools.,ransomware_extortion,Ransomware Extortion
eurepoc_201458,eurepoc,2024-04-10,Technical Cyber Threat Incident,"An unauthenticated cloud storage bucket maintained by a commercial banking network was compromised by unauthorized third parties. Attackers accessed 77,000 confidential records and backend system credentials.","An unauthenticated cloud storage bucket maintained by a commercial banking network was compromised by unauthorized third parties. Attackers accessed 77,000 confidential records and backend system credentials.",unauthorized_access_hacking,Unauthorized Access Hacking
eurepoc_201459,eurepoc,2024-04-10,Technical Cyber Threat Incident,"Threat group Lazarus Group launched an extortion attack against a regional healthcare facility. All virtual hypervisors and backup domains were encrypted. Negotiations demanded $6,601K within 48 hours to halt the auction of exfiltrated administrative files.","Threat group Lazarus Group launched an extortion attack against a regional healthcare facility. All virtual hypervisors and backup domains were encrypted. Negotiations demanded $6,601K within 48 hours to halt the auction of exfiltrated administrative files.",ransomware_extortion,Ransomware Extortion
eurepoc_201460,eurepoc,2024-04-10,Technical Cyber Threat Incident,"Employees at a municipal water authority received spoofed Microsoft 365 login requests. The Adversary-in-the-Middle (AiTM) proxy captured session cookies and bypassed MFA, facilitating unauthorized email forwarding rules.","Employees at a municipal water authority received spoofed Microsoft 365 login requests. The Adversary-in-the-Middle (AiTM) proxy captured session cookies and bypassed MFA, facilitating unauthorized email forwarding rules.",phishing_social_engineering,Phishing Social Engineering
eurepoc_201461,eurepoc,2024-04-10,Technical Cyber Threat Incident,"A persistent flood of HTTP/2 Rapid Reset requests disrupted the border gateway and online authentication servers of a regional healthcare facility, causing complete denial of service for 23 hours.","A persistent flood of HTTP/2 Rapid Reset requests disrupted the border gateway and online authentication servers of a regional healthcare facility, causing complete denial of service for 23 hours.",denial_of_service_disruption,Denial Of Service Disruption
eurepoc_201462,eurepoc,2024-04-10,Technical Cyber Threat Incident,"A persistent flood of HTTP/2 Rapid Reset requests disrupted the border gateway and online authentication servers of a pharmaceutical research lab, causing complete denial of service for 47 hours.","A persistent flood of HTTP/2 Rapid Reset requests disrupted the border gateway and online authentication servers of a pharmaceutical research lab, causing complete denial of service for 47 hours.",denial_of_service_disruption,Denial Of Service Disruption
eurepoc_201463,eurepoc,2024-04-10,Technical Cyber Threat Incident,"A sophisticated double-extortion ransomware campaign orchestrated by APT28 (Fancy Bear) compromised the internal network of a commercial banking network via compromised credentials. The actors exfiltrated 70GB of proprietary databases before deploying ransomware binaries. A ransom demand of $1,750K in Bitcoin was posted, threatening public leak on darknet forums.","A sophisticated double-extortion ransomware campaign orchestrated by APT28 (Fancy Bear) compromised the internal network of a commercial banking network via compromised credentials. The actors exfiltrated 70GB of proprietary databases before deploying ransomware binaries. A ransom demand of $1,750K in Bitcoin was posted, threatening public leak on darknet forums.",ransomware_extortion,Ransomware Extortion
eurepoc_201464,eurepoc,2024-04-10,Technical Cyber Threat Incident,"Attackers distributed phishing lures disguised as urgent software patch advisories to personnel at a telecommunications provider, leading to payload execution and credential compromise.","Attackers distributed phishing lures disguised as urgent software patch advisories to personnel at a telecommunications provider, leading to payload execution and credential compromise.",phishing_social_engineering,Phishing Social Engineering
eurepoc_201465,eurepoc,2024-04-10,Technical Cyber Threat Incident,"A sophisticated double-extortion ransomware campaign orchestrated by Akira compromised the internal network of a public port logistics hub via compromised credentials. The actors exfiltrated 514GB of proprietary databases before deploying ransomware binaries. A ransom demand of $8,498K in Bitcoin was posted, threatening public leak on darknet forums.","A sophisticated double-extortion ransomware campaign orchestrated by Akira compromised the internal network of a public port logistics hub via compromised credentials. The actors exfiltrated 514GB of proprietary databases before deploying ransomware binaries. A ransom demand of $8,498K in Bitcoin was posted, threatening public leak on darknet forums.",ransomware_extortion,Ransomware Extortion
eurepoc_201466,eurepoc,2024-04-10,Technical Cyber Threat Incident,A spear-phishing campaign attributed to Akira targeted executives at a power grid distributor. Weaponized PDF documents referencing fake regulatory audits delivered an infostealer payload harvesting domain credentials.,A spear-phishing campaign attributed to Akira targeted executives at a power grid distributor. Weaponized PDF documents referencing fake regulatory audits delivered an infostealer payload harvesting domain credentials.,phishing_social_engineering,Phishing Social Engineering
eurepoc_201467,eurepoc,2024-04-10,Technical Cyber Threat Incident,"State-aligned threat group Lazarus Group breached a government tax agency using stolen session tokens. Lateral movement was detected across multiple subnets, resulting in unauthorized exfiltration of sensitive telemetry.","State-aligned threat group Lazarus Group breached a government tax agency using stolen session tokens. Lateral movement was detected across multiple subnets, resulting in unauthorized exfiltration of sensitive telemetry.",unauthorized_access_hacking,Unauthorized Access Hacking
eurepoc_201468,eurepoc,2024-04-10,Technical Cyber Threat Incident,"Attackers distributed phishing lures disguised as urgent software patch advisories to personnel at a power grid distributor, leading to payload execution and credential compromise.","Attackers distributed phishing lures disguised as urgent software patch advisories to personnel at a power grid distributor, leading to payload execution and credential compromise.",phishing_social_engineering,Phishing Social Engineering
eurepoc_201469,eurepoc,2024-04-10,Technical Cyber Threat Incident,"A massive volumetric Distributed Denial of Service (DDoS) attack peaking at 0.92 Tbps targeted a government tax agency. The attack exploited an amplified DNS/UDP reflection vector through a global IoT botnet, resulting in 68 hours of total service outage.","A massive volumetric Distributed Denial of Service (DDoS) attack peaking at 0.92 Tbps targeted a government tax agency. The attack exploited an amplified DNS/UDP reflection vector through a global IoT botnet, resulting in 68 hours of total service outage.",denial_of_service_disruption,Denial Of Service Disruption
eurepoc_201470,eurepoc,2024-04-10,Technical Cyber Threat Incident,"A critical ransomware outbreak hit a public port logistics hub. Operators weaponized vulnerability CVE-2024-1709 in perimeter firewalls to establish persistent C2 access. File systems were encrypted and volume shadow copies destroyed. The extortion group demanded $2,820K for decryption tools.","A critical ransomware outbreak hit a public port logistics hub. Operators weaponized vulnerability CVE-2024-1709 in perimeter firewalls to establish persistent C2 access. File systems were encrypted and volume shadow copies destroyed. The extortion group demanded $2,820K for decryption tools.",ransomware_extortion,Ransomware Extortion
eurepoc_201471,eurepoc,2024-04-10,Technical Cyber Threat Incident,"A sophisticated double-extortion ransomware campaign orchestrated by Akira compromised the internal network of a public port logistics hub via compromised credentials. The actors exfiltrated 929GB of proprietary databases before deploying ransomware binaries. A ransom demand of $3,053K in Bitcoin was posted, threatening public leak on darknet forums.","A sophisticated double-extortion ransomware campaign orchestrated by Akira compromised the internal network of a public port logistics hub via compromised credentials. The actors exfiltrated 929GB of proprietary databases before deploying ransomware binaries. A ransom demand of $3,053K in Bitcoin was posted, threatening public leak on darknet forums.",ransomware_extortion,Ransomware Extortion
eurepoc_201472,eurepoc,2024-04-10,Technical Cyber Threat Incident,"A persistent flood of HTTP/2 Rapid Reset requests disrupted the border gateway and online authentication servers of a power grid distributor, causing complete denial of service for 67 hours.","A persistent flood of HTTP/2 Rapid Reset requests disrupted the border gateway and online authentication servers of a power grid distributor, causing complete denial of service for 67 hours.",denial_of_service_disruption,Denial Of Service Disruption
eurepoc_201473,eurepoc,2024-04-10,Technical Cyber Threat Incident,"Adversaries gained unauthorized system access to a municipal water authority by exploiting CVE-2023-20198. The intrusion compromised 253,000 user credentials, establishing persistent reverse shells across the internal DMZ.","Adversaries gained unauthorized system access to a municipal water authority by exploiting CVE-2023-20198. The intrusion compromised 253,000 user credentials, establishing persistent reverse shells across the internal DMZ.",unauthorized_access_hacking,Unauthorized Access Hacking
eurepoc_201474,eurepoc,2024-04-10,Technical Cyber Threat Incident,"A persistent flood of HTTP/2 Rapid Reset requests disrupted the border gateway and online authentication servers of a public port logistics hub, causing complete denial of service for 61 hours.","A persistent flood of HTTP/2 Rapid Reset requests disrupted the border gateway and online authentication servers of a public port logistics hub, causing complete denial of service for 61 hours.",denial_of_service_disruption,Denial Of Service Disruption
eurepoc_201475,eurepoc,2024-04-10,Technical Cyber Threat Incident,"A sophisticated double-extortion ransomware campaign orchestrated by BlackCat (ALPHV) compromised the internal network of a municipal water authority via compromised credentials. The actors exfiltrated 636GB of proprietary databases before deploying ransomware binaries. A ransom demand of $7,380K in Bitcoin was posted, threatening public leak on darknet forums.","A sophisticated double-extortion ransomware campaign orchestrated by BlackCat (ALPHV) compromised the internal network of a municipal water authority via compromised credentials. The actors exfiltrated 636GB of proprietary databases before deploying ransomware binaries. A ransom demand of $7,380K in Bitcoin was posted, threatening public leak on darknet forums.",ransomware_extortion,Ransomware Extortion
eurepoc_201476,eurepoc,2024-04-10,Technical Cyber Threat Incident,"A sophisticated double-extortion ransomware campaign orchestrated by Sandworm compromised the internal network of a power grid distributor via compromised credentials. The actors exfiltrated 248GB of proprietary databases before deploying ransomware binaries. A ransom demand of $5,814K in Bitcoin was posted, threatening public leak on darknet forums.","A sophisticated double-extortion ransomware campaign orchestrated by Sandworm compromised the internal network of a power grid distributor via compromised credentials. The actors exfiltrated 248GB of proprietary databases before deploying ransomware binaries. A ransom demand of $5,814K in Bitcoin was posted, threatening public leak on darknet forums.",ransomware_extortion,Ransomware Extortion
eurepoc_201477,eurepoc,2024-04-10,Technical Cyber Threat Incident,"An unauthenticated cloud storage bucket maintained by a municipal water authority was compromised by unauthorized third parties. Attackers accessed 114,000 confidential records and backend system credentials.","An unauthenticated cloud storage bucket maintained by a municipal water authority was compromised by unauthorized third parties. Attackers accessed 114,000 confidential records and backend system credentials.",unauthorized_access_hacking,Unauthorized Access Hacking
eurepoc_201478,eurepoc,2024-04-10,Technical Cyber Threat Incident,"Threat group Sandworm launched an extortion attack against a public port logistics hub. All virtual hypervisors and backup domains were encrypted. Negotiations demanded $5,806K within 48 hours to halt the auction of exfiltrated administrative files.","Threat group Sandworm launched an extortion attack against a public port logistics hub. All virtual hypervisors and backup domains were encrypted. Negotiations demanded $5,806K within 48 hours to halt the auction of exfiltrated administrative files.",ransomware_extortion,Ransomware Extortion
eurepoc_201479,eurepoc,2024-04-10,Technical Cyber Threat Incident,"A critical ransomware outbreak hit a government tax agency. Operators weaponized vulnerability CVE-2023-34362 in perimeter firewalls to establish persistent C2 access. File systems were encrypted and volume shadow copies destroyed. The extortion group demanded $1,244K for decryption tools.","A critical ransomware outbreak hit a government tax agency. Operators weaponized vulnerability CVE-2023-34362 in perimeter firewalls to establish persistent C2 access. File systems were encrypted and volume shadow copies destroyed. The extortion group demanded $1,244K for decryption tools.",ransomware_extortion,Ransomware Extortion
eurepoc_201480,eurepoc,2024-04-10,Technical Cyber Threat Incident,"A persistent flood of HTTP/2 Rapid Reset requests disrupted the border gateway and online authentication servers of a national railway operator, causing complete denial of service for 59 hours.","A persistent flood of HTTP/2 Rapid Reset requests disrupted the border gateway and online authentication servers of a national railway operator, causing complete denial of service for 59 hours.",denial_of_service_disruption,Denial Of Service Disruption
eurepoc_201481,eurepoc,2024-04-10,Technical Cyber Threat Incident,A spear-phishing campaign attributed to LockBit 3.0 targeted executives at a aerospace defense contractor. Weaponized PDF documents referencing fake regulatory audits delivered an infostealer payload harvesting domain credentials.,A spear-phishing campaign attributed to LockBit 3.0 targeted executives at a aerospace defense contractor. Weaponized PDF documents referencing fake regulatory audits delivered an infostealer payload harvesting domain credentials.,phishing_social_engineering,Phishing Social Engineering
eurepoc_201482,eurepoc,2024-04-10,Technical Cyber Threat Incident,"A sophisticated double-extortion ransomware campaign orchestrated by Akira compromised the internal network of a telecommunications provider via compromised credentials. The actors exfiltrated 710GB of proprietary databases before deploying ransomware binaries. A ransom demand of $4,929K in Bitcoin was posted, threatening public leak on darknet forums.","A sophisticated double-extortion ransomware campaign orchestrated by Akira compromised the internal network of a telecommunications provider via compromised credentials. The actors exfiltrated 710GB of proprietary databases before deploying ransomware binaries. A ransom demand of $4,929K in Bitcoin was posted, threatening public leak on darknet forums.",ransomware_extortion,Ransomware Extortion
eurepoc_201483,eurepoc,2024-04-10,Technical Cyber Threat Incident,"An unauthenticated cloud storage bucket maintained by a municipal water authority was compromised by unauthorized third parties. Attackers accessed 60,000 confidential records and backend system credentials.","An unauthenticated cloud storage bucket maintained by a municipal water authority was compromised by unauthorized third parties. Attackers accessed 60,000 confidential records and backend system credentials.",unauthorized_access_hacking,Unauthorized Access Hacking
eurepoc_201484,eurepoc,2024-04-10,Technical Cyber Threat Incident,"A critical ransomware outbreak hit a telecommunications provider. Operators weaponized vulnerability CVE-2023-20198 in perimeter firewalls to establish persistent C2 access. File systems were encrypted and volume shadow copies destroyed. The extortion group demanded $2,423K for decryption tools.","A critical ransomware outbreak hit a telecommunications provider. Operators weaponized vulnerability CVE-2023-20198 in perimeter firewalls to establish persistent C2 access. File systems were encrypted and volume shadow copies destroyed. The extortion group demanded $2,423K for decryption tools.",ransomware_extortion,Ransomware Extortion
eurepoc_201485,eurepoc,2024-04-10,Technical Cyber Threat Incident,A spear-phishing campaign attributed to LockBit 3.0 targeted executives at a power grid distributor. Weaponized PDF documents referencing fake regulatory audits delivered an infostealer payload harvesting domain credentials.,A spear-phishing campaign attributed to LockBit 3.0 targeted executives at a power grid distributor. Weaponized PDF documents referencing fake regulatory audits delivered an infostealer payload harvesting domain credentials.,phishing_social_engineering,Phishing Social Engineering
eurepoc_201486,eurepoc,2024-04-10,Technical Cyber Threat Incident,"A persistent flood of HTTP/2 Rapid Reset requests disrupted the border gateway and online authentication servers of a national railway operator, causing complete denial of service for 69 hours.","A persistent flood of HTTP/2 Rapid Reset requests disrupted the border gateway and online authentication servers of a national railway operator, causing complete denial of service for 69 hours.",denial_of_service_disruption,Denial Of Service Disruption
eurepoc_201487,eurepoc,2024-04-10,Technical Cyber Threat Incident,"An unauthenticated cloud storage bucket maintained by a government tax agency was compromised by unauthorized third parties. Attackers accessed 602,000 confidential records and backend system credentials.","An unauthenticated cloud storage bucket maintained by a government tax agency was compromised by unauthorized third parties. Attackers accessed 602,000 confidential records and backend system credentials.",unauthorized_access_hacking,Unauthorized Access Hacking
eurepoc_201488,eurepoc,2024-04-10,Technical Cyber Threat Incident,"Threat group Volt Typhoon launched an extortion attack against a pharmaceutical research lab. All virtual hypervisors and backup domains were encrypted. Negotiations demanded $3,110K within 48 hours to halt the auction of exfiltrated administrative files.","Threat group Volt Typhoon launched an extortion attack against a pharmaceutical research lab. All virtual hypervisors and backup domains were encrypted. Negotiations demanded $3,110K within 48 hours to halt the auction of exfiltrated administrative files.",ransomware_extortion,Ransomware Extortion
eurepoc_201489,eurepoc,2024-04-10,Technical Cyber Threat Incident,"A critical ransomware outbreak hit a commercial banking network. Operators weaponized vulnerability CVE-2023-2868 in perimeter firewalls to establish persistent C2 access. File systems were encrypted and volume shadow copies destroyed. The extortion group demanded $4,344K for decryption tools.","A critical ransomware outbreak hit a commercial banking network. Operators weaponized vulnerability CVE-2023-2868 in perimeter firewalls to establish persistent C2 access. File systems were encrypted and volume shadow copies destroyed. The extortion group demanded $4,344K for decryption tools.",ransomware_extortion,Ransomware Extortion
eurepoc_201490,eurepoc,2024-04-10,Technical Cyber Threat Incident,"Threat group Volt Typhoon launched an extortion attack against a power grid distributor. All virtual hypervisors and backup domains were encrypted. Negotiations demanded $2,245K within 48 hours to halt the auction of exfiltrated administrative files.","Threat group Volt Typhoon launched an extortion attack against a power grid distributor. All virtual hypervisors and backup domains were encrypted. Negotiations demanded $2,245K within 48 hours to halt the auction of exfiltrated administrative files.",ransomware_extortion,Ransomware Extortion
eurepoc_201491,eurepoc,2024-04-10,Technical Cyber Threat Incident,A spear-phishing campaign attributed to BlackCat (ALPHV) targeted executives at a municipal water authority. Weaponized PDF documents referencing fake regulatory audits delivered an infostealer payload harvesting domain credentials.,A spear-phishing campaign attributed to BlackCat (ALPHV) targeted executives at a municipal water authority. Weaponized PDF documents referencing fake regulatory audits delivered an infostealer payload harvesting domain credentials.,phishing_social_engineering,Phishing Social Engineering
eurepoc_201492,eurepoc,2024-04-10,Technical Cyber Threat Incident,"Adversaries gained unauthorized system access to a commercial banking network by exploiting CVE-2023-2868. The intrusion compromised 250,000 user credentials, establishing persistent reverse shells across the internal DMZ.","Adversaries gained unauthorized system access to a commercial banking network by exploiting CVE-2023-2868. The intrusion compromised 250,000 user credentials, establishing persistent reverse shells across the internal DMZ.",unauthorized_access_hacking,Unauthorized Access Hacking
eurepoc_201493,eurepoc,2024-04-10,Technical Cyber Threat Incident,"Threat group BlackCat (ALPHV) launched an extortion attack against a regional healthcare facility. All virtual hypervisors and backup domains were encrypted. Negotiations demanded $7,331K within 48 hours to halt the auction of exfiltrated administrative files.","Threat group BlackCat (ALPHV) launched an extortion attack against a regional healthcare facility. All virtual hypervisors and backup domains were encrypted. Negotiations demanded $7,331K within 48 hours to halt the auction of exfiltrated administrative files.",ransomware_extortion,Ransomware Extortion
eurepoc_201494,eurepoc,2024-04-10,Technical Cyber Threat Incident,"An unauthenticated cloud storage bucket maintained by a public port logistics hub was compromised by unauthorized third parties. Attackers accessed 164,000 confidential records and backend system credentials.","An unauthenticated cloud storage bucket maintained by a public port logistics hub was compromised by unauthorized third parties. Attackers accessed 164,000 confidential records and backend system credentials.",unauthorized_access_hacking,Unauthorized Access Hacking
eurepoc_201495,eurepoc,2024-04-10,Technical Cyber Threat Incident,"Threat group Volt Typhoon launched an extortion attack against a power grid distributor. All virtual hypervisors and backup domains were encrypted. Negotiations demanded $3,788K within 48 hours to halt the auction of exfiltrated administrative files.","Threat group Volt Typhoon launched an extortion attack against a power grid distributor. All virtual hypervisors and backup domains were encrypted. Negotiations demanded $3,788K within 48 hours to halt the auction of exfiltrated administrative files.",ransomware_extortion,Ransomware Extortion
eurepoc_201496,eurepoc,2024-04-10,Technical Cyber Threat Incident,"State-aligned threat group Akira breached a municipal water authority using stolen session tokens. Lateral movement was detected across multiple subnets, resulting in unauthorized exfiltration of sensitive telemetry.","State-aligned threat group Akira breached a municipal water authority using stolen session tokens. Lateral movement was detected across multiple subnets, resulting in unauthorized exfiltration of sensitive telemetry.",unauthorized_access_hacking,Unauthorized Access Hacking
eurepoc_201497,eurepoc,2024-04-10,Technical Cyber Threat Incident,"A critical ransomware outbreak hit a national railway operator. Operators weaponized vulnerability CVE-2024-1709 in perimeter firewalls to establish persistent C2 access. File systems were encrypted and volume shadow copies destroyed. The extortion group demanded $1,239K for decryption tools.","A critical ransomware outbreak hit a national railway operator. Operators weaponized vulnerability CVE-2024-1709 in perimeter firewalls to establish persistent C2 access. File systems were encrypted and volume shadow copies destroyed. The extortion group demanded $1,239K for decryption tools.",ransomware_extortion,Ransomware Extortion
eurepoc_201498,eurepoc,2024-04-10,Technical Cyber Threat Incident,"Threat group Volt Typhoon launched an extortion attack against a power grid distributor. All virtual hypervisors and backup domains were encrypted. Negotiations demanded $2,639K within 48 hours to halt the auction of exfiltrated administrative files.","Threat group Volt Typhoon launched an extortion attack against a power grid distributor. All virtual hypervisors and backup domains were encrypted. Negotiations demanded $2,639K within 48 hours to halt the auction of exfiltrated administrative files.",ransomware_extortion,Ransomware Extortion
eurepoc_201499,eurepoc,2024-04-10,Technical Cyber Threat Incident,"Adversaries gained unauthorized system access to a national railway operator by exploiting CVE-2023-2868. The intrusion compromised 554,000 user credentials, establishing persistent reverse shells across the internal DMZ.","Adversaries gained unauthorized system access to a national railway operator by exploiting CVE-2023-2868. The intrusion compromised 554,000 user credentials, establishing persistent reverse shells across the internal DMZ.",unauthorized_access_hacking,Unauthorized Access Hacking
