police_report_number,jurisdiction,incident_summary,reported_offense,loss_amount_usd
PR-STA-2024-1000,Star City Cyber Crime Unit,"[Star City Police Bureau] Local dental clinic reported an attack that encrypted all patient history files, demanding 2 Bitcoin in payment. Contact officer email: fraud.unit@star citypolice.gov.",Ransomware Hostage,77124
PR-GOT-2024-1001,Gotham Cyber Crime Unit,"[Gotham Police Bureau] Local dental clinic reported an attack that encrypted all patient history files, demanding 2 Bitcoin in payment. Contact officer email: fraud.unit@gothampolice.gov.",Ransomware Hostage,9984
PR-STA-2024-1002,Star City Cyber Crime Unit,"[Star City Police Bureau] Victim lost $35,000 after being directed by an acquaintance to transfer Ethereum into a fake decentralized wallet app. Contact officer email: fraud.unit@star citypolice.gov.",Online Crypto Investment Scam,29369
PR-MET-2024-1003,Metropolis Cyber Crime Unit,[Metropolis Police Bureau] Victim reported that their Instagram and email accounts were hijacked via SIM swapping and used to solicit money from friends. Contact officer email: fraud.unit@metropolispolice.gov.,Social Media Account Hijack,84231
PR-GOT-2024-1004,Gotham Cyber Crime Unit,"[Gotham Police Bureau] Local dental clinic reported an attack that encrypted all patient history files, demanding 2 Bitcoin in payment. Contact officer email: fraud.unit@gothampolice.gov.",Ransomware Hostage,77395
PR-STA-2024-1005,Star City Cyber Crime Unit,"[Star City Police Bureau] Financial controller received a spoofed email from the CEO demanding an urgent wire payment of $54,000 to an offshore vendor. Contact officer email: fraud.unit@star citypolice.gov.",Corporate Email Compromise,56588
PR-STA-2024-1006,Star City Cyber Crime Unit,[Star City Police Bureau] District online learning management system was subjected to an amplification DDoS attack during final examinations. Contact officer email: fraud.unit@star citypolice.gov.,DDoS Attack on School Portal,22553
PR-CEN-2024-1007,Central City Cyber Crime Unit,"[Central City Police Bureau] Financial controller received a spoofed email from the CEO demanding an urgent wire payment of $54,000 to an offshore vendor. Contact officer email: fraud.unit@central citypolice.gov.",Corporate Email Compromise,86452
PR-STA-2024-1008,Star City Cyber Crime Unit,"[Star City Police Bureau] Victim lost $35,000 after being directed by an acquaintance to transfer Ethereum into a fake decentralized wallet app. Contact officer email: fraud.unit@star citypolice.gov.",Online Crypto Investment Scam,14602
PR-STA-2024-1009,Star City Cyber Crime Unit,"[Star City Police Bureau] Complainant discovered that their national ID was used to secure an online personal loan of $12,000 without their knowledge. Contact officer email: fraud.unit@star citypolice.gov.",Identity Theft / Bank Loan,69264
PR-RIV-2024-1010,Riverdale Cyber Crime Unit,"[Riverdale Police Bureau] Complainant discovered that their national ID was used to secure an online personal loan of $12,000 without their knowledge. Contact officer email: fraud.unit@riverdalepolice.gov.",Identity Theft / Bank Loan,38594
PR-GOT-2024-1011,Gotham Cyber Crime Unit,[Gotham Police Bureau] District online learning management system was subjected to an amplification DDoS attack during final examinations. Contact officer email: fraud.unit@gothampolice.gov.,DDoS Attack on School Portal,20980
PR-MET-2024-1012,Metropolis Cyber Crime Unit,"[Metropolis Police Bureau] Local dental clinic reported an attack that encrypted all patient history files, demanding 2 Bitcoin in payment. Contact officer email: fraud.unit@metropolispolice.gov.",Ransomware Hostage,53322
PR-CEN-2024-1013,Central City Cyber Crime Unit,[Central City Police Bureau] District online learning management system was subjected to an amplification DDoS attack during final examinations. Contact officer email: fraud.unit@central citypolice.gov.,DDoS Attack on School Portal,19951
PR-GOT-2024-1014,Gotham Cyber Crime Unit,"[Gotham Police Bureau] Victim lost $35,000 after being directed by an acquaintance to transfer Ethereum into a fake decentralized wallet app. Contact officer email: fraud.unit@gothampolice.gov.",Online Crypto Investment Scam,77046
PR-RIV-2024-1015,Riverdale Cyber Crime Unit,[Riverdale Police Bureau] Victim reported that their Instagram and email accounts were hijacked via SIM swapping and used to solicit money from friends. Contact officer email: fraud.unit@riverdalepolice.gov.,Social Media Account Hijack,91164
PR-MET-2024-1016,Metropolis Cyber Crime Unit,[Metropolis Police Bureau] Victim reported that their Instagram and email accounts were hijacked via SIM swapping and used to solicit money from friends. Contact officer email: fraud.unit@metropolispolice.gov.,Social Media Account Hijack,78422
PR-GOT-2024-1017,Gotham Cyber Crime Unit,[Gotham Police Bureau] Victim reported that their Instagram and email accounts were hijacked via SIM swapping and used to solicit money from friends. Contact officer email: fraud.unit@gothampolice.gov.,Social Media Account Hijack,18377
PR-MET-2024-1018,Metropolis Cyber Crime Unit,[Metropolis Police Bureau] District online learning management system was subjected to an amplification DDoS attack during final examinations. Contact officer email: fraud.unit@metropolispolice.gov.,DDoS Attack on School Portal,14626
PR-MET-2024-1019,Metropolis Cyber Crime Unit,"[Metropolis Police Bureau] Local dental clinic reported an attack that encrypted all patient history files, demanding 2 Bitcoin in payment. Contact officer email: fraud.unit@metropolispolice.gov.",Ransomware Hostage,67829
PR-CEN-2024-1020,Central City Cyber Crime Unit,[Central City Police Bureau] Victim reported that their Instagram and email accounts were hijacked via SIM swapping and used to solicit money from friends. Contact officer email: fraud.unit@central citypolice.gov.,Social Media Account Hijack,76244
PR-MET-2024-1021,Metropolis Cyber Crime Unit,"[Metropolis Police Bureau] Local dental clinic reported an attack that encrypted all patient history files, demanding 2 Bitcoin in payment. Contact officer email: fraud.unit@metropolispolice.gov.",Ransomware Hostage,67641
PR-MET-2024-1022,Metropolis Cyber Crime Unit,"[Metropolis Police Bureau] Financial controller received a spoofed email from the CEO demanding an urgent wire payment of $54,000 to an offshore vendor. Contact officer email: fraud.unit@metropolispolice.gov.",Corporate Email Compromise,22205
PR-CEN-2024-1023,Central City Cyber Crime Unit,"[Central City Police Bureau] Financial controller received a spoofed email from the CEO demanding an urgent wire payment of $54,000 to an offshore vendor. Contact officer email: fraud.unit@central citypolice.gov.",Corporate Email Compromise,3569
PR-GOT-2024-1024,Gotham Cyber Crime Unit,"[Gotham Police Bureau] Complainant discovered that their national ID was used to secure an online personal loan of $12,000 without their knowledge. Contact officer email: fraud.unit@gothampolice.gov.",Identity Theft / Bank Loan,34838
PR-RIV-2024-1025,Riverdale Cyber Crime Unit,"[Riverdale Police Bureau] Complainant discovered that their national ID was used to secure an online personal loan of $12,000 without their knowledge. Contact officer email: fraud.unit@riverdalepolice.gov.",Identity Theft / Bank Loan,18502
PR-CEN-2024-1026,Central City Cyber Crime Unit,[Central City Police Bureau] District online learning management system was subjected to an amplification DDoS attack during final examinations. Contact officer email: fraud.unit@central citypolice.gov.,DDoS Attack on School Portal,64177
PR-STA-2024-1027,Star City Cyber Crime Unit,"[Star City Police Bureau] Complainant discovered that their national ID was used to secure an online personal loan of $12,000 without their knowledge. Contact officer email: fraud.unit@star citypolice.gov.",Identity Theft / Bank Loan,3674
PR-MET-2024-1028,Metropolis Cyber Crime Unit,[Metropolis Police Bureau] District online learning management system was subjected to an amplification DDoS attack during final examinations. Contact officer email: fraud.unit@metropolispolice.gov.,DDoS Attack on School Portal,41217
PR-CEN-2024-1029,Central City Cyber Crime Unit,"[Central City Police Bureau] Financial controller received a spoofed email from the CEO demanding an urgent wire payment of $54,000 to an offshore vendor. Contact officer email: fraud.unit@central citypolice.gov.",Corporate Email Compromise,13130
PR-MET-2024-1030,Metropolis Cyber Crime Unit,[Metropolis Police Bureau] Victim reported that their Instagram and email accounts were hijacked via SIM swapping and used to solicit money from friends. Contact officer email: fraud.unit@metropolispolice.gov.,Social Media Account Hijack,79511
PR-GOT-2024-1031,Gotham Cyber Crime Unit,"[Gotham Police Bureau] Local dental clinic reported an attack that encrypted all patient history files, demanding 2 Bitcoin in payment. Contact officer email: fraud.unit@gothampolice.gov.",Ransomware Hostage,51424
PR-RIV-2024-1032,Riverdale Cyber Crime Unit,"[Riverdale Police Bureau] Financial controller received a spoofed email from the CEO demanding an urgent wire payment of $54,000 to an offshore vendor. Contact officer email: fraud.unit@riverdalepolice.gov.",Corporate Email Compromise,87594
PR-MET-2024-1033,Metropolis Cyber Crime Unit,"[Metropolis Police Bureau] Complainant discovered that their national ID was used to secure an online personal loan of $12,000 without their knowledge. Contact officer email: fraud.unit@metropolispolice.gov.",Identity Theft / Bank Loan,34269
PR-STA-2024-1034,Star City Cyber Crime Unit,[Star City Police Bureau] Victim reported that their Instagram and email accounts were hijacked via SIM swapping and used to solicit money from friends. Contact officer email: fraud.unit@star citypolice.gov.,Social Media Account Hijack,39955
PR-MET-2024-1035,Metropolis Cyber Crime Unit,"[Metropolis Police Bureau] Victim lost $35,000 after being directed by an acquaintance to transfer Ethereum into a fake decentralized wallet app. Contact officer email: fraud.unit@metropolispolice.gov.",Online Crypto Investment Scam,7897
PR-MET-2024-1036,Metropolis Cyber Crime Unit,"[Metropolis Police Bureau] Financial controller received a spoofed email from the CEO demanding an urgent wire payment of $54,000 to an offshore vendor. Contact officer email: fraud.unit@metropolispolice.gov.",Corporate Email Compromise,88487
PR-MET-2024-1037,Metropolis Cyber Crime Unit,"[Metropolis Police Bureau] Complainant discovered that their national ID was used to secure an online personal loan of $12,000 without their knowledge. Contact officer email: fraud.unit@metropolispolice.gov.",Identity Theft / Bank Loan,38597
PR-MET-2024-1038,Metropolis Cyber Crime Unit,[Metropolis Police Bureau] Victim reported that their Instagram and email accounts were hijacked via SIM swapping and used to solicit money from friends. Contact officer email: fraud.unit@metropolispolice.gov.,Social Media Account Hijack,65116
PR-CEN-2024-1039,Central City Cyber Crime Unit,[Central City Police Bureau] Victim reported that their Instagram and email accounts were hijacked via SIM swapping and used to solicit money from friends. Contact officer email: fraud.unit@central citypolice.gov.,Social Media Account Hijack,9197
PR-STA-2024-1040,Star City Cyber Crime Unit,[Star City Police Bureau] Victim reported that their Instagram and email accounts were hijacked via SIM swapping and used to solicit money from friends. Contact officer email: fraud.unit@star citypolice.gov.,Social Media Account Hijack,26329
PR-GOT-2024-1041,Gotham Cyber Crime Unit,"[Gotham Police Bureau] Financial controller received a spoofed email from the CEO demanding an urgent wire payment of $54,000 to an offshore vendor. Contact officer email: fraud.unit@gothampolice.gov.",Corporate Email Compromise,82840
PR-MET-2024-1042,Metropolis Cyber Crime Unit,"[Metropolis Police Bureau] Financial controller received a spoofed email from the CEO demanding an urgent wire payment of $54,000 to an offshore vendor. Contact officer email: fraud.unit@metropolispolice.gov.",Corporate Email Compromise,27790
PR-CEN-2024-1043,Central City Cyber Crime Unit,[Central City Police Bureau] District online learning management system was subjected to an amplification DDoS attack during final examinations. Contact officer email: fraud.unit@central citypolice.gov.,DDoS Attack on School Portal,79212
PR-GOT-2024-1044,Gotham Cyber Crime Unit,[Gotham Police Bureau] District online learning management system was subjected to an amplification DDoS attack during final examinations. Contact officer email: fraud.unit@gothampolice.gov.,DDoS Attack on School Portal,20971
PR-MET-2024-1045,Metropolis Cyber Crime Unit,"[Metropolis Police Bureau] Local dental clinic reported an attack that encrypted all patient history files, demanding 2 Bitcoin in payment. Contact officer email: fraud.unit@metropolispolice.gov.",Ransomware Hostage,21342
PR-GOT-2024-1046,Gotham Cyber Crime Unit,"[Gotham Police Bureau] Victim lost $35,000 after being directed by an acquaintance to transfer Ethereum into a fake decentralized wallet app. Contact officer email: fraud.unit@gothampolice.gov.",Online Crypto Investment Scam,70775
PR-STA-2024-1047,Star City Cyber Crime Unit,"[Star City Police Bureau] Local dental clinic reported an attack that encrypted all patient history files, demanding 2 Bitcoin in payment. Contact officer email: fraud.unit@star citypolice.gov.",Ransomware Hostage,62774
PR-MET-2024-1048,Metropolis Cyber Crime Unit,[Metropolis Police Bureau] Victim reported that their Instagram and email accounts were hijacked via SIM swapping and used to solicit money from friends. Contact officer email: fraud.unit@metropolispolice.gov.,Social Media Account Hijack,43088
PR-RIV-2024-1049,Riverdale Cyber Crime Unit,"[Riverdale Police Bureau] Local dental clinic reported an attack that encrypted all patient history files, demanding 2 Bitcoin in payment. Contact officer email: fraud.unit@riverdalepolice.gov.",Ransomware Hostage,22946
PR-RIV-2024-1050,Riverdale Cyber Crime Unit,"[Riverdale Police Bureau] Local dental clinic reported an attack that encrypted all patient history files, demanding 2 Bitcoin in payment. Contact officer email: fraud.unit@riverdalepolice.gov.",Ransomware Hostage,58371
PR-MET-2024-1051,Metropolis Cyber Crime Unit,"[Metropolis Police Bureau] Victim lost $35,000 after being directed by an acquaintance to transfer Ethereum into a fake decentralized wallet app. Contact officer email: fraud.unit@metropolispolice.gov.",Online Crypto Investment Scam,50100
PR-MET-2024-1052,Metropolis Cyber Crime Unit,"[Metropolis Police Bureau] Local dental clinic reported an attack that encrypted all patient history files, demanding 2 Bitcoin in payment. Contact officer email: fraud.unit@metropolispolice.gov.",Ransomware Hostage,90055
PR-STA-2024-1053,Star City Cyber Crime Unit,"[Star City Police Bureau] Local dental clinic reported an attack that encrypted all patient history files, demanding 2 Bitcoin in payment. Contact officer email: fraud.unit@star citypolice.gov.",Ransomware Hostage,28877
PR-RIV-2024-1054,Riverdale Cyber Crime Unit,[Riverdale Police Bureau] District online learning management system was subjected to an amplification DDoS attack during final examinations. Contact officer email: fraud.unit@riverdalepolice.gov.,DDoS Attack on School Portal,68846
PR-GOT-2024-1055,Gotham Cyber Crime Unit,[Gotham Police Bureau] District online learning management system was subjected to an amplification DDoS attack during final examinations. Contact officer email: fraud.unit@gothampolice.gov.,DDoS Attack on School Portal,27697
PR-RIV-2024-1056,Riverdale Cyber Crime Unit,"[Riverdale Police Bureau] Financial controller received a spoofed email from the CEO demanding an urgent wire payment of $54,000 to an offshore vendor. Contact officer email: fraud.unit@riverdalepolice.gov.",Corporate Email Compromise,60507
PR-GOT-2024-1057,Gotham Cyber Crime Unit,"[Gotham Police Bureau] Financial controller received a spoofed email from the CEO demanding an urgent wire payment of $54,000 to an offshore vendor. Contact officer email: fraud.unit@gothampolice.gov.",Corporate Email Compromise,2608
PR-RIV-2024-1058,Riverdale Cyber Crime Unit,"[Riverdale Police Bureau] Financial controller received a spoofed email from the CEO demanding an urgent wire payment of $54,000 to an offshore vendor. Contact officer email: fraud.unit@riverdalepolice.gov.",Corporate Email Compromise,72857
PR-MET-2024-1059,Metropolis Cyber Crime Unit,[Metropolis Police Bureau] District online learning management system was subjected to an amplification DDoS attack during final examinations. Contact officer email: fraud.unit@metropolispolice.gov.,DDoS Attack on School Portal,62601
PR-GOT-2024-1060,Gotham Cyber Crime Unit,"[Gotham Police Bureau] Local dental clinic reported an attack that encrypted all patient history files, demanding 2 Bitcoin in payment. Contact officer email: fraud.unit@gothampolice.gov.",Ransomware Hostage,34395
PR-STA-2024-1061,Star City Cyber Crime Unit,[Star City Police Bureau] District online learning management system was subjected to an amplification DDoS attack during final examinations. Contact officer email: fraud.unit@star citypolice.gov.,DDoS Attack on School Portal,63197
PR-STA-2024-1062,Star City Cyber Crime Unit,[Star City Police Bureau] Victim reported that their Instagram and email accounts were hijacked via SIM swapping and used to solicit money from friends. Contact officer email: fraud.unit@star citypolice.gov.,Social Media Account Hijack,82119
PR-RIV-2024-1063,Riverdale Cyber Crime Unit,"[Riverdale Police Bureau] Victim lost $35,000 after being directed by an acquaintance to transfer Ethereum into a fake decentralized wallet app. Contact officer email: fraud.unit@riverdalepolice.gov.",Online Crypto Investment Scam,95110
PR-GOT-2024-1064,Gotham Cyber Crime Unit,"[Gotham Police Bureau] Financial controller received a spoofed email from the CEO demanding an urgent wire payment of $54,000 to an offshore vendor. Contact officer email: fraud.unit@gothampolice.gov.",Corporate Email Compromise,96534
PR-STA-2024-1065,Star City Cyber Crime Unit,"[Star City Police Bureau] Complainant discovered that their national ID was used to secure an online personal loan of $12,000 without their knowledge. Contact officer email: fraud.unit@star citypolice.gov.",Identity Theft / Bank Loan,73465
PR-CEN-2024-1066,Central City Cyber Crime Unit,"[Central City Police Bureau] Victim lost $35,000 after being directed by an acquaintance to transfer Ethereum into a fake decentralized wallet app. Contact officer email: fraud.unit@central citypolice.gov.",Online Crypto Investment Scam,30213
PR-STA-2024-1067,Star City Cyber Crime Unit,[Star City Police Bureau] District online learning management system was subjected to an amplification DDoS attack during final examinations. Contact officer email: fraud.unit@star citypolice.gov.,DDoS Attack on School Portal,90386
PR-GOT-2024-1068,Gotham Cyber Crime Unit,[Gotham Police Bureau] District online learning management system was subjected to an amplification DDoS attack during final examinations. Contact officer email: fraud.unit@gothampolice.gov.,DDoS Attack on School Portal,22642
PR-MET-2024-1069,Metropolis Cyber Crime Unit,"[Metropolis Police Bureau] Local dental clinic reported an attack that encrypted all patient history files, demanding 2 Bitcoin in payment. Contact officer email: fraud.unit@metropolispolice.gov.",Ransomware Hostage,50353
PR-GOT-2024-1070,Gotham Cyber Crime Unit,[Gotham Police Bureau] District online learning management system was subjected to an amplification DDoS attack during final examinations. Contact officer email: fraud.unit@gothampolice.gov.,DDoS Attack on School Portal,35421
PR-STA-2024-1071,Star City Cyber Crime Unit,"[Star City Police Bureau] Financial controller received a spoofed email from the CEO demanding an urgent wire payment of $54,000 to an offshore vendor. Contact officer email: fraud.unit@star citypolice.gov.",Corporate Email Compromise,9804
PR-STA-2024-1072,Star City Cyber Crime Unit,"[Star City Police Bureau] Victim lost $35,000 after being directed by an acquaintance to transfer Ethereum into a fake decentralized wallet app. Contact officer email: fraud.unit@star citypolice.gov.",Online Crypto Investment Scam,63647
PR-STA-2024-1073,Star City Cyber Crime Unit,"[Star City Police Bureau] Victim lost $35,000 after being directed by an acquaintance to transfer Ethereum into a fake decentralized wallet app. Contact officer email: fraud.unit@star citypolice.gov.",Online Crypto Investment Scam,37716
PR-CEN-2024-1074,Central City Cyber Crime Unit,"[Central City Police Bureau] Victim lost $35,000 after being directed by an acquaintance to transfer Ethereum into a fake decentralized wallet app. Contact officer email: fraud.unit@central citypolice.gov.",Online Crypto Investment Scam,82733
PR-STA-2024-1075,Star City Cyber Crime Unit,"[Star City Police Bureau] Complainant discovered that their national ID was used to secure an online personal loan of $12,000 without their knowledge. Contact officer email: fraud.unit@star citypolice.gov.",Identity Theft / Bank Loan,41794
PR-GOT-2024-1076,Gotham Cyber Crime Unit,"[Gotham Police Bureau] Victim lost $35,000 after being directed by an acquaintance to transfer Ethereum into a fake decentralized wallet app. Contact officer email: fraud.unit@gothampolice.gov.",Online Crypto Investment Scam,41483
PR-RIV-2024-1077,Riverdale Cyber Crime Unit,"[Riverdale Police Bureau] Victim lost $35,000 after being directed by an acquaintance to transfer Ethereum into a fake decentralized wallet app. Contact officer email: fraud.unit@riverdalepolice.gov.",Online Crypto Investment Scam,8094
PR-STA-2024-1078,Star City Cyber Crime Unit,"[Star City Police Bureau] Victim lost $35,000 after being directed by an acquaintance to transfer Ethereum into a fake decentralized wallet app. Contact officer email: fraud.unit@star citypolice.gov.",Online Crypto Investment Scam,87209
PR-GOT-2024-1079,Gotham Cyber Crime Unit,"[Gotham Police Bureau] Local dental clinic reported an attack that encrypted all patient history files, demanding 2 Bitcoin in payment. Contact officer email: fraud.unit@gothampolice.gov.",Ransomware Hostage,73437
PR-GOT-2024-1080,Gotham Cyber Crime Unit,"[Gotham Police Bureau] Victim lost $35,000 after being directed by an acquaintance to transfer Ethereum into a fake decentralized wallet app. Contact officer email: fraud.unit@gothampolice.gov.",Online Crypto Investment Scam,85152
PR-GOT-2024-1081,Gotham Cyber Crime Unit,[Gotham Police Bureau] Victim reported that their Instagram and email accounts were hijacked via SIM swapping and used to solicit money from friends. Contact officer email: fraud.unit@gothampolice.gov.,Social Media Account Hijack,28862
PR-CEN-2024-1082,Central City Cyber Crime Unit,"[Central City Police Bureau] Complainant discovered that their national ID was used to secure an online personal loan of $12,000 without their knowledge. Contact officer email: fraud.unit@central citypolice.gov.",Identity Theft / Bank Loan,16347
PR-CEN-2024-1083,Central City Cyber Crime Unit,[Central City Police Bureau] District online learning management system was subjected to an amplification DDoS attack during final examinations. Contact officer email: fraud.unit@central citypolice.gov.,DDoS Attack on School Portal,42302
PR-CEN-2024-1084,Central City Cyber Crime Unit,"[Central City Police Bureau] Local dental clinic reported an attack that encrypted all patient history files, demanding 2 Bitcoin in payment. Contact officer email: fraud.unit@central citypolice.gov.",Ransomware Hostage,62927
PR-CEN-2024-1085,Central City Cyber Crime Unit,[Central City Police Bureau] Victim reported that their Instagram and email accounts were hijacked via SIM swapping and used to solicit money from friends. Contact officer email: fraud.unit@central citypolice.gov.,Social Media Account Hijack,77301
PR-GOT-2024-1086,Gotham Cyber Crime Unit,"[Gotham Police Bureau] Local dental clinic reported an attack that encrypted all patient history files, demanding 2 Bitcoin in payment. Contact officer email: fraud.unit@gothampolice.gov.",Ransomware Hostage,64261
PR-STA-2024-1087,Star City Cyber Crime Unit,"[Star City Police Bureau] Complainant discovered that their national ID was used to secure an online personal loan of $12,000 without their knowledge. Contact officer email: fraud.unit@star citypolice.gov.",Identity Theft / Bank Loan,24000
PR-MET-2024-1088,Metropolis Cyber Crime Unit,"[Metropolis Police Bureau] Local dental clinic reported an attack that encrypted all patient history files, demanding 2 Bitcoin in payment. Contact officer email: fraud.unit@metropolispolice.gov.",Ransomware Hostage,73599
PR-CEN-2024-1089,Central City Cyber Crime Unit,"[Central City Police Bureau] Complainant discovered that their national ID was used to secure an online personal loan of $12,000 without their knowledge. Contact officer email: fraud.unit@central citypolice.gov.",Identity Theft / Bank Loan,3320
PR-STA-2024-1090,Star City Cyber Crime Unit,"[Star City Police Bureau] Complainant discovered that their national ID was used to secure an online personal loan of $12,000 without their knowledge. Contact officer email: fraud.unit@star citypolice.gov.",Identity Theft / Bank Loan,64028
PR-MET-2024-1091,Metropolis Cyber Crime Unit,[Metropolis Police Bureau] District online learning management system was subjected to an amplification DDoS attack during final examinations. Contact officer email: fraud.unit@metropolispolice.gov.,DDoS Attack on School Portal,12412
PR-GOT-2024-1092,Gotham Cyber Crime Unit,[Gotham Police Bureau] District online learning management system was subjected to an amplification DDoS attack during final examinations. Contact officer email: fraud.unit@gothampolice.gov.,DDoS Attack on School Portal,28134
PR-RIV-2024-1093,Riverdale Cyber Crime Unit,[Riverdale Police Bureau] Victim reported that their Instagram and email accounts were hijacked via SIM swapping and used to solicit money from friends. Contact officer email: fraud.unit@riverdalepolice.gov.,Social Media Account Hijack,33172
PR-MET-2024-1094,Metropolis Cyber Crime Unit,"[Metropolis Police Bureau] Complainant discovered that their national ID was used to secure an online personal loan of $12,000 without their knowledge. Contact officer email: fraud.unit@metropolispolice.gov.",Identity Theft / Bank Loan,45235
PR-MET-2024-1095,Metropolis Cyber Crime Unit,"[Metropolis Police Bureau] Financial controller received a spoofed email from the CEO demanding an urgent wire payment of $54,000 to an offshore vendor. Contact officer email: fraud.unit@metropolispolice.gov.",Corporate Email Compromise,18371
PR-GOT-2024-1096,Gotham Cyber Crime Unit,"[Gotham Police Bureau] Complainant discovered that their national ID was used to secure an online personal loan of $12,000 without their knowledge. Contact officer email: fraud.unit@gothampolice.gov.",Identity Theft / Bank Loan,35413
PR-MET-2024-1097,Metropolis Cyber Crime Unit,"[Metropolis Police Bureau] Financial controller received a spoofed email from the CEO demanding an urgent wire payment of $54,000 to an offshore vendor. Contact officer email: fraud.unit@metropolispolice.gov.",Corporate Email Compromise,75854
PR-GOT-2024-1098,Gotham Cyber Crime Unit,"[Gotham Police Bureau] Local dental clinic reported an attack that encrypted all patient history files, demanding 2 Bitcoin in payment. Contact officer email: fraud.unit@gothampolice.gov.",Ransomware Hostage,7534
PR-STA-2024-1099,Star City Cyber Crime Unit,"[Star City Police Bureau] Victim lost $35,000 after being directed by an acquaintance to transfer Ethereum into a fake decentralized wallet app. Contact officer email: fraud.unit@star citypolice.gov.",Online Crypto Investment Scam,75883
PR-CEN-2024-1100,Central City Cyber Crime Unit,[Central City Police Bureau] Victim reported that their Instagram and email accounts were hijacked via SIM swapping and used to solicit money from friends. Contact officer email: fraud.unit@central citypolice.gov.,Social Media Account Hijack,78611
PR-RIV-2024-1101,Riverdale Cyber Crime Unit,"[Riverdale Police Bureau] Complainant discovered that their national ID was used to secure an online personal loan of $12,000 without their knowledge. Contact officer email: fraud.unit@riverdalepolice.gov.",Identity Theft / Bank Loan,71403
PR-MET-2024-1102,Metropolis Cyber Crime Unit,"[Metropolis Police Bureau] Local dental clinic reported an attack that encrypted all patient history files, demanding 2 Bitcoin in payment. Contact officer email: fraud.unit@metropolispolice.gov.",Ransomware Hostage,26051
PR-RIV-2024-1103,Riverdale Cyber Crime Unit,"[Riverdale Police Bureau] Local dental clinic reported an attack that encrypted all patient history files, demanding 2 Bitcoin in payment. Contact officer email: fraud.unit@riverdalepolice.gov.",Ransomware Hostage,73095
PR-MET-2024-1104,Metropolis Cyber Crime Unit,[Metropolis Police Bureau] Victim reported that their Instagram and email accounts were hijacked via SIM swapping and used to solicit money from friends. Contact officer email: fraud.unit@metropolispolice.gov.,Social Media Account Hijack,51998
PR-GOT-2024-1105,Gotham Cyber Crime Unit,[Gotham Police Bureau] Victim reported that their Instagram and email accounts were hijacked via SIM swapping and used to solicit money from friends. Contact officer email: fraud.unit@gothampolice.gov.,Social Media Account Hijack,57152
PR-RIV-2024-1106,Riverdale Cyber Crime Unit,"[Riverdale Police Bureau] Complainant discovered that their national ID was used to secure an online personal loan of $12,000 without their knowledge. Contact officer email: fraud.unit@riverdalepolice.gov.",Identity Theft / Bank Loan,7655
PR-CEN-2024-1107,Central City Cyber Crime Unit,[Central City Police Bureau] Victim reported that their Instagram and email accounts were hijacked via SIM swapping and used to solicit money from friends. Contact officer email: fraud.unit@central citypolice.gov.,Social Media Account Hijack,3874
PR-RIV-2024-1108,Riverdale Cyber Crime Unit,[Riverdale Police Bureau] District online learning management system was subjected to an amplification DDoS attack during final examinations. Contact officer email: fraud.unit@riverdalepolice.gov.,DDoS Attack on School Portal,13452
PR-RIV-2024-1109,Riverdale Cyber Crime Unit,[Riverdale Police Bureau] Victim reported that their Instagram and email accounts were hijacked via SIM swapping and used to solicit money from friends. Contact officer email: fraud.unit@riverdalepolice.gov.,Social Media Account Hijack,62479
PR-GOT-2024-1110,Gotham Cyber Crime Unit,[Gotham Police Bureau] District online learning management system was subjected to an amplification DDoS attack during final examinations. Contact officer email: fraud.unit@gothampolice.gov.,DDoS Attack on School Portal,98472
PR-RIV-2024-1111,Riverdale Cyber Crime Unit,"[Riverdale Police Bureau] Victim lost $35,000 after being directed by an acquaintance to transfer Ethereum into a fake decentralized wallet app. Contact officer email: fraud.unit@riverdalepolice.gov.",Online Crypto Investment Scam,92028
PR-MET-2024-1112,Metropolis Cyber Crime Unit,"[Metropolis Police Bureau] Complainant discovered that their national ID was used to secure an online personal loan of $12,000 without their knowledge. Contact officer email: fraud.unit@metropolispolice.gov.",Identity Theft / Bank Loan,36611
PR-MET-2024-1113,Metropolis Cyber Crime Unit,[Metropolis Police Bureau] District online learning management system was subjected to an amplification DDoS attack during final examinations. Contact officer email: fraud.unit@metropolispolice.gov.,DDoS Attack on School Portal,65689
PR-CEN-2024-1114,Central City Cyber Crime Unit,[Central City Police Bureau] District online learning management system was subjected to an amplification DDoS attack during final examinations. Contact officer email: fraud.unit@central citypolice.gov.,DDoS Attack on School Portal,35016
PR-STA-2024-1115,Star City Cyber Crime Unit,"[Star City Police Bureau] Financial controller received a spoofed email from the CEO demanding an urgent wire payment of $54,000 to an offshore vendor. Contact officer email: fraud.unit@star citypolice.gov.",Corporate Email Compromise,71388
PR-CEN-2024-1116,Central City Cyber Crime Unit,[Central City Police Bureau] District online learning management system was subjected to an amplification DDoS attack during final examinations. Contact officer email: fraud.unit@central citypolice.gov.,DDoS Attack on School Portal,5805
PR-GOT-2024-1117,Gotham Cyber Crime Unit,"[Gotham Police Bureau] Complainant discovered that their national ID was used to secure an online personal loan of $12,000 without their knowledge. Contact officer email: fraud.unit@gothampolice.gov.",Identity Theft / Bank Loan,39831
PR-RIV-2024-1118,Riverdale Cyber Crime Unit,"[Riverdale Police Bureau] Local dental clinic reported an attack that encrypted all patient history files, demanding 2 Bitcoin in payment. Contact officer email: fraud.unit@riverdalepolice.gov.",Ransomware Hostage,69000
PR-MET-2024-1119,Metropolis Cyber Crime Unit,"[Metropolis Police Bureau] Financial controller received a spoofed email from the CEO demanding an urgent wire payment of $54,000 to an offshore vendor. Contact officer email: fraud.unit@metropolispolice.gov.",Corporate Email Compromise,36575
PR-RIV-2024-1120,Riverdale Cyber Crime Unit,"[Riverdale Police Bureau] Financial controller received a spoofed email from the CEO demanding an urgent wire payment of $54,000 to an offshore vendor. Contact officer email: fraud.unit@riverdalepolice.gov.",Corporate Email Compromise,17221
PR-STA-2024-1121,Star City Cyber Crime Unit,"[Star City Police Bureau] Complainant discovered that their national ID was used to secure an online personal loan of $12,000 without their knowledge. Contact officer email: fraud.unit@star citypolice.gov.",Identity Theft / Bank Loan,42736
PR-CEN-2024-1122,Central City Cyber Crime Unit,"[Central City Police Bureau] Local dental clinic reported an attack that encrypted all patient history files, demanding 2 Bitcoin in payment. Contact officer email: fraud.unit@central citypolice.gov.",Ransomware Hostage,33738
PR-MET-2024-1123,Metropolis Cyber Crime Unit,[Metropolis Police Bureau] District online learning management system was subjected to an amplification DDoS attack during final examinations. Contact officer email: fraud.unit@metropolispolice.gov.,DDoS Attack on School Portal,56213
PR-STA-2024-1124,Star City Cyber Crime Unit,"[Star City Police Bureau] Victim lost $35,000 after being directed by an acquaintance to transfer Ethereum into a fake decentralized wallet app. Contact officer email: fraud.unit@star citypolice.gov.",Online Crypto Investment Scam,89831
PR-STA-2024-1125,Star City Cyber Crime Unit,"[Star City Police Bureau] Complainant discovered that their national ID was used to secure an online personal loan of $12,000 without their knowledge. Contact officer email: fraud.unit@star citypolice.gov.",Identity Theft / Bank Loan,40029
PR-RIV-2024-1126,Riverdale Cyber Crime Unit,"[Riverdale Police Bureau] Financial controller received a spoofed email from the CEO demanding an urgent wire payment of $54,000 to an offshore vendor. Contact officer email: fraud.unit@riverdalepolice.gov.",Corporate Email Compromise,23207
PR-CEN-2024-1127,Central City Cyber Crime Unit,"[Central City Police Bureau] Complainant discovered that their national ID was used to secure an online personal loan of $12,000 without their knowledge. Contact officer email: fraud.unit@central citypolice.gov.",Identity Theft / Bank Loan,39551
PR-CEN-2024-1128,Central City Cyber Crime Unit,"[Central City Police Bureau] Local dental clinic reported an attack that encrypted all patient history files, demanding 2 Bitcoin in payment. Contact officer email: fraud.unit@central citypolice.gov.",Ransomware Hostage,52759
PR-CEN-2024-1129,Central City Cyber Crime Unit,[Central City Police Bureau] Victim reported that their Instagram and email accounts were hijacked via SIM swapping and used to solicit money from friends. Contact officer email: fraud.unit@central citypolice.gov.,Social Media Account Hijack,59392
PR-GOT-2024-1130,Gotham Cyber Crime Unit,[Gotham Police Bureau] District online learning management system was subjected to an amplification DDoS attack during final examinations. Contact officer email: fraud.unit@gothampolice.gov.,DDoS Attack on School Portal,65566
PR-RIV-2024-1131,Riverdale Cyber Crime Unit,[Riverdale Police Bureau] District online learning management system was subjected to an amplification DDoS attack during final examinations. Contact officer email: fraud.unit@riverdalepolice.gov.,DDoS Attack on School Portal,86616
PR-STA-2024-1132,Star City Cyber Crime Unit,"[Star City Police Bureau] Complainant discovered that their national ID was used to secure an online personal loan of $12,000 without their knowledge. Contact officer email: fraud.unit@star citypolice.gov.",Identity Theft / Bank Loan,8557
PR-CEN-2024-1133,Central City Cyber Crime Unit,"[Central City Police Bureau] Victim lost $35,000 after being directed by an acquaintance to transfer Ethereum into a fake decentralized wallet app. Contact officer email: fraud.unit@central citypolice.gov.",Online Crypto Investment Scam,95318
PR-GOT-2024-1134,Gotham Cyber Crime Unit,"[Gotham Police Bureau] Financial controller received a spoofed email from the CEO demanding an urgent wire payment of $54,000 to an offshore vendor. Contact officer email: fraud.unit@gothampolice.gov.",Corporate Email Compromise,68115
PR-STA-2024-1135,Star City Cyber Crime Unit,"[Star City Police Bureau] Victim lost $35,000 after being directed by an acquaintance to transfer Ethereum into a fake decentralized wallet app. Contact officer email: fraud.unit@star citypolice.gov.",Online Crypto Investment Scam,45356
PR-GOT-2024-1136,Gotham Cyber Crime Unit,"[Gotham Police Bureau] Victim lost $35,000 after being directed by an acquaintance to transfer Ethereum into a fake decentralized wallet app. Contact officer email: fraud.unit@gothampolice.gov.",Online Crypto Investment Scam,76001
PR-GOT-2024-1137,Gotham Cyber Crime Unit,"[Gotham Police Bureau] Complainant discovered that their national ID was used to secure an online personal loan of $12,000 without their knowledge. Contact officer email: fraud.unit@gothampolice.gov.",Identity Theft / Bank Loan,18090
PR-STA-2024-1138,Star City Cyber Crime Unit,"[Star City Police Bureau] Financial controller received a spoofed email from the CEO demanding an urgent wire payment of $54,000 to an offshore vendor. Contact officer email: fraud.unit@star citypolice.gov.",Corporate Email Compromise,17443
PR-GOT-2024-1139,Gotham Cyber Crime Unit,[Gotham Police Bureau] District online learning management system was subjected to an amplification DDoS attack during final examinations. Contact officer email: fraud.unit@gothampolice.gov.,DDoS Attack on School Portal,63732
PR-CEN-2024-1140,Central City Cyber Crime Unit,"[Central City Police Bureau] Local dental clinic reported an attack that encrypted all patient history files, demanding 2 Bitcoin in payment. Contact officer email: fraud.unit@central citypolice.gov.",Ransomware Hostage,26124
PR-RIV-2024-1141,Riverdale Cyber Crime Unit,[Riverdale Police Bureau] Victim reported that their Instagram and email accounts were hijacked via SIM swapping and used to solicit money from friends. Contact officer email: fraud.unit@riverdalepolice.gov.,Social Media Account Hijack,37459
PR-RIV-2024-1142,Riverdale Cyber Crime Unit,"[Riverdale Police Bureau] Victim lost $35,000 after being directed by an acquaintance to transfer Ethereum into a fake decentralized wallet app. Contact officer email: fraud.unit@riverdalepolice.gov.",Online Crypto Investment Scam,38608
PR-GOT-2024-1143,Gotham Cyber Crime Unit,"[Gotham Police Bureau] Victim lost $35,000 after being directed by an acquaintance to transfer Ethereum into a fake decentralized wallet app. Contact officer email: fraud.unit@gothampolice.gov.",Online Crypto Investment Scam,1320
PR-GOT-2024-1144,Gotham Cyber Crime Unit,[Gotham Police Bureau] District online learning management system was subjected to an amplification DDoS attack during final examinations. Contact officer email: fraud.unit@gothampolice.gov.,DDoS Attack on School Portal,14475
PR-GOT-2024-1145,Gotham Cyber Crime Unit,"[Gotham Police Bureau] Complainant discovered that their national ID was used to secure an online personal loan of $12,000 without their knowledge. Contact officer email: fraud.unit@gothampolice.gov.",Identity Theft / Bank Loan,99527
PR-CEN-2024-1146,Central City Cyber Crime Unit,"[Central City Police Bureau] Local dental clinic reported an attack that encrypted all patient history files, demanding 2 Bitcoin in payment. Contact officer email: fraud.unit@central citypolice.gov.",Ransomware Hostage,49875
PR-STA-2024-1147,Star City Cyber Crime Unit,"[Star City Police Bureau] Financial controller received a spoofed email from the CEO demanding an urgent wire payment of $54,000 to an offshore vendor. Contact officer email: fraud.unit@star citypolice.gov.",Corporate Email Compromise,19398
PR-STA-2024-1148,Star City Cyber Crime Unit,"[Star City Police Bureau] Complainant discovered that their national ID was used to secure an online personal loan of $12,000 without their knowledge. Contact officer email: fraud.unit@star citypolice.gov.",Identity Theft / Bank Loan,75095
PR-MET-2024-1149,Metropolis Cyber Crime Unit,"[Metropolis Police Bureau] Local dental clinic reported an attack that encrypted all patient history files, demanding 2 Bitcoin in payment. Contact officer email: fraud.unit@metropolispolice.gov.",Ransomware Hostage,57256
PR-STA-2024-1150,Star City Cyber Crime Unit,"[Star City Police Bureau] Complainant discovered that their national ID was used to secure an online personal loan of $12,000 without their knowledge. Contact officer email: fraud.unit@star citypolice.gov.",Identity Theft / Bank Loan,25832
PR-STA-2024-1151,Star City Cyber Crime Unit,[Star City Police Bureau] Victim reported that their Instagram and email accounts were hijacked via SIM swapping and used to solicit money from friends. Contact officer email: fraud.unit@star citypolice.gov.,Social Media Account Hijack,93320
PR-MET-2024-1152,Metropolis Cyber Crime Unit,"[Metropolis Police Bureau] Complainant discovered that their national ID was used to secure an online personal loan of $12,000 without their knowledge. Contact officer email: fraud.unit@metropolispolice.gov.",Identity Theft / Bank Loan,7833
PR-CEN-2024-1153,Central City Cyber Crime Unit,"[Central City Police Bureau] Financial controller received a spoofed email from the CEO demanding an urgent wire payment of $54,000 to an offshore vendor. Contact officer email: fraud.unit@central citypolice.gov.",Corporate Email Compromise,8980
PR-RIV-2024-1154,Riverdale Cyber Crime Unit,"[Riverdale Police Bureau] Complainant discovered that their national ID was used to secure an online personal loan of $12,000 without their knowledge. Contact officer email: fraud.unit@riverdalepolice.gov.",Identity Theft / Bank Loan,33754
PR-CEN-2024-1155,Central City Cyber Crime Unit,"[Central City Police Bureau] Local dental clinic reported an attack that encrypted all patient history files, demanding 2 Bitcoin in payment. Contact officer email: fraud.unit@central citypolice.gov.",Ransomware Hostage,87209
PR-RIV-2024-1156,Riverdale Cyber Crime Unit,"[Riverdale Police Bureau] Financial controller received a spoofed email from the CEO demanding an urgent wire payment of $54,000 to an offshore vendor. Contact officer email: fraud.unit@riverdalepolice.gov.",Corporate Email Compromise,77720
PR-RIV-2024-1157,Riverdale Cyber Crime Unit,[Riverdale Police Bureau] District online learning management system was subjected to an amplification DDoS attack during final examinations. Contact officer email: fraud.unit@riverdalepolice.gov.,DDoS Attack on School Portal,6630
PR-STA-2024-1158,Star City Cyber Crime Unit,"[Star City Police Bureau] Local dental clinic reported an attack that encrypted all patient history files, demanding 2 Bitcoin in payment. Contact officer email: fraud.unit@star citypolice.gov.",Ransomware Hostage,35019
PR-GOT-2024-1159,Gotham Cyber Crime Unit,"[Gotham Police Bureau] Financial controller received a spoofed email from the CEO demanding an urgent wire payment of $54,000 to an offshore vendor. Contact officer email: fraud.unit@gothampolice.gov.",Corporate Email Compromise,76887
PR-MET-2024-1160,Metropolis Cyber Crime Unit,[Metropolis Police Bureau] District online learning management system was subjected to an amplification DDoS attack during final examinations. Contact officer email: fraud.unit@metropolispolice.gov.,DDoS Attack on School Portal,39809
PR-STA-2024-1161,Star City Cyber Crime Unit,[Star City Police Bureau] Victim reported that their Instagram and email accounts were hijacked via SIM swapping and used to solicit money from friends. Contact officer email: fraud.unit@star citypolice.gov.,Social Media Account Hijack,73348
PR-GOT-2024-1162,Gotham Cyber Crime Unit,[Gotham Police Bureau] Victim reported that their Instagram and email accounts were hijacked via SIM swapping and used to solicit money from friends. Contact officer email: fraud.unit@gothampolice.gov.,Social Media Account Hijack,59137
PR-GOT-2024-1163,Gotham Cyber Crime Unit,"[Gotham Police Bureau] Victim lost $35,000 after being directed by an acquaintance to transfer Ethereum into a fake decentralized wallet app. Contact officer email: fraud.unit@gothampolice.gov.",Online Crypto Investment Scam,14384
PR-MET-2024-1164,Metropolis Cyber Crime Unit,"[Metropolis Police Bureau] Victim lost $35,000 after being directed by an acquaintance to transfer Ethereum into a fake decentralized wallet app. Contact officer email: fraud.unit@metropolispolice.gov.",Online Crypto Investment Scam,15868
PR-GOT-2024-1165,Gotham Cyber Crime Unit,"[Gotham Police Bureau] Victim lost $35,000 after being directed by an acquaintance to transfer Ethereum into a fake decentralized wallet app. Contact officer email: fraud.unit@gothampolice.gov.",Online Crypto Investment Scam,77600
PR-STA-2024-1166,Star City Cyber Crime Unit,"[Star City Police Bureau] Victim lost $35,000 after being directed by an acquaintance to transfer Ethereum into a fake decentralized wallet app. Contact officer email: fraud.unit@star citypolice.gov.",Online Crypto Investment Scam,34265
PR-CEN-2024-1167,Central City Cyber Crime Unit,"[Central City Police Bureau] Financial controller received a spoofed email from the CEO demanding an urgent wire payment of $54,000 to an offshore vendor. Contact officer email: fraud.unit@central citypolice.gov.",Corporate Email Compromise,3838
PR-CEN-2024-1168,Central City Cyber Crime Unit,"[Central City Police Bureau] Victim lost $35,000 after being directed by an acquaintance to transfer Ethereum into a fake decentralized wallet app. Contact officer email: fraud.unit@central citypolice.gov.",Online Crypto Investment Scam,92636
PR-MET-2024-1169,Metropolis Cyber Crime Unit,"[Metropolis Police Bureau] Complainant discovered that their national ID was used to secure an online personal loan of $12,000 without their knowledge. Contact officer email: fraud.unit@metropolispolice.gov.",Identity Theft / Bank Loan,86821
PR-GOT-2024-1170,Gotham Cyber Crime Unit,"[Gotham Police Bureau] Complainant discovered that their national ID was used to secure an online personal loan of $12,000 without their knowledge. Contact officer email: fraud.unit@gothampolice.gov.",Identity Theft / Bank Loan,42371
PR-CEN-2024-1171,Central City Cyber Crime Unit,[Central City Police Bureau] Victim reported that their Instagram and email accounts were hijacked via SIM swapping and used to solicit money from friends. Contact officer email: fraud.unit@central citypolice.gov.,Social Media Account Hijack,29156
PR-MET-2024-1172,Metropolis Cyber Crime Unit,"[Metropolis Police Bureau] Local dental clinic reported an attack that encrypted all patient history files, demanding 2 Bitcoin in payment. Contact officer email: fraud.unit@metropolispolice.gov.",Ransomware Hostage,41745
PR-STA-2024-1173,Star City Cyber Crime Unit,"[Star City Police Bureau] Local dental clinic reported an attack that encrypted all patient history files, demanding 2 Bitcoin in payment. Contact officer email: fraud.unit@star citypolice.gov.",Ransomware Hostage,94615
PR-STA-2024-1174,Star City Cyber Crime Unit,"[Star City Police Bureau] Complainant discovered that their national ID was used to secure an online personal loan of $12,000 without their knowledge. Contact officer email: fraud.unit@star citypolice.gov.",Identity Theft / Bank Loan,13925
PR-GOT-2024-1175,Gotham Cyber Crime Unit,"[Gotham Police Bureau] Financial controller received a spoofed email from the CEO demanding an urgent wire payment of $54,000 to an offshore vendor. Contact officer email: fraud.unit@gothampolice.gov.",Corporate Email Compromise,72529
PR-GOT-2024-1176,Gotham Cyber Crime Unit,[Gotham Police Bureau] Victim reported that their Instagram and email accounts were hijacked via SIM swapping and used to solicit money from friends. Contact officer email: fraud.unit@gothampolice.gov.,Social Media Account Hijack,62868
PR-CEN-2024-1177,Central City Cyber Crime Unit,[Central City Police Bureau] Victim reported that their Instagram and email accounts were hijacked via SIM swapping and used to solicit money from friends. Contact officer email: fraud.unit@central citypolice.gov.,Social Media Account Hijack,32689
PR-CEN-2024-1178,Central City Cyber Crime Unit,[Central City Police Bureau] Victim reported that their Instagram and email accounts were hijacked via SIM swapping and used to solicit money from friends. Contact officer email: fraud.unit@central citypolice.gov.,Social Media Account Hijack,25788
PR-STA-2024-1179,Star City Cyber Crime Unit,[Star City Police Bureau] Victim reported that their Instagram and email accounts were hijacked via SIM swapping and used to solicit money from friends. Contact officer email: fraud.unit@star citypolice.gov.,Social Media Account Hijack,83602
PR-GOT-2024-1180,Gotham Cyber Crime Unit,"[Gotham Police Bureau] Victim lost $35,000 after being directed by an acquaintance to transfer Ethereum into a fake decentralized wallet app. Contact officer email: fraud.unit@gothampolice.gov.",Online Crypto Investment Scam,27861
PR-MET-2024-1181,Metropolis Cyber Crime Unit,"[Metropolis Police Bureau] Financial controller received a spoofed email from the CEO demanding an urgent wire payment of $54,000 to an offshore vendor. Contact officer email: fraud.unit@metropolispolice.gov.",Corporate Email Compromise,34971
PR-RIV-2024-1182,Riverdale Cyber Crime Unit,"[Riverdale Police Bureau] Local dental clinic reported an attack that encrypted all patient history files, demanding 2 Bitcoin in payment. Contact officer email: fraud.unit@riverdalepolice.gov.",Ransomware Hostage,63613
PR-RIV-2024-1183,Riverdale Cyber Crime Unit,[Riverdale Police Bureau] District online learning management system was subjected to an amplification DDoS attack during final examinations. Contact officer email: fraud.unit@riverdalepolice.gov.,DDoS Attack on School Portal,15284
PR-MET-2024-1184,Metropolis Cyber Crime Unit,"[Metropolis Police Bureau] Victim lost $35,000 after being directed by an acquaintance to transfer Ethereum into a fake decentralized wallet app. Contact officer email: fraud.unit@metropolispolice.gov.",Online Crypto Investment Scam,99428
PR-GOT-2024-1185,Gotham Cyber Crime Unit,"[Gotham Police Bureau] Victim lost $35,000 after being directed by an acquaintance to transfer Ethereum into a fake decentralized wallet app. Contact officer email: fraud.unit@gothampolice.gov.",Online Crypto Investment Scam,3298
PR-CEN-2024-1186,Central City Cyber Crime Unit,[Central City Police Bureau] District online learning management system was subjected to an amplification DDoS attack during final examinations. Contact officer email: fraud.unit@central citypolice.gov.,DDoS Attack on School Portal,89186
PR-CEN-2024-1187,Central City Cyber Crime Unit,"[Central City Police Bureau] Complainant discovered that their national ID was used to secure an online personal loan of $12,000 without their knowledge. Contact officer email: fraud.unit@central citypolice.gov.",Identity Theft / Bank Loan,52776
PR-RIV-2024-1188,Riverdale Cyber Crime Unit,"[Riverdale Police Bureau] Victim lost $35,000 after being directed by an acquaintance to transfer Ethereum into a fake decentralized wallet app. Contact officer email: fraud.unit@riverdalepolice.gov.",Online Crypto Investment Scam,26030
PR-CEN-2024-1189,Central City Cyber Crime Unit,"[Central City Police Bureau] Local dental clinic reported an attack that encrypted all patient history files, demanding 2 Bitcoin in payment. Contact officer email: fraud.unit@central citypolice.gov.",Ransomware Hostage,71749
PR-STA-2024-1190,Star City Cyber Crime Unit,"[Star City Police Bureau] Local dental clinic reported an attack that encrypted all patient history files, demanding 2 Bitcoin in payment. Contact officer email: fraud.unit@star citypolice.gov.",Ransomware Hostage,49569
PR-CEN-2024-1191,Central City Cyber Crime Unit,"[Central City Police Bureau] Victim lost $35,000 after being directed by an acquaintance to transfer Ethereum into a fake decentralized wallet app. Contact officer email: fraud.unit@central citypolice.gov.",Online Crypto Investment Scam,50268
PR-MET-2024-1192,Metropolis Cyber Crime Unit,[Metropolis Police Bureau] District online learning management system was subjected to an amplification DDoS attack during final examinations. Contact officer email: fraud.unit@metropolispolice.gov.,DDoS Attack on School Portal,39844
PR-GOT-2024-1193,Gotham Cyber Crime Unit,[Gotham Police Bureau] District online learning management system was subjected to an amplification DDoS attack during final examinations. Contact officer email: fraud.unit@gothampolice.gov.,DDoS Attack on School Portal,10504
PR-CEN-2024-1194,Central City Cyber Crime Unit,"[Central City Police Bureau] Local dental clinic reported an attack that encrypted all patient history files, demanding 2 Bitcoin in payment. Contact officer email: fraud.unit@central citypolice.gov.",Ransomware Hostage,2167
PR-RIV-2024-1195,Riverdale Cyber Crime Unit,[Riverdale Police Bureau] District online learning management system was subjected to an amplification DDoS attack during final examinations. Contact officer email: fraud.unit@riverdalepolice.gov.,DDoS Attack on School Portal,93092
PR-RIV-2024-1196,Riverdale Cyber Crime Unit,"[Riverdale Police Bureau] Victim lost $35,000 after being directed by an acquaintance to transfer Ethereum into a fake decentralized wallet app. Contact officer email: fraud.unit@riverdalepolice.gov.",Online Crypto Investment Scam,93565
PR-RIV-2024-1197,Riverdale Cyber Crime Unit,"[Riverdale Police Bureau] Complainant discovered that their national ID was used to secure an online personal loan of $12,000 without their knowledge. Contact officer email: fraud.unit@riverdalepolice.gov.",Identity Theft / Bank Loan,42380
PR-STA-2024-1198,Star City Cyber Crime Unit,"[Star City Police Bureau] Local dental clinic reported an attack that encrypted all patient history files, demanding 2 Bitcoin in payment. Contact officer email: fraud.unit@star citypolice.gov.",Ransomware Hostage,33553
PR-MET-2024-1199,Metropolis Cyber Crime Unit,"[Metropolis Police Bureau] Victim lost $35,000 after being directed by an acquaintance to transfer Ethereum into a fake decentralized wallet app. Contact officer email: fraud.unit@metropolispolice.gov.",Online Crypto Investment Scam,87364
PR-GOT-2024-1200,Gotham Cyber Crime Unit,"[Gotham Police Bureau] Local dental clinic reported an attack that encrypted all patient history files, demanding 2 Bitcoin in payment. Contact officer email: fraud.unit@gothampolice.gov.",Ransomware Hostage,27519
PR-CEN-2024-1201,Central City Cyber Crime Unit,"[Central City Police Bureau] Local dental clinic reported an attack that encrypted all patient history files, demanding 2 Bitcoin in payment. Contact officer email: fraud.unit@central citypolice.gov.",Ransomware Hostage,87014
PR-MET-2024-1202,Metropolis Cyber Crime Unit,[Metropolis Police Bureau] District online learning management system was subjected to an amplification DDoS attack during final examinations. Contact officer email: fraud.unit@metropolispolice.gov.,DDoS Attack on School Portal,26639
PR-STA-2024-1203,Star City Cyber Crime Unit,"[Star City Police Bureau] Complainant discovered that their national ID was used to secure an online personal loan of $12,000 without their knowledge. Contact officer email: fraud.unit@star citypolice.gov.",Identity Theft / Bank Loan,21044
PR-MET-2024-1204,Metropolis Cyber Crime Unit,"[Metropolis Police Bureau] Local dental clinic reported an attack that encrypted all patient history files, demanding 2 Bitcoin in payment. Contact officer email: fraud.unit@metropolispolice.gov.",Ransomware Hostage,73061
PR-STA-2024-1205,Star City Cyber Crime Unit,[Star City Police Bureau] Victim reported that their Instagram and email accounts were hijacked via SIM swapping and used to solicit money from friends. Contact officer email: fraud.unit@star citypolice.gov.,Social Media Account Hijack,66020
PR-CEN-2024-1206,Central City Cyber Crime Unit,[Central City Police Bureau] District online learning management system was subjected to an amplification DDoS attack during final examinations. Contact officer email: fraud.unit@central citypolice.gov.,DDoS Attack on School Portal,61157
PR-MET-2024-1207,Metropolis Cyber Crime Unit,[Metropolis Police Bureau] District online learning management system was subjected to an amplification DDoS attack during final examinations. Contact officer email: fraud.unit@metropolispolice.gov.,DDoS Attack on School Portal,77362
PR-RIV-2024-1208,Riverdale Cyber Crime Unit,[Riverdale Police Bureau] District online learning management system was subjected to an amplification DDoS attack during final examinations. Contact officer email: fraud.unit@riverdalepolice.gov.,DDoS Attack on School Portal,27008
PR-CEN-2024-1209,Central City Cyber Crime Unit,[Central City Police Bureau] District online learning management system was subjected to an amplification DDoS attack during final examinations. Contact officer email: fraud.unit@central citypolice.gov.,DDoS Attack on School Portal,92356
PR-MET-2024-1210,Metropolis Cyber Crime Unit,"[Metropolis Police Bureau] Victim lost $35,000 after being directed by an acquaintance to transfer Ethereum into a fake decentralized wallet app. Contact officer email: fraud.unit@metropolispolice.gov.",Online Crypto Investment Scam,29219
PR-MET-2024-1211,Metropolis Cyber Crime Unit,"[Metropolis Police Bureau] Financial controller received a spoofed email from the CEO demanding an urgent wire payment of $54,000 to an offshore vendor. Contact officer email: fraud.unit@metropolispolice.gov.",Corporate Email Compromise,81426
PR-CEN-2024-1212,Central City Cyber Crime Unit,"[Central City Police Bureau] Financial controller received a spoofed email from the CEO demanding an urgent wire payment of $54,000 to an offshore vendor. Contact officer email: fraud.unit@central citypolice.gov.",Corporate Email Compromise,27859
PR-CEN-2024-1213,Central City Cyber Crime Unit,[Central City Police Bureau] Victim reported that their Instagram and email accounts were hijacked via SIM swapping and used to solicit money from friends. Contact officer email: fraud.unit@central citypolice.gov.,Social Media Account Hijack,54839
PR-GOT-2024-1214,Gotham Cyber Crime Unit,"[Gotham Police Bureau] Local dental clinic reported an attack that encrypted all patient history files, demanding 2 Bitcoin in payment. Contact officer email: fraud.unit@gothampolice.gov.",Ransomware Hostage,68490
PR-RIV-2024-1215,Riverdale Cyber Crime Unit,[Riverdale Police Bureau] Victim reported that their Instagram and email accounts were hijacked via SIM swapping and used to solicit money from friends. Contact officer email: fraud.unit@riverdalepolice.gov.,Social Media Account Hijack,75560
PR-CEN-2024-1216,Central City Cyber Crime Unit,"[Central City Police Bureau] Financial controller received a spoofed email from the CEO demanding an urgent wire payment of $54,000 to an offshore vendor. Contact officer email: fraud.unit@central citypolice.gov.",Corporate Email Compromise,90629
PR-GOT-2024-1217,Gotham Cyber Crime Unit,[Gotham Police Bureau] District online learning management system was subjected to an amplification DDoS attack during final examinations. Contact officer email: fraud.unit@gothampolice.gov.,DDoS Attack on School Portal,5573
PR-GOT-2024-1218,Gotham Cyber Crime Unit,[Gotham Police Bureau] Victim reported that their Instagram and email accounts were hijacked via SIM swapping and used to solicit money from friends. Contact officer email: fraud.unit@gothampolice.gov.,Social Media Account Hijack,94175
PR-GOT-2024-1219,Gotham Cyber Crime Unit,"[Gotham Police Bureau] Local dental clinic reported an attack that encrypted all patient history files, demanding 2 Bitcoin in payment. Contact officer email: fraud.unit@gothampolice.gov.",Ransomware Hostage,29684
PR-RIV-2024-1220,Riverdale Cyber Crime Unit,"[Riverdale Police Bureau] Complainant discovered that their national ID was used to secure an online personal loan of $12,000 without their knowledge. Contact officer email: fraud.unit@riverdalepolice.gov.",Identity Theft / Bank Loan,42752
PR-RIV-2024-1221,Riverdale Cyber Crime Unit,"[Riverdale Police Bureau] Financial controller received a spoofed email from the CEO demanding an urgent wire payment of $54,000 to an offshore vendor. Contact officer email: fraud.unit@riverdalepolice.gov.",Corporate Email Compromise,82185
PR-CEN-2024-1222,Central City Cyber Crime Unit,[Central City Police Bureau] District online learning management system was subjected to an amplification DDoS attack during final examinations. Contact officer email: fraud.unit@central citypolice.gov.,DDoS Attack on School Portal,21974
PR-MET-2024-1223,Metropolis Cyber Crime Unit,"[Metropolis Police Bureau] Financial controller received a spoofed email from the CEO demanding an urgent wire payment of $54,000 to an offshore vendor. Contact officer email: fraud.unit@metropolispolice.gov.",Corporate Email Compromise,48121
PR-CEN-2024-1224,Central City Cyber Crime Unit,[Central City Police Bureau] Victim reported that their Instagram and email accounts were hijacked via SIM swapping and used to solicit money from friends. Contact officer email: fraud.unit@central citypolice.gov.,Social Media Account Hijack,73800
PR-STA-2024-1225,Star City Cyber Crime Unit,"[Star City Police Bureau] Financial controller received a spoofed email from the CEO demanding an urgent wire payment of $54,000 to an offshore vendor. Contact officer email: fraud.unit@star citypolice.gov.",Corporate Email Compromise,58594
PR-GOT-2024-1226,Gotham Cyber Crime Unit,[Gotham Police Bureau] Victim reported that their Instagram and email accounts were hijacked via SIM swapping and used to solicit money from friends. Contact officer email: fraud.unit@gothampolice.gov.,Social Media Account Hijack,21699
PR-GOT-2024-1227,Gotham Cyber Crime Unit,"[Gotham Police Bureau] Local dental clinic reported an attack that encrypted all patient history files, demanding 2 Bitcoin in payment. Contact officer email: fraud.unit@gothampolice.gov.",Ransomware Hostage,2743
PR-MET-2024-1228,Metropolis Cyber Crime Unit,"[Metropolis Police Bureau] Complainant discovered that their national ID was used to secure an online personal loan of $12,000 without their knowledge. Contact officer email: fraud.unit@metropolispolice.gov.",Identity Theft / Bank Loan,85654
PR-GOT-2024-1229,Gotham Cyber Crime Unit,[Gotham Police Bureau] Victim reported that their Instagram and email accounts were hijacked via SIM swapping and used to solicit money from friends. Contact officer email: fraud.unit@gothampolice.gov.,Social Media Account Hijack,36992
PR-GOT-2024-1230,Gotham Cyber Crime Unit,"[Gotham Police Bureau] Victim lost $35,000 after being directed by an acquaintance to transfer Ethereum into a fake decentralized wallet app. Contact officer email: fraud.unit@gothampolice.gov.",Online Crypto Investment Scam,63762
PR-MET-2024-1231,Metropolis Cyber Crime Unit,[Metropolis Police Bureau] District online learning management system was subjected to an amplification DDoS attack during final examinations. Contact officer email: fraud.unit@metropolispolice.gov.,DDoS Attack on School Portal,73278
PR-CEN-2024-1232,Central City Cyber Crime Unit,[Central City Police Bureau] Victim reported that their Instagram and email accounts were hijacked via SIM swapping and used to solicit money from friends. Contact officer email: fraud.unit@central citypolice.gov.,Social Media Account Hijack,59017
PR-RIV-2024-1233,Riverdale Cyber Crime Unit,"[Riverdale Police Bureau] Local dental clinic reported an attack that encrypted all patient history files, demanding 2 Bitcoin in payment. Contact officer email: fraud.unit@riverdalepolice.gov.",Ransomware Hostage,96017
PR-MET-2024-1234,Metropolis Cyber Crime Unit,"[Metropolis Police Bureau] Financial controller received a spoofed email from the CEO demanding an urgent wire payment of $54,000 to an offshore vendor. Contact officer email: fraud.unit@metropolispolice.gov.",Corporate Email Compromise,75038
PR-MET-2024-1235,Metropolis Cyber Crime Unit,[Metropolis Police Bureau] District online learning management system was subjected to an amplification DDoS attack during final examinations. Contact officer email: fraud.unit@metropolispolice.gov.,DDoS Attack on School Portal,70487
PR-GOT-2024-1236,Gotham Cyber Crime Unit,[Gotham Police Bureau] Victim reported that their Instagram and email accounts were hijacked via SIM swapping and used to solicit money from friends. Contact officer email: fraud.unit@gothampolice.gov.,Social Media Account Hijack,76268
PR-MET-2024-1237,Metropolis Cyber Crime Unit,[Metropolis Police Bureau] Victim reported that their Instagram and email accounts were hijacked via SIM swapping and used to solicit money from friends. Contact officer email: fraud.unit@metropolispolice.gov.,Social Media Account Hijack,15479
PR-MET-2024-1238,Metropolis Cyber Crime Unit,"[Metropolis Police Bureau] Complainant discovered that their national ID was used to secure an online personal loan of $12,000 without their knowledge. Contact officer email: fraud.unit@metropolispolice.gov.",Identity Theft / Bank Loan,20238
PR-CEN-2024-1239,Central City Cyber Crime Unit,"[Central City Police Bureau] Complainant discovered that their national ID was used to secure an online personal loan of $12,000 without their knowledge. Contact officer email: fraud.unit@central citypolice.gov.",Identity Theft / Bank Loan,47711
PR-MET-2024-1240,Metropolis Cyber Crime Unit,[Metropolis Police Bureau] District online learning management system was subjected to an amplification DDoS attack during final examinations. Contact officer email: fraud.unit@metropolispolice.gov.,DDoS Attack on School Portal,80505
PR-CEN-2024-1241,Central City Cyber Crime Unit,"[Central City Police Bureau] Local dental clinic reported an attack that encrypted all patient history files, demanding 2 Bitcoin in payment. Contact officer email: fraud.unit@central citypolice.gov.",Ransomware Hostage,59619
PR-MET-2024-1242,Metropolis Cyber Crime Unit,[Metropolis Police Bureau] District online learning management system was subjected to an amplification DDoS attack during final examinations. Contact officer email: fraud.unit@metropolispolice.gov.,DDoS Attack on School Portal,5346
PR-MET-2024-1243,Metropolis Cyber Crime Unit,"[Metropolis Police Bureau] Complainant discovered that their national ID was used to secure an online personal loan of $12,000 without their knowledge. Contact officer email: fraud.unit@metropolispolice.gov.",Identity Theft / Bank Loan,66662
PR-STA-2024-1244,Star City Cyber Crime Unit,[Star City Police Bureau] Victim reported that their Instagram and email accounts were hijacked via SIM swapping and used to solicit money from friends. Contact officer email: fraud.unit@star citypolice.gov.,Social Media Account Hijack,85369
PR-GOT-2024-1245,Gotham Cyber Crime Unit,"[Gotham Police Bureau] Complainant discovered that their national ID was used to secure an online personal loan of $12,000 without their knowledge. Contact officer email: fraud.unit@gothampolice.gov.",Identity Theft / Bank Loan,88860
PR-STA-2024-1246,Star City Cyber Crime Unit,"[Star City Police Bureau] Complainant discovered that their national ID was used to secure an online personal loan of $12,000 without their knowledge. Contact officer email: fraud.unit@star citypolice.gov.",Identity Theft / Bank Loan,73667
PR-STA-2024-1247,Star City Cyber Crime Unit,"[Star City Police Bureau] Local dental clinic reported an attack that encrypted all patient history files, demanding 2 Bitcoin in payment. Contact officer email: fraud.unit@star citypolice.gov.",Ransomware Hostage,66115
PR-CEN-2024-1248,Central City Cyber Crime Unit,"[Central City Police Bureau] Victim lost $35,000 after being directed by an acquaintance to transfer Ethereum into a fake decentralized wallet app. Contact officer email: fraud.unit@central citypolice.gov.",Online Crypto Investment Scam,6780
PR-RIV-2024-1249,Riverdale Cyber Crime Unit,"[Riverdale Police Bureau] Financial controller received a spoofed email from the CEO demanding an urgent wire payment of $54,000 to an offshore vendor. Contact officer email: fraud.unit@riverdalepolice.gov.",Corporate Email Compromise,35838
PR-CEN-2024-1250,Central City Cyber Crime Unit,"[Central City Police Bureau] Local dental clinic reported an attack that encrypted all patient history files, demanding 2 Bitcoin in payment. Contact officer email: fraud.unit@central citypolice.gov.",Ransomware Hostage,94463
PR-RIV-2024-1251,Riverdale Cyber Crime Unit,[Riverdale Police Bureau] District online learning management system was subjected to an amplification DDoS attack during final examinations. Contact officer email: fraud.unit@riverdalepolice.gov.,DDoS Attack on School Portal,29440
PR-RIV-2024-1252,Riverdale Cyber Crime Unit,[Riverdale Police Bureau] Victim reported that their Instagram and email accounts were hijacked via SIM swapping and used to solicit money from friends. Contact officer email: fraud.unit@riverdalepolice.gov.,Social Media Account Hijack,98243
PR-CEN-2024-1253,Central City Cyber Crime Unit,"[Central City Police Bureau] Financial controller received a spoofed email from the CEO demanding an urgent wire payment of $54,000 to an offshore vendor. Contact officer email: fraud.unit@central citypolice.gov.",Corporate Email Compromise,36081
PR-CEN-2024-1254,Central City Cyber Crime Unit,"[Central City Police Bureau] Complainant discovered that their national ID was used to secure an online personal loan of $12,000 without their knowledge. Contact officer email: fraud.unit@central citypolice.gov.",Identity Theft / Bank Loan,46486
PR-STA-2024-1255,Star City Cyber Crime Unit,[Star City Police Bureau] Victim reported that their Instagram and email accounts were hijacked via SIM swapping and used to solicit money from friends. Contact officer email: fraud.unit@star citypolice.gov.,Social Media Account Hijack,16501
PR-MET-2024-1256,Metropolis Cyber Crime Unit,[Metropolis Police Bureau] District online learning management system was subjected to an amplification DDoS attack during final examinations. Contact officer email: fraud.unit@metropolispolice.gov.,DDoS Attack on School Portal,32647
PR-RIV-2024-1257,Riverdale Cyber Crime Unit,"[Riverdale Police Bureau] Victim lost $35,000 after being directed by an acquaintance to transfer Ethereum into a fake decentralized wallet app. Contact officer email: fraud.unit@riverdalepolice.gov.",Online Crypto Investment Scam,68487
PR-MET-2024-1258,Metropolis Cyber Crime Unit,[Metropolis Police Bureau] Victim reported that their Instagram and email accounts were hijacked via SIM swapping and used to solicit money from friends. Contact officer email: fraud.unit@metropolispolice.gov.,Social Media Account Hijack,14722
PR-STA-2024-1259,Star City Cyber Crime Unit,[Star City Police Bureau] Victim reported that their Instagram and email accounts were hijacked via SIM swapping and used to solicit money from friends. Contact officer email: fraud.unit@star citypolice.gov.,Social Media Account Hijack,91527
PR-STA-2024-1260,Star City Cyber Crime Unit,"[Star City Police Bureau] Victim lost $35,000 after being directed by an acquaintance to transfer Ethereum into a fake decentralized wallet app. Contact officer email: fraud.unit@star citypolice.gov.",Online Crypto Investment Scam,52259
PR-GOT-2024-1261,Gotham Cyber Crime Unit,"[Gotham Police Bureau] Financial controller received a spoofed email from the CEO demanding an urgent wire payment of $54,000 to an offshore vendor. Contact officer email: fraud.unit@gothampolice.gov.",Corporate Email Compromise,2301
PR-CEN-2024-1262,Central City Cyber Crime Unit,[Central City Police Bureau] Victim reported that their Instagram and email accounts were hijacked via SIM swapping and used to solicit money from friends. Contact officer email: fraud.unit@central citypolice.gov.,Social Media Account Hijack,3165
PR-RIV-2024-1263,Riverdale Cyber Crime Unit,[Riverdale Police Bureau] Victim reported that their Instagram and email accounts were hijacked via SIM swapping and used to solicit money from friends. Contact officer email: fraud.unit@riverdalepolice.gov.,Social Media Account Hijack,41412
PR-STA-2024-1264,Star City Cyber Crime Unit,[Star City Police Bureau] Victim reported that their Instagram and email accounts were hijacked via SIM swapping and used to solicit money from friends. Contact officer email: fraud.unit@star citypolice.gov.,Social Media Account Hijack,5056
PR-MET-2024-1265,Metropolis Cyber Crime Unit,"[Metropolis Police Bureau] Financial controller received a spoofed email from the CEO demanding an urgent wire payment of $54,000 to an offshore vendor. Contact officer email: fraud.unit@metropolispolice.gov.",Corporate Email Compromise,96618
PR-MET-2024-1266,Metropolis Cyber Crime Unit,"[Metropolis Police Bureau] Victim lost $35,000 after being directed by an acquaintance to transfer Ethereum into a fake decentralized wallet app. Contact officer email: fraud.unit@metropolispolice.gov.",Online Crypto Investment Scam,67026
PR-CEN-2024-1267,Central City Cyber Crime Unit,[Central City Police Bureau] Victim reported that their Instagram and email accounts were hijacked via SIM swapping and used to solicit money from friends. Contact officer email: fraud.unit@central citypolice.gov.,Social Media Account Hijack,48676
PR-CEN-2024-1268,Central City Cyber Crime Unit,[Central City Police Bureau] Victim reported that their Instagram and email accounts were hijacked via SIM swapping and used to solicit money from friends. Contact officer email: fraud.unit@central citypolice.gov.,Social Media Account Hijack,30868
PR-CEN-2024-1269,Central City Cyber Crime Unit,[Central City Police Bureau] Victim reported that their Instagram and email accounts were hijacked via SIM swapping and used to solicit money from friends. Contact officer email: fraud.unit@central citypolice.gov.,Social Media Account Hijack,59738
PR-CEN-2024-1270,Central City Cyber Crime Unit,"[Central City Police Bureau] Complainant discovered that their national ID was used to secure an online personal loan of $12,000 without their knowledge. Contact officer email: fraud.unit@central citypolice.gov.",Identity Theft / Bank Loan,17210
PR-CEN-2024-1271,Central City Cyber Crime Unit,"[Central City Police Bureau] Victim lost $35,000 after being directed by an acquaintance to transfer Ethereum into a fake decentralized wallet app. Contact officer email: fraud.unit@central citypolice.gov.",Online Crypto Investment Scam,87434
PR-MET-2024-1272,Metropolis Cyber Crime Unit,"[Metropolis Police Bureau] Complainant discovered that their national ID was used to secure an online personal loan of $12,000 without their knowledge. Contact officer email: fraud.unit@metropolispolice.gov.",Identity Theft / Bank Loan,90273
PR-RIV-2024-1273,Riverdale Cyber Crime Unit,"[Riverdale Police Bureau] Complainant discovered that their national ID was used to secure an online personal loan of $12,000 without their knowledge. Contact officer email: fraud.unit@riverdalepolice.gov.",Identity Theft / Bank Loan,49392
PR-MET-2024-1274,Metropolis Cyber Crime Unit,"[Metropolis Police Bureau] Victim lost $35,000 after being directed by an acquaintance to transfer Ethereum into a fake decentralized wallet app. Contact officer email: fraud.unit@metropolispolice.gov.",Online Crypto Investment Scam,50459
PR-STA-2024-1275,Star City Cyber Crime Unit,"[Star City Police Bureau] Victim lost $35,000 after being directed by an acquaintance to transfer Ethereum into a fake decentralized wallet app. Contact officer email: fraud.unit@star citypolice.gov.",Online Crypto Investment Scam,59800
PR-MET-2024-1276,Metropolis Cyber Crime Unit,"[Metropolis Police Bureau] Victim lost $35,000 after being directed by an acquaintance to transfer Ethereum into a fake decentralized wallet app. Contact officer email: fraud.unit@metropolispolice.gov.",Online Crypto Investment Scam,98831
PR-RIV-2024-1277,Riverdale Cyber Crime Unit,"[Riverdale Police Bureau] Financial controller received a spoofed email from the CEO demanding an urgent wire payment of $54,000 to an offshore vendor. Contact officer email: fraud.unit@riverdalepolice.gov.",Corporate Email Compromise,98455
PR-CEN-2024-1278,Central City Cyber Crime Unit,"[Central City Police Bureau] Victim lost $35,000 after being directed by an acquaintance to transfer Ethereum into a fake decentralized wallet app. Contact officer email: fraud.unit@central citypolice.gov.",Online Crypto Investment Scam,84385
PR-RIV-2024-1279,Riverdale Cyber Crime Unit,"[Riverdale Police Bureau] Financial controller received a spoofed email from the CEO demanding an urgent wire payment of $54,000 to an offshore vendor. Contact officer email: fraud.unit@riverdalepolice.gov.",Corporate Email Compromise,32456
PR-MET-2024-1280,Metropolis Cyber Crime Unit,"[Metropolis Police Bureau] Victim lost $35,000 after being directed by an acquaintance to transfer Ethereum into a fake decentralized wallet app. Contact officer email: fraud.unit@metropolispolice.gov.",Online Crypto Investment Scam,28205
PR-GOT-2024-1281,Gotham Cyber Crime Unit,"[Gotham Police Bureau] Victim lost $35,000 after being directed by an acquaintance to transfer Ethereum into a fake decentralized wallet app. Contact officer email: fraud.unit@gothampolice.gov.",Online Crypto Investment Scam,90925
PR-CEN-2024-1282,Central City Cyber Crime Unit,"[Central City Police Bureau] Victim lost $35,000 after being directed by an acquaintance to transfer Ethereum into a fake decentralized wallet app. Contact officer email: fraud.unit@central citypolice.gov.",Online Crypto Investment Scam,28700
PR-CEN-2024-1283,Central City Cyber Crime Unit,"[Central City Police Bureau] Complainant discovered that their national ID was used to secure an online personal loan of $12,000 without their knowledge. Contact officer email: fraud.unit@central citypolice.gov.",Identity Theft / Bank Loan,48576
PR-CEN-2024-1284,Central City Cyber Crime Unit,"[Central City Police Bureau] Complainant discovered that their national ID was used to secure an online personal loan of $12,000 without their knowledge. Contact officer email: fraud.unit@central citypolice.gov.",Identity Theft / Bank Loan,64913
PR-MET-2024-1285,Metropolis Cyber Crime Unit,"[Metropolis Police Bureau] Local dental clinic reported an attack that encrypted all patient history files, demanding 2 Bitcoin in payment. Contact officer email: fraud.unit@metropolispolice.gov.",Ransomware Hostage,24131
PR-RIV-2024-1286,Riverdale Cyber Crime Unit,"[Riverdale Police Bureau] Victim lost $35,000 after being directed by an acquaintance to transfer Ethereum into a fake decentralized wallet app. Contact officer email: fraud.unit@riverdalepolice.gov.",Online Crypto Investment Scam,24399
PR-MET-2024-1287,Metropolis Cyber Crime Unit,"[Metropolis Police Bureau] Complainant discovered that their national ID was used to secure an online personal loan of $12,000 without their knowledge. Contact officer email: fraud.unit@metropolispolice.gov.",Identity Theft / Bank Loan,97367
PR-GOT-2024-1288,Gotham Cyber Crime Unit,[Gotham Police Bureau] District online learning management system was subjected to an amplification DDoS attack during final examinations. Contact officer email: fraud.unit@gothampolice.gov.,DDoS Attack on School Portal,10400
PR-MET-2024-1289,Metropolis Cyber Crime Unit,"[Metropolis Police Bureau] Victim lost $35,000 after being directed by an acquaintance to transfer Ethereum into a fake decentralized wallet app. Contact officer email: fraud.unit@metropolispolice.gov.",Online Crypto Investment Scam,45606
PR-RIV-2024-1290,Riverdale Cyber Crime Unit,[Riverdale Police Bureau] District online learning management system was subjected to an amplification DDoS attack during final examinations. Contact officer email: fraud.unit@riverdalepolice.gov.,DDoS Attack on School Portal,75453
PR-RIV-2024-1291,Riverdale Cyber Crime Unit,"[Riverdale Police Bureau] Complainant discovered that their national ID was used to secure an online personal loan of $12,000 without their knowledge. Contact officer email: fraud.unit@riverdalepolice.gov.",Identity Theft / Bank Loan,53371
PR-MET-2024-1292,Metropolis Cyber Crime Unit,"[Metropolis Police Bureau] Victim lost $35,000 after being directed by an acquaintance to transfer Ethereum into a fake decentralized wallet app. Contact officer email: fraud.unit@metropolispolice.gov.",Online Crypto Investment Scam,21366
PR-CEN-2024-1293,Central City Cyber Crime Unit,"[Central City Police Bureau] Complainant discovered that their national ID was used to secure an online personal loan of $12,000 without their knowledge. Contact officer email: fraud.unit@central citypolice.gov.",Identity Theft / Bank Loan,23139
PR-RIV-2024-1294,Riverdale Cyber Crime Unit,"[Riverdale Police Bureau] Victim lost $35,000 after being directed by an acquaintance to transfer Ethereum into a fake decentralized wallet app. Contact officer email: fraud.unit@riverdalepolice.gov.",Online Crypto Investment Scam,5021
PR-GOT-2024-1295,Gotham Cyber Crime Unit,[Gotham Police Bureau] Victim reported that their Instagram and email accounts were hijacked via SIM swapping and used to solicit money from friends. Contact officer email: fraud.unit@gothampolice.gov.,Social Media Account Hijack,4804
PR-CEN-2024-1296,Central City Cyber Crime Unit,"[Central City Police Bureau] Complainant discovered that their national ID was used to secure an online personal loan of $12,000 without their knowledge. Contact officer email: fraud.unit@central citypolice.gov.",Identity Theft / Bank Loan,22114
PR-MET-2024-1297,Metropolis Cyber Crime Unit,[Metropolis Police Bureau] District online learning management system was subjected to an amplification DDoS attack during final examinations. Contact officer email: fraud.unit@metropolispolice.gov.,DDoS Attack on School Portal,4831
PR-RIV-2024-1298,Riverdale Cyber Crime Unit,"[Riverdale Police Bureau] Victim lost $35,000 after being directed by an acquaintance to transfer Ethereum into a fake decentralized wallet app. Contact officer email: fraud.unit@riverdalepolice.gov.",Online Crypto Investment Scam,75124
PR-STA-2024-1299,Star City Cyber Crime Unit,[Star City Police Bureau] Victim reported that their Instagram and email accounts were hijacked via SIM swapping and used to solicit money from friends. Contact officer email: fraud.unit@star citypolice.gov.,Social Media Account Hijack,53026
PR-RIV-2024-1300,Riverdale Cyber Crime Unit,"[Riverdale Police Bureau] Complainant discovered that their national ID was used to secure an online personal loan of $12,000 without their knowledge. Contact officer email: fraud.unit@riverdalepolice.gov.",Identity Theft / Bank Loan,2109
PR-CEN-2024-1301,Central City Cyber Crime Unit,"[Central City Police Bureau] Victim lost $35,000 after being directed by an acquaintance to transfer Ethereum into a fake decentralized wallet app. Contact officer email: fraud.unit@central citypolice.gov.",Online Crypto Investment Scam,66378
PR-MET-2024-1302,Metropolis Cyber Crime Unit,[Metropolis Police Bureau] District online learning management system was subjected to an amplification DDoS attack during final examinations. Contact officer email: fraud.unit@metropolispolice.gov.,DDoS Attack on School Portal,88435
PR-RIV-2024-1303,Riverdale Cyber Crime Unit,[Riverdale Police Bureau] Victim reported that their Instagram and email accounts were hijacked via SIM swapping and used to solicit money from friends. Contact officer email: fraud.unit@riverdalepolice.gov.,Social Media Account Hijack,23467
PR-CEN-2024-1304,Central City Cyber Crime Unit,"[Central City Police Bureau] Financial controller received a spoofed email from the CEO demanding an urgent wire payment of $54,000 to an offshore vendor. Contact officer email: fraud.unit@central citypolice.gov.",Corporate Email Compromise,52677
PR-GOT-2024-1305,Gotham Cyber Crime Unit,"[Gotham Police Bureau] Local dental clinic reported an attack that encrypted all patient history files, demanding 2 Bitcoin in payment. Contact officer email: fraud.unit@gothampolice.gov.",Ransomware Hostage,24863
PR-GOT-2024-1306,Gotham Cyber Crime Unit,[Gotham Police Bureau] District online learning management system was subjected to an amplification DDoS attack during final examinations. Contact officer email: fraud.unit@gothampolice.gov.,DDoS Attack on School Portal,70233
PR-GOT-2024-1307,Gotham Cyber Crime Unit,[Gotham Police Bureau] Victim reported that their Instagram and email accounts were hijacked via SIM swapping and used to solicit money from friends. Contact officer email: fraud.unit@gothampolice.gov.,Social Media Account Hijack,2411
PR-STA-2024-1308,Star City Cyber Crime Unit,"[Star City Police Bureau] Complainant discovered that their national ID was used to secure an online personal loan of $12,000 without their knowledge. Contact officer email: fraud.unit@star citypolice.gov.",Identity Theft / Bank Loan,80927
PR-GOT-2024-1309,Gotham Cyber Crime Unit,[Gotham Police Bureau] District online learning management system was subjected to an amplification DDoS attack during final examinations. Contact officer email: fraud.unit@gothampolice.gov.,DDoS Attack on School Portal,80280
PR-MET-2024-1310,Metropolis Cyber Crime Unit,"[Metropolis Police Bureau] Complainant discovered that their national ID was used to secure an online personal loan of $12,000 without their knowledge. Contact officer email: fraud.unit@metropolispolice.gov.",Identity Theft / Bank Loan,25779
PR-GOT-2024-1311,Gotham Cyber Crime Unit,"[Gotham Police Bureau] Financial controller received a spoofed email from the CEO demanding an urgent wire payment of $54,000 to an offshore vendor. Contact officer email: fraud.unit@gothampolice.gov.",Corporate Email Compromise,74795
PR-MET-2024-1312,Metropolis Cyber Crime Unit,[Metropolis Police Bureau] District online learning management system was subjected to an amplification DDoS attack during final examinations. Contact officer email: fraud.unit@metropolispolice.gov.,DDoS Attack on School Portal,64033
PR-CEN-2024-1313,Central City Cyber Crime Unit,"[Central City Police Bureau] Financial controller received a spoofed email from the CEO demanding an urgent wire payment of $54,000 to an offshore vendor. Contact officer email: fraud.unit@central citypolice.gov.",Corporate Email Compromise,16143
PR-GOT-2024-1314,Gotham Cyber Crime Unit,"[Gotham Police Bureau] Financial controller received a spoofed email from the CEO demanding an urgent wire payment of $54,000 to an offshore vendor. Contact officer email: fraud.unit@gothampolice.gov.",Corporate Email Compromise,66679
PR-CEN-2024-1315,Central City Cyber Crime Unit,"[Central City Police Bureau] Victim lost $35,000 after being directed by an acquaintance to transfer Ethereum into a fake decentralized wallet app. Contact officer email: fraud.unit@central citypolice.gov.",Online Crypto Investment Scam,16949
PR-STA-2024-1316,Star City Cyber Crime Unit,"[Star City Police Bureau] Complainant discovered that their national ID was used to secure an online personal loan of $12,000 without their knowledge. Contact officer email: fraud.unit@star citypolice.gov.",Identity Theft / Bank Loan,77055
PR-CEN-2024-1317,Central City Cyber Crime Unit,"[Central City Police Bureau] Complainant discovered that their national ID was used to secure an online personal loan of $12,000 without their knowledge. Contact officer email: fraud.unit@central citypolice.gov.",Identity Theft / Bank Loan,54290
PR-RIV-2024-1318,Riverdale Cyber Crime Unit,"[Riverdale Police Bureau] Victim lost $35,000 after being directed by an acquaintance to transfer Ethereum into a fake decentralized wallet app. Contact officer email: fraud.unit@riverdalepolice.gov.",Online Crypto Investment Scam,50704
PR-STA-2024-1319,Star City Cyber Crime Unit,[Star City Police Bureau] District online learning management system was subjected to an amplification DDoS attack during final examinations. Contact officer email: fraud.unit@star citypolice.gov.,DDoS Attack on School Portal,67882
PR-STA-2024-1320,Star City Cyber Crime Unit,"[Star City Police Bureau] Local dental clinic reported an attack that encrypted all patient history files, demanding 2 Bitcoin in payment. Contact officer email: fraud.unit@star citypolice.gov.",Ransomware Hostage,96617
PR-STA-2024-1321,Star City Cyber Crime Unit,"[Star City Police Bureau] Financial controller received a spoofed email from the CEO demanding an urgent wire payment of $54,000 to an offshore vendor. Contact officer email: fraud.unit@star citypolice.gov.",Corporate Email Compromise,73518
PR-MET-2024-1322,Metropolis Cyber Crime Unit,"[Metropolis Police Bureau] Financial controller received a spoofed email from the CEO demanding an urgent wire payment of $54,000 to an offshore vendor. Contact officer email: fraud.unit@metropolispolice.gov.",Corporate Email Compromise,92639
PR-CEN-2024-1323,Central City Cyber Crime Unit,"[Central City Police Bureau] Local dental clinic reported an attack that encrypted all patient history files, demanding 2 Bitcoin in payment. Contact officer email: fraud.unit@central citypolice.gov.",Ransomware Hostage,39571
PR-GOT-2024-1324,Gotham Cyber Crime Unit,[Gotham Police Bureau] District online learning management system was subjected to an amplification DDoS attack during final examinations. Contact officer email: fraud.unit@gothampolice.gov.,DDoS Attack on School Portal,74231
PR-RIV-2024-1325,Riverdale Cyber Crime Unit,[Riverdale Police Bureau] Victim reported that their Instagram and email accounts were hijacked via SIM swapping and used to solicit money from friends. Contact officer email: fraud.unit@riverdalepolice.gov.,Social Media Account Hijack,67065
PR-GOT-2024-1326,Gotham Cyber Crime Unit,"[Gotham Police Bureau] Financial controller received a spoofed email from the CEO demanding an urgent wire payment of $54,000 to an offshore vendor. Contact officer email: fraud.unit@gothampolice.gov.",Corporate Email Compromise,2194
PR-GOT-2024-1327,Gotham Cyber Crime Unit,"[Gotham Police Bureau] Complainant discovered that their national ID was used to secure an online personal loan of $12,000 without their knowledge. Contact officer email: fraud.unit@gothampolice.gov.",Identity Theft / Bank Loan,63587
PR-GOT-2024-1328,Gotham Cyber Crime Unit,[Gotham Police Bureau] District online learning management system was subjected to an amplification DDoS attack during final examinations. Contact officer email: fraud.unit@gothampolice.gov.,DDoS Attack on School Portal,40596
PR-MET-2024-1329,Metropolis Cyber Crime Unit,"[Metropolis Police Bureau] Complainant discovered that their national ID was used to secure an online personal loan of $12,000 without their knowledge. Contact officer email: fraud.unit@metropolispolice.gov.",Identity Theft / Bank Loan,71143
PR-GOT-2024-1330,Gotham Cyber Crime Unit,[Gotham Police Bureau] Victim reported that their Instagram and email accounts were hijacked via SIM swapping and used to solicit money from friends. Contact officer email: fraud.unit@gothampolice.gov.,Social Media Account Hijack,26115
PR-RIV-2024-1331,Riverdale Cyber Crime Unit,"[Riverdale Police Bureau] Local dental clinic reported an attack that encrypted all patient history files, demanding 2 Bitcoin in payment. Contact officer email: fraud.unit@riverdalepolice.gov.",Ransomware Hostage,73550
PR-CEN-2024-1332,Central City Cyber Crime Unit,[Central City Police Bureau] Victim reported that their Instagram and email accounts were hijacked via SIM swapping and used to solicit money from friends. Contact officer email: fraud.unit@central citypolice.gov.,Social Media Account Hijack,49081
PR-GOT-2024-1333,Gotham Cyber Crime Unit,"[Gotham Police Bureau] Victim lost $35,000 after being directed by an acquaintance to transfer Ethereum into a fake decentralized wallet app. Contact officer email: fraud.unit@gothampolice.gov.",Online Crypto Investment Scam,80702
PR-MET-2024-1334,Metropolis Cyber Crime Unit,[Metropolis Police Bureau] Victim reported that their Instagram and email accounts were hijacked via SIM swapping and used to solicit money from friends. Contact officer email: fraud.unit@metropolispolice.gov.,Social Media Account Hijack,77559
PR-GOT-2024-1335,Gotham Cyber Crime Unit,[Gotham Police Bureau] District online learning management system was subjected to an amplification DDoS attack during final examinations. Contact officer email: fraud.unit@gothampolice.gov.,DDoS Attack on School Portal,20206
PR-STA-2024-1336,Star City Cyber Crime Unit,[Star City Police Bureau] District online learning management system was subjected to an amplification DDoS attack during final examinations. Contact officer email: fraud.unit@star citypolice.gov.,DDoS Attack on School Portal,7655
PR-MET-2024-1337,Metropolis Cyber Crime Unit,[Metropolis Police Bureau] District online learning management system was subjected to an amplification DDoS attack during final examinations. Contact officer email: fraud.unit@metropolispolice.gov.,DDoS Attack on School Portal,98447
PR-CEN-2024-1338,Central City Cyber Crime Unit,[Central City Police Bureau] District online learning management system was subjected to an amplification DDoS attack during final examinations. Contact officer email: fraud.unit@central citypolice.gov.,DDoS Attack on School Portal,25229
PR-RIV-2024-1339,Riverdale Cyber Crime Unit,"[Riverdale Police Bureau] Victim lost $35,000 after being directed by an acquaintance to transfer Ethereum into a fake decentralized wallet app. Contact officer email: fraud.unit@riverdalepolice.gov.",Online Crypto Investment Scam,64388
PR-GOT-2024-1340,Gotham Cyber Crime Unit,"[Gotham Police Bureau] Complainant discovered that their national ID was used to secure an online personal loan of $12,000 without their knowledge. Contact officer email: fraud.unit@gothampolice.gov.",Identity Theft / Bank Loan,73342
PR-MET-2024-1341,Metropolis Cyber Crime Unit,[Metropolis Police Bureau] District online learning management system was subjected to an amplification DDoS attack during final examinations. Contact officer email: fraud.unit@metropolispolice.gov.,DDoS Attack on School Portal,44872
PR-GOT-2024-1342,Gotham Cyber Crime Unit,[Gotham Police Bureau] District online learning management system was subjected to an amplification DDoS attack during final examinations. Contact officer email: fraud.unit@gothampolice.gov.,DDoS Attack on School Portal,21139
PR-GOT-2024-1343,Gotham Cyber Crime Unit,[Gotham Police Bureau] Victim reported that their Instagram and email accounts were hijacked via SIM swapping and used to solicit money from friends. Contact officer email: fraud.unit@gothampolice.gov.,Social Media Account Hijack,51470
PR-STA-2024-1344,Star City Cyber Crime Unit,[Star City Police Bureau] District online learning management system was subjected to an amplification DDoS attack during final examinations. Contact officer email: fraud.unit@star citypolice.gov.,DDoS Attack on School Portal,93260
PR-CEN-2024-1345,Central City Cyber Crime Unit,[Central City Police Bureau] District online learning management system was subjected to an amplification DDoS attack during final examinations. Contact officer email: fraud.unit@central citypolice.gov.,DDoS Attack on School Portal,43093
PR-CEN-2024-1346,Central City Cyber Crime Unit,"[Central City Police Bureau] Local dental clinic reported an attack that encrypted all patient history files, demanding 2 Bitcoin in payment. Contact officer email: fraud.unit@central citypolice.gov.",Ransomware Hostage,74609
PR-CEN-2024-1347,Central City Cyber Crime Unit,"[Central City Police Bureau] Complainant discovered that their national ID was used to secure an online personal loan of $12,000 without their knowledge. Contact officer email: fraud.unit@central citypolice.gov.",Identity Theft / Bank Loan,41177
PR-RIV-2024-1348,Riverdale Cyber Crime Unit,"[Riverdale Police Bureau] Financial controller received a spoofed email from the CEO demanding an urgent wire payment of $54,000 to an offshore vendor. Contact officer email: fraud.unit@riverdalepolice.gov.",Corporate Email Compromise,24767
PR-GOT-2024-1349,Gotham Cyber Crime Unit,[Gotham Police Bureau] Victim reported that their Instagram and email accounts were hijacked via SIM swapping and used to solicit money from friends. Contact officer email: fraud.unit@gothampolice.gov.,Social Media Account Hijack,34976
PR-STA-2024-1350,Star City Cyber Crime Unit,[Star City Police Bureau] District online learning management system was subjected to an amplification DDoS attack during final examinations. Contact officer email: fraud.unit@star citypolice.gov.,DDoS Attack on School Portal,71014
PR-GOT-2024-1351,Gotham Cyber Crime Unit,"[Gotham Police Bureau] Financial controller received a spoofed email from the CEO demanding an urgent wire payment of $54,000 to an offshore vendor. Contact officer email: fraud.unit@gothampolice.gov.",Corporate Email Compromise,85061
PR-RIV-2024-1352,Riverdale Cyber Crime Unit,"[Riverdale Police Bureau] Local dental clinic reported an attack that encrypted all patient history files, demanding 2 Bitcoin in payment. Contact officer email: fraud.unit@riverdalepolice.gov.",Ransomware Hostage,62594
PR-RIV-2024-1353,Riverdale Cyber Crime Unit,[Riverdale Police Bureau] District online learning management system was subjected to an amplification DDoS attack during final examinations. Contact officer email: fraud.unit@riverdalepolice.gov.,DDoS Attack on School Portal,1365
PR-RIV-2024-1354,Riverdale Cyber Crime Unit,"[Riverdale Police Bureau] Victim lost $35,000 after being directed by an acquaintance to transfer Ethereum into a fake decentralized wallet app. Contact officer email: fraud.unit@riverdalepolice.gov.",Online Crypto Investment Scam,59540
PR-STA-2024-1355,Star City Cyber Crime Unit,"[Star City Police Bureau] Financial controller received a spoofed email from the CEO demanding an urgent wire payment of $54,000 to an offshore vendor. Contact officer email: fraud.unit@star citypolice.gov.",Corporate Email Compromise,40037
PR-CEN-2024-1356,Central City Cyber Crime Unit,[Central City Police Bureau] Victim reported that their Instagram and email accounts were hijacked via SIM swapping and used to solicit money from friends. Contact officer email: fraud.unit@central citypolice.gov.,Social Media Account Hijack,30903
PR-GOT-2024-1357,Gotham Cyber Crime Unit,"[Gotham Police Bureau] Local dental clinic reported an attack that encrypted all patient history files, demanding 2 Bitcoin in payment. Contact officer email: fraud.unit@gothampolice.gov.",Ransomware Hostage,68074
PR-CEN-2024-1358,Central City Cyber Crime Unit,[Central City Police Bureau] Victim reported that their Instagram and email accounts were hijacked via SIM swapping and used to solicit money from friends. Contact officer email: fraud.unit@central citypolice.gov.,Social Media Account Hijack,71743
PR-RIV-2024-1359,Riverdale Cyber Crime Unit,"[Riverdale Police Bureau] Financial controller received a spoofed email from the CEO demanding an urgent wire payment of $54,000 to an offshore vendor. Contact officer email: fraud.unit@riverdalepolice.gov.",Corporate Email Compromise,22768
PR-CEN-2024-1360,Central City Cyber Crime Unit,"[Central City Police Bureau] Financial controller received a spoofed email from the CEO demanding an urgent wire payment of $54,000 to an offshore vendor. Contact officer email: fraud.unit@central citypolice.gov.",Corporate Email Compromise,58709
PR-CEN-2024-1361,Central City Cyber Crime Unit,"[Central City Police Bureau] Victim lost $35,000 after being directed by an acquaintance to transfer Ethereum into a fake decentralized wallet app. Contact officer email: fraud.unit@central citypolice.gov.",Online Crypto Investment Scam,64854
PR-RIV-2024-1362,Riverdale Cyber Crime Unit,"[Riverdale Police Bureau] Victim lost $35,000 after being directed by an acquaintance to transfer Ethereum into a fake decentralized wallet app. Contact officer email: fraud.unit@riverdalepolice.gov.",Online Crypto Investment Scam,80623
PR-STA-2024-1363,Star City Cyber Crime Unit,[Star City Police Bureau] Victim reported that their Instagram and email accounts were hijacked via SIM swapping and used to solicit money from friends. Contact officer email: fraud.unit@star citypolice.gov.,Social Media Account Hijack,24070
PR-GOT-2024-1364,Gotham Cyber Crime Unit,[Gotham Police Bureau] District online learning management system was subjected to an amplification DDoS attack during final examinations. Contact officer email: fraud.unit@gothampolice.gov.,DDoS Attack on School Portal,13183
PR-CEN-2024-1365,Central City Cyber Crime Unit,"[Central City Police Bureau] Complainant discovered that their national ID was used to secure an online personal loan of $12,000 without their knowledge. Contact officer email: fraud.unit@central citypolice.gov.",Identity Theft / Bank Loan,65876
PR-CEN-2024-1366,Central City Cyber Crime Unit,[Central City Police Bureau] Victim reported that their Instagram and email accounts were hijacked via SIM swapping and used to solicit money from friends. Contact officer email: fraud.unit@central citypolice.gov.,Social Media Account Hijack,6154
PR-MET-2024-1367,Metropolis Cyber Crime Unit,[Metropolis Police Bureau] District online learning management system was subjected to an amplification DDoS attack during final examinations. Contact officer email: fraud.unit@metropolispolice.gov.,DDoS Attack on School Portal,53477
PR-CEN-2024-1368,Central City Cyber Crime Unit,"[Central City Police Bureau] Local dental clinic reported an attack that encrypted all patient history files, demanding 2 Bitcoin in payment. Contact officer email: fraud.unit@central citypolice.gov.",Ransomware Hostage,5031
PR-MET-2024-1369,Metropolis Cyber Crime Unit,"[Metropolis Police Bureau] Complainant discovered that their national ID was used to secure an online personal loan of $12,000 without their knowledge. Contact officer email: fraud.unit@metropolispolice.gov.",Identity Theft / Bank Loan,76402
PR-GOT-2024-1370,Gotham Cyber Crime Unit,"[Gotham Police Bureau] Victim lost $35,000 after being directed by an acquaintance to transfer Ethereum into a fake decentralized wallet app. Contact officer email: fraud.unit@gothampolice.gov.",Online Crypto Investment Scam,19985
PR-CEN-2024-1371,Central City Cyber Crime Unit,"[Central City Police Bureau] Financial controller received a spoofed email from the CEO demanding an urgent wire payment of $54,000 to an offshore vendor. Contact officer email: fraud.unit@central citypolice.gov.",Corporate Email Compromise,40300
PR-CEN-2024-1372,Central City Cyber Crime Unit,"[Central City Police Bureau] Financial controller received a spoofed email from the CEO demanding an urgent wire payment of $54,000 to an offshore vendor. Contact officer email: fraud.unit@central citypolice.gov.",Corporate Email Compromise,46200
PR-STA-2024-1373,Star City Cyber Crime Unit,"[Star City Police Bureau] Victim lost $35,000 after being directed by an acquaintance to transfer Ethereum into a fake decentralized wallet app. Contact officer email: fraud.unit@star citypolice.gov.",Online Crypto Investment Scam,81673
PR-RIV-2024-1374,Riverdale Cyber Crime Unit,"[Riverdale Police Bureau] Victim lost $35,000 after being directed by an acquaintance to transfer Ethereum into a fake decentralized wallet app. Contact officer email: fraud.unit@riverdalepolice.gov.",Online Crypto Investment Scam,57552
PR-MET-2024-1375,Metropolis Cyber Crime Unit,"[Metropolis Police Bureau] Financial controller received a spoofed email from the CEO demanding an urgent wire payment of $54,000 to an offshore vendor. Contact officer email: fraud.unit@metropolispolice.gov.",Corporate Email Compromise,52956
PR-GOT-2024-1376,Gotham Cyber Crime Unit,"[Gotham Police Bureau] Local dental clinic reported an attack that encrypted all patient history files, demanding 2 Bitcoin in payment. Contact officer email: fraud.unit@gothampolice.gov.",Ransomware Hostage,93940
PR-GOT-2024-1377,Gotham Cyber Crime Unit,[Gotham Police Bureau] Victim reported that their Instagram and email accounts were hijacked via SIM swapping and used to solicit money from friends. Contact officer email: fraud.unit@gothampolice.gov.,Social Media Account Hijack,84482
PR-STA-2024-1378,Star City Cyber Crime Unit,"[Star City Police Bureau] Victim lost $35,000 after being directed by an acquaintance to transfer Ethereum into a fake decentralized wallet app. Contact officer email: fraud.unit@star citypolice.gov.",Online Crypto Investment Scam,22938
PR-GOT-2024-1379,Gotham Cyber Crime Unit,"[Gotham Police Bureau] Local dental clinic reported an attack that encrypted all patient history files, demanding 2 Bitcoin in payment. Contact officer email: fraud.unit@gothampolice.gov.",Ransomware Hostage,71262
PR-GOT-2024-1380,Gotham Cyber Crime Unit,"[Gotham Police Bureau] Financial controller received a spoofed email from the CEO demanding an urgent wire payment of $54,000 to an offshore vendor. Contact officer email: fraud.unit@gothampolice.gov.",Corporate Email Compromise,35733
PR-GOT-2024-1381,Gotham Cyber Crime Unit,"[Gotham Police Bureau] Complainant discovered that their national ID was used to secure an online personal loan of $12,000 without their knowledge. Contact officer email: fraud.unit@gothampolice.gov.",Identity Theft / Bank Loan,23059
PR-GOT-2024-1382,Gotham Cyber Crime Unit,[Gotham Police Bureau] Victim reported that their Instagram and email accounts were hijacked via SIM swapping and used to solicit money from friends. Contact officer email: fraud.unit@gothampolice.gov.,Social Media Account Hijack,13363
PR-CEN-2024-1383,Central City Cyber Crime Unit,"[Central City Police Bureau] Complainant discovered that their national ID was used to secure an online personal loan of $12,000 without their knowledge. Contact officer email: fraud.unit@central citypolice.gov.",Identity Theft / Bank Loan,31781
PR-RIV-2024-1384,Riverdale Cyber Crime Unit,"[Riverdale Police Bureau] Complainant discovered that their national ID was used to secure an online personal loan of $12,000 without their knowledge. Contact officer email: fraud.unit@riverdalepolice.gov.",Identity Theft / Bank Loan,13406
PR-STA-2024-1385,Star City Cyber Crime Unit,"[Star City Police Bureau] Victim lost $35,000 after being directed by an acquaintance to transfer Ethereum into a fake decentralized wallet app. Contact officer email: fraud.unit@star citypolice.gov.",Online Crypto Investment Scam,44099
PR-RIV-2024-1386,Riverdale Cyber Crime Unit,"[Riverdale Police Bureau] Financial controller received a spoofed email from the CEO demanding an urgent wire payment of $54,000 to an offshore vendor. Contact officer email: fraud.unit@riverdalepolice.gov.",Corporate Email Compromise,55768
PR-CEN-2024-1387,Central City Cyber Crime Unit,[Central City Police Bureau] Victim reported that their Instagram and email accounts were hijacked via SIM swapping and used to solicit money from friends. Contact officer email: fraud.unit@central citypolice.gov.,Social Media Account Hijack,47903
PR-RIV-2024-1388,Riverdale Cyber Crime Unit,[Riverdale Police Bureau] Victim reported that their Instagram and email accounts were hijacked via SIM swapping and used to solicit money from friends. Contact officer email: fraud.unit@riverdalepolice.gov.,Social Media Account Hijack,2479
PR-STA-2024-1389,Star City Cyber Crime Unit,"[Star City Police Bureau] Local dental clinic reported an attack that encrypted all patient history files, demanding 2 Bitcoin in payment. Contact officer email: fraud.unit@star citypolice.gov.",Ransomware Hostage,33287
PR-MET-2024-1390,Metropolis Cyber Crime Unit,"[Metropolis Police Bureau] Victim lost $35,000 after being directed by an acquaintance to transfer Ethereum into a fake decentralized wallet app. Contact officer email: fraud.unit@metropolispolice.gov.",Online Crypto Investment Scam,13911
PR-CEN-2024-1391,Central City Cyber Crime Unit,[Central City Police Bureau] Victim reported that their Instagram and email accounts were hijacked via SIM swapping and used to solicit money from friends. Contact officer email: fraud.unit@central citypolice.gov.,Social Media Account Hijack,35821
PR-GOT-2024-1392,Gotham Cyber Crime Unit,"[Gotham Police Bureau] Local dental clinic reported an attack that encrypted all patient history files, demanding 2 Bitcoin in payment. Contact officer email: fraud.unit@gothampolice.gov.",Ransomware Hostage,45493
PR-GOT-2024-1393,Gotham Cyber Crime Unit,"[Gotham Police Bureau] Victim lost $35,000 after being directed by an acquaintance to transfer Ethereum into a fake decentralized wallet app. Contact officer email: fraud.unit@gothampolice.gov.",Online Crypto Investment Scam,19390
PR-RIV-2024-1394,Riverdale Cyber Crime Unit,"[Riverdale Police Bureau] Financial controller received a spoofed email from the CEO demanding an urgent wire payment of $54,000 to an offshore vendor. Contact officer email: fraud.unit@riverdalepolice.gov.",Corporate Email Compromise,11871
PR-CEN-2024-1395,Central City Cyber Crime Unit,[Central City Police Bureau] Victim reported that their Instagram and email accounts were hijacked via SIM swapping and used to solicit money from friends. Contact officer email: fraud.unit@central citypolice.gov.,Social Media Account Hijack,47682
PR-RIV-2024-1396,Riverdale Cyber Crime Unit,[Riverdale Police Bureau] Victim reported that their Instagram and email accounts were hijacked via SIM swapping and used to solicit money from friends. Contact officer email: fraud.unit@riverdalepolice.gov.,Social Media Account Hijack,16717
PR-GOT-2024-1397,Gotham Cyber Crime Unit,"[Gotham Police Bureau] Local dental clinic reported an attack that encrypted all patient history files, demanding 2 Bitcoin in payment. Contact officer email: fraud.unit@gothampolice.gov.",Ransomware Hostage,82147
PR-MET-2024-1398,Metropolis Cyber Crime Unit,"[Metropolis Police Bureau] Complainant discovered that their national ID was used to secure an online personal loan of $12,000 without their knowledge. Contact officer email: fraud.unit@metropolispolice.gov.",Identity Theft / Bank Loan,9807
PR-RIV-2024-1399,Riverdale Cyber Crime Unit,[Riverdale Police Bureau] Victim reported that their Instagram and email accounts were hijacked via SIM swapping and used to solicit money from friends. Contact officer email: fraud.unit@riverdalepolice.gov.,Social Media Account Hijack,53221
PR-STA-2024-1400,Star City Cyber Crime Unit,"[Star City Police Bureau] Financial controller received a spoofed email from the CEO demanding an urgent wire payment of $54,000 to an offshore vendor. Contact officer email: fraud.unit@star citypolice.gov.",Corporate Email Compromise,25939
PR-STA-2024-1401,Star City Cyber Crime Unit,[Star City Police Bureau] District online learning management system was subjected to an amplification DDoS attack during final examinations. Contact officer email: fraud.unit@star citypolice.gov.,DDoS Attack on School Portal,30892
PR-GOT-2024-1402,Gotham Cyber Crime Unit,[Gotham Police Bureau] District online learning management system was subjected to an amplification DDoS attack during final examinations. Contact officer email: fraud.unit@gothampolice.gov.,DDoS Attack on School Portal,22154
PR-MET-2024-1403,Metropolis Cyber Crime Unit,"[Metropolis Police Bureau] Complainant discovered that their national ID was used to secure an online personal loan of $12,000 without their knowledge. Contact officer email: fraud.unit@metropolispolice.gov.",Identity Theft / Bank Loan,98331
PR-MET-2024-1404,Metropolis Cyber Crime Unit,"[Metropolis Police Bureau] Local dental clinic reported an attack that encrypted all patient history files, demanding 2 Bitcoin in payment. Contact officer email: fraud.unit@metropolispolice.gov.",Ransomware Hostage,86078
PR-MET-2024-1405,Metropolis Cyber Crime Unit,[Metropolis Police Bureau] Victim reported that their Instagram and email accounts were hijacked via SIM swapping and used to solicit money from friends. Contact officer email: fraud.unit@metropolispolice.gov.,Social Media Account Hijack,76344
PR-STA-2024-1406,Star City Cyber Crime Unit,[Star City Police Bureau] District online learning management system was subjected to an amplification DDoS attack during final examinations. Contact officer email: fraud.unit@star citypolice.gov.,DDoS Attack on School Portal,10765
PR-GOT-2024-1407,Gotham Cyber Crime Unit,"[Gotham Police Bureau] Complainant discovered that their national ID was used to secure an online personal loan of $12,000 without their knowledge. Contact officer email: fraud.unit@gothampolice.gov.",Identity Theft / Bank Loan,12981
PR-RIV-2024-1408,Riverdale Cyber Crime Unit,"[Riverdale Police Bureau] Local dental clinic reported an attack that encrypted all patient history files, demanding 2 Bitcoin in payment. Contact officer email: fraud.unit@riverdalepolice.gov.",Ransomware Hostage,79732
PR-RIV-2024-1409,Riverdale Cyber Crime Unit,"[Riverdale Police Bureau] Complainant discovered that their national ID was used to secure an online personal loan of $12,000 without their knowledge. Contact officer email: fraud.unit@riverdalepolice.gov.",Identity Theft / Bank Loan,81828
PR-STA-2024-1410,Star City Cyber Crime Unit,"[Star City Police Bureau] Complainant discovered that their national ID was used to secure an online personal loan of $12,000 without their knowledge. Contact officer email: fraud.unit@star citypolice.gov.",Identity Theft / Bank Loan,44626
PR-MET-2024-1411,Metropolis Cyber Crime Unit,[Metropolis Police Bureau] District online learning management system was subjected to an amplification DDoS attack during final examinations. Contact officer email: fraud.unit@metropolispolice.gov.,DDoS Attack on School Portal,90804
PR-CEN-2024-1412,Central City Cyber Crime Unit,"[Central City Police Bureau] Local dental clinic reported an attack that encrypted all patient history files, demanding 2 Bitcoin in payment. Contact officer email: fraud.unit@central citypolice.gov.",Ransomware Hostage,75334
PR-MET-2024-1413,Metropolis Cyber Crime Unit,"[Metropolis Police Bureau] Local dental clinic reported an attack that encrypted all patient history files, demanding 2 Bitcoin in payment. Contact officer email: fraud.unit@metropolispolice.gov.",Ransomware Hostage,93764
PR-STA-2024-1414,Star City Cyber Crime Unit,"[Star City Police Bureau] Financial controller received a spoofed email from the CEO demanding an urgent wire payment of $54,000 to an offshore vendor. Contact officer email: fraud.unit@star citypolice.gov.",Corporate Email Compromise,35974
PR-GOT-2024-1415,Gotham Cyber Crime Unit,[Gotham Police Bureau] Victim reported that their Instagram and email accounts were hijacked via SIM swapping and used to solicit money from friends. Contact officer email: fraud.unit@gothampolice.gov.,Social Media Account Hijack,23926
PR-STA-2024-1416,Star City Cyber Crime Unit,[Star City Police Bureau] District online learning management system was subjected to an amplification DDoS attack during final examinations. Contact officer email: fraud.unit@star citypolice.gov.,DDoS Attack on School Portal,86684
PR-STA-2024-1417,Star City Cyber Crime Unit,"[Star City Police Bureau] Financial controller received a spoofed email from the CEO demanding an urgent wire payment of $54,000 to an offshore vendor. Contact officer email: fraud.unit@star citypolice.gov.",Corporate Email Compromise,74105
PR-RIV-2024-1418,Riverdale Cyber Crime Unit,"[Riverdale Police Bureau] Local dental clinic reported an attack that encrypted all patient history files, demanding 2 Bitcoin in payment. Contact officer email: fraud.unit@riverdalepolice.gov.",Ransomware Hostage,95962
PR-MET-2024-1419,Metropolis Cyber Crime Unit,[Metropolis Police Bureau] District online learning management system was subjected to an amplification DDoS attack during final examinations. Contact officer email: fraud.unit@metropolispolice.gov.,DDoS Attack on School Portal,24211
PR-STA-2024-1420,Star City Cyber Crime Unit,[Star City Police Bureau] Victim reported that their Instagram and email accounts were hijacked via SIM swapping and used to solicit money from friends. Contact officer email: fraud.unit@star citypolice.gov.,Social Media Account Hijack,60655
PR-STA-2024-1421,Star City Cyber Crime Unit,"[Star City Police Bureau] Victim lost $35,000 after being directed by an acquaintance to transfer Ethereum into a fake decentralized wallet app. Contact officer email: fraud.unit@star citypolice.gov.",Online Crypto Investment Scam,42136
PR-CEN-2024-1422,Central City Cyber Crime Unit,"[Central City Police Bureau] Victim lost $35,000 after being directed by an acquaintance to transfer Ethereum into a fake decentralized wallet app. Contact officer email: fraud.unit@central citypolice.gov.",Online Crypto Investment Scam,67385
PR-RIV-2024-1423,Riverdale Cyber Crime Unit,"[Riverdale Police Bureau] Victim lost $35,000 after being directed by an acquaintance to transfer Ethereum into a fake decentralized wallet app. Contact officer email: fraud.unit@riverdalepolice.gov.",Online Crypto Investment Scam,77019
PR-CEN-2024-1424,Central City Cyber Crime Unit,"[Central City Police Bureau] Victim lost $35,000 after being directed by an acquaintance to transfer Ethereum into a fake decentralized wallet app. Contact officer email: fraud.unit@central citypolice.gov.",Online Crypto Investment Scam,8308
PR-STA-2024-1425,Star City Cyber Crime Unit,[Star City Police Bureau] Victim reported that their Instagram and email accounts were hijacked via SIM swapping and used to solicit money from friends. Contact officer email: fraud.unit@star citypolice.gov.,Social Media Account Hijack,66557
PR-RIV-2024-1426,Riverdale Cyber Crime Unit,"[Riverdale Police Bureau] Local dental clinic reported an attack that encrypted all patient history files, demanding 2 Bitcoin in payment. Contact officer email: fraud.unit@riverdalepolice.gov.",Ransomware Hostage,88944
PR-GOT-2024-1427,Gotham Cyber Crime Unit,"[Gotham Police Bureau] Complainant discovered that their national ID was used to secure an online personal loan of $12,000 without their knowledge. Contact officer email: fraud.unit@gothampolice.gov.",Identity Theft / Bank Loan,53434
PR-STA-2024-1428,Star City Cyber Crime Unit,"[Star City Police Bureau] Complainant discovered that their national ID was used to secure an online personal loan of $12,000 without their knowledge. Contact officer email: fraud.unit@star citypolice.gov.",Identity Theft / Bank Loan,89218
PR-GOT-2024-1429,Gotham Cyber Crime Unit,"[Gotham Police Bureau] Financial controller received a spoofed email from the CEO demanding an urgent wire payment of $54,000 to an offshore vendor. Contact officer email: fraud.unit@gothampolice.gov.",Corporate Email Compromise,42443
PR-MET-2024-1430,Metropolis Cyber Crime Unit,"[Metropolis Police Bureau] Complainant discovered that their national ID was used to secure an online personal loan of $12,000 without their knowledge. Contact officer email: fraud.unit@metropolispolice.gov.",Identity Theft / Bank Loan,55962
PR-CEN-2024-1431,Central City Cyber Crime Unit,[Central City Police Bureau] Victim reported that their Instagram and email accounts were hijacked via SIM swapping and used to solicit money from friends. Contact officer email: fraud.unit@central citypolice.gov.,Social Media Account Hijack,73948
PR-STA-2024-1432,Star City Cyber Crime Unit,"[Star City Police Bureau] Financial controller received a spoofed email from the CEO demanding an urgent wire payment of $54,000 to an offshore vendor. Contact officer email: fraud.unit@star citypolice.gov.",Corporate Email Compromise,24304
PR-STA-2024-1433,Star City Cyber Crime Unit,"[Star City Police Bureau] Complainant discovered that their national ID was used to secure an online personal loan of $12,000 without their knowledge. Contact officer email: fraud.unit@star citypolice.gov.",Identity Theft / Bank Loan,86632
PR-GOT-2024-1434,Gotham Cyber Crime Unit,"[Gotham Police Bureau] Local dental clinic reported an attack that encrypted all patient history files, demanding 2 Bitcoin in payment. Contact officer email: fraud.unit@gothampolice.gov.",Ransomware Hostage,8211
PR-GOT-2024-1435,Gotham Cyber Crime Unit,"[Gotham Police Bureau] Complainant discovered that their national ID was used to secure an online personal loan of $12,000 without their knowledge. Contact officer email: fraud.unit@gothampolice.gov.",Identity Theft / Bank Loan,87574
PR-CEN-2024-1436,Central City Cyber Crime Unit,[Central City Police Bureau] District online learning management system was subjected to an amplification DDoS attack during final examinations. Contact officer email: fraud.unit@central citypolice.gov.,DDoS Attack on School Portal,85057
PR-RIV-2024-1437,Riverdale Cyber Crime Unit,[Riverdale Police Bureau] Victim reported that their Instagram and email accounts were hijacked via SIM swapping and used to solicit money from friends. Contact officer email: fraud.unit@riverdalepolice.gov.,Social Media Account Hijack,6031
PR-MET-2024-1438,Metropolis Cyber Crime Unit,"[Metropolis Police Bureau] Victim lost $35,000 after being directed by an acquaintance to transfer Ethereum into a fake decentralized wallet app. Contact officer email: fraud.unit@metropolispolice.gov.",Online Crypto Investment Scam,54951
PR-RIV-2024-1439,Riverdale Cyber Crime Unit,"[Riverdale Police Bureau] Victim lost $35,000 after being directed by an acquaintance to transfer Ethereum into a fake decentralized wallet app. Contact officer email: fraud.unit@riverdalepolice.gov.",Online Crypto Investment Scam,22609
PR-MET-2024-1440,Metropolis Cyber Crime Unit,"[Metropolis Police Bureau] Complainant discovered that their national ID was used to secure an online personal loan of $12,000 without their knowledge. Contact officer email: fraud.unit@metropolispolice.gov.",Identity Theft / Bank Loan,22032
PR-STA-2024-1441,Star City Cyber Crime Unit,"[Star City Police Bureau] Victim lost $35,000 after being directed by an acquaintance to transfer Ethereum into a fake decentralized wallet app. Contact officer email: fraud.unit@star citypolice.gov.",Online Crypto Investment Scam,29317
PR-CEN-2024-1442,Central City Cyber Crime Unit,[Central City Police Bureau] District online learning management system was subjected to an amplification DDoS attack during final examinations. Contact officer email: fraud.unit@central citypolice.gov.,DDoS Attack on School Portal,65608
PR-STA-2024-1443,Star City Cyber Crime Unit,"[Star City Police Bureau] Victim lost $35,000 after being directed by an acquaintance to transfer Ethereum into a fake decentralized wallet app. Contact officer email: fraud.unit@star citypolice.gov.",Online Crypto Investment Scam,77190
PR-STA-2024-1444,Star City Cyber Crime Unit,[Star City Police Bureau] Victim reported that their Instagram and email accounts were hijacked via SIM swapping and used to solicit money from friends. Contact officer email: fraud.unit@star citypolice.gov.,Social Media Account Hijack,41073
PR-GOT-2024-1445,Gotham Cyber Crime Unit,[Gotham Police Bureau] District online learning management system was subjected to an amplification DDoS attack during final examinations. Contact officer email: fraud.unit@gothampolice.gov.,DDoS Attack on School Portal,83016
PR-MET-2024-1446,Metropolis Cyber Crime Unit,"[Metropolis Police Bureau] Local dental clinic reported an attack that encrypted all patient history files, demanding 2 Bitcoin in payment. Contact officer email: fraud.unit@metropolispolice.gov.",Ransomware Hostage,3959
PR-STA-2024-1447,Star City Cyber Crime Unit,[Star City Police Bureau] Victim reported that their Instagram and email accounts were hijacked via SIM swapping and used to solicit money from friends. Contact officer email: fraud.unit@star citypolice.gov.,Social Media Account Hijack,88108
PR-RIV-2024-1448,Riverdale Cyber Crime Unit,"[Riverdale Police Bureau] Local dental clinic reported an attack that encrypted all patient history files, demanding 2 Bitcoin in payment. Contact officer email: fraud.unit@riverdalepolice.gov.",Ransomware Hostage,15665
PR-CEN-2024-1449,Central City Cyber Crime Unit,"[Central City Police Bureau] Local dental clinic reported an attack that encrypted all patient history files, demanding 2 Bitcoin in payment. Contact officer email: fraud.unit@central citypolice.gov.",Ransomware Hostage,22939
PR-STA-2024-1450,Star City Cyber Crime Unit,"[Star City Police Bureau] Victim lost $35,000 after being directed by an acquaintance to transfer Ethereum into a fake decentralized wallet app. Contact officer email: fraud.unit@star citypolice.gov.",Online Crypto Investment Scam,46234
PR-MET-2024-1451,Metropolis Cyber Crime Unit,"[Metropolis Police Bureau] Local dental clinic reported an attack that encrypted all patient history files, demanding 2 Bitcoin in payment. Contact officer email: fraud.unit@metropolispolice.gov.",Ransomware Hostage,62022
PR-GOT-2024-1452,Gotham Cyber Crime Unit,"[Gotham Police Bureau] Local dental clinic reported an attack that encrypted all patient history files, demanding 2 Bitcoin in payment. Contact officer email: fraud.unit@gothampolice.gov.",Ransomware Hostage,29105
PR-MET-2024-1453,Metropolis Cyber Crime Unit,"[Metropolis Police Bureau] Local dental clinic reported an attack that encrypted all patient history files, demanding 2 Bitcoin in payment. Contact officer email: fraud.unit@metropolispolice.gov.",Ransomware Hostage,40628
PR-RIV-2024-1454,Riverdale Cyber Crime Unit,"[Riverdale Police Bureau] Complainant discovered that their national ID was used to secure an online personal loan of $12,000 without their knowledge. Contact officer email: fraud.unit@riverdalepolice.gov.",Identity Theft / Bank Loan,14616
PR-GOT-2024-1455,Gotham Cyber Crime Unit,"[Gotham Police Bureau] Victim lost $35,000 after being directed by an acquaintance to transfer Ethereum into a fake decentralized wallet app. Contact officer email: fraud.unit@gothampolice.gov.",Online Crypto Investment Scam,31423
PR-STA-2024-1456,Star City Cyber Crime Unit,"[Star City Police Bureau] Complainant discovered that their national ID was used to secure an online personal loan of $12,000 without their knowledge. Contact officer email: fraud.unit@star citypolice.gov.",Identity Theft / Bank Loan,36412
PR-STA-2024-1457,Star City Cyber Crime Unit,"[Star City Police Bureau] Complainant discovered that their national ID was used to secure an online personal loan of $12,000 without their knowledge. Contact officer email: fraud.unit@star citypolice.gov.",Identity Theft / Bank Loan,21265
PR-GOT-2024-1458,Gotham Cyber Crime Unit,[Gotham Police Bureau] District online learning management system was subjected to an amplification DDoS attack during final examinations. Contact officer email: fraud.unit@gothampolice.gov.,DDoS Attack on School Portal,43830
PR-GOT-2024-1459,Gotham Cyber Crime Unit,[Gotham Police Bureau] Victim reported that their Instagram and email accounts were hijacked via SIM swapping and used to solicit money from friends. Contact officer email: fraud.unit@gothampolice.gov.,Social Media Account Hijack,78944
PR-GOT-2024-1460,Gotham Cyber Crime Unit,[Gotham Police Bureau] Victim reported that their Instagram and email accounts were hijacked via SIM swapping and used to solicit money from friends. Contact officer email: fraud.unit@gothampolice.gov.,Social Media Account Hijack,71204
PR-STA-2024-1461,Star City Cyber Crime Unit,"[Star City Police Bureau] Victim lost $35,000 after being directed by an acquaintance to transfer Ethereum into a fake decentralized wallet app. Contact officer email: fraud.unit@star citypolice.gov.",Online Crypto Investment Scam,52421
PR-MET-2024-1462,Metropolis Cyber Crime Unit,"[Metropolis Police Bureau] Victim lost $35,000 after being directed by an acquaintance to transfer Ethereum into a fake decentralized wallet app. Contact officer email: fraud.unit@metropolispolice.gov.",Online Crypto Investment Scam,24096
PR-STA-2024-1463,Star City Cyber Crime Unit,"[Star City Police Bureau] Local dental clinic reported an attack that encrypted all patient history files, demanding 2 Bitcoin in payment. Contact officer email: fraud.unit@star citypolice.gov.",Ransomware Hostage,42802
PR-GOT-2024-1464,Gotham Cyber Crime Unit,"[Gotham Police Bureau] Complainant discovered that their national ID was used to secure an online personal loan of $12,000 without their knowledge. Contact officer email: fraud.unit@gothampolice.gov.",Identity Theft / Bank Loan,66675
PR-MET-2024-1465,Metropolis Cyber Crime Unit,[Metropolis Police Bureau] Victim reported that their Instagram and email accounts were hijacked via SIM swapping and used to solicit money from friends. Contact officer email: fraud.unit@metropolispolice.gov.,Social Media Account Hijack,55724
PR-MET-2024-1466,Metropolis Cyber Crime Unit,"[Metropolis Police Bureau] Victim lost $35,000 after being directed by an acquaintance to transfer Ethereum into a fake decentralized wallet app. Contact officer email: fraud.unit@metropolispolice.gov.",Online Crypto Investment Scam,6792
PR-CEN-2024-1467,Central City Cyber Crime Unit,"[Central City Police Bureau] Victim lost $35,000 after being directed by an acquaintance to transfer Ethereum into a fake decentralized wallet app. Contact officer email: fraud.unit@central citypolice.gov.",Online Crypto Investment Scam,70737
PR-GOT-2024-1468,Gotham Cyber Crime Unit,"[Gotham Police Bureau] Victim lost $35,000 after being directed by an acquaintance to transfer Ethereum into a fake decentralized wallet app. Contact officer email: fraud.unit@gothampolice.gov.",Online Crypto Investment Scam,2911
PR-GOT-2024-1469,Gotham Cyber Crime Unit,"[Gotham Police Bureau] Financial controller received a spoofed email from the CEO demanding an urgent wire payment of $54,000 to an offshore vendor. Contact officer email: fraud.unit@gothampolice.gov.",Corporate Email Compromise,77663
PR-GOT-2024-1470,Gotham Cyber Crime Unit,[Gotham Police Bureau] Victim reported that their Instagram and email accounts were hijacked via SIM swapping and used to solicit money from friends. Contact officer email: fraud.unit@gothampolice.gov.,Social Media Account Hijack,39146
PR-STA-2024-1471,Star City Cyber Crime Unit,"[Star City Police Bureau] Local dental clinic reported an attack that encrypted all patient history files, demanding 2 Bitcoin in payment. Contact officer email: fraud.unit@star citypolice.gov.",Ransomware Hostage,5408
PR-RIV-2024-1472,Riverdale Cyber Crime Unit,"[Riverdale Police Bureau] Local dental clinic reported an attack that encrypted all patient history files, demanding 2 Bitcoin in payment. Contact officer email: fraud.unit@riverdalepolice.gov.",Ransomware Hostage,83460
PR-GOT-2024-1473,Gotham Cyber Crime Unit,"[Gotham Police Bureau] Financial controller received a spoofed email from the CEO demanding an urgent wire payment of $54,000 to an offshore vendor. Contact officer email: fraud.unit@gothampolice.gov.",Corporate Email Compromise,36271
PR-STA-2024-1474,Star City Cyber Crime Unit,[Star City Police Bureau] District online learning management system was subjected to an amplification DDoS attack during final examinations. Contact officer email: fraud.unit@star citypolice.gov.,DDoS Attack on School Portal,40861
PR-STA-2024-1475,Star City Cyber Crime Unit,"[Star City Police Bureau] Complainant discovered that their national ID was used to secure an online personal loan of $12,000 without their knowledge. Contact officer email: fraud.unit@star citypolice.gov.",Identity Theft / Bank Loan,35388
PR-MET-2024-1476,Metropolis Cyber Crime Unit,"[Metropolis Police Bureau] Local dental clinic reported an attack that encrypted all patient history files, demanding 2 Bitcoin in payment. Contact officer email: fraud.unit@metropolispolice.gov.",Ransomware Hostage,22341
PR-MET-2024-1477,Metropolis Cyber Crime Unit,[Metropolis Police Bureau] Victim reported that their Instagram and email accounts were hijacked via SIM swapping and used to solicit money from friends. Contact officer email: fraud.unit@metropolispolice.gov.,Social Media Account Hijack,1917
PR-GOT-2024-1478,Gotham Cyber Crime Unit,"[Gotham Police Bureau] Financial controller received a spoofed email from the CEO demanding an urgent wire payment of $54,000 to an offshore vendor. Contact officer email: fraud.unit@gothampolice.gov.",Corporate Email Compromise,66325
PR-RIV-2024-1479,Riverdale Cyber Crime Unit,"[Riverdale Police Bureau] Victim lost $35,000 after being directed by an acquaintance to transfer Ethereum into a fake decentralized wallet app. Contact officer email: fraud.unit@riverdalepolice.gov.",Online Crypto Investment Scam,35627
PR-CEN-2024-1480,Central City Cyber Crime Unit,"[Central City Police Bureau] Financial controller received a spoofed email from the CEO demanding an urgent wire payment of $54,000 to an offshore vendor. Contact officer email: fraud.unit@central citypolice.gov.",Corporate Email Compromise,4781
PR-STA-2024-1481,Star City Cyber Crime Unit,"[Star City Police Bureau] Financial controller received a spoofed email from the CEO demanding an urgent wire payment of $54,000 to an offshore vendor. Contact officer email: fraud.unit@star citypolice.gov.",Corporate Email Compromise,4216
PR-RIV-2024-1482,Riverdale Cyber Crime Unit,"[Riverdale Police Bureau] Victim lost $35,000 after being directed by an acquaintance to transfer Ethereum into a fake decentralized wallet app. Contact officer email: fraud.unit@riverdalepolice.gov.",Online Crypto Investment Scam,92087
PR-CEN-2024-1483,Central City Cyber Crime Unit,[Central City Police Bureau] District online learning management system was subjected to an amplification DDoS attack during final examinations. Contact officer email: fraud.unit@central citypolice.gov.,DDoS Attack on School Portal,81780
PR-GOT-2024-1484,Gotham Cyber Crime Unit,[Gotham Police Bureau] Victim reported that their Instagram and email accounts were hijacked via SIM swapping and used to solicit money from friends. Contact officer email: fraud.unit@gothampolice.gov.,Social Media Account Hijack,6599
PR-STA-2024-1485,Star City Cyber Crime Unit,"[Star City Police Bureau] Victim lost $35,000 after being directed by an acquaintance to transfer Ethereum into a fake decentralized wallet app. Contact officer email: fraud.unit@star citypolice.gov.",Online Crypto Investment Scam,64781
PR-RIV-2024-1486,Riverdale Cyber Crime Unit,"[Riverdale Police Bureau] Financial controller received a spoofed email from the CEO demanding an urgent wire payment of $54,000 to an offshore vendor. Contact officer email: fraud.unit@riverdalepolice.gov.",Corporate Email Compromise,16444
PR-RIV-2024-1487,Riverdale Cyber Crime Unit,[Riverdale Police Bureau] Victim reported that their Instagram and email accounts were hijacked via SIM swapping and used to solicit money from friends. Contact officer email: fraud.unit@riverdalepolice.gov.,Social Media Account Hijack,83553
PR-STA-2024-1488,Star City Cyber Crime Unit,"[Star City Police Bureau] Victim lost $35,000 after being directed by an acquaintance to transfer Ethereum into a fake decentralized wallet app. Contact officer email: fraud.unit@star citypolice.gov.",Online Crypto Investment Scam,48116
PR-RIV-2024-1489,Riverdale Cyber Crime Unit,"[Riverdale Police Bureau] Complainant discovered that their national ID was used to secure an online personal loan of $12,000 without their knowledge. Contact officer email: fraud.unit@riverdalepolice.gov.",Identity Theft / Bank Loan,40830
PR-MET-2024-1490,Metropolis Cyber Crime Unit,"[Metropolis Police Bureau] Local dental clinic reported an attack that encrypted all patient history files, demanding 2 Bitcoin in payment. Contact officer email: fraud.unit@metropolispolice.gov.",Ransomware Hostage,94309
PR-RIV-2024-1491,Riverdale Cyber Crime Unit,"[Riverdale Police Bureau] Victim lost $35,000 after being directed by an acquaintance to transfer Ethereum into a fake decentralized wallet app. Contact officer email: fraud.unit@riverdalepolice.gov.",Online Crypto Investment Scam,48483
PR-CEN-2024-1492,Central City Cyber Crime Unit,[Central City Police Bureau] District online learning management system was subjected to an amplification DDoS attack during final examinations. Contact officer email: fraud.unit@central citypolice.gov.,DDoS Attack on School Portal,27693
PR-RIV-2024-1493,Riverdale Cyber Crime Unit,"[Riverdale Police Bureau] Local dental clinic reported an attack that encrypted all patient history files, demanding 2 Bitcoin in payment. Contact officer email: fraud.unit@riverdalepolice.gov.",Ransomware Hostage,94035
PR-GOT-2024-1494,Gotham Cyber Crime Unit,[Gotham Police Bureau] District online learning management system was subjected to an amplification DDoS attack during final examinations. Contact officer email: fraud.unit@gothampolice.gov.,DDoS Attack on School Portal,23009
PR-MET-2024-1495,Metropolis Cyber Crime Unit,"[Metropolis Police Bureau] Financial controller received a spoofed email from the CEO demanding an urgent wire payment of $54,000 to an offshore vendor. Contact officer email: fraud.unit@metropolispolice.gov.",Corporate Email Compromise,5069
PR-RIV-2024-1496,Riverdale Cyber Crime Unit,[Riverdale Police Bureau] District online learning management system was subjected to an amplification DDoS attack during final examinations. Contact officer email: fraud.unit@riverdalepolice.gov.,DDoS Attack on School Portal,54798
PR-GOT-2024-1497,Gotham Cyber Crime Unit,[Gotham Police Bureau] District online learning management system was subjected to an amplification DDoS attack during final examinations. Contact officer email: fraud.unit@gothampolice.gov.,DDoS Attack on School Portal,97294
PR-CEN-2024-1498,Central City Cyber Crime Unit,"[Central City Police Bureau] Local dental clinic reported an attack that encrypted all patient history files, demanding 2 Bitcoin in payment. Contact officer email: fraud.unit@central citypolice.gov.",Ransomware Hostage,58515
PR-CEN-2024-1499,Central City Cyber Crime Unit,[Central City Police Bureau] District online learning management system was subjected to an amplification DDoS attack during final examinations. Contact officer email: fraud.unit@central citypolice.gov.,DDoS Attack on School Portal,38454
